ticker,name,2026-01-13_P,2026-01-13_V,2026-01-14_P,2026-01-14_V,2026-01-15_P,2026-01-15_V,2026-01-16_P,2026-01-16_V,2026-01-19_P,2026-01-19_V,2026-01-20_P,2026-01-20_V,2026-01-21_P,2026-01-21_V,2026-01-22_P,2026-01-22_V,2026-01-23_P,2026-01-23_V,2026-01-26_P,2026-01-26_V,2026-01-27_P,2026-01-27_V,2026-01-28_P,2026-01-28_V,2026-01-29_P,2026-01-29_V,2026-01-30_P,2026-01-30_V,2026-02-02_P,2026-02-02_V,2026-02-03_P,2026-02-03_V,2026-02-04_P,2026-02-04_V,2026-02-05_P,2026-02-05_V,2026-02-06_P,2026-02-06_V,2026-02-09_P,2026-02-09_V,2026-02-10_P,2026-02-10_V,2026-02-11_P,2026-02-11_V,2026-02-12_P,2026-02-12_V,2026-02-13_P,2026-02-13_V,2026-02-19_P,2026-02-19_V,2026-02-20_P,2026-02-20_V,2026-02-23_P,2026-02-23_V,2026-02-24_P,2026-02-24_V,2026-02-25_P,2026-02-25_V,2026-02-26_P,2026-02-26_V
451060,1Q 200액티브,22270.0,37490.0,22395.0,68834.0,22750.0,73785.0,23020.0,157055.0,23340.0,83136.0,23130.0,79493.0,23320.0,79587.0,23590.0,87858.0,23735.0,95508.0,23510.0,134799.0,24310.0,116669.0,24805.0,153812.0,24870.0,129776.0,25000.0,219553.0,23545.0,263088.0,25285.0,111076.0,25650.0,134930.0,24590.0,185599.0,24290.0,230444.0,25350.0,228756.0,25330.0,178803.0,25545.0,113039.0,26390.0,230367.0,26465.0,285867.0,27260.0,267663.0,27920.0,210596.0,28130.0,295466.0,28840.0,238256.0,29405.0,342160.0,30760.0,461924.0
491610,1Q CD금리액티브(합성),103045.0,9510.0,103055.0,9951.0,103085.0,4882.0,103090.0,5603.0,103105.0,15778.0,103110.0,9305.0,103110.0,4814.0,103130.0,2232.0,103130.0,2911.0,103135.0,6367.0,103145.0,8570.0,103155.0,4986.0,103175.0,4445.0,103185.0,7222.0,103185.0,23948.0,103190.0,13971.0,103205.0,3924.0,103225.0,3988.0,103240.0,9197.0,103240.0,5151.0,103250.0,5376.0,103250.0,12428.0,103300.0,7085.0,103310.0,4565.0,103335.0,8124.0,103350.0,7776.0,103360.0,12274.0,103365.0,4405.0,103375.0,10377.0,103400.0,3946.0
0103T0,1Q K소버린AI,10635.0,302414.0,10505.0,207435.0,10370.0,251468.0,10325.0,255668.0,10370.0,263691.0,10470.0,236937.0,10330.0,203449.0,10300.0,230740.0,10820.0,800921.0,10945.0,595275.0,11110.0,666874.0,11020.0,342790.0,11250.0,373142.0,11025.0,300260.0,10545.0,425664.0,10710.0,335234.0,10690.0,225820.0,10385.0,216174.0,10025.0,266926.0,10245.0,217928.0,10405.0,214226.0,10500.0,262724.0,10505.0,226603.0,10370.0,151359.0,10465.0,162998.0,10490.0,235432.0,10705.0,338804.0,10625.0,204793.0,10775.0,311959.0,11265.0,639108.0
463290,1Q 단기금융채액티브,107335.0,3453.0,107345.0,20207.0,107370.0,9010.0,107375.0,6930.0,107380.0,2447.0,107400.0,4006.0,107405.0,3222.0,107430.0,8256.0,107435.0,3431.0,107450.0,38557.0,107450.0,4029.0,107460.0,1711.0,107460.0,9050.0,107475.0,9863.0,107475.0,4600.0,107475.0,7824.0,107485.0,2211.0,107505.0,3403.0,107510.0,3661.0,107530.0,3432.0,107525.0,1428.0,107530.0,5053.0,107565.0,5174.0,107590.0,100421.0,107625.0,5286.0,107640.0,6537.0,107650.0,4048.0,107665.0,4227.0,107670.0,5157.0,107690.0,4811.0
0131W0,1Q 단기특수은행채액티브,100415.0,461.0,100420.0,12962.0,100440.0,105.0,100445.0,57.0,100450.0,128.0,100455.0,2272.0,100460.0,460.0,100485.0,586.0,100495.0,166.0,100497.0,327.0,100505.0,3741.0,100510.0,28045.0,100525.0,87.0,100525.0,30542.0,100540.0,333.0,100545.0,145.0,100550.0,21.0,100555.0,39.0,100570.0,1171.0,100585.0,553.0,100595.0,500.0,100605.0,86.0,100650.0,3198.0,100660.0,7101.0,100675.0,15367.0,100690.0,3657.0,100695.0,102.0,100705.0,33.0,100715.0,24.0,100750.0,2968.0
479080,1Q 머니마켓액티브,52690.0,38910.0,52690.0,55531.0,52700.0,106302.0,52710.0,101608.0,52715.0,120442.0,52720.0,140765.0,52725.0,76819.0,52730.0,142890.0,52740.0,46070.0,52740.0,58413.0,52745.0,49624.0,52750.0,59755.0,52755.0,47013.0,52765.0,44254.0,52775.0,106346.0,52775.0,192721.0,52780.0,61653.0,52790.0,47288.0,52800.0,68850.0,52805.0,88707.0,52805.0,79733.0,52810.0,114623.0,52835.0,36009.0,52840.0,140113.0,52850.0,63765.0,52860.0,89606.0,52860.0,58540.0,52865.0,60559.0,52875.0,70244.0,52890.0,90974.0
0026S0,1Q 미국S&P500,12485.0,303801.0,12475.0,308312.0,12385.0,357761.0,12470.0,355871.0,12325.0,353147.0,12315.0,449833.0,12190.0,494992.0,12290.0,269477.0,12345.0,154929.0,12095.0,880313.0,12220.0,312604.0,12105.0,391904.0,12110.0,238605.0,12095.0,301670.0,12170.0,244916.0,12290.0,226692.0,12205.0,175150.0,12280.0,225875.0,12120.0,237253.0,12305.0,289565.0,12330.0,545967.0,12255.0,255523.0,12190.0,204353.0,11970.0,319448.0,12105.0,249780.0,12105.0,230982.0,12015.0,177995.0,12015.0,125674.0,11980.0,199140.0,12020.0,202553.0
0052S0,1Q 미국S&P500미국채혼합50액티브,11745.0,456008.0,11760.0,338317.0,11705.0,413945.0,11755.0,431142.0,11670.0,486868.0,11695.0,354375.0,11600.0,563079.0,11645.0,576825.0,11650.0,523196.0,11435.0,531799.0,11510.0,375374.0,11365.0,627325.0,11330.0,441559.0,11390.0,407588.0,11510.0,313011.0,11505.0,400755.0,11480.0,223522.0,11585.0,191226.0,11525.0,296873.0,11580.0,297982.0,11575.0,265761.0,11520.0,253947.0,11435.0,244730.0,11360.0,238099.0,11430.0,287111.0,11415.0,293850.0,11355.0,319582.0,11370.0,204142.0,11295.0,277874.0,11300.0,507890.0
0069M0,1Q 미국나스닥100,12600.0,407812.0,12600.0,179200.0,12465.0,423987.0,12550.0,185752.0,12360.0,312917.0,12345.0,240933.0,12245.0,245792.0,12370.0,489000.0,12450.0,153348.0,12225.0,338811.0,12390.0,184781.0,12350.0,226290.0,12360.0,132490.0,12255.0,180480.0,12205.0,160702.0,12415.0,150064.0,12200.0,176618.0,12150.0,235544.0,11945.0,359528.0,12155.0,136864.0,12215.0,402314.0,12130.0,186730.0,12080.0,159900.0,11810.0,223384.0,11975.0,152814.0,11955.0,120573.0,11850.0,167456.0,11870.0,137708.0,11860.0,156082.0,11960.0,729080.0
0111P0,1Q 미국나스닥100미국채혼합50액티브,10710.0,413959.0,10725.0,367208.0,10640.0,517005.0,10695.0,393549.0,10610.0,612272.0,10615.0,421059.0,10545.0,523521.0,10600.0,342794.0,10620.0,523377.0,10440.0,504753.0,10520.0,344746.0,10425.0,476464.0,10405.0,346870.0,10400.0,388115.0,10460.0,327707.0,10510.0,333995.0,10420.0,374876.0,10470.0,341599.0,10370.0,332339.0,10455.0,300722.0,10460.0,214722.0,10410.0,197263.0,10365.0,341858.0,10245.0,307865.0,10325.0,238583.0,10315.0,237542.0,10240.0,289906.0,10265.0,195120.0,10205.0,277199.0,10240.0,422084.0
0083S0,1Q 미국메디컬AI,12350.0,181631.0,12240.0,125886.0,12385.0,153839.0,12275.0,159230.0,12110.0,195688.0,12005.0,198195.0,11860.0,217842.0,11950.0,159873.0,12305.0,217400.0,11795.0,266597.0,11970.0,142658.0,11815.0,209403.0,11560.0,209248.0,11335.0,201103.0,11000.0,172583.0,11175.0,128878.0,10870.0,172091.0,10605.0,189677.0,10265.0,194699.0,10715.0,143416.0,10800.0,127729.0,10590.0,139915.0,10310.0,138815.0,10015.0,173871.0,10365.0,144728.0,10635.0,134799.0,10230.0,194545.0,10315.0,106935.0,10280.0,158441.0,10180.0,151886.0
0004G0,1Q 미국배당TOP30,9325.0,24074.0,9355.0,10994.0,9410.0,38012.0,9540.0,23830.0,9390.0,23455.0,9385.0,17022.0,9290.0,24028.0,9390.0,13760.0,9410.0,13466.0,9215.0,40070.0,9225.0,13408.0,9165.0,29028.0,9025.0,27062.0,9055.0,21861.0,9310.0,29552.0,9350.0,22130.0,9425.0,21268.0,9620.0,49881.0,9650.0,17391.0,9795.0,38846.0,9735.0,37472.0,9740.0,11176.0,9685.0,24231.0,9610.0,14868.0,9740.0,25094.0,9720.0,16153.0,9610.0,21091.0,9670.0,12966.0,9640.0,24512.0,9505.0,25550.0
0131V0,1Q 미국우주항공테크,14920.0,2406720.0,14540.0,2070136.0,14830.0,1696883.0,15220.0,2178078.0,15595.0,3795231.0,15415.0,2633383.0,15065.0,2751745.0,14740.0,3044791.0,14985.0,2786982.0,14310.0,3710856.0,13840.0,3186512.0,13955.0,2103386.0,14005.0,2707226.0,13660.0,2355176.0,13020.0,2137007.0,13125.0,2831369.0,13420.0,1563968.0,12620.0,1967304.0,11815.0,2308836.0,12895.0,1912887.0,13005.0,1167615.0,12710.0,1749250.0,12210.0,2089908.0,11850.0,2308791.0,12540.0,1805330.0,12765.0,1729746.0,12170.0,2043420.0,12260.0,1433281.0,12280.0,1466062.0,12070.0,2052238.0
0094X0,1Q 샤오미밸류체인액티브,10300.0,120243.0,10375.0,78611.0,10205.0,72535.0,10335.0,106361.0,10295.0,75228.0,10235.0,86581.0,10155.0,96204.0,10115.0,155590.0,10200.0,155339.0,9875.0,81815.0,10035.0,65555.0,10065.0,114544.0,10015.0,209906.0,9900.0,130485.0,9710.0,75548.0,9660.0,79028.0,9600.0,76637.0,9680.0,80092.0,9750.0,73952.0,9800.0,130612.0,9895.0,134780.0,9930.0,167724.0,9860.0,207030.0,9875.0,57476.0,9900.0,59019.0,9675.0,161652.0,9890.0,102817.0,9770.0,63960.0,9695.0,84134.0,9625.0,94410.0
0017Y0,1Q 종합채권(AA-이상)액티브,98185.0,268.0,98125.0,107.0,97630.0,76.0,97875.0,260.0,97520.0,58.0,97060.0,515.0,97125.0,467.0,97285.0,425.0,97125.0,902.0,97380.0,562.0,97315.0,1078.0,97455.0,310.0,97075.0,196.0,96960.0,137.0,97020.0,198.0,96630.0,256.0,96480.0,483.0,96560.0,258.0,96500.0,272.0,96345.0,133.0,96520.0,580.0,96715.0,67.0,96875.0,114.0,96960.0,221.0,97125.0,182.0,97330.0,27.0,97275.0,105.0,97075.0,106.0,97310.0,85.0,97685.0,692.0
0052T0,1Q 중단기회사채(A-이상)액티브,50085.0,555.0,50115.0,210.0,50030.0,23011.0,50105.0,1215.0,50100.0,63.0,50115.0,1582.0,50105.0,15063.0,50130.0,65.0,50130.0,2046.0,50135.0,10047.0,50135.0,834.0,50145.0,1031.0,50130.0,69.0,50115.0,31.0,50115.0,30154.0,50095.0,182.0,50060.0,78.0,50060.0,223.0,50060.0,340.0,50020.0,32830.0,50040.0,1102.0,50065.0,31.0,50100.0,74.0,50160.0,792.0,50160.0,1847.0,50160.0,64.0,50145.0,446.0,50145.0,1984.0,50165.0,669.0,50220.0,119366.0
472350,1Q 차이나H(H),16890.0,335.0,16745.0,272.0,16800.0,1068.0,16720.0,472.0,16570.0,305.0,16450.0,1868.0,16425.0,312.0,16495.0,216.0,16590.0,196.0,16550.0,263.0,16645.0,587.0,17050.0,2050.0,17200.0,370.0,16850.0,203.0,16300.0,488.0,16345.0,55.0,16370.0,451.0,16225.0,1250.0,16425.0,150.0,16535.0,180.0,16620.0,137.0,16750.0,951.0,16620.0,1330.0,16190.0,262.0,16360.0,41.0,16265.0,461.0,16640.0,236.0,16660.0,206.0,16515.0,22.0,16230.0,404.0
495330,1Q 코리아밸류업,19915.0,22195.0,20080.0,27794.0,20335.0,22494.0,20510.0,22647.0,20985.0,29915.0,21000.0,32430.0,21055.0,38597.0,21175.0,60376.0,21220.0,22751.0,20960.0,41497.0,21730.0,50001.0,22200.0,74425.0,22450.0,67785.0,22960.0,58298.0,21595.0,183167.0,23100.0,80094.0,23400.0,57296.0,22455.0,119504.0,22100.0,149802.0,23120.0,137056.0,23200.0,60338.0,23325.0,37909.0,24120.0,140168.0,24105.0,159436.0,24770.0,108445.0,25480.0,164177.0,25575.0,126797.0,26070.0,77302.0,26670.0,99647.0,27865.0,127616.0
492500,1Q 현대차그룹채권(A+이상)&국고통안,51095.0,3728.0,51105.0,4271.0,51060.0,2489.0,51085.0,3907.0,51040.0,4044.0,51030.0,8153.0,51090.0,9085.0,51115.0,8976.0,51070.0,3152.0,51135.0,2490.0,51105.0,4075.0,51120.0,4102.0,51080.0,2965.0,51055.0,1534.0,51070.0,2088.0,51015.0,1632.0,50980.0,5435.0,51000.0,1047.0,50970.0,2560.0,50940.0,2167.0,50980.0,2035.0,50975.0,2069.0,51020.0,2777.0,51025.0,4111.0,51030.0,2470.0,51050.0,3763.0,51075.0,2627.0,51070.0,4215.0,51100.0,7205.0,51170.0,6083.0
473440,ACE 11월만기자동연장회사채AA-이상액티브,10655.0,5288.0,10655.0,73322.0,10660.0,121.0,10660.0,1170.0,10670.0,3914.0,10665.0,2507.0,10665.0,4440.0,10665.0,2109.0,10660.0,4927.0,10665.0,5037.0,10660.0,7272.0,10665.0,1805.0,10665.0,11095.0,10660.0,26747.0,10640.0,128659.0,10655.0,95511.0,10642.0,119188.0,10660.0,139455.0,10650.0,99362.0,10655.0,90107.0,10657.0,85897.0,10635.0,87935.0,10675.0,563112.0,10675.0,126326.0,10680.0,109516.0,10680.0,119968.0,10690.0,101574.0,10680.0,141294.0,10685.0,141418.0,10687.0,87724.0
105190,ACE 200,68805.0,1319388.0,69250.0,250046.0,70410.0,262342.0,71220.0,419333.0,72180.0,355548.0,71620.0,436193.0,72170.0,394563.0,72995.0,1403297.0,73455.0,721463.0,72765.0,161338.0,75285.0,639849.0,76675.0,677445.0,77410.0,901471.0,77645.0,2050462.0,73160.0,1297467.0,78755.0,534898.0,79810.0,782656.0,76475.0,1024862.0,75590.0,741274.0,78830.0,610625.0,78875.0,546007.0,79555.0,306729.0,82410.0,730174.0,82310.0,482878.0,84815.0,825935.0,86800.0,542032.0,87490.0,568001.0,89620.0,600317.0,91420.0,472564.0,95555.0,845721.0
332500,ACE 200TR,45765.0,48853.0,46050.0,16603.0,46830.0,45814.0,47345.0,20135.0,48040.0,27671.0,47640.0,53753.0,47960.0,38279.0,48540.0,58671.0,48845.0,39228.0,48475.0,77909.0,50030.0,167645.0,50960.0,103336.0,51590.0,57854.0,51770.0,96159.0,48715.0,165915.0,52380.0,69532.0,53150.0,68794.0,50895.0,78848.0,50325.0,96704.0,52485.0,70725.0,52535.0,82756.0,53155.0,108142.0,54900.0,47737.0,54850.0,70472.0,56490.0,43628.0,57820.0,46961.0,58275.0,89095.0,59650.0,102317.0,60880.0,54050.0,63585.0,86615.0
461270,ACE 26-06 회사채(AA-이상)액티브,11080.0,15279.0,11085.0,36542.0,11085.0,6015.0,11080.0,12674.0,11080.0,25271.0,11085.0,19402.0,11090.0,11642.0,11090.0,9158.0,11085.0,52814.0,11090.0,18447.0,11090.0,19123.0,11095.0,18828.0,11075.0,233625.0,11080.0,11941.0,11090.0,13701.0,11090.0,10330.0,11100.0,36772.0,11095.0,8339.0,11095.0,23204.0,11100.0,35261.0,11095.0,8238.0,11105.0,7946.0,11100.0,17343.0,11105.0,13061.0,11105.0,7400.0,11105.0,14003.0,11110.0,7256.0,11110.0,6509.0,11110.0,24451.0,11110.0,62256.0
475260,ACE 2월만기자동연장회사채AA-이상액티브,10560.0,1427.0,10560.0,568.0,10570.0,7277.0,10570.0,773.0,10565.0,181.0,10567.0,586.0,10565.0,1158.0,10570.0,4280.0,10570.0,3437.0,10575.0,221.0,10570.0,218.0,10570.0,4345.0,10595.0,10048.0,10575.0,633.0,10575.0,1935.0,10580.0,1200.0,10585.0,122.0,10585.0,3227.0,10585.0,4434.0,10585.0,191.0,10590.0,5605.0,10590.0,1362.0,10592.0,1510.0,10590.0,6273.0,10595.0,2998.0,10595.0,3037.0,10600.0,9095.0,10600.0,9799.0,10600.0,25613.0,10600.0,4489.0
385600,ACE 2차전지&친환경차액티브,8895.0,109728.0,8810.0,91754.0,9030.0,136067.0,8870.0,74000.0,9455.0,94048.0,9495.0,94130.0,9715.0,70487.0,9945.0,140490.0,9805.0,85368.0,9890.0,45808.0,9855.0,57990.0,10005.0,78773.0,10175.0,71841.0,9870.0,57559.0,9465.0,101880.0,9825.0,52293.0,10075.0,34499.0,9835.0,33530.0,9580.0,28650.0,9860.0,23817.0,9965.0,27466.0,10150.0,24444.0,10315.0,50331.0,10120.0,38880.0,10575.0,47843.0,10700.0,40591.0,10810.0,72217.0,11110.0,66009.0,11615.0,71584.0,11990.0,84880.0
475270,ACE 5월만기자동연장회사채AA-이상액티브,10545.0,60.0,10550.0,613.0,10545.0,192.0,10542.0,128.0,10550.0,1341.0,10545.0,511.0,10545.0,252.0,10555.0,647.0,10550.0,10.0,10545.0,39.0,10545.0,196.0,10550.0,7.0,10560.0,8502.0,10550.0,177.0,10550.0,353.0,10550.0,186.0,10555.0,122.0,10555.0,66.0,10560.0,93.0,10560.0,944.0,10565.0,77.0,10565.0,130.0,10565.0,1111.0,10570.0,6276.0,10575.0,3504.0,10570.0,3937.0,10575.0,1842.0,10575.0,173.0,10575.0,50.0,10580.0,629.0
475280,ACE 8월만기자동연장회사채AA-이상액티브,10545.0,158.0,10540.0,654.0,10545.0,758.0,10545.0,890.0,10550.0,309.0,10550.0,36.0,10545.0,4.0,10545.0,1220.0,10550.0,19.0,10555.0,568.0,10550.0,979.0,10550.0,59.0,10555.0,8825.0,10550.0,266.0,10555.0,1487.0,10550.0,172.0,10552.0,242.0,10550.0,250.0,10555.0,185.0,10555.0,165.0,10560.0,37.0,10555.0,51.0,10555.0,611.0,10555.0,306614.0,10555.0,1469.0,10560.0,4326.0,10560.0,538.0,10560.0,647.0,10560.0,12743.0,10570.0,97.0
469150,ACE AI반도체포커스,31815.0,748456.0,32340.0,1402851.0,32770.0,867755.0,33090.0,1048128.0,33090.0,723296.0,32185.0,642691.0,32280.0,834415.0,32540.0,734044.0,32755.0,679395.0,32830.0,485916.0,34470.0,698901.0,36185.0,1578967.0,37580.0,1425741.0,38945.0,1950110.0,35590.0,1584627.0,38580.0,1285541.0,38580.0,1298974.0,36520.0,1671301.0,36665.0,1913280.0,38095.0,1292803.0,37550.0,749547.0,37040.0,977812.0,39210.0,1047440.0,38890.0,854145.0,39895.0,422521.0,40450.0,1915984.0,40760.0,420573.0,42210.0,1388036.0,42785.0,492227.0,48220.0,1710996.0
0079X0,ACE BYD밸류체인액티브,13105.0,122862.0,13115.0,37807.0,13140.0,4946.0,13395.0,139359.0,13440.0,33010.0,13250.0,18595.0,13365.0,15304.0,13380.0,117652.0,13515.0,111015.0,13025.0,129478.0,13040.0,196666.0,12855.0,126154.0,12665.0,10320.0,12425.0,78861.0,12115.0,17283.0,12280.0,23792.0,12240.0,13815.0,12265.0,10817.0,12540.0,12231.0,12685.0,12275.0,12740.0,6280.0,12780.0,17680.0,12680.0,6659.0,12675.0,24252.0,12745.0,4763.0,12655.0,1779.0,12780.0,7039.0,12640.0,5168.0,12570.0,12943.0,12435.0,4502.0
385590,ACE ESG액티브,14830.0,696.0,14955.0,483.0,15155.0,487.0,15300.0,353.0,15360.0,234.0,15360.0,2560.0,15385.0,1047.0,15575.0,2887.0,15775.0,146.0,15705.0,515.0,16095.0,1607.0,16310.0,623.0,16515.0,2676.0,16365.0,947.0,15700.0,2843.0,16765.0,344.0,17050.0,438.0,16435.0,1050.0,16060.0,562.0,16942.0,2045.0,17110.0,2709.0,17380.0,1754.0,17900.0,1135.0,17755.0,2413.0,18140.0,668.0,18505.0,724.0,18645.0,2158.0,19150.0,1267.0,19470.0,1421.0,20205.0,3106.0
0010E0,ACE FTSE WGBI Korea,95665.0,92.0,95500.0,90.0,94920.0,77.0,95105.0,221.0,94715.0,69.0,94075.0,133.0,93945.0,281.0,94010.0,46.0,93905.0,8.0,94190.0,29.0,94015.0,30.0,94225.0,146.0,93765.0,75.0,93565.0,208.0,93615.0,3021.0,92987.0,2.0,92635.0,15.0,92970.0,16.0,92855.0,18.0,92610.0,154.0,93075.0,69.0,93220.0,8.0,93390.0,43.0,93560.0,62.0,93810.0,244.0,94015.0,61.0,94000.0,262.0,93645.0,40.0,93830.0,49.0,94445.0,398.0
226380,ACE Fn성장소비주도주,6500.0,259.0,6560.0,316.0,6510.0,144.0,6495.0,890.0,6465.0,212.0,6580.0,6169.0,6430.0,701.0,6560.0,2099.0,6740.0,7585.0,6935.0,2199.0,6950.0,7170.0,7035.0,2690.0,7190.0,5595.0,7080.0,5267.0,6850.0,319.0,6990.0,8419.0,6985.0,228.0,7015.0,8456.0,6885.0,2203.0,7160.0,1045.0,7245.0,3825.0,7250.0,156.0,7265.0,1202.0,7225.0,638.0,7340.0,2714.0,7260.0,5921.0,7315.0,2603.0,7280.0,352.0,7205.0,317.0,7170.0,1309.0
475050,ACE KPOP포커스,11485.0,1105274.0,11420.0,1103756.0,11620.0,1646985.0,11520.0,1572384.0,11970.0,1965448.0,11915.0,1442590.0,11545.0,1099171.0,11715.0,999752.0,11940.0,1263562.0,12340.0,1831379.0,12130.0,1793801.0,12420.0,1587575.0,12465.0,1703796.0,12345.0,1806296.0,11595.0,2404514.0,11930.0,1141700.0,11900.0,1827598.0,11720.0,1415701.0,11560.0,1051988.0,12270.0,1376986.0,12275.0,1166548.0,12585.0,1310519.0,12455.0,1170237.0,12340.0,1143494.0,12630.0,715433.0,12400.0,740034.0,12450.0,729890.0,12370.0,556015.0,12260.0,929552.0,12165.0,881532.0
411060,ACE KRX금현물,30510.0,3277262.0,30955.0,3143337.0,30645.0,3458911.0,30695.0,2220213.0,31040.0,3104234.0,31555.0,2774564.0,32380.0,5927189.0,32175.0,4333558.0,32875.0,4357895.0,33380.0,5533892.0,34205.0,5242296.0,35315.0,7291976.0,37890.0,8399340.0,35440.0,14715981.0,30900.0,16601405.0,33210.0,9357729.0,34155.0,6988750.0,33020.0,7964540.0,32530.0,6745724.0,33360.0,4401508.0,33260.0,3048561.0,33215.0,2358112.0,33050.0,2616979.0,32420.0,3424416.0,32635.0,3249435.0,32865.0,3015160.0,33575.0,4155739.0,33780.0,3896163.0,33480.0,3513967.0,33290.0,3288483.0
291130,ACE MSCI멕시코(합성),18435.0,5015.0,18760.0,4514.0,18675.0,2163.0,18985.0,2853.0,18970.0,1492.0,19400.0,1730.0,19135.0,2584.0,19380.0,2150.0,19565.0,4766.0,19030.0,3693.0,19305.0,3215.0,19400.0,3147.0,19515.0,2793.0,19680.0,1551.0,18885.0,4474.0,19155.0,1653.0,19780.0,1637.0,19730.0,1255.0,19535.0,1849.0,20355.0,2162.0,20355.0,3688.0,20460.0,1363.0,20290.0,1078.0,19955.0,1759.0,20085.0,2660.0,19735.0,8349.0,19930.0,4419.0,19705.0,2053.0,20065.0,3095.0,19925.0,1228.0
256440,ACE MSCI인도네시아(합성),8800.0,16884.0,8910.0,22212.0,8935.0,17964.0,8945.0,18675.0,8960.0,28986.0,8925.0,44991.0,8800.0,14053.0,8760.0,21739.0,8720.0,24521.0,8670.0,32930.0,8625.0,32482.0,8035.0,361856.0,7580.0,647180.0,8125.0,330942.0,7985.0,164505.0,8095.0,116272.0,8210.0,49044.0,8465.0,92767.0,8275.0,60876.0,8290.0,25125.0,8385.0,13923.0,8385.0,10019.0,8315.0,19961.0,8285.0,14727.0,8280.0,20264.0,8215.0,28166.0,8310.0,35178.0,8345.0,13334.0,8280.0,18431.0,8130.0,27278.0
261920,ACE MSCI필리핀(합성),14210.0,1432.0,14240.0,1634.0,14295.0,555.0,14290.0,2162.0,14295.0,66.0,14025.0,619.0,14075.0,229.0,14195.0,292.0,13965.0,650.0,13700.0,324.0,13850.0,465.0,13750.0,1628.0,13470.0,818.0,13715.0,182.0,13930.0,461.0,14055.0,312.0,14045.0,526.0,14225.0,1038.0,14235.0,728.0,14345.0,361.0,14420.0,240.0,14540.0,219.0,14320.0,50.0,14260.0,371.0,14300.0,608.0,14235.0,60.0,14545.0,280.0,14585.0,214.0,14845.0,513.0,14825.0,346.0
0021D0,ACE TDF2030액티브,11240.0,11978.0,11245.0,11197.0,11175.0,30400.0,11250.0,19061.0,11125.0,21403.0,11065.0,53306.0,11140.0,38230.0,11170.0,10487.0,11175.0,16930.0,11120.0,18109.0,11185.0,7699.0,11240.0,23499.0,11200.0,19700.0,11120.0,33636.0,11065.0,12087.0,11100.0,4555.0,11140.0,16016.0,11115.0,28707.0,11030.0,17836.0,11220.0,29550.0,11290.0,8190.0,11280.0,5507.0,11265.0,20772.0,11190.0,7508.0,11225.0,31145.0,11315.0,16416.0,11245.0,21007.0,11430.0,15594.0,11455.0,46016.0,11570.0,39176.0
0021E0,ACE TDF2050액티브,12275.0,85625.0,12290.0,97376.0,12240.0,94315.0,12280.0,67165.0,12220.0,94405.0,12155.0,94653.0,12200.0,46123.0,12210.0,66763.0,12315.0,84503.0,12155.0,101850.0,12250.0,71597.0,12280.0,175557.0,12365.0,143351.0,12250.0,164100.0,12055.0,136404.0,12285.0,110007.0,12230.0,85275.0,12190.0,93893.0,12020.0,139514.0,12275.0,83963.0,12335.0,65672.0,12345.0,71889.0,12375.0,70380.0,12210.0,104511.0,12380.0,87599.0,12450.0,84236.0,12460.0,100249.0,12635.0,153592.0,12630.0,114400.0,12750.0,171999.0
0139P0,ACE 고배당주,11230.0,460004.0,11455.0,410133.0,11680.0,400851.0,11745.0,408298.0,11920.0,101600.0,12165.0,124914.0,12140.0,225620.0,12220.0,108556.0,12440.0,98458.0,12315.0,117551.0,12550.0,83379.0,12610.0,117532.0,13040.0,103520.0,13005.0,132797.0,12395.0,378369.0,13050.0,265325.0,13240.0,302808.0,13130.0,306512.0,12995.0,279892.0,13410.0,191311.0,13745.0,189342.0,13885.0,210529.0,14200.0,210918.0,14490.0,234867.0,15060.0,352992.0,15570.0,383628.0,15440.0,489598.0,15145.0,431960.0,15415.0,352972.0,15500.0,282668.0
225130,ACE 골드선물 레버리지(합성 H),60945.0,5729.0,62175.0,13837.0,61345.0,11862.0,61335.0,9667.0,62850.0,28206.0,64220.0,11642.0,68765.0,28877.0,67090.0,21866.0,70410.0,19760.0,73985.0,40182.0,73895.0,35172.0,79135.0,31558.0,88995.0,46310.0,76135.0,101535.0,56945.0,157453.0,65815.0,52429.0,71105.0,36470.0,67625.0,80978.0,65565.0,55999.0,70310.0,25400.0,70005.0,9860.0,70750.0,7375.0,71110.0,11127.0,68200.0,12860.0,68945.0,12563.0,70175.0,14664.0,73500.0,24160.0,74050.0,20822.0,74600.0,19431.0,74085.0,19848.0
483340,ACE 구글밸류체인액티브,17195.0,793317.0,17415.0,920278.0,17215.0,1017524.0,17450.0,694212.0,17275.0,767115.0,17225.0,640208.0,17085.0,819747.0,17325.0,661955.0,17230.0,597578.0,16500.0,1012493.0,16825.0,965792.0,17160.0,913075.0,17280.0,732686.0,17040.0,915350.0,16360.0,1511249.0,17145.0,1322381.0,16910.0,1150550.0,16330.0,2191532.0,16195.0,1445287.0,17015.0,620338.0,17095.0,427222.0,16890.0,692861.0,16825.0,610227.0,16560.0,678833.0,17045.0,431554.0,17225.0,515523.0,17240.0,480158.0,17375.0,439058.0,17465.0,354876.0,17620.0,344997.0
365780,ACE 국고채10년,85790.0,15080.0,85840.0,18773.0,85315.0,28330.0,85500.0,25679.0,85025.0,27117.0,84425.0,23969.0,84780.0,19325.0,85080.0,16808.0,84840.0,16501.0,85250.0,23780.0,85350.0,31865.0,85435.0,22108.0,85210.0,27589.0,84820.0,25914.0,84990.0,25209.0,84580.0,15830.0,84375.0,28127.0,84500.0,19398.0,84375.0,33456.0,84085.0,27895.0,84615.0,20066.0,84865.0,19162.0,85140.0,14423.0,85455.0,14142.0,85420.0,22180.0,85660.0,14221.0,85495.0,16703.0,85305.0,15317.0,85670.0,16243.0,86220.0,18946.0
114460,ACE 국고채3년,102010.0,58486.0,102045.0,921.0,101790.0,3568.0,101890.0,1152.0,101715.0,3396.0,101600.0,1789.0,101705.0,2649.0,101760.0,1532.0,101665.0,1075.0,101900.0,1051.0,101865.0,539.0,101960.0,2054.0,101785.0,811.0,101750.0,2062.0,101780.0,1157.0,101635.0,2448.0,101555.0,2971.0,101615.0,446.0,101545.0,2723.0,101515.0,1805.0,101640.0,1607.0,101755.0,1578.0,101925.0,2832.0,101935.0,1778.0,101940.0,1988.0,102050.0,803.0,102040.0,2111.0,102045.0,1801.0,102150.0,1052.0,102340.0,2543.0
494340,ACE 글로벌AI맞춤형반도체,13280.0,27509.0,13275.0,8189.0,12980.0,33251.0,13105.0,38342.0,13015.0,17992.0,12990.0,16939.0,12925.0,11111.0,13090.0,20137.0,13220.0,46419.0,12915.0,14960.0,13055.0,8246.0,12950.0,18043.0,12910.0,19851.0,12495.0,18855.0,12250.0,19746.0,12550.0,7946.0,12080.0,25404.0,12020.0,8909.0,12170.0,8269.0,13030.0,30595.0,13365.0,16807.0,13370.0,7919.0,13190.0,8414.0,12720.0,6020.0,13120.0,16747.0,13115.0,11057.0,12800.0,10813.0,12745.0,3921.0,12845.0,14915.0,13050.0,19204.0
446770,ACE 글로벌반도체TOP4 Plus,52300.0,1733264.0,52570.0,1513344.0,53265.0,878014.0,53980.0,808421.0,54600.0,371904.0,53330.0,976223.0,52900.0,671497.0,53985.0,613575.0,54060.0,404288.0,53150.0,397426.0,54825.0,437829.0,56720.0,958940.0,56365.0,779592.0,57200.0,550607.0,54960.0,611644.0,57510.0,442427.0,56770.0,416845.0,54760.0,537823.0,54640.0,321034.0,57000.0,359098.0,57595.0,540135.0,57585.0,345927.0,58630.0,319110.0,58165.0,336426.0,58685.0,310418.0,59300.0,462184.0,59050.0,424269.0,60970.0,471121.0,61485.0,768423.0,63140.0,837177.0
435040,ACE 글로벌브랜드TOP10,20165.0,5654.0,20135.0,2022.0,19940.0,1583.0,19910.0,3762.0,19725.0,1584.0,19740.0,989.0,19450.0,3558.0,19545.0,3033.0,19705.0,5391.0,19475.0,2645.0,19585.0,1668.0,19305.0,5798.0,19170.0,4154.0,19015.0,4245.0,19270.0,2862.0,19360.0,2902.0,19295.0,2209.0,19610.0,807.0,19320.0,1405.0,19765.0,1509.0,19690.0,2865.0,19755.0,3893.0,19515.0,778.0,19300.0,407.0,19185.0,6709.0,19170.0,1985.0,19110.0,4565.0,19305.0,1436.0,19200.0,16464.0,19295.0,2906.0
497510,ACE 글로벌빅파마,12720.0,3106.0,12725.0,2107.0,12815.0,2904.0,12635.0,3674.0,12680.0,1325.0,12720.0,2185.0,12575.0,4484.0,12720.0,2536.0,12830.0,4919.0,12640.0,3736.0,12715.0,7715.0,12555.0,4712.0,12355.0,5831.0,12470.0,1454.0,12705.0,11144.0,12765.0,13490.0,12560.0,1898.0,13200.0,10354.0,12870.0,7811.0,13165.0,2949.0,13005.0,9940.0,12920.0,2344.0,12910.0,982.0,13050.0,2039.0,13230.0,2264.0,13180.0,11570.0,13020.0,4612.0,13125.0,3324.0,13035.0,2736.0,12900.0,4141.0
460960,ACE 글로벌인컴TOP10,12000.0,86070.0,11995.0,62860.0,11980.0,86494.0,12030.0,63426.0,12060.0,58349.0,12030.0,64547.0,11930.0,114882.0,11950.0,56978.0,12000.0,115895.0,11755.0,69955.0,11830.0,107843.0,11685.0,73776.0,11635.0,109547.0,11695.0,50983.0,11830.0,60108.0,11765.0,47428.0,11765.0,95346.0,11875.0,42942.0,11790.0,33718.0,11910.0,38464.0,11875.0,87833.0,11860.0,48552.0,11815.0,70030.0,11815.0,155361.0,11865.0,74247.0,11845.0,79461.0,11780.0,67146.0,11690.0,65862.0,11655.0,105682.0,11535.0,75687.0
414270,ACE 글로벌자율주행액티브,13775.0,375412.0,13735.0,950874.0,13575.0,33666.0,13610.0,53099.0,13515.0,59250.0,13600.0,49718.0,13295.0,430162.0,13455.0,309700.0,13510.0,304543.0,13285.0,819799.0,13065.0,54690.0,13090.0,91480.0,13320.0,792807.0,13150.0,62427.0,12990.0,569142.0,13020.0,717030.0,13015.0,228233.0,12920.0,97643.0,12790.0,37988.0,13035.0,153395.0,13160.0,31861.0,13160.0,576122.0,13090.0,480100.0,12935.0,263725.0,13045.0,154315.0,13040.0,32432.0,13005.0,50316.0,13000.0,39948.0,13315.0,505269.0,13410.0,26580.0
440640,ACE 단기채권알파액티브,110580.0,16769.0,110585.0,1440.0,110600.0,1699.0,110610.0,2838.0,110615.0,5078.0,110625.0,3628.0,110635.0,4007.0,110665.0,1698.0,110660.0,4142.0,110665.0,2636.0,110665.0,6675.0,110675.0,2324.0,110665.0,21653.0,110680.0,1605.0,110690.0,1829.0,110690.0,1399.0,110692.0,1849.0,110700.0,2631.0,110710.0,2607.0,110725.0,3811.0,110730.0,2725.0,110745.0,4544.0,110775.0,1448.0,110790.0,2195.0,110830.0,4049.0,110850.0,3758.0,110875.0,5298.0,110885.0,3963.0,110895.0,1800.0,110930.0,9093.0
190620,ACE 단기통안채,100485.0,2014.0,100490.0,1846.0,100495.0,12146.0,100492.0,3631.0,100505.0,5277.0,100505.0,21077.0,100520.0,5735.0,100535.0,10285.0,100540.0,13032.0,100545.0,22291.0,100545.0,2380.0,100535.0,6540.0,100555.0,15331.0,100560.0,5392.0,100565.0,12563.0,100570.0,3227.0,100560.0,21886.0,100570.0,60248.0,100585.0,5316.0,100595.0,15302.0,100602.0,22651.0,100610.0,9994.0,100640.0,18955.0,100660.0,9486.0,100695.0,12382.0,100700.0,3946.0,100715.0,23087.0,100725.0,8987.0,100725.0,2828.0,100745.0,16001.0
494330,ACE 라이프자산주주가치액티브,16930.0,32154.0,17080.0,20844.0,17250.0,22763.0,17460.0,312735.0,17545.0,43404.0,17545.0,19630.0,17570.0,15881.0,17730.0,30738.0,17990.0,38746.0,18070.0,27960.0,18550.0,33285.0,18950.0,52587.0,19405.0,62493.0,19405.0,59853.0,18390.0,77571.0,19765.0,44483.0,19950.0,43867.0,19350.0,85038.0,19055.0,86720.0,19965.0,248028.0,20190.0,133786.0,20345.0,78713.0,21365.0,57124.0,21485.0,77338.0,22090.0,189450.0,22515.0,81602.0,22520.0,54858.0,22850.0,42453.0,23285.0,45415.0,23900.0,136150.0
265690,ACE 러시아MSCI(합성),8535.0,0.0,8535.0,0.0,8535.0,0.0,8535.0,0.0,8535.0,0.0,8535.0,0.0,8535.0,0.0,8535.0,0.0,8535.0,0.0,8535.0,0.0,8535.0,0.0,8535.0,0.0,8535.0,0.0,8535.0,0.0,8535.0,0.0,8535.0,0.0,8535.0,0.0,8535.0,0.0,8535.0,0.0,8535.0,0.0,8535.0,0.0,8535.0,0.0,8535.0,0.0,8535.0,0.0,8535.0,0.0,8535.0,0.0,8535.0,0.0,8535.0,0.0,8535.0,0.0,8535.0,0.0
152500,ACE 레버리지,24350.0,61904.0,24610.0,37534.0,25450.0,85971.0,26060.0,60860.0,26795.0,56877.0,26335.0,112266.0,26790.0,107866.0,27365.0,84208.0,27715.0,63912.0,27110.0,46041.0,29050.0,90700.0,30150.0,88809.0,30800.0,100869.0,30910.0,130414.0,27325.0,314716.0,31560.0,115190.0,32395.0,107457.0,29695.0,189433.0,28930.0,202940.0,31465.0,112555.0,31460.0,81955.0,32005.0,52068.0,34355.0,99627.0,34280.0,129704.0,36390.0,197920.0,38040.0,325654.0,38565.0,151982.0,40445.0,359117.0,42320.0,333929.0,45930.0,354353.0
483330,ACE 마이크로소프트밸류체인액티브,13380.0,50976.0,13310.0,17811.0,12910.0,42010.0,12960.0,56664.0,12935.0,56027.0,12945.0,25482.0,12590.0,42836.0,12760.0,242234.0,12680.0,60671.0,12470.0,167583.0,12620.0,95046.0,12785.0,195160.0,12540.0,184800.0,12305.0,139440.0,11845.0,246788.0,12055.0,241944.0,11695.0,139025.0,11285.0,61805.0,10875.0,178651.0,11605.0,265794.0,12030.0,139266.0,12020.0,114585.0,11870.0,147763.0,11635.0,36295.0,11785.0,127464.0,11790.0,78886.0,11535.0,30804.0,11365.0,110068.0,11645.0,37217.0,11685.0,56982.0
487340,ACE 머니마켓액티브,103625.0,23769.0,103635.0,31260.0,103665.0,8080.0,103680.0,14296.0,103680.0,16106.0,103685.0,7824.0,103700.0,10209.0,103730.0,14574.0,103740.0,9219.0,103735.0,10393.0,103745.0,21472.0,103745.0,11510.0,103777.0,12986.0,103790.0,15916.0,103785.0,71975.0,103795.0,76268.0,103800.0,76540.0,103835.0,81508.0,103850.0,85613.0,103850.0,88674.0,103865.0,86263.0,103870.0,96089.0,103945.0,93546.0,103955.0,111205.0,103980.0,110184.0,103990.0,85131.0,103990.0,95540.0,103997.0,93244.0,104015.0,77884.0,104055.0,133096.0
0085P0,ACE 미국10년국채액티브,10820.0,245518.0,10870.0,313580.0,10835.0,429848.0,10860.0,212545.0,10800.0,240829.0,10815.0,270807.0,10750.0,271325.0,10760.0,160340.0,10750.0,172834.0,10585.0,345219.0,10605.0,199317.0,10450.0,508390.0,10410.0,331236.0,10500.0,248269.0,10720.0,304984.0,10540.0,340459.0,10580.0,183411.0,10715.0,155241.0,10785.0,1933490.0,10690.0,257291.0,10705.0,188103.0,10695.0,184410.0,10590.0,150874.0,10685.0,188094.0,10705.0,227687.0,10740.0,206693.0,10685.0,1504834.0,10715.0,243533.0,10620.0,308939.0,10570.0,282927.0
0085N0,ACE 미국10년국채액티브(H),10125.0,36863.0,10145.0,33178.0,10170.0,121003.0,10155.0,37433.0,10125.0,227904.0,10090.0,37279.0,10075.0,36703.0,10105.0,313819.0,10105.0,23690.0,10135.0,30679.0,10125.0,90958.0,10115.0,55782.0,10060.0,75026.0,10080.0,533572.0,10095.0,109367.0,10045.0,53628.0,10050.0,33592.0,10055.0,197687.0,10115.0,58489.0,10085.0,64117.0,10115.0,98498.0,10165.0,45576.0,10150.0,137408.0,10180.0,34214.0,10195.0,48771.0,10220.0,45340.0,10220.0,93073.0,10235.0,58488.0,10235.0,140363.0,10215.0,507800.0
452250,ACE 미국30년국채선물레버리지(합성 H),5355.0,101570.0,5360.0,43462.0,5420.0,64654.0,5435.0,52098.0,5350.0,83466.0,5275.0,66765.0,5255.0,82092.0,5290.0,87808.0,5350.0,69816.0,5405.0,116818.0,5375.0,12955.0,5345.0,117128.0,5280.0,65298.0,5235.0,83267.0,5300.0,158903.0,5230.0,54119.0,5245.0,61099.0,5240.0,68306.0,5305.0,77234.0,5275.0,45086.0,5350.0,42445.0,5455.0,98929.0,5415.0,103368.0,5530.0,108402.0,5560.0,108433.0,5595.0,49131.0,5570.0,160416.0,5585.0,34968.0,5605.0,47376.0,5615.0,133986.0
476760,ACE 미국30년국채액티브,10115.0,423463.0,10150.0,361260.0,10170.0,662736.0,10205.0,421264.0,10095.0,374535.0,10060.0,445038.0,10015.0,548990.0,10045.0,346795.0,10095.0,452359.0,9960.0,788156.0,9980.0,407426.0,9785.0,1009977.0,9700.0,596835.0,9785.0,528041.0,9995.0,6157038.0,9790.0,650113.0,9840.0,799333.0,9955.0,801648.0,10050.0,969112.0,9945.0,793937.0,10010.0,468637.0,10050.0,342813.0,9940.0,489231.0,10090.0,468778.0,10125.0,504781.0,10180.0,354552.0,10100.0,354513.0,10125.0,661860.0,10050.0,897966.0,10010.0,377485.0
453850,ACE 미국30년국채액티브(H),7645.0,3262263.0,7650.0,2031328.0,7705.0,2239676.0,7705.0,1894895.0,7630.0,2348469.0,7585.0,2683753.0,7580.0,3670034.0,7615.0,2473910.0,7665.0,3264008.0,7695.0,3124947.0,7695.0,2482531.0,7650.0,3272031.0,7575.0,4020017.0,7560.0,2929415.0,7600.0,2781099.0,7540.0,2616818.0,7545.0,2504710.0,7545.0,2396829.0,7605.0,4039555.0,7580.0,2272388.0,7635.0,2499367.0,7710.0,2412322.0,7675.0,2758795.0,7750.0,3646545.0,7775.0,3636846.0,7815.0,2507388.0,7790.0,2457067.0,7790.0,1851410.0,7805.0,3640686.0,7795.0,3173786.0
476750,ACE 미국30년국채엔화노출액티브(H),8570.0,637488.0,8595.0,159329.0,8645.0,311003.0,8675.0,210764.0,8620.0,253270.0,8570.0,216555.0,8545.0,224838.0,8535.0,133333.0,8585.0,156572.0,8700.0,745908.0,8685.0,426914.0,8635.0,259059.0,8545.0,426098.0,8565.0,300452.0,8700.0,326631.0,8455.0,419194.0,8490.0,200899.0,8520.0,139777.0,8630.0,342135.0,8565.0,191281.0,8655.0,181020.0,8825.0,508635.0,8700.0,211851.0,8855.0,377818.0,8765.0,421430.0,8815.0,200765.0,8800.0,90431.0,8740.0,248273.0,8670.0,171368.0,8610.0,267293.0
480030,ACE 미국500데일리타겟커버드콜(합성),11120.0,203987.0,10990.0,133529.0,10905.0,128840.0,10960.0,182050.0,10850.0,163265.0,10840.0,124445.0,10745.0,121019.0,10780.0,82024.0,10815.0,139670.0,10615.0,203080.0,10740.0,127202.0,10660.0,112150.0,10650.0,128122.0,10640.0,145784.0,10680.0,130462.0,10805.0,126882.0,10735.0,308873.0,10775.0,127609.0,10680.0,161951.0,10750.0,128474.0,10775.0,130013.0,10725.0,293087.0,10515.0,158542.0,10300.0,212519.0,10475.0,399308.0,10410.0,219805.0,10380.0,235063.0,10375.0,165199.0,10350.0,108957.0,10395.0,149858.0
0118Z0,ACE 미국AI테크핵심산업액티브,9605.0,870246.0,9610.0,1020383.0,9610.0,912687.0,9665.0,796398.0,9755.0,908219.0,9640.0,586376.0,9670.0,1034644.0,9510.0,613227.0,9425.0,497976.0,9090.0,782551.0,9035.0,457635.0,9315.0,533126.0,9410.0,807385.0,9045.0,625101.0,8400.0,838770.0,8865.0,859060.0,9145.0,472537.0,8280.0,1074984.0,7505.0,1533199.0,8300.0,701004.0,8395.0,385967.0,8120.0,396185.0,7965.0,335570.0,7695.0,386607.0,8055.0,388344.0,8200.0,319376.0,7965.0,239342.0,8140.0,186216.0,8235.0,234308.0,8245.0,433056.0
280320,ACE 미국IT인터넷(합성 H),20545.0,3680.0,20530.0,926.0,20090.0,241.0,20125.0,1178.0,20000.0,429.0,19990.0,101.0,19580.0,101.0,19580.0,258.0,19760.0,467.0,19905.0,103.0,20095.0,874.0,20350.0,24.0,20245.0,3312.0,19960.0,1727.0,19825.0,63.0,19880.0,917.0,19275.0,563.0,18980.0,1303.0,18590.0,71.0,18760.0,22.0,18960.0,731.0,18850.0,175.0,18545.0,188.0,17775.0,208.0,17930.0,537.0,18015.0,164.0,18095.0,301.0,17380.0,427.0,17775.0,630.0,18210.0,830.0
360200,ACE 미국S&P500,25810.0,637272.0,25785.0,685995.0,25615.0,1174792.0,25790.0,762255.0,25540.0,1213732.0,25455.0,760811.0,25205.0,1126898.0,25410.0,780647.0,25515.0,730454.0,25010.0,1515674.0,25265.0,661521.0,25030.0,912464.0,24970.0,1004169.0,24955.0,890565.0,25120.0,1022991.0,25345.0,938122.0,25180.0,817115.0,25330.0,888075.0,25000.0,1115161.0,25380.0,951995.0,25445.0,478692.0,25275.0,523407.0,25135.0,589856.0,24690.0,985003.0,24970.0,722965.0,24975.0,689935.0,24775.0,816157.0,24780.0,532543.0,24705.0,921073.0,24800.0,1220525.0
438080,ACE 미국S&P500미국채혼합50액티브,14125.0,837310.0,14160.0,988992.0,14095.0,1027265.0,14145.0,813725.0,14085.0,1100948.0,14090.0,913027.0,13985.0,1052354.0,14005.0,809069.0,14040.0,758339.0,13760.0,1208983.0,13890.0,704245.0,13675.0,1057205.0,13655.0,943135.0,13755.0,876504.0,13960.0,850912.0,13930.0,710101.0,13880.0,774755.0,14025.0,712208.0,13930.0,731293.0,14000.0,705474.0,14020.0,559969.0,13945.0,544984.0,13820.0,573589.0,13745.0,612135.0,13805.0,945478.0,13800.0,726784.0,13715.0,956096.0,13750.0,653550.0,13655.0,898734.0,13645.0,1018595.0
309230,ACE 미국WideMoat동일가중,32175.0,15551.0,32070.0,18189.0,32200.0,19878.0,32435.0,13387.0,31820.0,38147.0,31850.0,22185.0,31720.0,16935.0,32030.0,13267.0,32180.0,23539.0,31345.0,35061.0,31655.0,23211.0,31105.0,34779.0,30750.0,23552.0,30465.0,33814.0,30745.0,27951.0,30960.0,24946.0,30520.0,20113.0,31425.0,20709.0,30845.0,21192.0,31315.0,18558.0,31315.0,18313.0,31225.0,12022.0,31025.0,23263.0,30570.0,17732.0,31170.0,21778.0,31205.0,16188.0,30830.0,16823.0,30800.0,19851.0,30815.0,21803.0,30620.0,35123.0
367380,ACE 미국나스닥100,28935.0,1336199.0,28940.0,712770.0,28630.0,966675.0,28830.0,967633.0,28505.0,1028856.0,28365.0,541794.0,28135.0,915881.0,28420.0,551987.0,28595.0,928537.0,28095.0,1199062.0,28465.0,490629.0,28390.0,926494.0,28365.0,725148.0,28130.0,863367.0,28010.0,993860.0,28485.0,492402.0,28000.0,923237.0,27880.0,1060031.0,27415.0,801376.0,27885.0,904019.0,28040.0,344815.0,27820.0,517047.0,27705.0,579614.0,27095.0,1273174.0,27465.0,558520.0,27425.0,487717.0,27190.0,706134.0,27225.0,354834.0,27215.0,678849.0,27455.0,689371.0
438100,ACE 미국나스닥100미국채혼합50액티브,15010.0,578431.0,15020.0,573637.0,14910.0,760491.0,14970.0,577533.0,14880.0,731487.0,14900.0,685528.0,14780.0,669965.0,14825.0,559695.0,14875.0,508018.0,14640.0,704585.0,14785.0,496463.0,14775.0,607983.0,14590.0,704515.0,14625.0,623209.0,14690.0,550725.0,14750.0,481101.0,14650.0,472689.0,14720.0,477022.0,14610.0,473027.0,14690.0,469078.0,14735.0,414132.0,14635.0,320964.0,14525.0,389016.0,14380.0,517831.0,14505.0,568162.0,14475.0,492816.0,14380.0,637021.0,14430.0,395122.0,14335.0,483468.0,14375.0,642046.0
456880,ACE 미국달러SOFR금리(합성),12660.0,94582.0,12690.0,111414.0,12630.0,103193.0,12665.0,87631.0,12660.0,131972.0,12705.0,97783.0,12640.0,221421.0,12645.0,114095.0,12610.0,156009.0,12390.0,250101.0,12405.0,111379.0,12240.0,217080.0,12275.0,167657.0,12370.0,144537.0,12590.0,258989.0,12450.0,163511.0,12495.0,112508.0,12620.0,245651.0,12655.0,244599.0,12575.0,148232.0,12560.0,100758.0,12500.0,109879.0,12405.0,146487.0,12445.0,81684.0,12460.0,84236.0,12475.0,125251.0,12425.0,62174.0,12430.0,64506.0,12340.0,111126.0,12305.0,538304.0
440650,ACE 미국달러단기채권액티브,12145.0,82047.0,12170.0,97431.0,12110.0,95927.0,12135.0,111082.0,12120.0,81903.0,12180.0,54081.0,12115.0,88267.0,12110.0,92190.0,12085.0,54620.0,11875.0,172168.0,11900.0,52965.0,11725.0,87232.0,11755.0,89999.0,11875.0,112558.0,12085.0,232989.0,11930.0,111801.0,11960.0,50129.0,12120.0,93903.0,12130.0,178307.0,12060.0,83877.0,12050.0,74837.0,11985.0,67673.0,11920.0,50621.0,11955.0,78137.0,11960.0,89796.0,11965.0,52749.0,11907.0,85174.0,11930.0,52537.0,11825.0,81745.0,11790.0,77921.0
0127M0,ACE 미국대형가치주액티브,10895.0,28489.0,10855.0,44441.0,10835.0,72236.0,10955.0,35747.0,10930.0,133586.0,10885.0,66827.0,10805.0,72863.0,10865.0,98667.0,10915.0,110982.0,10620.0,159792.0,10665.0,281458.0,10665.0,232898.0,10655.0,195967.0,10705.0,234945.0,10775.0,65652.0,10975.0,98850.0,10900.0,380589.0,10980.0,1319617.0,11000.0,122526.0,11185.0,92470.0,11190.0,132418.0,11010.0,394569.0,11080.0,85109.0,10920.0,51516.0,11045.0,79633.0,11115.0,91973.0,11015.0,21395.0,11005.0,58268.0,10890.0,129934.0,10995.0,108803.0
0127P0,ACE 미국대형성장주액티브,10355.0,111282.0,10385.0,100569.0,10240.0,272558.0,10305.0,103197.0,10200.0,452426.0,10135.0,91844.0,10020.0,141677.0,10035.0,201568.0,10070.0,19774.0,9890.0,100489.0,10070.0,205641.0,10055.0,95909.0,10005.0,33021.0,9910.0,213879.0,9805.0,136038.0,9990.0,46294.0,9780.0,16907.0,9700.0,274458.0,9490.0,21346.0,9775.0,92867.0,9865.0,89009.0,9780.0,117389.0,9705.0,47771.0,9475.0,14169.0,9575.0,78372.0,9590.0,36250.0,9520.0,32671.0,9515.0,18273.0,9495.0,162496.0,9580.0,48745.0
480040,ACE 미국반도체데일리타겟커버드콜(합성),13500.0,159767.0,13510.0,147151.0,13700.0,166691.0,13865.0,118291.0,13875.0,151717.0,13730.0,89259.0,13680.0,102518.0,14105.0,138618.0,14055.0,127898.0,13630.0,133350.0,13745.0,64223.0,13945.0,74857.0,14225.0,95541.0,14145.0,132804.0,13680.0,173497.0,14260.0,137020.0,13925.0,238279.0,13605.0,173368.0,13460.0,142186.0,14090.0,131426.0,14245.0,107093.0,14175.0,135676.0,14215.0,77553.0,13955.0,107370.0,14085.0,155291.0,14060.0,129210.0,14005.0,144003.0,14190.0,105637.0,14210.0,101433.0,14370.0,84404.0
402970,ACE 미국배당다우존스,13555.0,411280.0,13585.0,844797.0,13760.0,464067.0,13810.0,438252.0,13650.0,864370.0,13655.0,487951.0,13620.0,467339.0,13790.0,434798.0,13795.0,444471.0,13550.0,872144.0,13600.0,309173.0,13460.0,501123.0,13465.0,478561.0,13530.0,304730.0,13915.0,772977.0,13985.0,348159.0,14235.0,841639.0,14660.0,795303.0,14720.0,658471.0,14840.0,598038.0,14765.0,543970.0,14745.0,419292.0,14820.0,550858.0,14580.0,461088.0,14740.0,457585.0,14765.0,506942.0,14645.0,633457.0,14670.0,314525.0,14590.0,512065.0,14480.0,522012.0
0046Y0,ACE 미국배당퀄리티,12385.0,33769.0,12375.0,24969.0,12315.0,23536.0,12455.0,30246.0,12350.0,32034.0,12295.0,26513.0,12180.0,29430.0,12305.0,22475.0,12320.0,29306.0,12120.0,44997.0,12210.0,65404.0,12055.0,43555.0,12000.0,26358.0,12015.0,22296.0,12170.0,34647.0,12275.0,35378.0,12305.0,33992.0,12530.0,37055.0,12430.0,69223.0,12620.0,37745.0,12610.0,28813.0,12550.0,30142.0,12500.0,34374.0,12335.0,39976.0,12385.0,30786.0,12435.0,31414.0,12325.0,34699.0,12365.0,31960.0,12310.0,33340.0,12175.0,33437.0
0049M0,ACE 미국배당퀄리티+커버드콜액티브,11700.0,48789.0,11765.0,50622.0,11700.0,89966.0,11790.0,39657.0,11755.0,87850.0,11675.0,93763.0,11645.0,65917.0,11720.0,62177.0,11705.0,74778.0,11505.0,154657.0,11600.0,38092.0,11455.0,127049.0,11390.0,60307.0,11360.0,76440.0,11445.0,99427.0,11510.0,60246.0,11535.0,70997.0,11570.0,53793.0,11610.0,76140.0,11660.0,65246.0,11695.0,48988.0,11715.0,47342.0,11620.0,83325.0,11600.0,85671.0,11600.0,106151.0,11590.0,77033.0,11530.0,93459.0,11545.0,47719.0,11470.0,107670.0,11355.0,110593.0
0049K0,ACE 미국배당퀄리티채권혼합50,11125.0,25294.0,11155.0,41232.0,11085.0,38084.0,11150.0,37384.0,11130.0,46187.0,11115.0,43753.0,11050.0,24448.0,11105.0,21684.0,11085.0,24371.0,10980.0,38210.0,11040.0,37709.0,10970.0,48980.0,10930.0,21077.0,10960.0,25010.0,11015.0,31389.0,11045.0,51576.0,11060.0,28119.0,11210.0,22057.0,11140.0,33330.0,11245.0,38368.0,11245.0,35052.0,11220.0,31716.0,11180.0,54870.0,11120.0,21823.0,11060.0,57533.0,11130.0,48949.0,11100.0,38561.0,11115.0,22873.0,11060.0,45100.0,11020.0,33919.0
181480,ACE 미국부동산리츠(합성 H),79970.0,558.0,80530.0,797.0,81455.0,476.0,82155.0,811.0,82780.0,249.0,82890.0,132.0,81995.0,85.0,81635.0,221.0,80800.0,795.0,80660.0,144.0,81005.0,71.0,81115.0,201.0,80410.0,317.0,80400.0,269.0,80235.0,436.0,80625.0,424.0,80120.0,224.0,80755.0,263.0,80660.0,625.0,82460.0,348.0,82500.0,415.0,84085.0,622.0,83340.0,2712.0,82985.0,478.0,84165.0,638.0,84265.0,348.0,84040.0,300.0,84660.0,265.0,84720.0,224.0,83915.0,674.0
480020,ACE 미국빅테크7+데일리타겟커버드콜(합성),13110.0,207331.0,12905.0,210598.0,12720.0,192982.0,12780.0,182334.0,12645.0,167203.0,12590.0,448094.0,12370.0,200505.0,12490.0,176067.0,12650.0,108234.0,12415.0,168738.0,12680.0,277597.0,12720.0,221607.0,12700.0,209587.0,12635.0,148241.0,12640.0,368016.0,12870.0,218521.0,12655.0,209898.0,12550.0,172478.0,12180.0,278912.0,12315.0,163519.0,12410.0,123507.0,12285.0,266041.0,12020.0,186173.0,11670.0,180567.0,11805.0,283486.0,11830.0,221086.0,11845.0,467649.0,11880.0,407188.0,11870.0,282607.0,11850.0,147804.0
465580,ACE 미국빅테크TOP7 Plus,23370.0,2451877.0,23335.0,2994289.0,23000.0,2373760.0,23095.0,2986336.0,22720.0,814778.0,22635.0,1920788.0,22305.0,2392355.0,22370.0,2000727.0,22655.0,2112289.0,22280.0,3554753.0,22755.0,1054757.0,22750.0,1116377.0,22690.0,1014273.0,22460.0,1610910.0,22460.0,1442102.0,22935.0,1101195.0,22505.0,2001677.0,22380.0,2325957.0,21695.0,797818.0,22155.0,1277027.0,22325.0,888512.0,22085.0,1666316.0,21790.0,1164725.0,21170.0,1418374.0,21370.0,776785.0,21410.0,1034675.0,21335.0,710163.0,21380.0,1105107.0,21315.0,1962032.0,21500.0,2766727.0
465610,ACE 미국빅테크TOP7 Plus레버리지(합성),41720.0,42665.0,41660.0,35249.0,40640.0,37405.0,40745.0,28464.0,39810.0,37183.0,39405.0,28407.0,38155.0,62155.0,38290.0,40762.0,39065.0,28525.0,38000.0,42086.0,39505.0,36157.0,39420.0,31606.0,39080.0,35937.0,38510.0,42717.0,38455.0,37558.0,39845.0,34860.0,38565.0,25717.0,38145.0,37762.0,36070.0,65022.0,37215.0,24791.0,37920.0,27047.0,37180.0,15716.0,36345.0,23374.0,34295.0,60906.0,34720.0,41700.0,34660.0,35874.0,34555.0,23755.0,34625.0,25731.0,34370.0,28839.0,34985.0,37002.0
465620,ACE 미국빅테크TOP7 Plus인버스(합성),7000.0,1515.0,7035.0,1131.0,7155.0,510.0,7060.0,1340.0,7200.0,775.0,7240.0,5854.0,7360.0,13073.0,7270.0,6305.0,7240.0,1281.0,7345.0,9742.0,7130.0,8272.0,7135.0,1802.0,7185.0,385.0,7245.0,59.0,7250.0,10853.0,7110.0,6381.0,7260.0,1908.0,7300.0,3191.0,7495.0,8736.0,7330.0,4615.0,7325.0,533.0,7375.0,238.0,7440.0,4785.0,7650.0,1914.0,7580.0,2346.0,7585.0,1497.0,7600.0,3108.0,7595.0,1939.0,7610.0,3356.0,7570.0,2537.0
473590,ACE 미국주식베스트셀러,21570.0,63516.0,21750.0,32911.0,21460.0,31152.0,21540.0,43965.0,21490.0,31536.0,21185.0,38567.0,20990.0,40262.0,21310.0,28736.0,21435.0,30815.0,21280.0,47433.0,21240.0,30035.0,21355.0,82597.0,21545.0,50802.0,20980.0,44259.0,20440.0,110508.0,21225.0,29848.0,20770.0,37605.0,19555.0,84374.0,18730.0,58473.0,19670.0,90457.0,20140.0,65089.0,19700.0,18145.0,19545.0,24057.0,19000.0,38523.0,19330.0,83004.0,19350.0,43204.0,19045.0,44677.0,18920.0,37337.0,18890.0,69032.0,19190.0,192269.0
0008E0,ACE 미국중심중소형제조업,12820.0,3991.0,12975.0,3887.0,12925.0,14978.0,13265.0,14732.0,13230.0,18055.0,13235.0,11066.0,13115.0,21090.0,13370.0,11120.0,13365.0,6453.0,12830.0,13071.0,12980.0,4676.0,12795.0,12821.0,12670.0,9435.0,12570.0,8786.0,12410.0,12840.0,12755.0,10565.0,13070.0,4786.0,13155.0,16810.0,13115.0,11183.0,13560.0,9390.0,13585.0,2607.0,13555.0,3823.0,13640.0,1302.0,13285.0,4010.0,13560.0,5093.0,13775.0,1399.0,13645.0,15088.0,13485.0,13836.0,13555.0,27658.0,13330.0,109866.0
391600,ACE 미국친환경그린테마,11675.0,3106.0,11690.0,9515.0,11655.0,3177.0,11790.0,5362.0,11690.0,29971.0,11650.0,6513.0,11600.0,9794.0,11760.0,916.0,11910.0,7857.0,11545.0,5340.0,11650.0,1947.0,11600.0,8403.0,11650.0,9291.0,11455.0,4318.0,11370.0,1368.0,11370.0,20128.0,11690.0,35260.0,11825.0,2498.0,11615.0,23035.0,12065.0,8764.0,12080.0,15612.0,12045.0,30637.0,11965.0,14178.0,11615.0,1723.0,11855.0,5400.0,11925.0,768.0,11590.0,23450.0,11805.0,4044.0,11745.0,9566.0,11760.0,3762.0
455660,ACE 미국하이일드액티브(H),9835.0,51795.0,9830.0,60538.0,9835.0,57278.0,9835.0,58916.0,9835.0,79978.0,9840.0,52255.0,9820.0,76431.0,9840.0,49821.0,9845.0,54061.0,9845.0,67790.0,9845.0,68010.0,9850.0,58822.0,9780.0,81175.0,9770.0,63847.0,9780.0,70330.0,9790.0,61107.0,9775.0,94812.0,9765.0,65880.0,9760.0,56608.0,9780.0,43889.0,9795.0,49367.0,9790.0,57620.0,9790.0,44581.0,9775.0,70259.0,9790.0,71242.0,9795.0,56135.0,9800.0,70601.0,9785.0,78987.0,9780.0,55850.0,9730.0,64407.0
245710,ACE 베트남VN30(합성),32900.0,48490.0,32900.0,55384.0,32160.0,89985.0,32810.0,88018.0,32840.0,123151.0,33030.0,51834.0,32500.0,82191.0,32640.0,49660.0,32605.0,57553.0,31740.0,89430.0,31565.0,80624.0,30720.0,148197.0,30780.0,160477.0,31580.0,90553.0,31120.0,130451.0,31180.0,64986.0,31015.0,55697.0,31140.0,55908.0,30865.0,125195.0,30785.0,161057.0,30790.0,58517.0,31180.0,67678.0,31295.0,37937.0,31315.0,45142.0,31415.0,57925.0,31365.0,53925.0,31475.0,95846.0,31365.0,36323.0,31490.0,78050.0,31605.0,99180.0
131890,ACE 삼성그룹동일가중,28955.0,1737.0,29040.0,4522.0,29345.0,1679.0,29530.0,1410.0,29680.0,738.0,29890.0,7408.0,29665.0,5851.0,29935.0,1889.0,30425.0,4859.0,30220.0,1393.0,30590.0,608.0,31115.0,2316.0,31130.0,3315.0,31090.0,2647.0,29980.0,2436.0,31215.0,1578.0,31780.0,725.0,31055.0,2408.0,30635.0,7117.0,31760.0,387.0,32320.0,3194.0,32370.0,382.0,33050.0,969.0,32740.0,1082.0,33975.0,545.0,34680.0,14217.0,34980.0,3522.0,35145.0,4097.0,35855.0,2873.0,36295.0,3516.0
108450,ACE 삼성그룹섹터가중,25605.0,11770.0,25740.0,9025.0,26330.0,12654.0,26690.0,21107.0,26900.0,16294.0,26995.0,48531.0,26920.0,29641.0,27525.0,23594.0,27475.0,21376.0,27470.0,24168.0,27855.0,12470.0,28365.0,16794.0,28110.0,24811.0,28265.0,23038.0,26795.0,46688.0,28685.0,43640.0,29300.0,65371.0,28240.0,41998.0,27815.0,52909.0,28890.0,25847.0,29075.0,29280.0,29270.0,20834.0,30260.0,17459.0,30075.0,21643.0,31260.0,26343.0,31790.0,19750.0,32090.0,21773.0,32795.0,19926.0,33330.0,21649.0,34610.0,33560.0
316300,ACE 싱가포르리츠,14965.0,792.0,15015.0,1908.0,14995.0,3634.0,15035.0,1825.0,15045.0,1591.0,15000.0,1843.0,15170.0,1622.0,15210.0,3672.0,15160.0,1990.0,15015.0,2376.0,15010.0,1995.0,15005.0,3053.0,14755.0,1866.0,14815.0,1209.0,14845.0,3582.0,14895.0,3231.0,14850.0,2358.0,14920.0,5212.0,14915.0,912.0,15000.0,2792.0,15110.0,1074.0,15290.0,3925.0,15010.0,3071.0,14780.0,2787.0,14750.0,1786.0,14840.0,1706.0,14875.0,2922.0,14870.0,2911.0,15005.0,3198.0,14955.0,733.0
277540,ACE 아시아TOP50,25870.0,2975.0,26165.0,3030.0,25970.0,4035.0,26300.0,4954.0,26150.0,5092.0,26210.0,4518.0,26160.0,3798.0,26410.0,2208.0,26580.0,1807.0,26040.0,3787.0,26505.0,2262.0,26790.0,3393.0,27000.0,2954.0,26820.0,3497.0,26110.0,4031.0,26865.0,1479.0,26595.0,1403.0,26340.0,2342.0,26085.0,2033.0,26725.0,1760.0,27120.0,2306.0,27210.0,14892.0,27230.0,3027.0,27140.0,3652.0,27505.0,3492.0,27185.0,5708.0,27420.0,2844.0,27875.0,3312.0,28005.0,9322.0,28240.0,4159.0
483420,ACE 애플밸류체인액티브,15485.0,11807.0,15610.0,33523.0,15500.0,13473.0,15725.0,10172.0,15460.0,30746.0,15385.0,18624.0,15405.0,11209.0,15610.0,12503.0,15625.0,6366.0,15220.0,13529.0,15600.0,22001.0,15910.0,52381.0,15800.0,16946.0,15725.0,27087.0,15430.0,36238.0,16300.0,24716.0,16225.0,60841.0,16070.0,47482.0,16150.0,35572.0,16755.0,39088.0,17015.0,14092.0,16945.0,12338.0,17300.0,24985.0,16790.0,38424.0,17075.0,12215.0,17190.0,15203.0,17270.0,12645.0,17625.0,21579.0,17760.0,27445.0,18225.0,24146.0
483320,ACE 엔비디아밸류체인액티브,16475.0,341858.0,16545.0,164735.0,16375.0,951623.0,16665.0,474462.0,16710.0,1090879.0,16595.0,264011.0,16370.0,665238.0,16730.0,316537.0,16615.0,293614.0,16225.0,462231.0,16490.0,634365.0,16860.0,1033646.0,17025.0,538817.0,16900.0,297886.0,16095.0,405967.0,16780.0,489758.0,16440.0,533932.0,15905.0,658737.0,15550.0,1189666.0,16910.0,723618.0,17435.0,276993.0,17265.0,340266.0,17620.0,224753.0,17360.0,151089.0,17535.0,115889.0,17570.0,259466.0,17480.0,303656.0,17740.0,687807.0,18195.0,431064.0,18320.0,590303.0
448540,ACE 엔비디아채권혼합,25160.0,117037.0,25215.0,118936.0,25110.0,127786.0,25330.0,123487.0,25255.0,130172.0,25115.0,113576.0,24950.0,132062.0,25120.0,101985.0,25130.0,102367.0,25095.0,125421.0,25115.0,109868.0,25170.0,193083.0,25190.0,189382.0,25200.0,159834.0,24750.0,183404.0,25120.0,111047.0,24800.0,151699.0,24815.0,137258.0,24705.0,92134.0,25130.0,126638.0,25360.0,132589.0,25280.0,60327.0,25250.0,74977.0,25110.0,82933.0,25095.0,125998.0,25110.0,144182.0,25165.0,121361.0,25380.0,133753.0,25325.0,112443.0,25425.0,221533.0
0099L0,ACE 우량회사채(AA-이상)액티브,99310.0,19052.0,99320.0,17178.0,99250.0,25134.0,99215.0,22731.0,99180.0,7760.0,99085.0,8613.0,99135.0,7468.0,99195.0,7829.0,99175.0,7286.0,99200.0,9218.0,99240.0,22.0,99265.0,258.0,99220.0,13481.0,99165.0,167.0,99120.0,17416.0,99025.0,28943.0,98950.0,25966.0,98910.0,14454.0,98865.0,13143.0,98855.0,19773.0,98860.0,13674.0,98920.0,16282.0,98990.0,44918.0,99045.0,9875.0,99090.0,16767.0,99125.0,16520.0,99155.0,16843.0,99130.0,16372.0,99205.0,22245.0,99345.0,10472.0
433500,ACE 원자력TOP10,47380.0,125951.0,48830.0,160640.0,49280.0,81239.0,51415.0,214094.0,52580.0,170762.0,54490.0,344230.0,53775.0,290837.0,52690.0,264621.0,53505.0,240708.0,52485.0,219752.0,53280.0,255129.0,53495.0,209976.0,54650.0,178669.0,52515.0,191959.0,50115.0,153779.0,53600.0,103208.0,56700.0,301566.0,54450.0,278299.0,53645.0,154591.0,56795.0,191238.0,56935.0,126443.0,58085.0,110949.0,58040.0,160134.0,57905.0,221929.0,60775.0,199142.0,62745.0,278450.0,63870.0,292971.0,64650.0,166093.0,67635.0,416896.0,70000.0,353256.0
0102X0,ACE 유럽방산TOP10,11200.0,133229.0,11185.0,62537.0,11015.0,63239.0,10990.0,69693.0,11270.0,80506.0,11365.0,108428.0,11455.0,91324.0,11130.0,104130.0,10860.0,89084.0,11065.0,61467.0,10885.0,43748.0,11030.0,42567.0,10930.0,47422.0,10840.0,65443.0,10955.0,56542.0,10655.0,81418.0,10780.0,46430.0,10505.0,26744.0,10140.0,42832.0,10590.0,34890.0,10945.0,34675.0,10720.0,12333.0,10505.0,25364.0,10455.0,12685.0,11150.0,143561.0,11235.0,36216.0,11320.0,89158.0,11060.0,60146.0,10975.0,32452.0,10755.0,45782.0
487920,ACE 인도시장대표BIG5그룹액티브,8955.0,5907.0,8985.0,12766.0,8930.0,3432.0,8915.0,10682.0,8795.0,9543.0,8715.0,20803.0,8475.0,24039.0,8555.0,6933.0,8545.0,9150.0,8320.0,15942.0,8335.0,13330.0,8275.0,13846.0,8255.0,12669.0,8365.0,21037.0,8330.0,23145.0,8780.0,19601.0,8775.0,31800.0,8870.0,13127.0,8920.0,30909.0,9010.0,16773.0,9010.0,12207.0,8950.0,9176.0,8890.0,3990.0,8790.0,3540.0,8800.0,26025.0,8800.0,7540.0,8795.0,9240.0,8760.0,17612.0,8770.0,14649.0,8710.0,6080.0
487910,ACE 인도컨슈머파워액티브,9455.0,10082.0,9470.0,7200.0,9400.0,5457.0,9345.0,6424.0,9265.0,13042.0,9175.0,30427.0,8865.0,18052.0,8905.0,21870.0,8885.0,23737.0,8745.0,41890.0,8595.0,65185.0,8445.0,63894.0,8395.0,32236.0,8525.0,37226.0,8650.0,30226.0,9055.0,36811.0,9095.0,19770.0,9215.0,31468.0,9185.0,22561.0,9315.0,43866.0,9405.0,8415.0,9495.0,12350.0,9385.0,3819.0,9370.0,11378.0,9390.0,3878.0,9310.0,37917.0,9325.0,19579.0,9300.0,9525.0,9340.0,8232.0,9300.0,6639.0
145670,ACE 인버스,2710.0,31457.0,2690.0,57517.0,2650.0,105747.0,2615.0,97141.0,2590.0,29888.0,2605.0,52202.0,2575.0,154221.0,2550.0,124896.0,2540.0,65034.0,2565.0,83613.0,2475.0,57224.0,2430.0,78458.0,2405.0,190484.0,2395.0,146852.0,2535.0,244426.0,2340.0,169508.0,2310.0,108165.0,2400.0,123310.0,2435.0,332186.0,2330.0,115894.0,2325.0,100618.0,2310.0,69868.0,2225.0,213461.0,2220.0,149752.0,2165.0,154196.0,2115.0,189844.0,2105.0,119421.0,2050.0,209774.0,2005.0,259515.0,1915.0,258939.0
497520,ACE 일라이릴리밸류체인,13555.0,8409.0,13460.0,5247.0,13500.0,4607.0,13335.0,5538.0,13265.0,6816.0,13210.0,2658.0,13135.0,5765.0,13380.0,5723.0,13475.0,3731.0,13200.0,6429.0,13440.0,4570.0,13105.0,7537.0,12970.0,5599.0,12950.0,4768.0,13090.0,4718.0,13030.0,5037.0,12900.0,3427.0,13415.0,10187.0,12965.0,3705.0,13120.0,5203.0,13150.0,8685.0,12920.0,2286.0,12650.0,2630.0,12450.0,4704.0,12620.0,2672.0,12685.0,3747.0,12550.0,6076.0,12695.0,4802.0,12510.0,5133.0,12540.0,25544.0
238720,ACE 일본Nikkei225(H),38430.0,6363.0,38930.0,7392.0,38850.0,8995.0,38780.0,2596.0,38345.0,5631.0,38065.0,3877.0,37720.0,9161.0,38565.0,11794.0,38565.0,3684.0,37945.0,9965.0,38115.0,9110.0,38305.0,11044.0,38250.0,10495.0,38300.0,8160.0,37825.0,11637.0,39195.0,8965.0,39045.0,11137.0,38630.0,5210.0,38980.0,5403.0,40600.0,57373.0,41440.0,34137.0,41695.0,32148.0,41550.0,19829.0,40860.0,17299.0,41300.0,24552.0,40855.0,17227.0,40625.0,9832.0,41210.0,15105.0,42170.0,8465.0,42310.0,14896.0
196030,ACE 일본TOPIX레버리지(H),70855.0,564.0,72990.0,1712.0,74030.0,1645.0,73410.0,748.0,73480.0,771.0,72325.0,636.0,70455.0,988.0,71665.0,1427.0,72070.0,1382.0,68915.0,2296.0,69415.0,861.0,68825.0,1038.0,68780.0,1015.0,69775.0,1227.0,68540.0,2230.0,73000.0,2178.0,73085.0,462.0,72950.0,1762.0,74805.0,1281.0,78590.0,3725.0,81400.0,5731.0,81585.0,4853.0,82580.0,4678.0,79650.0,3462.0,80450.0,25971.0,78905.0,2803.0,78880.0,2426.0,79420.0,2443.0,80710.0,2155.0,81930.0,2863.0
205720,ACE 일본TOPIX인버스(합성 H),1734.0,15306.0,1717.0,16587.0,1706.0,28461.0,1705.0,2802.0,1706.0,16089.0,1722.0,19366.0,1741.0,6489.0,1720.0,6489.0,1719.0,2728.0,1759.0,26324.0,1745.0,33481.0,1751.0,10966.0,1746.0,34851.0,1751.0,100964.0,1759.0,6587.0,1708.0,6393.0,1707.0,18308.0,1706.0,18454.0,1680.0,11270.0,1640.0,25160.0,1607.0,108507.0,1582.0,738886.0,1581.0,486770.0,1609.0,75363.0,1601.0,17853.0,1620.0,4117.0,1621.0,75139.0,1617.0,3504.0,1613.0,7092.0,1589.0,31628.0
469160,ACE 일본반도체,18500.0,58387.0,19030.0,8981.0,19000.0,5311.0,19605.0,10076.0,19535.0,6435.0,19300.0,10942.0,19550.0,8364.0,20415.0,118550.0,20160.0,12097.0,19810.0,21560.0,20470.0,14489.0,20835.0,9112.0,20685.0,34432.0,20925.0,20834.0,20175.0,22068.0,21050.0,79038.0,20870.0,23220.0,20340.0,23535.0,20505.0,12620.0,21250.0,118072.0,21395.0,14802.0,21740.0,13754.0,21890.0,52315.0,22070.0,110168.0,22250.0,98670.0,21710.0,69516.0,21805.0,33326.0,22235.0,22900.0,22220.0,50362.0,22040.0,40888.0
0021C0,ACE 장기자산배분액티브,12960.0,2810.0,12975.0,5643.0,12900.0,11342.0,13000.0,4415.0,12845.0,9828.0,12790.0,5660.0,12930.0,57317.0,12945.0,4516.0,13045.0,6741.0,12810.0,28125.0,13000.0,9568.0,13065.0,4816.0,13090.0,47165.0,12920.0,46216.0,12670.0,8259.0,13020.0,2687.0,13020.0,1831.0,12920.0,7485.0,12720.0,7895.0,13065.0,10548.0,13110.0,1358.0,13160.0,5841.0,13200.0,3082.0,12950.0,6886.0,13145.0,25516.0,13240.0,8040.0,13215.0,9906.0,13465.0,2418.0,13450.0,7636.0,13605.0,3515.0
356540,ACE 종합채권(AA-이상)액티브,105300.0,1284.0,105275.0,6550.0,104920.0,3432.0,104985.0,3063.0,104650.0,8372.0,104065.0,1597.0,104195.0,5470.0,104370.0,20579.0,104205.0,586.0,104390.0,2733.0,104440.0,11474.0,104570.0,3243.0,104315.0,10682.0,104130.0,4987.0,104000.0,38443.0,103725.0,2249.0,103615.0,432.0,103650.0,39353.0,103675.0,3876.0,103410.0,3019.0,103665.0,2286.0,103795.0,2564.0,104045.0,4418.0,104205.0,3470.0,104270.0,2441.0,104550.0,845.0,104440.0,1214.0,104230.0,1643.0,104480.0,2730.0,104915.0,8099.0
447430,ACE 주주환원가치주액티브,14955.0,102462.0,15080.0,20530.0,15020.0,32338.0,14990.0,65360.0,15000.0,56416.0,15185.0,295871.0,15125.0,214097.0,15245.0,237299.0,15550.0,227231.0,15505.0,240943.0,15385.0,387211.0,15585.0,64283.0,15570.0,123787.0,15695.0,184311.0,15285.0,115697.0,15610.0,48094.0,16100.0,162130.0,15900.0,83414.0,15730.0,100864.0,16050.0,60436.0,16630.0,113202.0,16640.0,63263.0,16810.0,86586.0,16925.0,47685.0,17290.0,71925.0,17575.0,72739.0,17505.0,109735.0,17560.0,68902.0,17750.0,71613.0,17600.0,101321.0
416090,ACE 중국과창판STAR50,12000.0,61167.0,12240.0,39400.0,12150.0,30928.0,12400.0,29754.0,12320.0,30429.0,12030.0,17138.0,12350.0,85306.0,12415.0,44193.0,12545.0,30001.0,12130.0,37203.0,12390.0,30551.0,12300.0,42019.0,11955.0,26295.0,11860.0,51282.0,11725.0,47163.0,11640.0,38771.0,11500.0,38090.0,11465.0,24476.0,11580.0,14272.0,11815.0,27690.0,11930.0,12884.0,11810.0,8050.0,11815.0,19897.0,11650.0,16238.0,11785.0,17964.0,11780.0,11851.0,11925.0,39684.0,11815.0,16603.0,11760.0,22845.0,11865.0,35016.0
168580,ACE 중국본토CSI300,36330.0,13464.0,36445.0,5388.0,36160.0,2946.0,36250.0,4616.0,36145.0,7636.0,36000.0,19192.0,36115.0,5428.0,36015.0,5113.0,35990.0,4290.0,35255.0,6846.0,35500.0,6957.0,34960.0,13648.0,35225.0,34012.0,35405.0,11496.0,35120.0,9916.0,35065.0,17668.0,35300.0,4455.0,35375.0,8635.0,35565.0,5827.0,35730.0,27888.0,35910.0,2636.0,35710.0,3813.0,35340.0,3391.0,35105.0,2460.0,35325.0,3371.0,35210.0,4052.0,35530.0,2123.0,35520.0,30467.0,35675.0,6812.0,35545.0,6933.0
219900,ACE 중국본토CSI300레버리지(합성),5020.0,16022.0,4980.0,8160.0,4955.0,8281.0,4995.0,3642.0,4915.0,16920.0,4975.0,12167.0,4940.0,7045.0,4965.0,4625.0,4925.0,21483.0,4760.0,7773.0,4770.0,2153.0,4655.0,14269.0,4655.0,5922.0,4690.0,9842.0,4685.0,25221.0,4565.0,28613.0,4695.0,14125.0,4720.0,6090.0,4715.0,4262.0,4825.0,5627.0,4865.0,2752.0,4850.0,3400.0,4770.0,4877.0,4700.0,7961.0,4715.0,7662.0,4700.0,5829.0,4765.0,33849.0,4740.0,12622.0,4710.0,6197.0,4710.0,14780.0
272910,ACE 중장기국공채액티브,106930.0,21.0,106930.0,41.0,106535.0,228.0,106665.0,1156.0,106525.0,444.0,106205.0,40.0,106375.0,16.0,106450.0,15.0,106270.0,527.0,106595.0,18.0,106500.0,186.0,106670.0,80.0,106420.0,142.0,106340.0,71.0,106200.0,28.0,106200.0,45.0,106075.0,120.0,106105.0,8.0,106035.0,42.0,105955.0,10.0,106020.0,10.0,106315.0,2139.0,106475.0,37.0,106470.0,13.0,106570.0,28.0,106670.0,115.0,106645.0,48.0,106605.0,55.0,106660.0,19.0,107020.0,65.0
0087F0,ACE 차이나AI빅테크TOP2+액티브,11585.0,39425.0,11760.0,34944.0,11750.0,28700.0,11860.0,38753.0,11715.0,16584.0,11525.0,6673.0,11635.0,10192.0,11720.0,17618.0,11710.0,11398.0,11270.0,20616.0,11550.0,11754.0,11510.0,31678.0,11395.0,8716.0,11350.0,12824.0,11205.0,11375.0,11165.0,12779.0,11035.0,4921.0,10880.0,6157.0,10875.0,13176.0,11070.0,9586.0,11245.0,7152.0,11105.0,2926.0,11055.0,2709.0,11030.0,4713.0,11110.0,10016.0,11140.0,3722.0,11130.0,7500.0,11245.0,10638.0,11175.0,23009.0,11100.0,16147.0
371870,ACE 차이나항셍테크,9235.0,49815.0,9350.0,19024.0,9175.0,15863.0,9150.0,18663.0,9090.0,11114.0,9040.0,12184.0,8955.0,7725.0,9000.0,19722.0,9075.0,19136.0,8810.0,18213.0,8880.0,16025.0,8890.0,46203.0,8865.0,36824.0,8765.0,16858.0,8595.0,21083.0,8430.0,24211.0,8380.0,52517.0,8335.0,36077.0,8415.0,20389.0,8490.0,9423.0,8520.0,12914.0,8520.0,14077.0,8330.0,20431.0,8225.0,40419.0,8385.0,19185.0,8115.0,25415.0,8260.0,24658.0,8100.0,17098.0,8030.0,14563.0,7810.0,27292.0
380340,ACE 코리아AI테크핵심산업,16920.0,6978.0,16800.0,3348.0,16775.0,2182.0,16765.0,1697.0,16755.0,1665.0,16600.0,4055.0,16475.0,3157.0,16620.0,1480.0,17045.0,4198.0,17225.0,9793.0,17565.0,4694.0,17715.0,8423.0,17855.0,2816.0,17790.0,6883.0,17095.0,18829.0,17800.0,6266.0,17730.0,2377.0,17185.0,2669.0,16655.0,4731.0,17295.0,3559.0,17365.0,5196.0,17440.0,5888.0,17835.0,5010.0,17435.0,6655.0,18215.0,9041.0,18445.0,11003.0,19345.0,44395.0,19615.0,27327.0,20105.0,13370.0,20960.0,49514.0
496120,ACE 코리아밸류업,20195.0,2728.0,20410.0,2291.0,20695.0,1478.0,20950.0,5283.0,21335.0,3755.0,21170.0,4190.0,21470.0,5484.0,21480.0,12446.0,21525.0,1696.0,21320.0,9484.0,22115.0,30634.0,22560.0,7900.0,22975.0,8230.0,23285.0,5843.0,21975.0,17698.0,23500.0,2005.0,23755.0,3336.0,22680.0,4549.0,22545.0,18983.0,23515.0,5785.0,23560.0,3919.0,23775.0,20032.0,24450.0,9916.0,24530.0,2310.0,25060.0,13187.0,25795.0,8555.0,25905.0,15003.0,26425.0,5706.0,26960.0,25514.0,28245.0,8852.0
354500,ACE 코스닥150,15925.0,71738.0,15770.0,48914.0,15870.0,43880.0,16045.0,60166.0,16260.0,62609.0,16325.0,135707.0,15575.0,163536.0,16000.0,101053.0,16680.0,222752.0,18590.0,1654717.0,19005.0,2497521.0,20445.0,2212833.0,21170.0,2484641.0,20625.0,2134555.0,19420.0,1989119.0,20245.0,1278885.0,20200.0,724110.0,19315.0,929089.0,18660.0,970639.0,19760.0,691997.0,19270.0,667137.0,19225.0,464434.0,19475.0,514681.0,19105.0,838187.0,20505.0,1037575.0,20385.0,945813.0,20140.0,1002494.0,20275.0,767381.0,20295.0,772233.0,21185.0,1105049.0
305050,ACE 코스피,48925.0,10327.0,49130.0,7207.0,49950.0,4704.0,50350.0,10116.0,51255.0,8594.0,50985.0,16402.0,51125.0,17835.0,51580.0,12169.0,52000.0,8662.0,51760.0,15111.0,53000.0,11884.0,53930.0,9899.0,54620.0,17811.0,54670.0,9382.0,51650.0,17836.0,55095.0,12675.0,56045.0,13645.0,53710.0,14429.0,53255.0,16666.0,55435.0,12344.0,55310.0,5681.0,55835.0,6795.0,57445.0,7835.0,57550.0,11856.0,59230.0,12047.0,60775.0,12968.0,61000.0,13793.0,62280.0,13379.0,63485.0,18668.0,66035.0,27117.0
457480,ACE 테슬라밸류체인액티브,22490.0,1411530.0,22430.0,1017306.0,22075.0,1595730.0,22390.0,1511610.0,22100.0,1291864.0,21920.0,2255415.0,21505.0,2001368.0,21985.0,1406512.0,22700.0,1803351.0,21865.0,2163045.0,21705.0,1778045.0,21540.0,1541288.0,21735.0,2289790.0,21240.0,3443525.0,20770.0,2591474.0,21290.0,1905009.0,21005.0,1878543.0,20360.0,3611243.0,19930.0,3182537.0,21040.0,1214933.0,21235.0,1119526.0,21520.0,1011046.0,21555.0,965873.0,21030.0,1363601.0,21145.0,933694.0,21255.0,1043034.0,21035.0,1298537.0,20955.0,1626585.0,21475.0,959334.0,21705.0,1160533.0
469170,ACE 포스코그룹포커스,6245.0,2231472.0,6205.0,1299710.0,6725.0,4499423.0,6620.0,2739154.0,6930.0,2793347.0,7040.0,2223647.0,7020.0,3666435.0,7115.0,2811266.0,7090.0,2631676.0,7245.0,1793707.0,7190.0,1861344.0,7415.0,2112409.0,7270.0,2783187.0,7010.0,1452723.0,6835.0,2119960.0,7185.0,863184.0,7385.0,1833950.0,7270.0,2363636.0,7040.0,1345128.0,7185.0,1090240.0,7150.0,554437.0,7115.0,416878.0,7465.0,1975319.0,7295.0,875453.0,7550.0,1562711.0,7730.0,2461507.0,7570.0,1240459.0,7705.0,1473938.0,7920.0,2010349.0,7935.0,1877062.0
495710,BNK 26-06 특수채(AAA이상)액티브,51225.0,3.0,51225.0,1.0,51240.0,1.0,51240.0,3.0,51240.0,1.0,51240.0,1.0,51240.0,1.0,51240.0,1.0,51260.0,1.0,51265.0,199.0,51265.0,9.0,51270.0,1.0,51280.0,1.0,51280.0,1.0,51285.0,2.0,51285.0,2.0,51285.0,0.0,51300.0,3.0,51305.0,2.0,51305.0,4.0,51310.0,2.0,51315.0,2.0,51335.0,2.0,51340.0,2.0,51350.0,2.0,51355.0,2.0,51360.0,2.0,51365.0,11.0,51365.0,2.0,51380.0,2.0
466810,BNK 2차전지양극재,6135.0,46247.0,5990.0,40268.0,6080.0,62118.0,5945.0,69146.0,6195.0,100107.0,6370.0,161207.0,6220.0,179228.0,6720.0,230107.0,6670.0,262572.0,7090.0,248965.0,7080.0,155481.0,7610.0,337649.0,7585.0,352177.0,7215.0,165681.0,6925.0,255958.0,7175.0,102243.0,7350.0,102301.0,7160.0,68355.0,6835.0,57240.0,7095.0,133185.0,7080.0,55722.0,7030.0,25612.0,7260.0,77177.0,7070.0,54285.0,7460.0,84720.0,7440.0,84297.0,7385.0,86920.0,7685.0,149357.0,7875.0,73437.0,7940.0,76228.0
457930,BNK 미래전략기술액티브,22805.0,1071.0,22965.0,219.0,23280.0,399.0,23525.0,990.0,24205.0,3022.0,24465.0,16785.0,24650.0,1028.0,24690.0,2311.0,24715.0,2723.0,24900.0,6533.0,25250.0,1582.0,25745.0,1274.0,26465.0,449384.0,26175.0,1847.0,24820.0,4243.0,26220.0,472.0,26580.0,1344.0,25570.0,920.0,24800.0,1501.0,25785.0,1023.0,25675.0,951.0,26045.0,608.0,26200.0,1226.0,26245.0,617.0,27075.0,1050.0,27395.0,967.0,27160.0,1554.0,27830.0,1832.0,28605.0,1508.0,29780.0,2353.0
487750,BNK 온디바이스AI,15750.0,13238.0,15900.0,5682.0,16250.0,3577.0,16530.0,10060.0,16760.0,11248.0,16385.0,14947.0,16445.0,6097.0,16685.0,20792.0,16805.0,29558.0,17050.0,8522.0,17760.0,8087.0,18800.0,641242.0,18875.0,78082.0,19575.0,53328.0,18140.0,35467.0,19555.0,14981.0,19530.0,11496.0,18780.0,11689.0,18690.0,21570.0,19870.0,19555.0,19520.0,20168.0,19505.0,18187.0,19940.0,11592.0,19750.0,7764.0,20700.0,7850.0,20915.0,16464.0,21065.0,9977.0,21925.0,11236.0,22040.0,13403.0,23425.0,11560.0
445690,BNK 주주가치액티브,24150.0,383.0,24315.0,814.0,24780.0,539.0,24810.0,3092.0,25300.0,83365.0,25240.0,1991.0,25515.0,102586.0,25575.0,2330.0,25735.0,970.0,25570.0,2689.0,26015.0,979.0,26405.0,3709.0,26805.0,1719.0,26770.0,3022.0,25650.0,4315.0,27010.0,1144.0,27320.0,2257.0,26755.0,1339.0,26500.0,890.0,27340.0,2250.0,27760.0,267.0,28040.0,172.0,28670.0,9813.0,28600.0,5343.0,29305.0,4399.0,29645.0,3332.0,29610.0,1522.0,30080.0,6796.0,30640.0,1549.0,31540.0,3731.0
0120J0,BNK 카카오그룹포커스,10085.0,59602.0,10055.0,9298.0,10015.0,13141.0,9895.0,56186.0,9815.0,24963.0,10190.0,129281.0,9885.0,75436.0,9985.0,100344.0,11115.0,944810.0,11330.0,575060.0,11310.0,205401.0,11245.0,203695.0,11310.0,111569.0,11140.0,74316.0,10650.0,116984.0,10985.0,110598.0,11270.0,312985.0,11315.0,493170.0,11075.0,104989.0,11305.0,136515.0,11375.0,120237.0,11540.0,80266.0,11605.0,150456.0,11405.0,49744.0,11590.0,57332.0,11750.0,101407.0,11685.0,68991.0,11580.0,68699.0,11405.0,73502.0,11750.0,157856.0
486240,DAISHIN343 AI반도체&인프라액티브,16260.0,8261.0,16520.0,7808.0,16485.0,7524.0,16750.0,10598.0,16890.0,13389.0,16605.0,15174.0,16685.0,9342.0,16890.0,7720.0,16870.0,11101.0,17300.0,10342.0,18200.0,20276.0,19400.0,9377.0,19485.0,12700.0,19965.0,9021.0,18140.0,23030.0,19800.0,12974.0,19680.0,8099.0,18700.0,3103.0,18695.0,12894.0,20090.0,10087.0,19685.0,15367.0,19590.0,4519.0,20220.0,5133.0,20305.0,12884.0,21020.0,21027.0,21580.0,11767.0,21585.0,9631.0,22305.0,14814.0,22270.0,9920.0,23605.0,7742.0
434960,DAISHIN343 K200,69190.0,1144.0,69585.0,10567.0,70710.0,125.0,71525.0,10716.0,72470.0,10952.0,71925.0,14033.0,72485.0,852.0,73310.0,456.0,73740.0,824.0,73055.0,7629.0,75415.0,6431.0,76920.0,32717.0,77680.0,7224.0,78020.0,9800.0,73475.0,4898.0,78740.0,2979.0,80115.0,107.0,76670.0,11733.0,75910.0,1216.0,79125.0,323.0,79145.0,1932.0,79835.0,4416.0,82765.0,588.0,82560.0,1921.0,85140.0,1158.0,87085.0,45.0,87755.0,3290.0,89930.0,4747.0,91720.0,319.0,95895.0,15812.0
0098Z0,FOCUS 200,58570.0,292.0,58835.0,162.0,59655.0,38.0,60490.0,53.0,61465.0,2100.0,61075.0,57.0,61510.0,62.0,62000.0,76.0,62375.0,20.0,61640.0,176.0,63660.0,22.0,65150.0,141.0,65895.0,76.0,66695.0,288.0,62640.0,146.0,67045.0,136.0,67675.0,206.0,64990.0,27.0,64465.0,5058.0,66930.0,30.0,67230.0,195.0,67535.0,3.0,69925.0,251.0,70040.0,2599.0,71940.0,937.0,73585.0,243.0,74275.0,68.0,76105.0,51.0,77575.0,91.0,81475.0,138.0
448570,FOCUS AI코리아액티브,22860.0,6217.0,22695.0,8041.0,22900.0,9376.0,22910.0,7247.0,23350.0,9373.0,23290.0,4972.0,23850.0,6083.0,23555.0,2511.0,23785.0,1058.0,23870.0,11168.0,24235.0,9274.0,24605.0,10360.0,24835.0,4044.0,24705.0,7967.0,23505.0,11986.0,24780.0,5230.0,25140.0,76765.0,24275.0,859.0,24070.0,7957.0,24885.0,2150.0,25050.0,2240.0,25790.0,35357.0,26235.0,921.0,26120.0,5476.0,26780.0,3577.0,27285.0,3543.0,27425.0,5458.0,27920.0,6991.0,28185.0,3090.0,29300.0,5158.0
285690,FOCUS ESG리더스,16855.0,1386.0,16975.0,763.0,17065.0,94.0,17130.0,1408.0,17295.0,744.0,17505.0,21.0,17350.0,67.0,17600.0,1362.0,17740.0,750.0,17715.0,218.0,17985.0,523.0,18035.0,513.0,18290.0,54.0,18155.0,6.0,17445.0,31.0,18245.0,78.0,18745.0,1309.0,18390.0,836.0,18150.0,22.0,18740.0,23.0,19015.0,13.0,19335.0,16.0,19820.0,1247.0,19650.0,941.0,20180.0,21.0,20575.0,54.0,20730.0,107.0,20865.0,8.0,21145.0,79.0,21480.0,21.0
0073X0,FOCUS 알리바바미국채커버드콜혼합,11555.0,44646.0,11680.0,30061.0,11645.0,13291.0,11765.0,10788.0,11600.0,11873.0,11595.0,4889.0,11380.0,12440.0,11610.0,16241.0,11725.0,13589.0,11515.0,8706.0,11470.0,9252.0,11330.0,26334.0,11150.0,34373.0,11320.0,15003.0,11360.0,11213.0,11270.0,8900.0,11200.0,1840.0,11200.0,4708.0,11295.0,4281.0,11365.0,5984.0,11350.0,8686.0,11410.0,2979.0,11290.0,7831.0,11270.0,967.0,11235.0,9286.0,11175.0,7341.0,11120.0,6209.0,11080.0,9170.0,11110.0,12259.0,10850.0,22737.0
293180,HANARO 200,68680.0,40040.0,69045.0,22804.0,70250.0,92889.0,71010.0,181917.0,71985.0,268860.0,71425.0,83580.0,72040.0,188954.0,72790.0,74487.0,73255.0,631599.0,72570.0,59339.0,75130.0,176547.0,76455.0,260442.0,77230.0,209552.0,77510.0,411332.0,73005.0,289037.0,78615.0,188195.0,79600.0,253578.0,76355.0,174867.0,75415.0,201472.0,78655.0,142940.0,78665.0,172970.0,79345.0,13438.0,82230.0,197755.0,82175.0,116276.0,84655.0,105369.0,86540.0,317508.0,87260.0,145355.0,89330.0,357102.0,91115.0,116515.0,95350.0,230985.0
407310,HANARO 200 TOP10,14040.0,34407.0,14060.0,21162.0,14375.0,24942.0,14420.0,29258.0,15070.0,19777.0,14860.0,35512.0,15230.0,54444.0,14930.0,16024.0,14955.0,18497.0,14680.0,13729.0,14900.0,14153.0,15005.0,16684.0,15275.0,11505.0,15070.0,3314.0,14300.0,18907.0,15150.0,4960.0,15310.0,11420.0,14750.0,3877.0,14470.0,11627.0,14975.0,10883.0,14875.0,2450.0,15155.0,2085.0,15080.0,3148.0,15365.0,21090.0,15700.0,9517.0,16185.0,11674.0,16160.0,7509.0,16400.0,6862.0,16960.0,13969.0,17495.0,17682.0
332930,HANARO 200TR,89280.0,5409.0,89700.0,2933.0,91300.0,1189.0,92235.0,6325.0,93515.0,23364.0,92835.0,27712.0,93570.0,9370.0,94585.0,9314.0,95175.0,19365.0,94280.0,6964.0,97550.0,37832.0,99220.0,40749.0,100475.0,43788.0,100975.0,15392.0,94800.0,8963.0,102270.0,8944.0,103515.0,4083.0,99295.0,24161.0,97615.0,14511.0,102320.0,49230.0,102285.0,34804.0,103300.0,8277.0,106925.0,38434.0,106865.0,9106.0,110040.0,11848.0,112670.0,12635.0,113470.0,13122.0,116285.0,6092.0,118545.0,8604.0,124100.0,6057.0
304780,HANARO 200선물레버리지,67170.0,248.0,67830.0,708.0,69935.0,402.0,71840.0,104720.0,73660.0,580.0,72475.0,1687.0,73605.0,1698.0,75235.0,1127.0,76150.0,2742.0,74840.0,1144.0,79925.0,3637.0,83065.0,1666.0,84585.0,125836.0,85185.0,3383.0,74940.0,9861.0,86715.0,3027.0,89070.0,5707.0,81435.0,8733.0,79685.0,4382.0,86625.0,4968.0,86640.0,4011.0,87945.0,2095.0,94580.0,3627.0,94555.0,3939.0,100115.0,1561.0,104705.0,1994.0,106140.0,102797.0,111495.0,83502.0,115945.0,3194.0,126140.0,81588.0
306520,HANARO 200선물인버스,5015.0,467.0,4985.0,2435.0,4905.0,4188.0,4865.0,1931.0,4770.0,4680.0,4770.0,2518.0,4770.0,6553.0,4745.0,7510.0,4695.0,3406.0,4735.0,2961.0,4585.0,2908.0,4485.0,6326.0,4435.0,6222.0,4430.0,21972.0,4695.0,37883.0,4325.0,7490.0,4280.0,11342.0,4475.0,75998.0,4535.0,51865.0,4345.0,25384.0,4330.0,14436.0,4305.0,2891.0,4135.0,25036.0,4140.0,10590.0,4015.0,10166.0,3920.0,17771.0,3890.0,40627.0,3805.0,13635.0,3730.0,19458.0,3555.0,58094.0
0123S0,HANARO 26-12 은행채(AA+이상)액티브,10040.0,1904.0,10035.0,7408.0,10030.0,201.0,10030.0,1123.0,10030.0,245.0,10040.0,2804.0,10040.0,2074.0,10040.0,1013.0,10040.0,4234.0,10035.0,4381.0,10035.0,177.0,10035.0,6958.0,10030.0,1025.0,10035.0,6168.0,10035.0,8748.0,10035.0,904.0,10035.0,577.0,10035.0,3.0,10035.0,1750.0,10035.0,853.0,10040.0,1812.0,10040.0,3396.0,10030.0,3985.0,10050.0,233.0,10055.0,1564.0,10040.0,3499.0,10055.0,1042.0,10035.0,41849.0,10060.0,375.0,10060.0,1225.0
0091M0,HANARO 27-06 회사채(AA-이상)액티브,10045.0,1.0,10042.0,1.0,10035.0,211.0,10030.0,621.0,10040.0,2.0,10040.0,13.0,10030.0,194.0,10050.0,143.0,10045.0,1198.0,10040.0,112.0,10040.0,175.0,10040.0,4.0,10045.0,69654.0,10050.0,32.0,10035.0,1399.0,10040.0,70640.0,10025.0,14409.0,10030.0,204.0,10035.0,2121.0,10025.0,372.0,10035.0,160.0,10035.0,588.0,10040.0,210.0,10040.0,209.0,10045.0,92.0,10045.0,363.0,10050.0,356.0,10055.0,173.0,10045.0,43.0,10045.0,2020.0
448490,HANARO 32-10 국고채액티브,55385.0,451.0,55385.0,2235.0,55050.0,3840.0,55135.0,1564.0,54850.0,2405.0,54435.0,3404.0,54630.0,3482.0,54815.0,2146.0,54680.0,2903.0,54905.0,4827.0,54970.0,1724.0,55050.0,11589.0,54830.0,6122.0,54640.0,1496.0,54745.0,742.0,54490.0,470.0,54310.0,291.0,54405.0,8990.0,54350.0,379.0,54125.0,986.0,54390.0,919.0,54650.0,1907.0,54765.0,137.0,54935.0,1739.0,54980.0,1156.0,55105.0,952.0,55000.0,20618.0,54885.0,3741.0,54995.0,106.0,55435.0,4782.0
454320,HANARO CAPEX설비투자iSelect,35670.0,19462.0,36700.0,96847.0,36880.0,46280.0,37320.0,34555.0,38010.0,30436.0,38130.0,48955.0,37400.0,38779.0,37245.0,25327.0,37755.0,41900.0,37385.0,30782.0,37970.0,19423.0,38450.0,21999.0,39000.0,33989.0,38450.0,19193.0,36165.0,51408.0,39230.0,22889.0,40555.0,55252.0,39260.0,27080.0,38010.0,36282.0,40175.0,27976.0,39730.0,11937.0,41095.0,26246.0,41585.0,32216.0,41255.0,13010.0,42280.0,145756.0,43365.0,46880.0,44000.0,35831.0,44600.0,20217.0,45315.0,40822.0,46045.0,27813.0
395290,HANARO Fn K-POP&미디어,8600.0,191880.0,8575.0,207125.0,8695.0,276078.0,8620.0,218462.0,8930.0,347497.0,8925.0,358397.0,8740.0,189219.0,8815.0,265262.0,8985.0,266405.0,9235.0,437767.0,9140.0,314952.0,9340.0,225594.0,9380.0,367400.0,9345.0,293046.0,8785.0,360271.0,8995.0,163050.0,8950.0,145863.0,8895.0,220502.0,8765.0,156606.0,9205.0,296343.0,9270.0,229483.0,9420.0,296578.0,9440.0,163667.0,9345.0,280655.0,9540.0,169129.0,9380.0,152103.0,9370.0,106435.0,9335.0,106526.0,9275.0,149062.0,9130.0,157253.0
395280,HANARO Fn K-게임,3910.0,47886.0,3945.0,17367.0,3925.0,26693.0,3845.0,14492.0,3845.0,32568.0,3895.0,20074.0,3755.0,38515.0,3860.0,27108.0,3925.0,63380.0,4125.0,62443.0,4200.0,85456.0,4250.0,69119.0,4320.0,49153.0,4260.0,43997.0,4080.0,32496.0,4005.0,48868.0,4020.0,55539.0,3955.0,30740.0,3975.0,50293.0,3990.0,72296.0,4035.0,37096.0,4120.0,23230.0,4110.0,9447.0,4030.0,25688.0,4225.0,20991.0,4205.0,31574.0,4175.0,24208.0,4185.0,13301.0,4225.0,59467.0,4130.0,44609.0
368190,HANARO Fn K-뉴딜디지털플러스,8990.0,19274.0,8860.0,7448.0,8885.0,22839.0,8835.0,8337.0,8875.0,45590.0,9000.0,8752.0,8595.0,23122.0,8885.0,33115.0,9085.0,13517.0,9255.0,23741.0,9300.0,23840.0,9485.0,17498.0,9410.0,30685.0,9070.0,24115.0,8710.0,16997.0,8915.0,14401.0,9000.0,13677.0,8840.0,15197.0,8660.0,7181.0,8870.0,7361.0,8935.0,8597.0,9035.0,7391.0,9150.0,9410.0,8955.0,10089.0,9295.0,19947.0,9305.0,12765.0,9275.0,15415.0,9475.0,19069.0,9585.0,27536.0,9650.0,18724.0
402460,HANARO Fn K-메타버스MZ,8700.0,2438.0,8680.0,256.0,8765.0,7801.0,8750.0,4019.0,9005.0,7834.0,9090.0,6148.0,9000.0,2348.0,9060.0,4055.0,9130.0,6659.0,9225.0,1920.0,9505.0,2567.0,9475.0,5552.0,9510.0,5052.0,9500.0,4186.0,9225.0,3533.0,9450.0,18207.0,9540.0,2918.0,9355.0,1037.0,9140.0,1638.0,9455.0,7681.0,9625.0,3624.0,9980.0,6078.0,10065.0,7708.0,10025.0,5568.0,10365.0,6059.0,10465.0,5688.0,10700.0,52344.0,10815.0,18085.0,10900.0,9635.0,11200.0,45153.0
395270,HANARO Fn K-반도체,23935.0,4166281.0,24170.0,5068691.0,24440.0,5527373.0,24700.0,6637912.0,24850.0,4140642.0,24230.0,4703276.0,24430.0,6534942.0,24805.0,3472449.0,24765.0,4143659.0,25020.0,2303726.0,26385.0,8948920.0,27605.0,8507685.0,28200.0,6584337.0,29190.0,9702148.0,27130.0,10728023.0,29525.0,7166713.0,29560.0,9025872.0,28015.0,9945146.0,27965.0,8312161.0,29260.0,5021560.0,28955.0,2896205.0,28740.0,1426132.0,29885.0,3312160.0,29705.0,4196135.0,31200.0,9526811.0,31930.0,3534286.0,32660.0,3635592.0,33795.0,3733172.0,34295.0,4687385.0,36980.0,6048042.0
438900,HANARO Fn K-푸드,11465.0,65397.0,11630.0,64409.0,11530.0,51524.0,11530.0,49355.0,11545.0,56954.0,11780.0,95427.0,11660.0,52711.0,11745.0,68930.0,11885.0,59588.0,11695.0,80424.0,11690.0,41803.0,11760.0,75485.0,11885.0,82786.0,11795.0,68567.0,11545.0,74743.0,11740.0,41041.0,11980.0,146959.0,12000.0,126897.0,11860.0,76909.0,12150.0,79311.0,12475.0,151652.0,12445.0,175622.0,12800.0,149226.0,12770.0,90498.0,12675.0,109553.0,12705.0,89275.0,12980.0,190532.0,12910.0,60310.0,12870.0,129329.0,12580.0,110890.0
367740,HANARO Fn5G산업,22585.0,734.0,22740.0,1446.0,22795.0,373.0,22960.0,3801.0,23370.0,3873.0,23230.0,6250.0,23035.0,1124.0,23560.0,2754.0,23635.0,318.0,23890.0,2066.0,24845.0,13542.0,25520.0,3241.0,25785.0,5549.0,26270.0,1810.0,24795.0,10662.0,26370.0,10608.0,26610.0,2421.0,25580.0,530.0,25135.0,22132.0,26300.0,353.0,26180.0,996.0,26430.0,4213.0,28160.0,1439.0,27265.0,4642.0,27995.0,2624.0,28440.0,1723.0,28615.0,2827.0,29475.0,2654.0,29950.0,1806.0,31830.0,3838.0
407300,HANARO Fn골프테마,10040.0,8462.0,10565.0,14449.0,10620.0,1409.0,10595.0,455.0,10570.0,332.0,10660.0,442.0,10630.0,411.0,10635.0,2563.0,10835.0,2174.0,10720.0,380.0,10795.0,326.0,11050.0,2174.0,11165.0,6114.0,11240.0,2101.0,10785.0,9761.0,11350.0,1578.0,11615.0,268.0,11355.0,2245.0,11200.0,418.0,11640.0,1050.0,11700.0,195.0,11675.0,96.0,11735.0,110.0,11665.0,616.0,11740.0,4338.0,11915.0,4733.0,11910.0,476.0,11955.0,195.0,12175.0,2062.0,12220.0,128.0
381560,HANARO Fn전기&수소차,11215.0,145254.0,11200.0,32290.0,11370.0,39498.0,11160.0,57612.0,11810.0,54520.0,11840.0,50967.0,12165.0,39437.0,12360.0,41474.0,12180.0,20293.0,12270.0,21361.0,12215.0,27312.0,12470.0,19087.0,12650.0,21982.0,12325.0,14925.0,11735.0,70835.0,12375.0,33866.0,12665.0,23181.0,12265.0,11947.0,11965.0,11136.0,12330.0,11743.0,12425.0,5174.0,12670.0,19888.0,12815.0,10433.0,12600.0,4074.0,13185.0,15405.0,13385.0,22715.0,13585.0,18139.0,13980.0,13596.0,14520.0,12428.0,15165.0,37444.0
441540,HANARO Fn조선해운,34150.0,148945.0,32850.0,166857.0,33605.0,104892.0,33200.0,64348.0,34100.0,101644.0,34100.0,200722.0,33150.0,120959.0,32805.0,112957.0,33205.0,78970.0,32690.0,65833.0,32840.0,67374.0,32870.0,62014.0,32890.0,72704.0,32190.0,54946.0,31000.0,169284.0,32450.0,65952.0,32870.0,52177.0,31535.0,46686.0,30700.0,101115.0,31030.0,54248.0,31080.0,61248.0,31000.0,29293.0,31355.0,40690.0,31300.0,51160.0,33050.0,169506.0,34300.0,259143.0,34460.0,145748.0,34025.0,89731.0,34215.0,66486.0,33765.0,67709.0
381570,HANARO Fn친환경에너지,8625.0,23671.0,8900.0,37826.0,9060.0,16790.0,8780.0,21563.0,9180.0,17373.0,9275.0,31092.0,9115.0,18755.0,9415.0,14417.0,9535.0,19556.0,9615.0,9609.0,9610.0,13130.0,9790.0,40890.0,9945.0,21520.0,9845.0,14253.0,9285.0,22746.0,9785.0,8290.0,10430.0,75774.0,10160.0,25996.0,10095.0,27813.0,10645.0,39905.0,10485.0,9745.0,10515.0,19356.0,10760.0,30059.0,10530.0,17730.0,11405.0,118701.0,11265.0,51159.0,11040.0,15547.0,11305.0,19751.0,11505.0,91709.0,11640.0,11246.0
479850,HANARO K-뷰티,14090.0,68202.0,14375.0,85963.0,14355.0,61814.0,14430.0,64537.0,14285.0,105012.0,14630.0,125659.0,14760.0,160108.0,15645.0,422040.0,15835.0,305045.0,16150.0,247596.0,16040.0,194196.0,16330.0,239538.0,16630.0,397844.0,16240.0,137309.0,15815.0,172004.0,15865.0,174207.0,15705.0,181396.0,15470.0,97264.0,15040.0,77842.0,16130.0,141562.0,16320.0,104309.0,16290.0,90411.0,16240.0,82917.0,16085.0,79908.0,16400.0,115659.0,16180.0,103861.0,16235.0,87793.0,16195.0,100443.0,16145.0,98392.0,16350.0,199949.0
453060,HANARO KOFR금리액티브(합성),109590.0,44.0,109590.0,56.0,109620.0,237.0,109620.0,181.0,109625.0,322.0,109645.0,116.0,109650.0,288.0,109665.0,292.0,109670.0,21.0,109680.0,730.0,109690.0,127.0,109695.0,296.0,109730.0,186.0,109735.0,232.0,109745.0,67.0,109715.0,6180.0,109750.0,773.0,109785.0,206.0,109770.0,23.0,109795.0,710.0,109795.0,824.0,109805.0,593.0,109845.0,550.0,109860.0,162.0,109860.0,34.0,109885.0,216.0,109870.0,8951.0,109905.0,69.0,109920.0,130.0,109910.0,5863.0
304760,HANARO KRX300,30845.0,58.0,30840.0,86.0,31505.0,1189.0,31670.0,66.0,32285.0,773.0,31830.0,81.0,32220.0,3218.0,32375.0,645.0,32860.0,2882.0,32575.0,203.0,33890.0,3782.0,34430.0,4764.0,34975.0,276.0,35015.0,324.0,32850.0,998.0,35450.0,182.0,35675.0,464.0,34395.0,240.0,33665.0,1611.0,35435.0,195.0,35140.0,178.0,35705.0,1077.0,36660.0,478.0,36820.0,181.0,37800.0,85.0,38840.0,135.0,38825.0,217.0,40010.0,211.0,40460.0,279.0,42590.0,1404.0
322410,HANARO K고배당,18875.0,29906.0,19165.0,21480.0,19450.0,29851.0,19555.0,21353.0,19950.0,35206.0,20330.0,35789.0,20380.0,21906.0,20380.0,27725.0,20525.0,30849.0,20305.0,33635.0,20910.0,39229.0,20795.0,25717.0,21015.0,42800.0,21110.0,32499.0,20640.0,50719.0,21460.0,45953.0,22000.0,130443.0,21900.0,48766.0,21600.0,41370.0,22300.0,42747.0,22705.0,37549.0,23290.0,44066.0,23895.0,33403.0,24150.0,40776.0,24480.0,72081.0,25160.0,101986.0,24900.0,72983.0,24585.0,68178.0,24940.0,45466.0,25085.0,53888.0
332940,HANARO MSCI Korea TR,29755.0,3470.0,29760.0,3591.0,30445.0,2931.0,30670.0,15408.0,31285.0,4781.0,30725.0,3238.0,31235.0,9060.0,31355.0,4062.0,31745.0,7132.0,31280.0,3970.0,32630.0,9408.0,33190.0,10376.0,33575.0,4169.0,33700.0,17587.0,31570.0,14888.0,34200.0,3447.0,34370.0,3231.0,33050.0,6696.0,32420.0,5849.0,34050.0,1231.0,33755.0,1980.0,34345.0,3282.0,35300.0,6147.0,35590.0,736.0,36535.0,2115.0,37620.0,8325.0,37645.0,2646.0,38880.0,3112.0,39390.0,1563.0,41545.0,9898.0
322400,HANARO e커머스,12280.0,33158.0,12365.0,5737.0,12170.0,16127.0,12125.0,22915.0,11935.0,20703.0,12265.0,35270.0,12180.0,23088.0,12340.0,27621.0,12895.0,86455.0,13280.0,145163.0,13390.0,156919.0,13335.0,59236.0,13695.0,68825.0,13460.0,40898.0,13100.0,33882.0,13280.0,7343.0,13230.0,24969.0,13240.0,25834.0,12855.0,178225.0,13295.0,29399.0,13705.0,68678.0,13940.0,83987.0,13740.0,13293.0,13605.0,13321.0,13690.0,17112.0,13715.0,12842.0,13820.0,42628.0,13695.0,17125.0,13595.0,57994.0,13740.0,31863.0
473640,HANARO 글로벌금채굴기업,36690.0,118405.0,37435.0,135682.0,36815.0,157124.0,37015.0,93309.0,37730.0,104941.0,38435.0,182672.0,40300.0,321567.0,38870.0,336810.0,40000.0,168891.0,40960.0,252723.0,40820.0,208825.0,40650.0,195914.0,42405.0,163441.0,39000.0,377998.0,33605.0,365161.0,36655.0,169520.0,37610.0,111041.0,37025.0,142592.0,35345.0,274230.0,37110.0,77103.0,38220.0,104054.0,39285.0,70461.0,39215.0,70833.0,37425.0,132397.0,38160.0,121766.0,38980.0,73874.0,40370.0,125182.0,40670.0,103768.0,41265.0,73277.0,41470.0,124882.0
354350,HANARO 글로벌럭셔리S&P(합성),23185.0,4961.0,23175.0,2822.0,22940.0,618.0,22870.0,2010.0,22230.0,2083.0,21925.0,1569.0,21600.0,1514.0,22010.0,11811.0,22190.0,14624.0,21625.0,7420.0,21870.0,4601.0,21495.0,2835.0,21175.0,3329.0,21320.0,6516.0,21735.0,6431.0,21575.0,5818.0,21620.0,307.0,22005.0,26473.0,21835.0,3150.0,22150.0,9255.0,22190.0,549.0,22640.0,2007.0,22290.0,1073.0,22340.0,2329.0,22325.0,5259.0,22120.0,492.0,22390.0,3787.0,22150.0,551.0,22185.0,1880.0,21870.0,6553.0
461340,HANARO 글로벌생성형AI액티브,29395.0,16221.0,29570.0,46279.0,29190.0,17504.0,29715.0,18580.0,29510.0,21399.0,29360.0,16899.0,29520.0,11553.0,29855.0,22813.0,30040.0,10959.0,29140.0,16984.0,29220.0,15381.0,29890.0,8605.0,30930.0,34420.0,30260.0,11623.0,28460.0,13612.0,30735.0,28259.0,30880.0,17535.0,29350.0,12017.0,28420.0,15106.0,29815.0,11358.0,30285.0,5500.0,29760.0,6319.0,30020.0,6741.0,29335.0,11863.0,29965.0,11471.0,30340.0,9404.0,30000.0,22532.0,30450.0,11481.0,30530.0,41829.0,30910.0,138737.0
424460,HANARO 글로벌워터MSCI(합성),15970.0,606.0,16010.0,307.0,16140.0,227.0,16390.0,1198.0,16445.0,206.0,16410.0,1998.0,16100.0,4594.0,16295.0,869.0,16430.0,610.0,16020.0,874.0,16255.0,165.0,16000.0,484.0,15795.0,1756.0,16030.0,514.0,16195.0,278.0,16200.0,365.0,16220.0,552.0,16475.0,558.0,16475.0,813.0,16635.0,2472.0,16635.0,726.0,16730.0,811.0,16655.0,1874.0,16700.0,1422.0,16810.0,1274.0,16755.0,1433.0,16685.0,1655.0,16680.0,698.0,16605.0,3894.0,16520.0,2845.0
401590,HANARO 글로벌탄소배출권선물ICE(합성),12825.0,5763.0,12955.0,12024.0,13075.0,19085.0,13010.0,3412.0,12835.0,2654.0,12580.0,2940.0,12095.0,6217.0,12315.0,5149.0,12510.0,919.0,12305.0,976.0,12255.0,5661.0,12190.0,480.0,12065.0,3153.0,11785.0,1641.0,11660.0,1251.0,11640.0,1634.0,11485.0,12361.0,11665.0,8256.0,11155.0,644.0,11145.0,858.0,11350.0,752.0,10865.0,14969.0,10595.0,1555.0,10100.0,19902.0,10115.0,1719.0,9995.0,1787.0,10120.0,14636.0,9910.0,23428.0,9715.0,18513.0,9790.0,2182.0
0040S0,HANARO 글로벌피지컬AI액티브,17450.0,83124.0,17700.0,93471.0,17520.0,134171.0,17770.0,57513.0,17890.0,90023.0,17700.0,65041.0,17775.0,67304.0,18065.0,65150.0,18135.0,75484.0,17510.0,112534.0,17605.0,75004.0,17625.0,46506.0,17935.0,67721.0,17550.0,67149.0,17120.0,50350.0,18010.0,43590.0,18065.0,27532.0,17345.0,49131.0,17160.0,66664.0,17710.0,43286.0,18015.0,88048.0,17790.0,20819.0,17995.0,34834.0,17810.0,37595.0,18075.0,51139.0,18095.0,40043.0,18110.0,54942.0,18465.0,47073.0,18570.0,54565.0,18735.0,52121.0
314700,HANARO 농업융복합산업,10835.0,337.0,10940.0,183.0,10985.0,2709.0,10865.0,4427.0,10900.0,1497.0,11065.0,2286.0,10940.0,4479.0,11040.0,3249.0,11260.0,3775.0,11195.0,5439.0,11150.0,3686.0,11235.0,5991.0,11270.0,1030.0,11150.0,6086.0,10835.0,2524.0,11155.0,325.0,11635.0,612.0,11380.0,420.0,11235.0,1282.0,11510.0,2493.0,11710.0,2082.0,11765.0,738.0,12045.0,3094.0,11975.0,1807.0,12055.0,2425.0,12100.0,886.0,12325.0,3593.0,12375.0,1878.0,12660.0,18622.0,12500.0,3341.0
486830,HANARO 머니마켓액티브,52265.0,2321.0,52270.0,7117.0,52270.0,4797.0,52275.0,3700.0,52285.0,5180.0,52300.0,6187.0,52300.0,9295.0,52310.0,5128.0,52310.0,2361.0,52315.0,1741.0,52315.0,6784.0,52315.0,3689.0,52325.0,2789.0,52330.0,4854.0,52340.0,5159.0,52330.0,16113.0,52350.0,6382.0,52355.0,2684.0,52360.0,3459.0,52370.0,6066.0,52375.0,13149.0,52375.0,6719.0,52395.0,5042.0,52405.0,14904.0,52415.0,9080.0,52425.0,7051.0,52425.0,10162.0,52430.0,3392.0,52430.0,2816.0,52450.0,13491.0
432840,HANARO 미국S&P500,19145.0,6509.0,19130.0,3257.0,19015.0,3609.0,19100.0,4834.0,18895.0,3210.0,18900.0,5352.0,18720.0,11412.0,18870.0,4840.0,18940.0,7094.0,18550.0,8967.0,18785.0,5440.0,18595.0,5742.0,18555.0,7956.0,18590.0,6478.0,18655.0,4732.0,18855.0,10887.0,18735.0,4350.0,18800.0,2180.0,18600.0,12662.0,18885.0,6049.0,18930.0,10715.0,18805.0,3545.0,18700.0,4804.0,18375.0,3407.0,18580.0,3030.0,18555.0,5252.0,18450.0,9395.0,18450.0,5481.0,18385.0,4051.0,18435.0,4867.0
498050,HANARO 바이오코리아액티브,16110.0,113159.0,15790.0,53158.0,15860.0,45070.0,16225.0,92710.0,16000.0,52949.0,16030.0,82982.0,14645.0,236345.0,14850.0,122808.0,15890.0,78637.0,17140.0,220846.0,17200.0,162318.0,17730.0,134586.0,18015.0,94828.0,17065.0,145015.0,16495.0,93444.0,16885.0,40530.0,16800.0,41515.0,16220.0,31132.0,15700.0,34442.0,16455.0,40510.0,16430.0,30626.0,16675.0,34278.0,16705.0,24484.0,16480.0,18797.0,17345.0,68656.0,17060.0,28369.0,17295.0,70795.0,17310.0,30900.0,17150.0,32205.0,17300.0,50580.0
476260,HANARO 반도체핵심공정주도주,9220.0,113146.0,9430.0,76321.0,9370.0,98500.0,9390.0,93938.0,9410.0,96583.0,9080.0,168069.0,9080.0,82423.0,9155.0,81310.0,9200.0,84940.0,9975.0,479748.0,10730.0,846173.0,11730.0,1261416.0,11920.0,1771840.0,12265.0,1118512.0,11115.0,1119942.0,11890.0,545400.0,11595.0,448056.0,11070.0,196005.0,11155.0,279550.0,12240.0,622936.0,11755.0,326714.0,11570.0,213675.0,12170.0,215665.0,11835.0,214334.0,12340.0,571619.0,12365.0,194952.0,12010.0,221163.0,12645.0,297153.0,12430.0,280698.0,13090.0,362890.0
434730,HANARO 원자력iSelect,54520.0,670457.0,56250.0,1213993.0,56175.0,1021045.0,58040.0,985514.0,59295.0,800631.0,61175.0,1426213.0,60210.0,1257632.0,59690.0,737302.0,59410.0,835651.0,58735.0,784491.0,59995.0,872901.0,60230.0,600491.0,60990.0,744171.0,59690.0,647608.0,56240.0,1233662.0,59950.0,757689.0,62745.0,1625759.0,60510.0,1074986.0,58825.0,866184.0,62930.0,1068601.0,62335.0,1174905.0,64000.0,702004.0,63775.0,622475.0,63300.0,709773.0,65425.0,517471.0,68010.0,1380954.0,69625.0,1020286.0,70045.0,1242751.0,71645.0,877272.0,73375.0,1078515.0
0082F0,HANARO 유럽방산,12425.0,8021.0,12515.0,12134.0,12200.0,12885.0,12155.0,6090.0,12410.0,24434.0,12405.0,11356.0,12340.0,16870.0,12165.0,16728.0,11930.0,6313.0,12120.0,68337.0,11890.0,6090.0,12000.0,8693.0,11840.0,6671.0,11680.0,8451.0,11800.0,26110.0,11555.0,20204.0,11705.0,3590.0,11420.0,7014.0,11320.0,6038.0,11500.0,2892.0,11805.0,3586.0,11555.0,3347.0,11365.0,3703.0,11270.0,8828.0,12140.0,21416.0,12100.0,9462.0,12120.0,8524.0,11925.0,1686.0,11810.0,4979.0,11645.0,4077.0
491820,HANARO 전력설비투자,30555.0,202896.0,31800.0,295696.0,31875.0,250260.0,32120.0,166457.0,32480.0,144962.0,32570.0,245817.0,31870.0,220749.0,32070.0,140348.0,32185.0,143263.0,31940.0,166649.0,32685.0,188669.0,33555.0,187183.0,33980.0,179888.0,34380.0,198065.0,31205.0,426768.0,33915.0,190154.0,35455.0,236912.0,34310.0,179953.0,32795.0,302859.0,35370.0,207236.0,34980.0,100043.0,36035.0,162836.0,36300.0,125675.0,35940.0,136401.0,36600.0,140797.0,37690.0,126475.0,40025.0,302583.0,40600.0,309541.0,41085.0,312540.0,42795.0,322004.0
461500,HANARO 종합채권(AA-이상)액티브,109260.0,101.0,109180.0,701.0,108715.0,136.0,108905.0,319.0,108510.0,795.0,108230.0,770.0,108210.0,599.0,108235.0,406.0,108145.0,148.0,108345.0,888.0,108250.0,114.0,108335.0,68.0,108035.0,132.0,107900.0,314.0,107920.0,123.0,107585.0,41.0,107420.0,171.0,107565.0,103.0,107615.0,24.0,107110.0,54.0,107395.0,46.0,107720.0,500.0,107965.0,107.0,108000.0,375.0,108160.0,9273.0,108415.0,806.0,108370.0,135.0,108125.0,3706.0,108300.0,141.0,108730.0,290.0
0111J0,HANARO 증권고배당TOP3플러스,10805.0,135622.0,11065.0,137017.0,11350.0,243335.0,11550.0,270569.0,11555.0,206909.0,11490.0,182068.0,11270.0,145310.0,11460.0,395651.0,12335.0,672362.0,12275.0,283147.0,12755.0,249052.0,12870.0,279074.0,14055.0,354694.0,14305.0,769509.0,13380.0,428503.0,15060.0,507155.0,15130.0,541299.0,14730.0,286367.0,14295.0,436795.0,15385.0,1688386.0,15710.0,312800.0,15505.0,276352.0,16130.0,338577.0,17545.0,1500031.0,19665.0,1557670.0,20125.0,1463908.0,19310.0,1153378.0,18840.0,1139341.0,19470.0,637585.0,19590.0,760632.0
495750,HANARO 코리아밸류업,19950.0,1982.0,20040.0,558.0,20450.0,589.0,20480.0,424.0,21015.0,2206.0,20690.0,1511.0,21140.0,2135.0,21105.0,604.0,21285.0,133.0,20835.0,1038.0,21800.0,1894.0,22130.0,3209.0,22655.0,1386.0,22930.0,2350.0,21495.0,3157.0,23210.0,183.0,23300.0,458.0,22465.0,786.0,22135.0,4300.0,23210.0,97793.0,23170.0,1662.0,23455.0,12423.0,24055.0,1510.0,24160.0,609.0,24635.0,3598.0,25520.0,10742.0,25470.0,4334.0,26100.0,4148.0,26470.0,4753.0,27900.0,4370.0
304770,HANARO 코스닥150,15800.0,9717.0,15620.0,12709.0,15750.0,5583.0,15920.0,8677.0,16080.0,7334.0,16160.0,23224.0,15395.0,17514.0,15825.0,16907.0,16540.0,39718.0,18415.0,315594.0,18900.0,399191.0,20270.0,327986.0,20965.0,466514.0,20430.0,365916.0,19240.0,343056.0,20150.0,162575.0,20025.0,131496.0,19165.0,110952.0,18555.0,335516.0,19580.0,143082.0,19110.0,93514.0,19085.0,35041.0,19300.0,43312.0,18950.0,66480.0,20330.0,216295.0,20175.0,117056.0,19965.0,116994.0,20085.0,84267.0,20210.0,77527.0,21000.0,270524.0
306530,HANARO 코스닥150선물레버리지,12065.0,1160.0,11840.0,787.0,12030.0,611.0,12270.0,11088.0,12515.0,3234.0,12625.0,16738.0,11410.0,38694.0,12040.0,26524.0,13130.0,43366.0,16155.0,156232.0,17000.0,144944.0,19505.0,185991.0,20835.0,261978.0,19900.0,206566.0,17535.0,177634.0,19055.0,113111.0,18805.0,71555.0,17200.0,72871.0,16045.0,108216.0,17925.0,77754.0,17050.0,50994.0,17050.0,33419.0,17410.0,12972.0,16745.0,48378.0,19195.0,116325.0,18970.0,90417.0,18505.0,86402.0,18785.0,38490.0,18820.0,20329.0,20445.0,115416.0
375760,HANARO 탄소효율그린뉴딜,15920.0,696.0,15955.0,5364.0,16325.0,763.0,16410.0,11707.0,16745.0,2806.0,16620.0,3430.0,16755.0,10274.0,16925.0,7871.0,17060.0,1983.0,17065.0,2273.0,17600.0,12254.0,17845.0,14681.0,18180.0,2593.0,18170.0,6360.0,17060.0,6644.0,18395.0,2293.0,18505.0,4471.0,17870.0,3024.0,17525.0,8700.0,18410.0,1146.0,18395.0,2454.0,18510.0,2633.0,19155.0,2122.0,19125.0,3543.0,19755.0,2648.0,20110.0,1245.0,20240.0,6664.0,20715.0,3430.0,21115.0,2614.0,22040.0,1932.0
491700,HK 200,68975.0,347.0,69160.0,269.0,69675.0,125.0,71345.0,245.0,72340.0,218.0,71815.0,1146.0,72280.0,360.0,72915.0,1051.0,73525.0,32052.0,72960.0,256.0,75210.0,7744.0,76745.0,1723.0,77615.0,88039.0,78225.0,1258.0,73725.0,11862.0,78875.0,12530.0,80115.0,2379.0,76505.0,42301.0,75895.0,18405.0,79115.0,56857.0,79300.0,20130.0,79735.0,5372.0,82200.0,2784.0,82645.0,2658.0,84920.0,22104.0,87005.0,20452.0,87645.0,32513.0,89900.0,37602.0,91680.0,9297.0,95790.0,2975.0
0000Y0,HK 26-12 회사채(AA-이상)액티브,100225.0,4.0,100225.0,0.0,100235.0,0.0,100255.0,1.0,100230.0,1.0,100235.0,20.0,100230.0,5.0,100255.0,1.0,100255.0,0.0,100280.0,7.0,100280.0,10.0,100270.0,0.0,100295.0,18.0,100255.0,1.0,100255.0,0.0,100250.0,2.0,100250.0,0.0,100265.0,0.0,100270.0,10.0,100285.0,4.0,100310.0,2.0,100310.0,0.0,100350.0,11.0,100375.0,0.0,100415.0,4.0,100430.0,681.0,100445.0,0.0,100455.0,604.0,100465.0,0.0,100530.0,24.0
215620,HK S&P코리아로우볼,16220.0,1.0,16215.0,6.0,16375.0,1.0,16360.0,7.0,16435.0,2.0,16625.0,28.0,16625.0,1.0,16615.0,1.0,16740.0,1.0,16930.0,1.0,16905.0,5.0,17070.0,1.0,17070.0,0.0,17295.0,0.0,17365.0,1.0,17285.0,1167.0,17460.0,1.0,17800.0,31.0,17705.0,3.0,17985.0,1132.0,18190.0,8.0,18630.0,1132.0,18590.0,63.0,18970.0,349.0,19230.0,105.0,19320.0,28.0,19365.0,1115.0,19490.0,22.0,19305.0,15778.0,19395.0,11.0
0113P0,HK 머니마켓액티브,100595.0,10.0,100600.0,0.0,100620.0,0.0,100620.0,0.0,100635.0,10.0,100635.0,40.0,100645.0,9.0,100655.0,30.0,100660.0,20.0,100675.0,1.0,100665.0,11.0,100675.0,12.0,100680.0,232.0,100685.0,44.0,100685.0,32.0,100700.0,1.0,100700.0,210.0,100725.0,3.0,100725.0,10.0,100730.0,0.0,100740.0,0.0,100745.0,1.0,100790.0,0.0,100800.0,0.0,100825.0,1.0,100840.0,25.0,100850.0,6.0,100860.0,0.0,100870.0,0.0,100900.0,11.0
391670,HK 베스트일레븐액티브,18280.0,425.0,18215.0,1081.0,18785.0,822.0,18740.0,126.0,19350.0,19624.0,19360.0,2083.0,19700.0,744.0,19735.0,581.0,19530.0,495.0,19375.0,519.0,19835.0,102.0,20050.0,1821.0,20415.0,1767.0,20280.0,250.0,19320.0,7662.0,20385.0,596.0,20700.0,972.0,19845.0,401.0,19445.0,423.0,20265.0,544.0,20265.0,277.0,20680.0,312.0,20740.0,499.0,21055.0,1775.0,21620.0,1870.0,22150.0,306.0,22285.0,260.0,22695.0,3644.0,23260.0,5701.0,24450.0,18234.0
472920,HK 종합채권(AA-이상)액티브,102000.0,20.0,102060.0,25.0,101595.0,107.0,101710.0,3.0,101615.0,29.0,101360.0,15.0,101225.0,0.0,101150.0,48.0,101040.0,2.0,101490.0,56.0,101300.0,38.0,101415.0,71.0,101105.0,10.0,100940.0,412.0,100735.0,159.0,100590.0,4.0,100540.0,50.0,100715.0,20.0,100665.0,10.0,100290.0,81.0,100555.0,1.0,100945.0,212.0,101015.0,143.0,101120.0,41.0,101230.0,47.0,101440.0,390.0,101295.0,23.0,101135.0,4.0,101220.0,404.0,101770.0,16.0
472840,ITF 200,68260.0,123.0,68770.0,122.0,69815.0,1418.0,70780.0,436.0,71610.0,814.0,71065.0,1472.0,71670.0,251.0,72405.0,319.0,73025.0,1008.0,72195.0,838.0,74460.0,351.0,76045.0,542.0,76770.0,1029.0,77110.0,646.0,72825.0,954.0,78155.0,425.0,79275.0,1199.0,75855.0,291.0,74955.0,201.0,78215.0,492.0,78210.0,1421.0,79115.0,296.0,81855.0,295.0,81590.0,1092.0,84155.0,1706.0,86080.0,419.0,86700.0,866.0,88920.0,589.0,90475.0,745.0,94765.0,1970.0
0005G0,ITF K-AI반도체코어테크,23035.0,11585.0,23065.0,13885.0,23375.0,16714.0,23660.0,11086.0,23855.0,31268.0,23090.0,30049.0,23035.0,34470.0,23380.0,21704.0,23405.0,71778.0,23335.0,38199.0,24275.0,33141.0,25085.0,39512.0,25100.0,34776.0,25620.0,86630.0,24220.0,59950.0,26100.0,47554.0,26230.0,39071.0,24900.0,30257.0,24590.0,64472.0,25770.0,33097.0,25965.0,36747.0,25655.0,21155.0,26530.0,27158.0,26330.0,26834.0,27690.0,42932.0,28430.0,63576.0,29370.0,79715.0,30415.0,39857.0,31265.0,48492.0,33055.0,57526.0
0135Y0,ITF 중기종합채권(AA-이상)액티브,100400.0,1011.0,100430.0,1011.0,100220.0,1012.0,100220.0,5.0,100160.0,11.0,100160.0,1.0,100120.0,2.0,100185.0,2602.0,100095.0,6002.0,100230.0,0.0,100230.0,0.0,100270.0,1.0,100245.0,3.0,100100.0,0.0,99995.0,15.0,99995.0,3.0,99960.0,30.0,99960.0,3.0,99925.0,2000.0,99870.0,6007.0,99950.0,0.0,100000.0,0.0,100170.0,1001.0,100220.0,0.0,100230.0,50.0,100255.0,5000.0,100255.0,0.0,100225.0,9.0,100350.0,0.0,100515.0,3010.0
483570,KCGI 미국S&P500 TOP10,15725.0,24245.0,15695.0,12689.0,15475.0,23199.0,15555.0,7949.0,15335.0,9711.0,15315.0,27530.0,15035.0,29237.0,15100.0,19531.0,15240.0,25350.0,15030.0,9833.0,15345.0,7592.0,15280.0,7712.0,15255.0,15139.0,15135.0,9793.0,15155.0,11631.0,15365.0,3064.0,15115.0,11025.0,15140.0,9032.0,14870.0,6560.0,15045.0,4805.0,15165.0,14383.0,15040.0,4927.0,14850.0,7484.0,14485.0,11301.0,14590.0,9047.0,14570.0,4452.0,14530.0,7386.0,14570.0,13535.0,14520.0,12328.0,14640.0,8004.0
069660,KIWOOM 200,68485.0,658681.0,68865.0,117118.0,70005.0,252315.0,70765.0,280093.0,71790.0,200902.0,71210.0,161908.0,71740.0,134665.0,72585.0,289035.0,73000.0,410022.0,72250.0,123711.0,74675.0,180344.0,76100.0,439957.0,76895.0,664069.0,77270.0,639687.0,72595.0,1501724.0,78255.0,593131.0,79240.0,928940.0,75945.0,1175349.0,75080.0,738239.0,78310.0,451955.0,78280.0,435541.0,78990.0,239087.0,81790.0,1436981.0,81750.0,559217.0,84315.0,331176.0,86190.0,616223.0,86850.0,594677.0,88945.0,690345.0,90800.0,646760.0,94650.0,764031.0
294400,KIWOOM 200TR,89170.0,161546.0,89665.0,123452.0,91180.0,99603.0,92175.0,154504.0,93425.0,162867.0,92780.0,181822.0,93480.0,129842.0,94505.0,174632.0,95085.0,170032.0,94185.0,67293.0,97540.0,278780.0,99145.0,276380.0,100400.0,264010.0,100930.0,258153.0,95100.0,492582.0,102130.0,181907.0,103490.0,168701.0,99160.0,405096.0,98295.0,441143.0,102250.0,495750.0,102240.0,426932.0,103155.0,113452.0,106885.0,156007.0,106775.0,193774.0,110115.0,197631.0,112540.0,144689.0,113400.0,122273.0,116155.0,158786.0,118545.0,149517.0,123835.0,219524.0
253250,KIWOOM 200선물레버리지,54320.0,43103.0,54865.0,32956.0,56775.0,110620.0,58050.0,14004.0,59515.0,61366.0,58640.0,46150.0,59655.0,63650.0,60795.0,24238.0,61700.0,51548.0,60340.0,80956.0,64775.0,128636.0,66965.0,103386.0,68455.0,297137.0,68840.0,138030.0,60580.0,194088.0,70260.0,59267.0,71990.0,39123.0,65850.0,223853.0,64280.0,212360.0,70230.0,61916.0,69980.0,50386.0,71115.0,14057.0,76410.0,43357.0,75950.0,64910.0,80825.0,70895.0,84475.0,24120.0,85850.0,31294.0,90030.0,86369.0,93485.0,54048.0,102165.0,71163.0
253240,KIWOOM 200선물인버스,2810.0,22606.0,2795.0,41951.0,2740.0,29215.0,2710.0,53496.0,2680.0,68558.0,2695.0,89249.0,2675.0,65230.0,2640.0,74181.0,2710.0,85831.0,2670.0,65976.0,2580.0,56995.0,2500.0,70600.0,2475.0,88644.0,2475.0,57036.0,2630.0,116421.0,2425.0,61114.0,2395.0,74704.0,2495.0,81395.0,2505.0,119664.0,2415.0,42793.0,2415.0,74552.0,2410.0,93492.0,2310.0,71560.0,2315.0,51427.0,2230.0,89820.0,2175.0,80688.0,2180.0,81466.0,2120.0,94619.0,2055.0,50799.0,1993.0,100019.0
253230,KIWOOM 200선물인버스2X,492.0,562263.0,485.0,248082.0,463.0,594373.0,460.0,298618.0,447.0,377917.0,450.0,391483.0,448.0,365191.0,442.0,546763.0,430.0,542290.0,437.0,326214.0,410.0,820112.0,395.0,438891.0,385.0,357514.0,388.0,315950.0,423.0,1527768.0,365.0,884609.0,353.0,650509.0,367.0,668587.0,374.0,893455.0,356.0,342755.0,354.0,143040.0,342.0,280836.0,326.0,366750.0,326.0,217657.0,306.0,384588.0,293.0,609608.0,290.0,533210.0,278.0,701921.0,263.0,1572564.0,245.0,1445714.0
464240,KIWOOM 26-09회사채(AA-이상)액티브,52410.0,229.0,52430.0,402.0,52430.0,1904.0,52430.0,2745.0,52435.0,3184.0,52435.0,23320.0,52440.0,1618.0,52450.0,1875.0,52455.0,217.0,52455.0,137.0,52455.0,1364.0,52455.0,3233.0,52475.0,17069.0,52475.0,992.0,52470.0,2336.0,52480.0,16755.0,52475.0,658.0,52485.0,883.0,52490.0,2252.0,52490.0,1941.0,52495.0,128.0,52500.0,2254.0,52535.0,571.0,52600.0,113.0,52565.0,1202.0,52580.0,485.0,52590.0,773.0,52585.0,641.0,52570.0,667.0,52600.0,10560.0
458210,KIWOOM CD금리액티브(합성),108660.0,832.0,108670.0,1155.0,108700.0,858.0,108705.0,461.0,108700.0,2244.0,108720.0,2008.0,108730.0,1173.0,108745.0,724.0,108760.0,521.0,108755.0,4063.0,108765.0,3153.0,108785.0,561.0,108795.0,1208.0,108805.0,341.0,108810.0,1110.0,108835.0,891.0,108840.0,381.0,108865.0,441.0,108875.0,2349.0,108865.0,1961.0,108880.0,469.0,108885.0,199.0,108935.0,1166.0,108950.0,580.0,108940.0,2116.0,108985.0,1528.0,108980.0,3471.0,108995.0,854.0,109005.0,44.0,109025.0,2647.0
460280,KIWOOM Fn유전자혁신기술,12390.0,1318.0,12210.0,3005.0,12240.0,2134.0,12350.0,1093.0,12150.0,852.0,12195.0,1638.0,11655.0,5268.0,11830.0,636.0,12280.0,2847.0,12790.0,3377.0,13010.0,8852.0,13140.0,4493.0,13310.0,5254.0,13105.0,3658.0,12770.0,8174.0,13150.0,1997.0,13190.0,2928.0,12865.0,6404.0,12515.0,6779.0,12915.0,1234.0,13165.0,618.0,13340.0,2889.0,13500.0,3551.0,13590.0,2616.0,14285.0,7266.0,14195.0,5413.0,14620.0,18753.0,14210.0,13463.0,14670.0,6352.0,14450.0,13680.0
488200,KIWOOM K-2차전지북미공급망,11125.0,5468.0,10895.0,3720.0,11060.0,4559.0,11190.0,14244.0,11570.0,15661.0,11825.0,8845.0,11665.0,17187.0,12380.0,29554.0,12390.0,19051.0,12765.0,34895.0,12875.0,7597.0,13405.0,35150.0,13400.0,13060.0,12975.0,13693.0,12280.0,15773.0,12805.0,19501.0,13355.0,13540.0,12885.0,30818.0,12540.0,45440.0,12965.0,32483.0,13045.0,3906.0,13255.0,33740.0,13220.0,10139.0,13065.0,15083.0,13980.0,6517.0,14065.0,5336.0,13890.0,9239.0,14305.0,7435.0,14915.0,105344.0,15290.0,35919.0
488210,KIWOOM K-반도체북미공급망,14175.0,5192.0,14250.0,3228.0,14210.0,7120.0,14410.0,16534.0,14475.0,5602.0,14200.0,10673.0,14200.0,1415.0,14540.0,3417.0,14720.0,14673.0,15255.0,16101.0,16030.0,7910.0,17470.0,12302.0,17640.0,19460.0,18485.0,18871.0,16875.0,20034.0,18195.0,8993.0,17840.0,13218.0,17210.0,13837.0,17285.0,7289.0,18430.0,13239.0,17990.0,7775.0,17900.0,899.0,18245.0,4819.0,17970.0,5020.0,19220.0,15416.0,19500.0,7525.0,19120.0,8868.0,19750.0,1832.0,19775.0,4343.0,21030.0,17620.0
469790,KIWOOM K-테크TOP10,22435.0,2586.0,22600.0,4765.0,22605.0,12396.0,23060.0,6630.0,22985.0,35431.0,22700.0,9666.0,22710.0,5637.0,23075.0,15424.0,23475.0,3031.0,23340.0,3010.0,24475.0,22469.0,25050.0,7165.0,25540.0,61636.0,25995.0,6753.0,24190.0,18936.0,25940.0,17496.0,26100.0,5820.0,24730.0,6315.0,24390.0,15226.0,25485.0,6911.0,25455.0,1463.0,25645.0,3077.0,26545.0,9247.0,26365.0,2426.0,26980.0,10624.0,27690.0,3624.0,28145.0,5210.0,29190.0,5235.0,29695.0,11720.0,31830.0,26205.0
100910,KIWOOM KRX100,10760.0,2861.0,10825.0,913.0,10990.0,5013.0,11115.0,4684.0,11290.0,8190.0,11215.0,6516.0,11250.0,9257.0,11345.0,12921.0,11500.0,7288.0,11420.0,3482.0,11790.0,4932.0,12020.0,22305.0,12170.0,22297.0,12200.0,5311.0,11445.0,25820.0,12365.0,12150.0,12470.0,4964.0,11975.0,12828.0,11745.0,10236.0,12265.0,42626.0,12325.0,4823.0,12375.0,8239.0,12765.0,4772.0,12855.0,5346.0,13295.0,6684.0,13505.0,5366.0,13690.0,12144.0,14040.0,20367.0,14310.0,28487.0,15005.0,26871.0
435530,KIWOOM TDF2030액티브,15115.0,5685.0,15110.0,1088.0,15065.0,8169.0,15140.0,6968.0,15010.0,2460.0,15015.0,5637.0,14930.0,6281.0,15045.0,7074.0,15055.0,1374.0,14800.0,4583.0,14945.0,2879.0,14815.0,9702.0,14840.0,2034.0,14860.0,3159.0,14890.0,1089.0,14960.0,1615.0,14960.0,5683.0,14990.0,500.0,14895.0,475.0,15050.0,1270.0,15105.0,5215.0,15050.0,364.0,15005.0,313.0,14905.0,8134.0,15035.0,8649.0,15075.0,3253.0,14980.0,4559.0,15060.0,1379.0,15010.0,5966.0,15050.0,8888.0
435540,KIWOOM TDF2040액티브,16725.0,7434.0,16740.0,3235.0,16660.0,4591.0,16785.0,7723.0,16625.0,2798.0,16620.0,2564.0,16510.0,3298.0,16640.0,4419.0,16665.0,4137.0,16400.0,4252.0,16620.0,2610.0,16480.0,14969.0,16485.0,2073.0,16500.0,3308.0,16490.0,3500.0,16625.0,1264.0,16615.0,4744.0,16610.0,1311.0,16515.0,3469.0,16725.0,2015.0,16780.0,1797.0,16710.0,3372.0,16670.0,7065.0,16495.0,2352.0,16675.0,7585.0,16710.0,5190.0,16650.0,6131.0,16710.0,4120.0,16640.0,5093.0,16730.0,2989.0
435550,KIWOOM TDF2050액티브,17170.0,6096.0,17145.0,9403.0,17080.0,7737.0,17205.0,11330.0,17070.0,42098.0,17030.0,9227.0,16910.0,13144.0,17055.0,6805.0,17115.0,14899.0,16830.0,28857.0,17030.0,11514.0,16900.0,15200.0,16930.0,19910.0,16905.0,9436.0,16900.0,10781.0,17040.0,3316.0,17030.0,4699.0,17035.0,7120.0,16905.0,8599.0,17130.0,5553.0,17185.0,3897.0,17140.0,7089.0,17090.0,4735.0,16915.0,6659.0,17095.0,7921.0,17135.0,5582.0,17300.0,25956.0,17135.0,14380.0,17070.0,9114.0,17195.0,28469.0
104530,KIWOOM 고배당,15815.0,17765.0,16000.0,43891.0,16190.0,40275.0,16250.0,39279.0,16450.0,37640.0,16660.0,57477.0,16575.0,42124.0,16620.0,27975.0,17025.0,33461.0,16955.0,46126.0,17360.0,22320.0,17475.0,64605.0,18035.0,39906.0,18230.0,48228.0,17450.0,132482.0,18280.0,65198.0,18570.0,34651.0,18390.0,66646.0,18175.0,72597.0,18835.0,28747.0,19355.0,39107.0,19540.0,44065.0,19850.0,97191.0,20690.0,91400.0,21600.0,103673.0,22280.0,126585.0,21930.0,121540.0,21600.0,75694.0,21835.0,45459.0,21950.0,45083.0
148070,KIWOOM 국고채10년,108775.0,19065.0,108825.0,15836.0,108070.0,27676.0,108350.0,44736.0,107785.0,40625.0,107030.0,22889.0,107490.0,55096.0,107835.0,25227.0,107560.0,12231.0,108120.0,13091.0,108170.0,147939.0,108315.0,51644.0,107970.0,70161.0,107535.0,26255.0,107650.0,104764.0,107250.0,64649.0,106990.0,36168.0,107185.0,80393.0,107015.0,85782.0,106620.0,71364.0,107245.0,78864.0,107615.0,27624.0,107895.0,30253.0,108290.0,109349.0,108250.0,27129.0,108565.0,14975.0,108340.0,26563.0,108090.0,38223.0,108565.0,43747.0,109230.0,63589.0
167860,KIWOOM 국고채10년레버리지,101335.0,238.0,101405.0,76.0,99950.0,1140.0,100475.0,121.0,99410.0,227.0,97930.0,801.0,98555.0,623.0,99145.0,519.0,98785.0,798.0,99715.0,208.0,99820.0,67.0,100270.0,637.0,99710.0,758.0,99015.0,1637.0,99170.0,224.0,98335.0,152.0,97920.0,18.0,98130.0,9.0,97715.0,1733.0,96600.0,1390.0,97975.0,27.0,98960.0,964.0,99680.0,1034.0,100110.0,580.0,100215.0,401.0,100690.0,64.0,100400.0,46.0,99760.0,213.0,100540.0,60.0,101950.0,189.0
471460,KIWOOM 국고채30년액티브,57500.0,7623.0,57420.0,9134.0,56765.0,24344.0,56860.0,6923.0,56270.0,14164.0,55095.0,12269.0,55180.0,14751.0,55645.0,5122.0,55215.0,7122.0,55430.0,11911.0,55595.0,4534.0,55725.0,4340.0,55200.0,7656.0,54785.0,13015.0,54750.0,5561.0,54075.0,5387.0,53785.0,7642.0,53900.0,5747.0,53930.0,6056.0,53480.0,4575.0,53705.0,8771.0,54020.0,4982.0,54310.0,4125.0,54730.0,5383.0,54780.0,2819.0,55280.0,3370.0,55050.0,3302.0,54615.0,2965.0,54940.0,3421.0,55710.0,3348.0
114470,KIWOOM 국고채3년,109270.0,368.0,109270.0,121.0,109040.0,172.0,109120.0,254.0,108980.0,268.0,108755.0,200.0,108885.0,13181.0,108910.0,1346.0,108870.0,22571.0,109120.0,7988.0,109035.0,3351.0,109125.0,1112.0,109070.0,449.0,108995.0,1568.0,108960.0,625.0,108850.0,1376.0,108805.0,2120.0,108800.0,248.0,108800.0,516.0,108675.0,26609.0,108855.0,353.0,109005.0,20804.0,109150.0,25238.0,109170.0,15525.0,109185.0,60474.0,109295.0,1262.0,109310.0,1433.0,109220.0,537.0,109405.0,490.0,109575.0,557.0
473490,KIWOOM 글로벌AI반도체,22815.0,10432.0,23070.0,8408.0,22985.0,14462.0,23605.0,44093.0,23320.0,20323.0,23205.0,12005.0,23250.0,12333.0,23870.0,19319.0,23830.0,28455.0,23595.0,10127.0,23720.0,7416.0,23590.0,16914.0,23635.0,103545.0,23025.0,51484.0,22510.0,38967.0,23075.0,6872.0,22080.0,51103.0,21275.0,44773.0,21075.0,31436.0,22250.0,16585.0,22795.0,23942.0,22870.0,3467.0,23120.0,2733.0,22480.0,5039.0,22525.0,11258.0,22520.0,8959.0,22370.0,10171.0,22375.0,13465.0,23095.0,23511.0,23025.0,11859.0
489860,KIWOOM 글로벌전력GRID인프라,13965.0,7397.0,13975.0,5774.0,13975.0,12456.0,14085.0,4600.0,14140.0,10938.0,14230.0,6940.0,14055.0,4956.0,14030.0,6616.0,14085.0,9041.0,13825.0,11715.0,14170.0,11102.0,14160.0,15313.0,14210.0,22528.0,14315.0,26702.0,14405.0,23878.0,14475.0,11060.0,14800.0,8337.0,14825.0,8082.0,14610.0,20437.0,15085.0,7961.0,15300.0,11272.0,15300.0,11898.0,15410.0,8243.0,15355.0,6614.0,15305.0,17751.0,15315.0,11906.0,15215.0,8507.0,15295.0,12782.0,15280.0,14360.0,15320.0,16144.0
394350,KIWOOM 글로벌퓨처모빌리티,16110.0,6734.0,16405.0,2407.0,16040.0,3492.0,16030.0,217.0,16040.0,1924.0,16015.0,2509.0,15520.0,1088.0,15925.0,390.0,16085.0,317.0,15760.0,559.0,15750.0,966.0,15690.0,10306.0,15615.0,2694.0,15820.0,150.0,15250.0,3002.0,15625.0,1095.0,15695.0,91.0,15380.0,736.0,15295.0,1320.0,15910.0,1317.0,15995.0,110.0,15985.0,1332.0,15895.0,50.0,15515.0,298.0,15720.0,154.0,15760.0,8673.0,15480.0,30434.0,15520.0,4274.0,15635.0,2998.0,15790.0,1059.0
130730,KIWOOM 단기자금,101395.0,4165.0,101415.0,12676.0,101425.0,750.0,101430.0,6791.0,101450.0,12931.0,101460.0,15337.0,101440.0,3502.0,101455.0,3378.0,101460.0,3471.0,101465.0,1198.0,101470.0,8255.0,101480.0,2182.0,101505.0,22912.0,101490.0,12271.0,101475.0,15507.0,101490.0,3499.0,101490.0,2897.0,101505.0,7715.0,101515.0,5796.0,101520.0,2127.0,101530.0,6200.0,101550.0,4071.0,101595.0,6663.0,101605.0,2475.0,101645.0,2728.0,101660.0,1038.0,101650.0,2368.0,101665.0,1938.0,101670.0,3114.0,101690.0,9826.0
419890,KIWOOM 단기채권ESG액티브,106470.0,522.0,106485.0,104.0,106435.0,392.0,106430.0,34.0,106415.0,18.0,106415.0,59.0,106410.0,14253.0,106455.0,83.0,106450.0,579.0,106455.0,38.0,106440.0,79.0,106445.0,480.0,106435.0,612.0,106420.0,303.0,106380.0,615.0,106335.0,1099.0,106315.0,623.0,106325.0,338.0,106305.0,406.0,106290.0,117.0,106295.0,101.0,106315.0,125.0,106395.0,353.0,106425.0,96.0,106450.0,435.0,106490.0,311.0,106505.0,32.0,106510.0,110.0,106535.0,339.0,106635.0,126.0
411860,KIWOOM 독일DAX,18610.0,6618.0,18590.0,4193.0,18440.0,4967.0,18455.0,4323.0,18310.0,8792.0,18260.0,5626.0,18130.0,5905.0,18195.0,13983.0,18230.0,7411.0,18085.0,11874.0,18325.0,6225.0,18140.0,6493.0,18040.0,12328.0,17855.0,9769.0,17905.0,16832.0,18125.0,7175.0,18135.0,3424.0,18100.0,4654.0,18000.0,252328.0,18280.0,37951.0,18445.0,2793.0,18415.0,6632.0,18185.0,4007.0,18115.0,2700.0,18285.0,7022.0,18140.0,2359.0,18135.0,11874.0,18090.0,6241.0,17900.0,7840.0,17995.0,12246.0
476450,KIWOOM 머니마켓액티브,51770.0,2509.0,51780.0,5035.0,51790.0,4357.0,51800.0,7832.0,51795.0,1544.0,51805.0,590.0,51805.0,7355.0,51825.0,15040.0,51830.0,2526.0,51825.0,1863.0,51830.0,952.0,51830.0,777.0,51835.0,5816.0,51840.0,11303.0,51840.0,164788.0,51840.0,183.0,51860.0,1825.0,51870.0,668.0,51880.0,1947.0,51880.0,2656.0,51870.0,3313.0,51890.0,14200.0,51915.0,151395.0,51925.0,9652.0,51935.0,2706.0,51940.0,2217.0,51945.0,68335.0,51950.0,3912.0,51955.0,1627.0,51975.0,6447.0
430500,KIWOOM 물가채KIS,113560.0,446.0,113715.0,197.0,113140.0,598.0,113275.0,431.0,112740.0,2414.0,112195.0,701.0,112785.0,1601.0,112930.0,636.0,112615.0,1117.0,112985.0,239.0,112930.0,1321.0,113005.0,446.0,112660.0,249.0,112480.0,570.0,112540.0,362.0,112105.0,195.0,111895.0,332.0,112145.0,391.0,112175.0,110.0,111600.0,253.0,112230.0,75.0,112415.0,44.0,112695.0,1451.0,112885.0,146.0,112940.0,183.0,113210.0,3471.0,113130.0,67.0,112825.0,480.0,113115.0,1255.0,113585.0,543.0
426330,KIWOOM 미국ETF산업STOXX,16920.0,480.0,16555.0,927.0,16990.0,762.0,17115.0,628.0,16765.0,1352.0,16980.0,722.0,16665.0,354.0,16815.0,488.0,16980.0,399.0,16465.0,795.0,16500.0,745.0,16300.0,1050.0,16200.0,1289.0,16440.0,735.0,16325.0,602.0,16495.0,1340.0,15810.0,514.0,16045.0,325.0,15755.0,3207.0,15880.0,546.0,15955.0,181.0,15430.0,501.0,14870.0,907.0,14755.0,413.0,15205.0,597.0,15300.0,1294.0,15060.0,768.0,14885.0,582.0,15200.0,1165.0,15200.0,314.0
449770,KIWOOM 미국S&P500,20505.0,10552.0,20475.0,12889.0,20350.0,5544.0,20475.0,15175.0,20240.0,24357.0,20215.0,10547.0,20020.0,14347.0,20190.0,9404.0,20270.0,11658.0,19855.0,22075.0,20065.0,14448.0,19890.0,18389.0,19830.0,17249.0,19805.0,11295.0,19940.0,13614.0,20120.0,21108.0,19975.0,17988.0,20100.0,10806.0,19850.0,35301.0,20145.0,26861.0,20190.0,9111.0,20080.0,6088.0,19960.0,7246.0,19595.0,12084.0,19810.0,15538.0,19835.0,8715.0,19680.0,6963.0,19685.0,14390.0,19610.0,13716.0,19680.0,13282.0
0127V0,KIWOOM 미국S&P500 TOP10&배당다우비중전환,10385.0,79334.0,10390.0,8449.0,10320.0,66283.0,10350.0,54873.0,10210.0,17739.0,10215.0,30662.0,10070.0,23275.0,10140.0,63142.0,10210.0,59844.0,10045.0,20269.0,10205.0,65797.0,10170.0,37536.0,10145.0,17725.0,10095.0,16401.0,10185.0,35690.0,10315.0,23571.0,10195.0,12710.0,10295.0,33071.0,10180.0,28251.0,10285.0,20759.0,10300.0,6326.0,10225.0,6668.0,10185.0,5000.0,9965.0,33945.0,10040.0,17066.0,10040.0,6847.0,9995.0,10119.0,10020.0,12917.0,9980.0,13068.0,10000.0,9206.0
0137W0,KIWOOM 미국S&P500&GOLD,10215.0,212421.0,10210.0,275927.0,10135.0,270863.0,10210.0,224749.0,10110.0,272688.0,10110.0,199716.0,10050.0,241232.0,10105.0,259716.0,10175.0,239839.0,9980.0,395988.0,10105.0,212617.0,10050.0,253860.0,10095.0,257923.0,10015.0,236011.0,9925.0,227573.0,10080.0,89944.0,10055.0,91809.0,10100.0,88916.0,9965.0,150132.0,10160.0,108541.0,10145.0,103566.0,10110.0,116617.0,10050.0,108251.0,9870.0,137251.0,9995.0,118785.0,9970.0,106444.0,9925.0,110080.0,9960.0,82723.0,9925.0,88653.0,9935.0,115649.0
0127T0,KIWOOM 미국S&P500&배당다우존스비중전환,10505.0,53104.0,10535.0,111762.0,10515.0,56522.0,10570.0,80289.0,10445.0,92106.0,10435.0,71148.0,10365.0,92672.0,10465.0,49420.0,10475.0,39439.0,10260.0,99531.0,10380.0,43403.0,10290.0,79135.0,10265.0,88683.0,10275.0,83960.0,10385.0,29665.0,10500.0,9586.0,10460.0,7383.0,10605.0,12506.0,10500.0,44147.0,10655.0,7797.0,10675.0,7257.0,10590.0,6858.0,10565.0,5086.0,10390.0,10965.0,10505.0,5764.0,10490.0,6001.0,10435.0,14063.0,10430.0,6499.0,10390.0,15458.0,10370.0,15077.0
449780,KIWOOM 미국S&P500(H),17220.0,17718.0,17180.0,19661.0,17170.0,27129.0,17225.0,30267.0,17030.0,42466.0,16945.0,49313.0,16855.0,29527.0,17020.0,41784.0,17120.0,33330.0,17065.0,50354.0,17225.0,45769.0,17305.0,45525.0,17200.0,45044.0,17035.0,42628.0,16875.0,24035.0,17245.0,15856.0,17070.0,26732.0,16935.0,37018.0,16745.0,19949.0,17110.0,15978.0,17170.0,15693.0,17140.0,18876.0,17130.0,16244.0,16765.0,46833.0,16950.0,29077.0,16960.0,17685.0,16915.0,18663.0,16850.0,16366.0,16985.0,13443.0,17080.0,17538.0
0137V0,KIWOOM 미국S&P500모멘텀,9975.0,294397.0,9960.0,275875.0,9845.0,304917.0,9955.0,260178.0,9875.0,307509.0,9835.0,230757.0,9725.0,258219.0,9750.0,240327.0,9755.0,244302.0,9540.0,292339.0,9705.0,192266.0,9615.0,251609.0,9570.0,248135.0,9660.0,248662.0,9665.0,107232.0,9790.0,126280.0,9755.0,133909.0,9640.0,137082.0,9550.0,136927.0,9780.0,146286.0,9910.0,169503.0,9810.0,121844.0,9770.0,88940.0,9575.0,134183.0,9690.0,112583.0,9710.0,102119.0,9630.0,101406.0,9575.0,89643.0,9520.0,122791.0,9610.0,99363.0
0107F0,KIWOOM 미국고배당&AI테크,10605.0,20922.0,10615.0,34864.0,10675.0,22838.0,10810.0,23402.0,10655.0,32665.0,10630.0,19213.0,10525.0,37365.0,10780.0,29154.0,10780.0,24736.0,10460.0,58703.0,10540.0,46734.0,10445.0,42097.0,10380.0,40187.0,10425.0,38020.0,10650.0,72102.0,10735.0,34404.0,10750.0,16506.0,10945.0,40906.0,10875.0,23079.0,11080.0,17849.0,11080.0,31572.0,11040.0,16567.0,10985.0,15851.0,10790.0,28213.0,10845.0,20737.0,10850.0,12666.0,10730.0,27466.0,10685.0,18943.0,10625.0,27184.0,10570.0,31200.0
453080,KIWOOM 미국나스닥100(H),20350.0,121821.0,20315.0,54536.0,20215.0,77750.0,20305.0,91416.0,19985.0,53744.0,19895.0,37436.0,19820.0,53381.0,20070.0,49971.0,20225.0,35583.0,20215.0,75531.0,20450.0,42297.0,20685.0,65289.0,20600.0,76884.0,20250.0,49499.0,19810.0,9154.0,20395.0,20036.0,20010.0,8040.0,19640.0,33905.0,19335.0,27485.0,19805.0,8971.0,19910.0,15666.0,19860.0,16393.0,19870.0,4426.0,19375.0,27461.0,19630.0,43129.0,19610.0,14032.0,19545.0,7566.0,19480.0,24111.0,19690.0,25604.0,19900.0,10428.0
460270,KIWOOM 미국달러SOFR금리액티브(합성),13070.0,15541.0,13105.0,1300.0,13050.0,491.0,13080.0,1535.0,13075.0,669.0,13125.0,717.0,13060.0,1045.0,13060.0,711.0,13020.0,1226.0,12785.0,4318.0,12830.0,3258.0,12645.0,3224.0,12670.0,493.0,12775.0,3549.0,12980.0,3221.0,12860.0,950.0,12910.0,816.0,13030.0,153.0,13070.0,112.0,12990.0,860.0,12950.0,212.0,12915.0,76.0,12830.0,326.0,12855.0,1838.0,12910.0,79.0,12885.0,1612.0,12850.0,1419.0,12895.0,159.0,12745.0,3234.0,12690.0,545.0
138230,KIWOOM 미국달러선물,16935.0,3900.0,16990.0,4447.0,16915.0,5279.0,16915.0,7992.0,16945.0,1460.0,17000.0,6534.0,16915.0,14672.0,16905.0,10485.0,16870.0,2207.0,16585.0,13709.0,16610.0,3312.0,16365.0,14602.0,16400.0,27887.0,16555.0,11048.0,16805.0,9583.0,16645.0,7470.0,16695.0,4836.0,16910.0,5144.0,16905.0,5448.0,16825.0,1730.0,16785.0,3893.0,16715.0,1409.0,16580.0,2153.0,16630.0,7112.0,16665.0,2607.0,16680.0,1733.0,16620.0,1332.0,16625.0,557.0,16505.0,2506.0,16455.0,35558.0
225800,KIWOOM 미국달러선물레버리지,16900.0,879.0,16975.0,1993.0,16865.0,1490.0,16900.0,10189.0,16905.0,5164.0,16975.0,114.0,16855.0,2693.0,16850.0,320.0,16735.0,687.0,16175.0,3712.0,16195.0,4013.0,15750.0,8914.0,15820.0,4027.0,16140.0,3135.0,16610.0,4627.0,16275.0,16654.0,16370.0,2383.0,16765.0,1798.0,16805.0,378.0,16630.0,413.0,16540.0,479.0,16370.0,28.0,16205.0,993.0,16240.0,19.0,16355.0,1624.0,16325.0,124.0,16200.0,1087.0,16290.0,42.0,15965.0,499.0,15905.0,213.0
139660,KIWOOM 미국달러선물인버스,7910.0,1708.0,7890.0,2573.0,7920.0,264.0,7905.0,128.0,7910.0,1080.0,7895.0,1952.0,7930.0,5017.0,7920.0,2509.0,7950.0,222.0,8090.0,3344.0,8065.0,146.0,8195.0,2643.0,8170.0,1576.0,8100.0,2191.0,7980.0,2580.0,8045.0,5249.0,8025.0,323.0,7935.0,1201.0,7920.0,1705.0,7945.0,43.0,7995.0,740.0,8000.0,424.0,8070.0,140.0,8070.0,269.0,8030.0,659.0,8015.0,148.0,8090.0,2545.0,8060.0,459.0,8140.0,1848.0,8170.0,1265.0
230480,KIWOOM 미국달러선물인버스2X,4200.0,2643.0,4180.0,6794.0,4190.0,3600.0,4185.0,1742.0,4185.0,10510.0,4180.0,1121.0,4210.0,3373.0,4220.0,9521.0,4235.0,709.0,4355.0,13208.0,4345.0,2343.0,4485.0,23455.0,4465.0,1806.0,4390.0,4908.0,4255.0,6176.0,4320.0,1093.0,4320.0,7410.0,4215.0,2092.0,4215.0,510.0,4230.0,625.0,4235.0,2332.0,4280.0,1674.0,4325.0,2663.0,4340.0,1753.0,4320.0,1729.0,4330.0,1640.0,4345.0,2520.0,4340.0,2784.0,4415.0,6185.0,4430.0,15311.0
0084E0,KIWOOM 미국대형주500월간목표헤지액티브,10345.0,2494.0,10355.0,2809.0,10290.0,278.0,10305.0,9490.0,10225.0,240.0,10255.0,245.0,10190.0,2568.0,10200.0,1155.0,10210.0,790.0,10045.0,568.0,10125.0,199.0,10020.0,755.0,9970.0,597.0,10010.0,67.0,10090.0,70.0,10140.0,1088.0,10125.0,314.0,10160.0,510.0,10130.0,229.0,10160.0,64.0,10150.0,143.0,10125.0,148.0,10015.0,1181.0,9950.0,213.0,9995.0,531.0,10010.0,302.0,9935.0,1318.0,9945.0,56.0,9890.0,231.0,9875.0,86.0
373790,KIWOOM 미국방어배당성장나스닥,15995.0,781.0,16030.0,1218.0,16220.0,2045.0,16260.0,7779.0,16120.0,15803.0,16220.0,1440.0,16030.0,1996.0,16140.0,2638.0,16170.0,1370.0,15850.0,1290.0,15985.0,427.0,15780.0,2769.0,15605.0,1718.0,15785.0,1304.0,16370.0,10599.0,16205.0,8018.0,16320.0,2693.0,16670.0,3685.0,16890.0,9057.0,16855.0,11085.0,16720.0,608.0,16630.0,1203.0,16720.0,445.0,16800.0,936.0,16780.0,4895.0,16885.0,1409.0,16840.0,1760.0,17030.0,1734.0,16930.0,1121.0,16750.0,940.0
483030,KIWOOM 미국블록버스터바이오테크의약품+,11490.0,8544.0,11500.0,7696.0,11600.0,11116.0,11365.0,9884.0,11510.0,5879.0,11470.0,5405.0,11330.0,6481.0,11470.0,8587.0,11625.0,10837.0,11330.0,7508.0,11535.0,2641.0,11315.0,36486.0,11120.0,8991.0,11200.0,8933.0,11465.0,14960.0,11545.0,2424.0,11355.0,4159.0,11645.0,13186.0,11520.0,7934.0,11865.0,10313.0,11750.0,4208.0,11630.0,4722.0,11630.0,3497.0,11600.0,4491.0,11800.0,4478.0,11765.0,8315.0,11600.0,7372.0,11670.0,1123.0,11475.0,6326.0,11455.0,4855.0
459790,KIWOOM 미국성장기업30액티브,19930.0,1886.0,19835.0,3224.0,19820.0,4698.0,19980.0,10221.0,19835.0,676.0,19915.0,41234.0,19805.0,2625.0,20010.0,1825.0,20135.0,626.0,19610.0,6870.0,19415.0,1386.0,19455.0,834.0,19660.0,1608.0,19315.0,5052.0,19105.0,551.0,19590.0,38805.0,19800.0,43862.0,19200.0,4729.0,18335.0,940.0,18970.0,369.0,19120.0,994.0,18825.0,642.0,18835.0,400.0,18415.0,22033.0,18740.0,14380.0,18865.0,332.0,18430.0,1732.0,18620.0,1137.0,18620.0,1043.0,18575.0,1303.0
498270,KIWOOM 미국양자컴퓨팅,14265.0,499154.0,14250.0,405434.0,14345.0,338500.0,14375.0,357424.0,14210.0,336706.0,14070.0,355711.0,14085.0,324384.0,14045.0,277704.0,14105.0,213343.0,13675.0,359137.0,13635.0,483558.0,13615.0,468406.0,13555.0,422400.0,13090.0,479536.0,12590.0,378579.0,13045.0,252884.0,12820.0,318709.0,12465.0,332510.0,11795.0,548844.0,12895.0,391401.0,12850.0,226487.0,12890.0,184657.0,12560.0,246887.0,12205.0,266882.0,12355.0,282267.0,12370.0,256657.0,11945.0,374634.0,11950.0,251513.0,11965.0,259167.0,12315.0,363584.0
474800,KIWOOM 미국원유에너지기업,12445.0,58126.0,12720.0,54295.0,12955.0,110238.0,12790.0,46652.0,12870.0,41285.0,12870.0,35549.0,12895.0,35811.0,13170.0,84642.0,13145.0,32176.0,13095.0,64638.0,13050.0,58086.0,12995.0,57071.0,13170.0,91720.0,13395.0,178229.0,13310.0,130729.0,13175.0,61771.0,13725.0,124759.0,14165.0,151247.0,14100.0,95371.0,14185.0,88022.0,14400.0,57956.0,14305.0,71137.0,14550.0,66764.0,14065.0,81958.0,14485.0,81918.0,14700.0,339221.0,14430.0,139868.0,14545.0,87809.0,14420.0,84258.0,14195.0,131645.0
0084D0,KIWOOM 미국테크100월간목표헤지액티브,10980.0,7063.0,10990.0,3169.0,10920.0,8396.0,10965.0,16404.0,10830.0,8347.0,10860.0,1373.0,10795.0,1759.0,10805.0,4756.0,10845.0,5579.0,10690.0,7148.0,10760.0,1327.0,10625.0,18102.0,10645.0,4475.0,10615.0,13706.0,10600.0,16293.0,10645.0,7294.0,10580.0,2430.0,10610.0,5664.0,10540.0,7425.0,10530.0,3466.0,10550.0,5878.0,10545.0,366.0,10400.0,4747.0,10315.0,2947.0,10405.0,2447.0,10375.0,6762.0,10330.0,1885.0,10350.0,791.0,10290.0,3820.0,10240.0,11745.0
104520,KIWOOM 블루칩,12745.0,448.0,12745.0,161.0,12895.0,687.0,12850.0,3641.0,13145.0,2354.0,13275.0,923.0,13310.0,4442.0,13505.0,618.0,13615.0,652.0,13550.0,1396.0,13710.0,1516.0,13785.0,825.0,14085.0,395.0,13940.0,496.0,13285.0,2587.0,13915.0,12259.0,14260.0,293.0,13870.0,257.0,13610.0,385.0,14055.0,1767.0,14195.0,1413.0,14405.0,3011.0,14690.0,813.0,14740.0,1223.0,15200.0,695.0,15505.0,757.0,15395.0,1126.0,15475.0,1485.0,15855.0,752.0,16140.0,2462.0
0015E0,KIWOOM 엔비디아미국30년국채혼합액티브(H),10595.0,7674.0,10590.0,18598.0,10625.0,11058.0,10695.0,10186.0,10610.0,11253.0,10500.0,8395.0,10460.0,13269.0,10570.0,11519.0,10620.0,11421.0,10650.0,25972.0,10660.0,11318.0,10680.0,21963.0,10580.0,13948.0,10530.0,17689.0,10590.0,14220.0,10525.0,5013.0,10430.0,10282.0,10380.0,11705.0,10410.0,7630.0,10555.0,7261.0,10655.0,22959.0,10720.0,10968.0,10665.0,9632.0,10675.0,3867.0,10735.0,9942.0,10760.0,4620.0,10730.0,10768.0,10805.0,17844.0,10865.0,12742.0,10880.0,12802.0
483020,KIWOOM 의료AI,13535.0,23864.0,13420.0,12303.0,13480.0,8239.0,13380.0,12393.0,13175.0,12122.0,13380.0,13436.0,12920.0,31988.0,12930.0,10874.0,13450.0,29893.0,13840.0,87259.0,13840.0,30134.0,13865.0,31822.0,14095.0,70298.0,13720.0,30901.0,13365.0,25438.0,13900.0,14603.0,13790.0,15929.0,13520.0,19286.0,13075.0,33400.0,13470.0,13961.0,13715.0,10563.0,13600.0,5846.0,13555.0,16102.0,13320.0,12132.0,13650.0,14961.0,13730.0,10959.0,14490.0,85215.0,14565.0,39441.0,14430.0,25763.0,14600.0,26611.0
200250,KIWOOM 인도Nifty50(합성),26135.0,38664.0,26265.0,38539.0,25935.0,17907.0,26030.0,41755.0,25690.0,40342.0,25750.0,31678.0,25030.0,42970.0,25135.0,30091.0,25110.0,46213.0,24540.0,49678.0,24595.0,49188.0,24430.0,203015.0,24295.0,47286.0,24515.0,38979.0,24550.0,33428.0,25610.0,54643.0,25600.0,27037.0,25750.0,31991.0,25535.0,32536.0,25810.0,62456.0,25980.0,24507.0,25830.0,17973.0,25560.0,15519.0,25180.0,14751.0,25310.0,19219.0,25290.0,33459.0,25235.0,27711.0,25005.0,34613.0,24905.0,50342.0,24680.0,59740.0
454780,KIWOOM 종합채권(AA-이상)액티브,104197.0,156.0,104100.0,47.0,103735.0,459.0,103815.0,955.0,103567.0,249.0,102910.0,431.0,103075.0,353.0,103265.0,211.0,103100.0,52.0,103220.0,79.0,103260.0,166.0,103370.0,73.0,103070.0,387.0,102890.0,262.0,102730.0,40050.0,102495.0,1116.0,102335.0,1403.0,102370.0,88.0,102375.0,1536.0,102065.0,66576.0,102300.0,43.0,102360.0,20032.0,102670.0,10033.0,102890.0,2389.0,102875.0,5462.0,103140.0,14523.0,103055.0,18071.0,102840.0,9788.0,103160.0,14540.0,103565.0,13341.0
441330,KIWOOM 차이나A50커넥트MSCI,13270.0,46.0,13280.0,39.0,13185.0,175.0,13185.0,425.0,13160.0,797.0,13125.0,27.0,13125.0,471.0,12995.0,315.0,12930.0,9.0,12675.0,190.0,12935.0,41.0,12660.0,150.0,12750.0,1543.0,12855.0,13.0,12730.0,1444.0,12545.0,119.0,12685.0,60.0,12650.0,774.0,12585.0,4409.0,12780.0,170.0,12640.0,1364.0,12555.0,1301.0,12615.0,2426.0,12490.0,149.0,12495.0,166.0,12535.0,629.0,12410.0,35.0,12545.0,169.0,12635.0,1648.0,12260.0,914.0
454180,KIWOOM 차이나내수소비TOP CSI,9435.0,3467.0,9430.0,8794.0,9370.0,634.0,9375.0,296.0,9325.0,847.0,9335.0,2840.0,9255.0,780.0,9265.0,1554.0,9315.0,1250.0,9095.0,5233.0,9180.0,2173.0,9075.0,2168.0,9145.0,2452.0,9080.0,1272.0,9140.0,1860.0,9085.0,7746.0,9255.0,808.0,9435.0,8381.0,9390.0,2442.0,9420.0,1558.0,9415.0,492.0,9405.0,2007.0,9285.0,670.0,9230.0,1950.0,9280.0,1106.0,9170.0,1438.0,9250.0,196.0,9220.0,2323.0,9110.0,1443.0,9030.0,6809.0
496090,KIWOOM 코리아밸류업,19935.0,2198.0,20150.0,3110.0,20415.0,2890.0,20645.0,8927.0,21070.0,5674.0,20820.0,6958.0,21130.0,545.0,21170.0,5989.0,21240.0,1526.0,21035.0,2178.0,21865.0,2730.0,22270.0,73342.0,22650.0,36562.0,22940.0,20689.0,21575.0,15517.0,23145.0,10243.0,23380.0,4694.0,22360.0,2838.0,22245.0,14021.0,23165.0,2449.0,23200.0,824.0,23435.0,2115.0,24050.0,29906.0,24190.0,19618.0,24760.0,4136.0,25455.0,18775.0,25605.0,12503.0,26085.0,3883.0,26600.0,18439.0,27890.0,9699.0
316670,KIWOOM 코스닥150,7915.0,13357.0,7820.0,25655.0,7885.0,25328.0,7965.0,44146.0,8090.0,38538.0,8115.0,1123785.0,7660.0,228166.0,7960.0,278114.0,8280.0,696414.0,9195.0,1144957.0,9420.0,1245681.0,10150.0,1088370.0,10430.0,2306570.0,10230.0,1782844.0,9615.0,1485108.0,10020.0,1307037.0,9980.0,560095.0,9560.0,612588.0,9245.0,1059034.0,9780.0,512069.0,9550.0,367358.0,9535.0,255859.0,9630.0,778947.0,9470.0,398990.0,10155.0,431859.0,10090.0,254692.0,9980.0,338096.0,10035.0,1096596.0,10040.0,217969.0,10475.0,361960.0
291630,KIWOOM 코스닥150선물레버리지,6005.0,40794.0,5885.0,10999.0,5980.0,21828.0,6110.0,46583.0,6215.0,57322.0,6275.0,77646.0,5670.0,155821.0,6015.0,61383.0,6550.0,81664.0,8050.0,363837.0,8475.0,320674.0,9750.0,292969.0,10440.0,539528.0,9960.0,314161.0,8725.0,270400.0,9500.0,125492.0,9380.0,122276.0,8555.0,139649.0,8020.0,186450.0,8915.0,122594.0,8510.0,80768.0,8475.0,28839.0,8720.0,27671.0,8350.0,84883.0,9550.0,196888.0,9450.0,63865.0,9235.0,137968.0,9355.0,61579.0,9360.0,102389.0,10195.0,203073.0
291620,KIWOOM 코스닥150선물인버스,5100.0,2163.0,5140.0,3071.0,5115.0,453.0,5060.0,4745.0,5010.0,1365.0,4980.0,17308.0,5220.0,40518.0,5075.0,9216.0,4860.0,13914.0,4320.0,154547.0,4185.0,62532.0,3890.0,61747.0,3755.0,182565.0,3855.0,114436.0,4045.0,268616.0,3880.0,83794.0,3920.0,23765.0,4075.0,66383.0,4225.0,150352.0,3970.0,42379.0,4050.0,22099.0,4070.0,25213.0,4020.0,33407.0,4095.0,46137.0,3810.0,38885.0,3820.0,62976.0,3870.0,47430.0,3820.0,41208.0,3795.0,18773.0,3685.0,22074.0
153270,KIWOOM 코스피100,52120.0,7712.0,52395.0,6739.0,53175.0,8531.0,53895.0,6690.0,54795.0,13861.0,54295.0,20280.0,54640.0,10153.0,55355.0,23203.0,55570.0,12028.0,55235.0,7556.0,56975.0,9928.0,58180.0,20803.0,58735.0,12889.0,58855.0,10921.0,55505.0,22947.0,59680.0,11947.0,60420.0,9287.0,57750.0,14261.0,56995.0,18375.0,59710.0,9729.0,59425.0,6550.0,60100.0,4306.0,62200.0,18693.0,62310.0,11857.0,64320.0,14414.0,65800.0,13657.0,66315.0,15444.0,67905.0,8517.0,69425.0,45377.0,73410.0,27451.0
122260,KIWOOM 통안채1년,102760.0,10289.0,102775.0,617.0,102780.0,5861.0,102770.0,1491.0,102760.0,1822.0,102755.0,3371.0,102780.0,2486.0,102805.0,2401.0,102825.0,1511.0,102825.0,576.0,102830.0,215.0,102835.0,183.0,102835.0,269.0,102840.0,78.0,102840.0,216.0,102810.0,1317.0,102815.0,4462.0,102810.0,113.0,102815.0,265.0,102800.0,518.0,102820.0,46.0,102855.0,305.0,102900.0,396.0,102930.0,56.0,102980.0,669.0,102985.0,132.0,102995.0,281.0,103010.0,495.0,103025.0,533.0,103060.0,161.0
0015F0,KIWOOM 팔란티어미국30년국채혼합액티브(H),10925.0,34006.0,10930.0,19928.0,10950.0,20123.0,10950.0,27560.0,10820.0,44721.0,10800.0,33184.0,10665.0,39062.0,10680.0,72163.0,10720.0,26692.0,10770.0,30296.0,10765.0,32842.0,10680.0,38525.0,10540.0,29395.0,10365.0,52864.0,10320.0,48934.0,10565.0,71762.0,10575.0,28446.0,10185.0,84138.0,10080.0,69145.0,10270.0,35493.0,10395.0,21809.0,10380.0,24708.0,10280.0,20443.0,10135.0,59583.0,10410.0,37130.0,10460.0,17579.0,10310.0,34784.0,10300.0,38368.0,10285.0,28308.0,10360.0,57791.0
0097L0,KIWOOM 한국고배당&미국AI테크,11040.0,53790.0,11115.0,50442.0,11350.0,78998.0,11415.0,33634.0,11420.0,22095.0,11600.0,35426.0,11490.0,41585.0,11535.0,25610.0,11750.0,50472.0,11670.0,26324.0,11890.0,30609.0,11975.0,35638.0,12260.0,27945.0,12200.0,35709.0,11770.0,74352.0,12185.0,21848.0,12205.0,27178.0,12165.0,26562.0,12040.0,46710.0,12380.0,53865.0,12730.0,43857.0,12745.0,25947.0,12845.0,18274.0,13085.0,43238.0,13510.0,47217.0,13835.0,50329.0,13770.0,66660.0,13650.0,112320.0,13715.0,50247.0,13670.0,54517.0
069500,KODEX 200,68465.0,13474255.0,68840.0,11019346.0,70015.0,10321910.0,70755.0,16458718.0,71780.0,12430232.0,71190.0,16270502.0,71755.0,16073534.0,72530.0,17632701.0,73025.0,14908170.0,72305.0,14355836.0,74775.0,13660438.0,76175.0,13993663.0,77035.0,21702202.0,77305.0,16021987.0,72700.0,27331588.0,78290.0,15709267.0,79385.0,19180981.0,76010.0,23642888.0,75195.0,23275183.0,78340.0,17295874.0,78435.0,14716930.0,79115.0,12643109.0,81975.0,19692365.0,81860.0,18091482.0,84390.0,19298748.0,86300.0,16572303.0,86940.0,20224734.0,89085.0,19422609.0,90890.0,26181980.0,95025.0,24723198.0
226980,KODEX 200 중소형,20770.0,19065.0,21005.0,15545.0,21395.0,9004.0,21330.0,19973.0,21330.0,11210.0,21620.0,11184.0,21575.0,7224.0,21935.0,10274.0,22200.0,20742.0,22005.0,18773.0,22160.0,12839.0,22410.0,28570.0,22840.0,20381.0,22830.0,20651.0,21985.0,26144.0,22925.0,19485.0,23610.0,35734.0,23370.0,20095.0,22815.0,15894.0,23665.0,18409.0,24135.0,22790.0,24250.0,22252.0,24640.0,15874.0,24570.0,29209.0,24985.0,33311.0,25350.0,30497.0,25465.0,44415.0,25470.0,107434.0,25810.0,51937.0,25920.0,21321.0
337160,KODEX 200ESG,27705.0,18311.0,27875.0,26444.0,28340.0,26650.0,28680.0,23674.0,29065.0,32622.0,28780.0,73898.0,29115.0,29140.0,29515.0,76176.0,29670.0,33785.0,29310.0,17157.0,30390.0,37365.0,31065.0,43004.0,31280.0,41710.0,31550.0,38290.0,29725.0,46207.0,31975.0,31209.0,32345.0,53006.0,30990.0,22087.0,30620.0,61781.0,32055.0,18129.0,31980.0,18079.0,32440.0,16096.0,33535.0,31707.0,33525.0,52237.0,34555.0,26795.0,35350.0,28442.0,35630.0,47961.0,36560.0,37589.0,37350.0,76145.0,39210.0,143311.0
363580,KODEX 200IT TR,25110.0,30747.0,25375.0,27650.0,25605.0,45398.0,26250.0,72633.0,26500.0,29481.0,25990.0,48628.0,26095.0,39615.0,26770.0,37964.0,26935.0,41198.0,26610.0,33784.0,27810.0,55147.0,28685.0,52816.0,29085.0,90662.0,29835.0,120286.0,27480.0,123239.0,29800.0,35349.0,30300.0,35227.0,28835.0,97476.0,28260.0,132504.0,29770.0,91413.0,29495.0,66275.0,29700.0,17445.0,30655.0,56529.0,30440.0,36585.0,31500.0,19894.0,32320.0,21291.0,32935.0,35657.0,34305.0,39125.0,35310.0,70878.0,37600.0,94494.0
278530,KODEX 200TR,24600.0,662500.0,24740.0,703453.0,25155.0,927618.0,25430.0,1378376.0,25795.0,971027.0,25580.0,1032107.0,25790.0,889227.0,26080.0,1659943.0,26240.0,1264732.0,25985.0,1464189.0,26870.0,1759718.0,27385.0,1691469.0,27715.0,2372631.0,27795.0,1908990.0,26200.0,3100324.0,28230.0,1118926.0,28560.0,1338756.0,27435.0,1636236.0,27045.0,2256719.0,28220.0,1734236.0,28215.0,1248803.0,28460.0,782320.0,29485.0,1116231.0,29465.0,1815444.0,30360.0,1607204.0,31055.0,923965.0,31280.0,2186792.0,32045.0,1348113.0,32730.0,1472714.0,34330.0,2610424.0
337150,KODEX 200exTOP,21860.0,844.0,21920.0,2242.0,22170.0,1144.0,22170.0,5948.0,22765.0,1753.0,22940.0,943.0,22925.0,4938.0,22980.0,5274.0,23180.0,1151.0,23125.0,2939.0,23280.0,2201.0,23445.0,2471.0,23920.0,3210.0,23640.0,2184.0,22570.0,10553.0,23600.0,989.0,24275.0,1492.0,23715.0,1306.0,23145.0,2831.0,23995.0,2208.0,24165.0,789.0,24675.0,1313.0,24970.0,1947.0,24965.0,3723.0,25490.0,1174.0,26185.0,1349.0,26165.0,3548.0,26350.0,793.0,26890.0,1076.0,27540.0,2713.0
223190,KODEX 200가치저변동,19970.0,2764.0,20160.0,4027.0,20475.0,7254.0,20625.0,5631.0,21070.0,44870.0,21135.0,2635.0,21580.0,7682.0,21560.0,4939.0,21570.0,5053.0,21530.0,16208.0,22000.0,3096.0,22110.0,5086.0,22270.0,56729.0,22050.0,6801.0,21180.0,23929.0,22400.0,18747.0,22940.0,12927.0,22180.0,6227.0,22095.0,10428.0,22830.0,12448.0,23070.0,40820.0,23530.0,26002.0,24375.0,11114.0,24300.0,9183.0,24990.0,44872.0,25360.0,3578.0,25505.0,7911.0,25820.0,13771.0,26505.0,62064.0,27400.0,14368.0
252650,KODEX 200동일가중,16245.0,3713.0,16345.0,588.0,16530.0,802.0,16575.0,2544.0,16745.0,1664.0,16980.0,7320.0,16805.0,1341.0,17050.0,3640.0,17315.0,974.0,17225.0,960.0,17320.0,805.0,17475.0,7214.0,17790.0,2111.0,17655.0,3258.0,16940.0,434.0,17735.0,1061.0,18250.0,1222.0,17870.0,553436.0,17600.0,291950.0,18205.0,945.0,18485.0,5401.0,18675.0,3244.0,18950.0,547832.0,18960.0,3655.0,19370.0,3179.0,19715.0,9117.0,19760.0,3616.0,19815.0,2254.0,20190.0,265529.0,20315.0,7485.0
360140,KODEX 200롱코스닥150숏선물,13905.0,2266.0,14145.0,11647.0,14225.0,28027.0,14265.0,4678.0,14290.0,3886.0,14085.0,9423.0,14910.0,16068.0,14675.0,8445.0,14120.0,17518.0,12375.0,68536.0,12440.0,46531.0,11745.0,37971.0,11505.0,303796.0,11795.0,42404.0,11785.0,18917.0,12140.0,5735.0,12395.0,38458.0,12385.0,323990.0,12705.0,15966.0,12495.0,17869.0,12805.0,26619.0,12920.0,9920.0,13210.0,38903.0,13495.0,152117.0,12935.0,98748.0,13285.0,17836.0,13545.0,34128.0,13760.0,48862.0,14040.0,35897.0,14080.0,48200.0
284430,KODEX 200미국채혼합,18010.0,1511590.0,18080.0,1680659.0,18190.0,1431813.0,18245.0,1601883.0,18310.0,2119884.0,18250.0,1971274.0,18260.0,1797478.0,18375.0,1639424.0,18350.0,1442270.0,18175.0,1677276.0,18390.0,1504098.0,18390.0,1959014.0,18450.0,2100544.0,18600.0,1728846.0,18380.0,1964226.0,18770.0,2079447.0,18900.0,1706097.0,18690.0,1869968.0,18730.0,2216868.0,18905.0,1802472.0,19000.0,1108624.0,19030.0,1317473.0,19115.0,1191354.0,19250.0,1586326.0,19470.0,2008599.0,19680.0,1889529.0,19685.0,2455693.0,19925.0,1959694.0,20010.0,2376079.0,20310.0,2640971.0
252670,KODEX 200선물인버스2X,484.0,1138696492.0,478.0,1019847182.0,462.0,1372080591.0,452.0,1426744147.0,439.0,1430345493.0,447.0,1957438114.0,438.0,2490151834.0,430.0,2043158398.0,423.0,1689046347.0,432.0,1288273013.0,402.0,1831969074.0,387.0,2344412401.0,379.0,3174879233.0,377.0,3358075998.0,420.0,4802917858.0,354.0,3657728072.0,345.0,2686377393.0,375.0,3123286571.0,383.0,4469909984.0,351.0,1923764250.0,350.0,2243145236.0,345.0,1963579411.0,320.0,2347018439.0,320.0,3254134159.0,300.0,2266394863.0,286.0,2282134391.0,283.0,2879558061.0,268.0,2804028657.0,258.0,2950890851.0,235.0,4280935654.0
494890,KODEX 200액티브,19790.0,709453.0,19900.0,181088.0,20215.0,744636.0,20450.0,219462.0,20750.0,250763.0,20575.0,538274.0,20735.0,405571.0,20975.0,452588.0,21095.0,2479505.0,20890.0,629049.0,21615.0,468336.0,22005.0,1025051.0,22215.0,935772.0,22350.0,851470.0,21070.0,1579648.0,22655.0,624023.0,22940.0,810686.0,21980.0,3208092.0,21715.0,1591403.0,22650.0,973501.0,22655.0,425458.0,22850.0,443483.0,23700.0,892816.0,23665.0,1761329.0,24400.0,877109.0,24945.0,696650.0,25155.0,3117745.0,25765.0,1538358.0,26250.0,788721.0,27520.0,1644855.0
498400,KODEX 200타겟위클리커버드콜,15180.0,9411363.0,15015.0,4951688.0,15210.0,5652026.0,15400.0,6922915.0,15560.0,5743517.0,15460.0,7132259.0,15580.0,5155301.0,15770.0,6709580.0,15850.0,5845993.0,15760.0,4808515.0,16220.0,5727507.0,16505.0,6383326.0,16720.0,7300815.0,16745.0,9426135.0,15795.0,13072017.0,16880.0,7052957.0,17115.0,9102833.0,16455.0,14277528.0,16300.0,10552626.0,16950.0,9149272.0,16950.0,7706065.0,17100.0,10619938.0,17350.0,9964567.0,17380.0,9014487.0,17850.0,8261654.0,18265.0,8346844.0,18390.0,8182050.0,18820.0,7668137.0,19170.0,9775178.0,19940.0,12873295.0
0117L0,KODEX 26-12 금융채(AA-이상)액티브,9990.0,15892.0,9990.0,17417.0,9990.0,10292.0,9995.0,43760.0,9995.0,44111.0,9995.0,26180.0,9995.0,14479.0,9995.0,25553.0,9995.0,19868.0,9995.0,8288.0,9995.0,22232.0,9995.0,35979.0,9995.0,17857.0,10000.0,34592.0,10000.0,14251.0,10000.0,28576.0,10000.0,50039.0,10000.0,10783.0,10000.0,10189.0,10000.0,18108.0,10000.0,10051.0,10005.0,8115.0,10005.0,6321.0,10010.0,36245.0,10010.0,24459.0,10015.0,11104.0,10015.0,32835.0,10015.0,15102.0,10015.0,9884.0,10020.0,25045.0
473290,KODEX 26-12 회사채(AA-이상)액티브,10735.0,82846.0,10735.0,64450.0,10730.0,53998.0,10725.0,61246.0,10725.0,65878.0,10725.0,45249.0,10725.0,58706.0,10735.0,53881.0,10735.0,41230.0,10735.0,49302.0,10735.0,27191.0,10730.0,79960.0,10735.0,150906.0,10730.0,44421.0,10727.0,52225.0,10725.0,24235.0,10725.0,84358.0,10730.0,65140.0,10725.0,53457.0,10725.0,97724.0,10730.0,43134.0,10725.0,38185.0,10735.0,43850.0,10735.0,51428.0,10740.0,45116.0,10750.0,32891.0,10745.0,60611.0,10750.0,31540.0,10745.0,43221.0,10745.0,69804.0
0007F0,KODEX 27-12 회사채(AA-이상)액티브,10120.0,41608.0,10125.0,10166.0,10120.0,25168.0,10115.0,9741.0,10110.0,19468.0,10110.0,6818.0,10115.0,27308.0,10110.0,16300.0,10120.0,21348.0,10120.0,49619.0,10125.0,19467.0,10120.0,48107.0,10110.0,15796.0,10110.0,14096.0,10095.0,7891.0,10090.0,74351.0,10085.0,20414.0,10085.0,23451.0,10080.0,27378.0,10075.0,26757.0,10085.0,5993.0,10080.0,36588.0,10090.0,19922.0,10095.0,14825.0,10100.0,14354.0,10105.0,10486.0,10110.0,20465.0,10100.0,29108.0,10120.0,69084.0,10125.0,22621.0
0119H0,KODEX 28-12 회사채(AA-이상)액티브,9945.0,3327.0,9955.0,7122.0,9925.0,25408.0,9925.0,11279.0,9920.0,12070.0,9920.0,9882.0,9925.0,19674.0,9930.0,46286.0,9920.0,7195.0,9935.0,9098.0,9940.0,94458.0,9940.0,96067.0,9925.0,9760.0,9910.0,23396.0,9910.0,23520.0,9895.0,24925.0,9895.0,21632.0,9890.0,18118.0,9885.0,49044.0,9870.0,5755.0,9880.0,11414.0,9885.0,21051.0,9900.0,14290.0,9900.0,27564.0,9900.0,18825.0,9910.0,8802.0,9910.0,20867.0,9910.0,6334.0,9915.0,16914.0,9950.0,252145.0
305720,KODEX 2차전지산업,14930.0,6296684.0,14525.0,4233200.0,14755.0,3909498.0,14380.0,3976623.0,14980.0,5539582.0,15325.0,9482375.0,15100.0,4686352.0,16350.0,13020965.0,16320.0,10630280.0,17095.0,11354796.0,17160.0,8042579.0,18275.0,16854346.0,18185.0,16824701.0,17370.0,13044060.0,16520.0,15187373.0,17200.0,7604579.0,17625.0,6787956.0,17185.0,8691995.0,16560.0,5768695.0,17050.0,4880292.0,16985.0,3780901.0,16910.0,1851175.0,17415.0,4468732.0,16970.0,3791881.0,17890.0,7403482.0,17860.0,6423190.0,17565.0,5113460.0,18315.0,10509825.0,18940.0,11119906.0,19145.0,9055118.0
462330,KODEX 2차전지산업레버리지,1498.0,53335538.0,1409.0,41049389.0,1455.0,42255593.0,1387.0,34608247.0,1500.0,58172020.0,1562.0,82718547.0,1508.0,69658628.0,1767.0,129206473.0,1755.0,107281191.0,1935.0,98705578.0,1946.0,74428996.0,2155.0,81232392.0,2160.0,80036672.0,1985.0,67630224.0,1783.0,124620987.0,1930.0,75766770.0,2030.0,69293524.0,1927.0,88125504.0,1783.0,66841399.0,1887.0,66003170.0,1886.0,47062205.0,1858.0,25896357.0,1969.0,52091783.0,1853.0,43829215.0,2065.0,59169740.0,2075.0,29384426.0,1993.0,33623936.0,2170.0,53403188.0,2305.0,62014976.0,2355.0,58504992.0
461950,KODEX 2차전지핵심소재10,5660.0,2423530.0,5460.0,1602355.0,5580.0,2429813.0,5375.0,1987441.0,5600.0,3419367.0,5740.0,4778744.0,5615.0,3035094.0,6035.0,5926828.0,6050.0,5096058.0,6565.0,7019774.0,6620.0,5359064.0,7240.0,7152275.0,7195.0,6989428.0,6800.0,5000052.0,6565.0,6096856.0,6805.0,3468243.0,6950.0,3536020.0,6770.0,4260183.0,6455.0,4315456.0,6715.0,2457529.0,6655.0,2079616.0,6600.0,1514703.0,6790.0,2578744.0,6585.0,1752711.0,7015.0,2784803.0,6990.0,1716429.0,6880.0,1967419.0,7090.0,2739542.0,7370.0,2669061.0,7460.0,2869850.0
457690,KODEX 33-06 국고채액티브,10765.0,15476.0,10765.0,21586.0,10720.0,67032.0,10740.0,16814.0,10695.0,17281.0,10630.0,22632.0,10665.0,28065.0,10685.0,27046.0,10665.0,32902.0,10705.0,15777.0,10695.0,20284.0,10725.0,12088.0,10680.0,9237.0,10660.0,52792.0,10680.0,19721.0,10635.0,46479.0,10615.0,38540.0,10630.0,12727.0,10620.0,19156.0,10570.0,13471.0,10635.0,39485.0,10665.0,48657.0,10680.0,6425.0,10710.0,20079.0,10720.0,33656.0,10745.0,12514.0,10720.0,20181.0,10700.0,23960.0,10740.0,23706.0,10785.0,10699.0
271060,KODEX 3대농산물선물(H),7615.0,220995.0,7595.0,82580.0,7620.0,36907.0,7590.0,40691.0,7630.0,28744.0,7630.0,27758.0,7650.0,66185.0,7655.0,26653.0,7660.0,36955.0,7820.0,110627.0,7710.0,47655.0,7770.0,81146.0,7825.0,48219.0,7820.0,85677.0,7650.0,85319.0,7750.0,54036.0,7765.0,59217.0,7775.0,87772.0,7920.0,127711.0,7855.0,30705.0,7845.0,48791.0,7900.0,52214.0,7910.0,56117.0,8005.0,82878.0,7990.0,75082.0,8000.0,82891.0,8065.0,94751.0,8015.0,55076.0,8065.0,84045.0,8070.0,128335.0
457700,KODEX 53-09 국고채액티브,11065.0,12801.0,11070.0,4646.0,10950.0,1723.0,10970.0,4264.0,10870.0,26333.0,10675.0,8607.0,10690.0,8860.0,10755.0,8235.0,10695.0,9467.0,10730.0,20219.0,10745.0,7670.0,10785.0,4179.0,10690.0,6349.0,10645.0,13901.0,10640.0,14098.0,10530.0,2331.0,10470.0,7509.0,10490.0,3560.0,10500.0,2311.0,10405.0,7127.0,10470.0,12618.0,10515.0,7352.0,10560.0,5084.0,10630.0,19535.0,10640.0,17641.0,10710.0,10867.0,10675.0,17308.0,10595.0,6289.0,10635.0,5972.0,10760.0,3361.0
395160,KODEX AI반도체,20000.0,5007140.0,20320.0,4224101.0,20580.0,3808927.0,20735.0,5822368.0,20805.0,4359841.0,20305.0,3514711.0,20410.0,4385055.0,20895.0,5115332.0,21000.0,3379498.0,21280.0,6264203.0,22395.0,11886269.0,23770.0,7839784.0,24195.0,7889522.0,25105.0,10248875.0,23065.0,12824279.0,25045.0,7632549.0,25050.0,7891979.0,23800.0,10038140.0,23740.0,6591918.0,24640.0,4419340.0,24115.0,3008402.0,23760.0,2676458.0,24805.0,3357217.0,24540.0,2541377.0,25230.0,2806957.0,25425.0,3542952.0,25485.0,6125986.0,26345.0,6125914.0,26620.0,5996239.0,29020.0,9228593.0
471990,KODEX AI반도체핵심장비,16755.0,823877.0,17205.0,1230454.0,17340.0,980520.0,17295.0,669724.0,17165.0,665026.0,16835.0,878149.0,16545.0,834046.0,17035.0,727594.0,17480.0,845895.0,17700.0,839012.0,18285.0,961614.0,19350.0,1433479.0,19930.0,3110002.0,20750.0,3620348.0,19165.0,2290261.0,20485.0,1802369.0,20545.0,1694736.0,19795.0,1909797.0,19785.0,1385733.0,20510.0,824891.0,20030.0,683534.0,19815.0,704568.0,20650.0,1480166.0,20185.0,853012.0,20790.0,926112.0,20780.0,530411.0,21150.0,815162.0,21530.0,867092.0,21930.0,867351.0,24545.0,2372369.0
487240,KODEX AI전력핵심설비,25370.0,4985668.0,26400.0,6609482.0,26425.0,5604562.0,26715.0,4229622.0,26900.0,3853301.0,27010.0,5788937.0,26470.0,4411564.0,26595.0,3706355.0,26690.0,3337599.0,26535.0,4401665.0,27095.0,4704156.0,27860.0,5657421.0,28140.0,4668233.0,28400.0,6397202.0,25760.0,9481401.0,28065.0,6338497.0,29435.0,7488783.0,28390.0,7249882.0,27210.0,5435701.0,29285.0,5792644.0,28910.0,4974844.0,29825.0,3677541.0,30110.0,3563024.0,29835.0,2979624.0,30310.0,3040046.0,31300.0,3201211.0,33180.0,5700272.0,33725.0,6500173.0,34090.0,7793851.0,35525.0,7896954.0
481050,KODEX CD1년금리플러스액티브(합성),1022755.0,10601.0,1022830.0,8275.0,1023070.0,9051.0,1023160.0,7933.0,1023245.0,16446.0,1023330.0,9018.0,1023410.0,13112.0,1023625.0,16568.0,1023710.0,10996.0,1023790.0,14290.0,1023860.0,15471.0,1023935.0,14429.0,1021615.0,10294.0,1021690.0,10962.0,1021760.0,17250.0,1021835.0,15579.0,1021910.0,11518.0,1022150.0,19156.0,1022230.0,18845.0,1022305.0,14661.0,1022380.0,22244.0,1022460.0,133550.0,1022925.0,13486.0,1023000.0,12388.0,1023225.0,18956.0,1023310.0,12072.0,1023390.0,23825.0,1023470.0,31326.0,1023545.0,40891.0,1021315.0,18340.0
459580,KODEX CD금리액티브(합성),1074635.0,232872.0,1074720.0,245533.0,1074965.0,287482.0,1075050.0,363902.0,1075130.0,417851.0,1075220.0,253185.0,1075305.0,271954.0,1075530.0,251465.0,1075610.0,268105.0,1075690.0,336873.0,1075770.0,386760.0,1075850.0,383028.0,1073495.0,276354.0,1073565.0,274604.0,1073645.0,333843.0,1073730.0,344769.0,1073815.0,312865.0,1074045.0,383620.0,1074130.0,374913.0,1074215.0,340086.0,1074300.0,457151.0,1074385.0,485119.0,1074870.0,367445.0,1074950.0,362445.0,1075185.0,532675.0,1075265.0,342261.0,1075350.0,867694.0,1075435.0,265807.0,1075515.0,365590.0,1073230.0,283889.0
439860,KODEX ESG종합채권(A-이상)액티브,114185.0,251.0,114190.0,4186.0,114055.0,29127.0,113995.0,832.0,113940.0,5975.0,113760.0,3066.0,113735.0,748.0,113795.0,122.0,113805.0,1268.0,113890.0,756.0,113890.0,12131.0,113915.0,576.0,113815.0,25310.0,113700.0,197.0,113710.0,8036.0,113545.0,10612.0,113475.0,238.0,113530.0,1110.0,113485.0,1660.0,113275.0,1929.0,113485.0,1932.0,113465.0,19387.0,113640.0,31290.0,113725.0,2308.0,113730.0,1100.0,113845.0,12950.0,113835.0,374.0,113785.0,598.0,113940.0,256.0,114175.0,3365.0
266370,KODEX IT,33780.0,19557.0,33900.0,26183.0,34350.0,20498.0,34815.0,50780.0,35240.0,33521.0,34635.0,32654.0,34650.0,185399.0,35490.0,78872.0,35635.0,30949.0,35915.0,25861.0,37505.0,67282.0,38860.0,28886.0,39055.0,52271.0,40255.0,52714.0,37520.0,95763.0,40500.0,37204.0,40745.0,53220.0,38755.0,87640.0,38300.0,99103.0,40090.0,24450.0,39645.0,28423.0,39485.0,26838.0,40515.0,44057.0,40505.0,51456.0,42275.0,33567.0,43000.0,13656.0,43635.0,26872.0,45395.0,31363.0,46190.0,28322.0,49490.0,106795.0
368680,KODEX K-뉴딜디지털플러스,9080.0,5867.0,8920.0,1240.0,8940.0,855.0,8905.0,7132.0,8965.0,1100.0,9045.0,9449.0,8660.0,2375.0,8970.0,3321.0,9150.0,3808.0,9370.0,5711.0,9360.0,7980.0,9535.0,7137.0,9495.0,2858.0,9165.0,3372.0,8755.0,12602.0,8995.0,10777.0,9080.0,6185.0,8980.0,6945.0,8730.0,1538.0,8955.0,15982.0,8980.0,795.0,9125.0,1239.0,9235.0,643.0,9070.0,5819.0,9370.0,3675.0,9375.0,4768.0,9350.0,3815.0,9565.0,4501.0,9630.0,8511.0,9770.0,9680.0
423160,KODEX KOFR금리액티브(합성),110750.0,372068.0,110765.0,369787.0,110775.0,405694.0,110800.0,371762.0,110805.0,363728.0,110810.0,367769.0,110820.0,386613.0,110830.0,414242.0,110855.0,384151.0,110860.0,394218.0,110870.0,378270.0,110875.0,77042.0,110630.0,129047.0,110655.0,378944.0,110665.0,398897.0,110670.0,385668.0,110680.0,393139.0,110685.0,437604.0,110710.0,386337.0,110720.0,399926.0,110720.0,382422.0,110730.0,367683.0,110745.0,516277.0,110795.0,434143.0,110805.0,475919.0,110825.0,413833.0,110830.0,374419.0,110835.0,365246.0,110845.0,90695.0,110605.0,168218.0
292190,KODEX KRX300,31335.0,22984.0,31635.0,23819.0,32135.0,41399.0,32325.0,10651.0,32875.0,14795.0,32675.0,12176.0,32755.0,16181.0,33035.0,28998.0,33505.0,21524.0,33240.0,15247.0,34335.0,66711.0,35285.0,44645.0,35610.0,132708.0,35690.0,25593.0,33530.0,84049.0,35985.0,11896.0,36565.0,29748.0,35035.0,29186.0,34575.0,30206.0,36020.0,16347.0,36040.0,187375.0,36375.0,50817.0,37580.0,6923.0,37480.0,9616.0,38745.0,107013.0,39545.0,52371.0,39685.0,30029.0,40700.0,12977.0,41565.0,21451.0,43490.0,66585.0
306950,KODEX KRX300레버리지,44975.0,3149.0,45195.0,5020.0,46695.0,7011.0,47685.0,8579.0,49085.0,6335.0,48300.0,7925.0,48695.0,10791.0,49490.0,4865.0,50660.0,9521.0,50665.0,5239.0,53830.0,9535.0,56300.0,9512.0,57540.0,20635.0,58915.0,8816.0,51240.0,26462.0,58430.0,16687.0,60350.0,40238.0,55180.0,16237.0,53645.0,33353.0,58110.0,11728.0,58400.0,5123.0,59005.0,4184.0,63135.0,11160.0,63185.0,9832.0,66645.0,20828.0,69970.0,8140.0,70585.0,12397.0,74125.0,6911.0,76720.0,22617.0,83640.0,21121.0
229720,KODEX KTOP30,25965.0,7621.0,26080.0,8833.0,26240.0,5697.0,26500.0,25262.0,27065.0,10844.0,26875.0,7790.0,27110.0,8550.0,27345.0,6750.0,27600.0,18341.0,27575.0,8507.0,28120.0,10268.0,28650.0,7636.0,28730.0,9592.0,28500.0,32447.0,27135.0,26726.0,28680.0,6603.0,29200.0,8625.0,27940.0,8434.0,27485.0,11914.0,28630.0,3827.0,28480.0,6334.0,28795.0,5735.0,29670.0,7826.0,29655.0,4015.0,30520.0,11516.0,31270.0,9147.0,31395.0,12814.0,32300.0,18399.0,32830.0,16210.0,34100.0,13965.0
0080G0,KODEX 방산TOP10,13250.0,3790519.0,12930.0,3555621.0,13400.0,3428022.0,12945.0,3461378.0,13295.0,2975731.0,13195.0,4176822.0,13075.0,2943185.0,12770.0,3885858.0,12755.0,4146607.0,12890.0,2566700.0,12750.0,2071764.0,13100.0,2854033.0,13255.0,3089754.0,13155.0,5194381.0,12450.0,4059979.0,13290.0,2327929.0,13645.0,2574479.0,12620.0,3907768.0,12180.0,3794907.0,12540.0,2310370.0,12215.0,2318696.0,12210.0,1393716.0,12335.0,1252756.0,12435.0,1728705.0,12760.0,2162079.0,13500.0,6619652.0,13335.0,3304000.0,13475.0,2550100.0,13390.0,2293394.0,13255.0,2337984.0
0100K0,KODEX 방산TOP10레버리지,14515.0,2256544.0,13700.0,2080074.0,14580.0,2006792.0,13790.0,1455946.0,14370.0,1572997.0,14355.0,2740927.0,13965.0,1176499.0,13320.0,1201269.0,13270.0,966861.0,13555.0,807402.0,13220.0,612136.0,13930.0,892547.0,14230.0,1059916.0,14005.0,1984872.0,12640.0,1261258.0,14200.0,1023239.0,14990.0,1048426.0,12815.0,1485500.0,11885.0,1831829.0,12500.0,805644.0,12020.0,877541.0,11915.0,489223.0,12170.0,312105.0,12265.0,519282.0,13020.0,629791.0,14470.0,1926852.0,14100.0,973766.0,14400.0,1115196.0,14190.0,740911.0,13955.0,667825.0
0098F0,KODEX 원자력SMR,12605.0,771896.0,12890.0,1560047.0,13075.0,866100.0,13745.0,2308948.0,14195.0,1975428.0,14815.0,1804687.0,14585.0,2125479.0,14355.0,2190594.0,14740.0,1845217.0,14585.0,1363029.0,14905.0,2392406.0,14885.0,1216460.0,15415.0,1650489.0,14660.0,2378919.0,14080.0,1428542.0,14970.0,688030.0,15845.0,2222264.0,15290.0,1873391.0,15115.0,1632448.0,15790.0,1413331.0,15645.0,638989.0,16075.0,1265223.0,16125.0,824464.0,16160.0,1797000.0,17115.0,1330012.0,17870.0,5718688.0,18250.0,2897696.0,18300.0,1788373.0,19070.0,3228071.0,19300.0,2469981.0
0115D0,KODEX K조선TOP10,10895.0,1474155.0,10435.0,1773160.0,10775.0,1449437.0,10695.0,1192433.0,11005.0,1063738.0,10875.0,1107644.0,10635.0,1149399.0,10385.0,1404717.0,10585.0,849084.0,10440.0,1141328.0,10465.0,1213656.0,10500.0,1100409.0,10435.0,979948.0,10235.0,1064729.0,9780.0,1311916.0,10250.0,814132.0,10440.0,1009576.0,9960.0,938066.0,9655.0,884073.0,9725.0,708295.0,9645.0,843309.0,9675.0,443038.0,9740.0,612192.0,9715.0,567448.0,10255.0,1169363.0,10770.0,2051806.0,10815.0,1645338.0,10615.0,1141911.0,10670.0,970114.0,10525.0,1062766.0
266360,KODEX K콘텐츠,13400.0,66981.0,13355.0,67192.0,13205.0,82811.0,13030.0,85784.0,13060.0,100495.0,13320.0,121892.0,13000.0,102706.0,13265.0,98345.0,13730.0,251039.0,14125.0,292270.0,14370.0,293104.0,14385.0,270738.0,14570.0,275490.0,14265.0,181763.0,13710.0,196636.0,13780.0,200909.0,13685.0,113312.0,13495.0,133388.0,13265.0,165238.0,13455.0,91535.0,13745.0,132190.0,14000.0,85020.0,13975.0,106281.0,13815.0,84580.0,14025.0,124490.0,14030.0,74660.0,14015.0,70796.0,13945.0,37066.0,13955.0,57718.0,14100.0,119817.0
291890,KODEX MSCI EM선물(H),10825.0,359.0,10855.0,3977.0,10890.0,3229.0,10920.0,2384.0,10910.0,885.0,10950.0,672.0,10855.0,2295.0,10930.0,2459.0,11020.0,289.0,11050.0,932.0,11205.0,1700.0,11445.0,2118.0,11380.0,1982.0,11270.0,15170.0,10860.0,3548.0,11190.0,4563.0,11260.0,4269.0,11020.0,2238.0,11000.0,2347.0,11210.0,2340.0,11320.0,3142.0,11450.0,223.0,11505.0,75.0,11295.0,1954.0,11475.0,1973.0,11405.0,3459.0,11500.0,2158.0,11545.0,429.0,11755.0,824.0,11805.0,3047.0
289040,KODEX MSCI KOREA ESG유니버설,20130.0,8086.0,20280.0,7952.0,20405.0,4059.0,20725.0,30523.0,20975.0,17366.0,20820.0,4790.0,20835.0,12223.0,21135.0,4955.0,21340.0,4273.0,21160.0,3430.0,22100.0,4615.0,22495.0,13371.0,22820.0,1034.0,23125.0,13979.0,21635.0,8989.0,23075.0,4496.0,23505.0,4418.0,22415.0,7531.0,22260.0,31908.0,23210.0,12988.0,23320.0,6051.0,23445.0,4690.0,24165.0,13622.0,24295.0,791.0,24950.0,1460.0,25520.0,446.0,25595.0,3325.0,26450.0,2563.0,26775.0,845.0,28035.0,1266.0
156080,KODEX MSCI Korea,31985.0,4255.0,32245.0,3234.0,32855.0,4139.0,33110.0,14564.0,33715.0,6148.0,33400.0,9555.0,33560.0,10149.0,33910.0,4544.0,34145.0,10291.0,33965.0,4900.0,35210.0,28529.0,35850.0,19894.0,36240.0,5479.0,36370.0,36515.0,34100.0,17986.0,36650.0,6665.0,37160.0,3408.0,35430.0,10400.0,35105.0,29200.0,36505.0,7760.0,36585.0,7401.0,36880.0,8418.0,38265.0,6220.0,38400.0,4350.0,39430.0,2706.0,40445.0,2848.0,40670.0,16521.0,41800.0,7935.0,42600.0,12694.0,44800.0,9322.0
278540,KODEX MSCI Korea TR,23765.0,16030.0,23860.0,13081.0,24215.0,18883.0,24665.0,34049.0,24990.0,24269.0,24715.0,31577.0,24895.0,39531.0,25210.0,18163.0,25200.0,24746.0,25155.0,30031.0,25990.0,33785.0,26615.0,27094.0,26810.0,28686.0,26915.0,59747.0,25305.0,42495.0,27170.0,19344.0,27585.0,15830.0,26390.0,40670.0,26075.0,36338.0,27135.0,51892.0,27130.0,19861.0,27265.0,46141.0,28240.0,27136.0,28410.0,27825.0,29370.0,31014.0,30000.0,46840.0,30190.0,40161.0,30950.0,1026065.0,31650.0,34681.0,33005.0,1049902.0
251350,KODEX MSCI선진국,38100.0,94700.0,38090.0,87161.0,37935.0,80018.0,38180.0,69275.0,38020.0,114311.0,37740.0,102056.0,37405.0,104436.0,37630.0,79730.0,37810.0,65993.0,37120.0,114133.0,37720.0,63095.0,37230.0,85031.0,37050.0,117391.0,37045.0,129505.0,37140.0,124561.0,37540.0,49565.0,37485.0,57878.0,37700.0,67213.0,37245.0,110579.0,37790.0,66016.0,38030.0,51002.0,37915.0,44698.0,37745.0,71296.0,37190.0,64868.0,37490.0,87865.0,37470.0,59876.0,37130.0,95691.0,37295.0,74620.0,37090.0,62309.0,37195.0,103662.0
269420,KODEX S&P글로벌인프라(합성),22170.0,2923.0,22125.0,6121.0,22185.0,4548.0,22280.0,3476.0,22185.0,5450.0,22165.0,4699.0,22380.0,8707.0,22400.0,52670.0,22490.0,8445.0,22035.0,6202.0,22480.0,3516.0,22365.0,37142.0,22410.0,4380.0,22455.0,4957.0,22765.0,8867.0,22540.0,13684.0,22990.0,7498.0,23230.0,5026.0,23120.0,5153.0,23365.0,7417.0,23550.0,2472.0,23650.0,4511.0,23700.0,8312.0,23655.0,12334.0,23990.0,7699.0,24035.0,5364.0,23875.0,5087.0,24215.0,7584.0,23960.0,8175.0,23890.0,6196.0
433970,KODEX TDF2030액티브,13940.0,72163.0,13920.0,66061.0,13870.0,115635.0,13920.0,69368.0,13835.0,95639.0,13765.0,80600.0,13730.0,76426.0,13810.0,84682.0,13815.0,73810.0,13700.0,91224.0,13790.0,71607.0,13745.0,92777.0,13620.0,80021.0,13605.0,81448.0,13630.0,102240.0,13660.0,71230.0,13630.0,89833.0,13675.0,55127.0,13620.0,49835.0,13700.0,203322.0,13760.0,63179.0,13760.0,57912.0,13750.0,38867.0,13655.0,55941.0,13740.0,76954.0,13755.0,62385.0,13695.0,90306.0,13680.0,51353.0,13685.0,67427.0,13740.0,127366.0
433980,KODEX TDF2040액티브,15610.0,83180.0,15575.0,123568.0,15530.0,117418.0,15600.0,86486.0,15515.0,142781.0,15455.0,145799.0,15350.0,112840.0,15460.0,107978.0,15490.0,106992.0,15315.0,171766.0,15415.0,111262.0,15335.0,108415.0,15210.0,133880.0,15225.0,129562.0,15260.0,136490.0,15330.0,95230.0,15280.0,111737.0,15390.0,89895.0,15265.0,99135.0,15430.0,120819.0,15500.0,92298.0,15470.0,114609.0,15450.0,78787.0,15295.0,99165.0,15410.0,106209.0,15415.0,75136.0,15365.0,105992.0,15355.0,88875.0,15340.0,84493.0,15370.0,118299.0
434060,KODEX TDF2050액티브,16800.0,319409.0,16765.0,423556.0,16710.0,334713.0,16805.0,301822.0,16720.0,406274.0,16610.0,416186.0,16535.0,347079.0,16650.0,234831.0,16705.0,353381.0,16460.0,533218.0,16640.0,302748.0,16580.0,362180.0,16405.0,412777.0,16370.0,395761.0,16410.0,362783.0,16525.0,325929.0,16500.0,331998.0,16535.0,302184.0,16440.0,368837.0,16580.0,323426.0,16675.0,202694.0,16685.0,264945.0,16655.0,250064.0,16475.0,309413.0,16615.0,290085.0,16580.0,243575.0,16485.0,353584.0,16500.0,292261.0,16545.0,356176.0,16505.0,507327.0
0082V0,KODEX TDF2060액티브,11320.0,204927.0,11305.0,256686.0,11270.0,167447.0,11340.0,211424.0,11245.0,311541.0,11195.0,279877.0,11165.0,167060.0,11235.0,219075.0,11250.0,192946.0,11080.0,410976.0,11200.0,143938.0,11135.0,195517.0,11015.0,231520.0,10995.0,287392.0,11000.0,264656.0,11140.0,213189.0,11100.0,204409.0,11135.0,189214.0,11050.0,254192.0,11195.0,244354.0,11230.0,217673.0,11200.0,162998.0,11170.0,178352.0,11015.0,219840.0,11110.0,213972.0,11120.0,170058.0,11020.0,248203.0,11055.0,179177.0,11020.0,222542.0,11050.0,315562.0
329650,KODEX TRF3070,14525.0,197898.0,14475.0,149987.0,14450.0,133064.0,14460.0,108772.0,14410.0,126639.0,14370.0,120872.0,14355.0,118279.0,14380.0,128509.0,14380.0,135043.0,14345.0,130347.0,14400.0,111677.0,14335.0,114202.0,14270.0,91887.0,14255.0,97541.0,14350.0,158392.0,14345.0,85768.0,14310.0,131090.0,14315.0,81517.0,14360.0,123428.0,14335.0,96052.0,14370.0,93203.0,14425.0,97040.0,14340.0,114719.0,14315.0,71346.0,14280.0,140846.0,14280.0,155452.0,14290.0,161892.0,14270.0,99782.0,14285.0,141276.0,14305.0,194985.0
329660,KODEX TRF5050,17945.0,83919.0,17960.0,69445.0,17865.0,64049.0,17905.0,111030.0,17815.0,103785.0,17765.0,50326.0,17735.0,49888.0,17790.0,86882.0,17840.0,58319.0,17675.0,67847.0,17800.0,97411.0,17665.0,62389.0,17605.0,53059.0,17580.0,106342.0,17750.0,91721.0,17720.0,29318.0,17705.0,78455.0,17720.0,117805.0,17640.0,180425.0,17770.0,85026.0,17875.0,63612.0,17850.0,72499.0,17720.0,37694.0,17615.0,56873.0,17705.0,99733.0,17635.0,71169.0,17620.0,84174.0,17620.0,75831.0,17615.0,90694.0,17650.0,179379.0
329670,KODEX TRF7030,21850.0,58323.0,21900.0,37356.0,21720.0,37869.0,21775.0,75655.0,21680.0,44750.0,21600.0,43264.0,21500.0,52614.0,21575.0,33302.0,21630.0,33365.0,21405.0,59371.0,21575.0,43711.0,21430.0,44899.0,21335.0,42145.0,21380.0,85717.0,21635.0,43534.0,21590.0,42199.0,21565.0,44618.0,21575.0,40346.0,21480.0,40096.0,21750.0,43434.0,21895.0,31386.0,21810.0,51152.0,21635.0,45292.0,21465.0,70474.0,21590.0,40394.0,21540.0,33413.0,21490.0,33393.0,21475.0,33354.0,21490.0,41835.0,21505.0,76194.0
395170,KODEX Top10동일가중,13085.0,70750.0,13130.0,44714.0,13400.0,59435.0,13450.0,139727.0,14055.0,71306.0,13920.0,87675.0,14150.0,84305.0,14005.0,64947.0,13950.0,56661.0,13745.0,61090.0,13860.0,41278.0,14020.0,32744.0,14195.0,35806.0,14045.0,52147.0,13420.0,63566.0,14080.0,70350.0,14280.0,31640.0,13755.0,94270.0,13570.0,56517.0,13960.0,27637.0,13900.0,20789.0,14070.0,26613.0,14310.0,37953.0,14345.0,19050.0,14720.0,35292.0,15090.0,35801.0,15140.0,57167.0,15330.0,46498.0,15790.0,97949.0,16310.0,94274.0
315930,KODEX Top5PlusTR,49040.0,266446.0,49430.0,77252.0,50095.0,64265.0,50325.0,99987.0,51730.0,127057.0,51305.0,143349.0,52325.0,85643.0,52875.0,90321.0,52930.0,78086.0,52345.0,93094.0,54400.0,112039.0,55415.0,476319.0,56160.0,127806.0,56245.0,112771.0,53150.0,179612.0,57010.0,86551.0,57665.0,82164.0,55225.0,145209.0,55065.0,283589.0,56990.0,144789.0,57365.0,88475.0,58390.0,98688.0,60500.0,92637.0,60100.0,97778.0,61260.0,93830.0,62575.0,65487.0,62920.0,100086.0,64640.0,82409.0,66375.0,1077988.0,69905.0,102681.0
261220,KODEX WTI원유선물(H),13875.0,398156.0,14125.0,387259.0,14000.0,389420.0,13680.0,883792.0,13765.0,130853.0,13830.0,100075.0,13950.0,148782.0,14100.0,275164.0,13940.0,114628.0,14340.0,327278.0,14095.0,192542.0,14625.0,403900.0,14925.0,319063.0,14965.0,555850.0,14355.0,313056.0,14425.0,130170.0,14830.0,310034.0,14840.0,187972.0,14925.0,241571.0,14650.0,124815.0,14960.0,133321.0,15000.0,82731.0,15080.0,105766.0,14590.0,95260.0,15225.0,220559.0,15645.0,253205.0,15375.0,284851.0,15580.0,179746.0,15375.0,394401.0,15305.0,187625.0
271050,KODEX WTI원유선물인버스(H),4160.0,341454.0,4085.0,658748.0,4125.0,532490.0,4205.0,318447.0,4190.0,120844.0,4165.0,55287.0,4135.0,121886.0,4085.0,221393.0,4120.0,287839.0,4015.0,413281.0,4085.0,213310.0,3930.0,861175.0,3855.0,855183.0,3845.0,811389.0,3995.0,709601.0,3980.0,249535.0,3870.0,687231.0,3855.0,398920.0,3835.0,473605.0,3910.0,269750.0,3825.0,492787.0,3820.0,179706.0,3795.0,321815.0,3910.0,662120.0,3755.0,846684.0,3655.0,794564.0,3715.0,636501.0,3665.0,597651.0,3705.0,399686.0,3725.0,416417.0
468370,KODEX iShares미국인플레이션국채액티브,11650.0,13693.0,11695.0,35003.0,11650.0,13228.0,11670.0,16048.0,11630.0,23162.0,11640.0,10582.0,11595.0,30742.0,11615.0,31448.0,11580.0,22206.0,11410.0,46365.0,11425.0,26802.0,11285.0,21891.0,11260.0,26731.0,11360.0,34040.0,11580.0,23612.0,11405.0,17780.0,11450.0,19764.0,11595.0,19061.0,11630.0,24138.0,11545.0,12764.0,11570.0,14722.0,11520.0,28039.0,11430.0,10209.0,11495.0,24502.0,11495.0,34885.0,11525.0,22607.0,11475.0,45730.0,11490.0,29858.0,11385.0,55762.0,11380.0,37058.0
468630,KODEX iShares미국투자등급회사채액티브,12050.0,22675.0,12115.0,38245.0,12095.0,43436.0,12110.0,38793.0,12045.0,45127.0,12055.0,51644.0,11995.0,101110.0,12025.0,67734.0,12025.0,19395.0,11845.0,52520.0,11845.0,66181.0,11670.0,55137.0,11605.0,68461.0,11705.0,69054.0,11960.0,56825.0,11770.0,54014.0,11810.0,43688.0,11950.0,33606.0,12015.0,46699.0,11915.0,73460.0,11945.0,38949.0,11890.0,43843.0,11805.0,32305.0,11880.0,40656.0,11925.0,95818.0,11965.0,44946.0,11905.0,39095.0,11910.0,47227.0,11810.0,42336.0,11750.0,69378.0
468380,KODEX iShares미국하이일드액티브,11970.0,125504.0,12005.0,114723.0,11945.0,180459.0,11970.0,118794.0,11965.0,125864.0,12000.0,78760.0,11940.0,180832.0,11960.0,139777.0,11925.0,151913.0,11720.0,270316.0,11755.0,216233.0,11595.0,279272.0,11515.0,247369.0,11625.0,192287.0,11830.0,242577.0,11630.0,182532.0,11710.0,90596.0,11835.0,160448.0,11840.0,173546.0,11815.0,243738.0,11805.0,105627.0,11745.0,95834.0,11655.0,219310.0,11690.0,161890.0,11715.0,159070.0,11720.0,94448.0,11675.0,170250.0,11685.0,89569.0,11580.0,236818.0,11485.0,184970.0
275290,KODEX 가치주,19725.0,17781.0,20035.0,6667.0,20350.0,2616.0,20645.0,9006.0,20795.0,21965.0,20645.0,14348.0,20720.0,4720.0,20900.0,3961.0,21165.0,6624.0,20935.0,4778.0,21735.0,15436.0,22190.0,8710.0,22515.0,4705.0,22830.0,11054.0,21510.0,99815.0,23000.0,17552.0,23445.0,4010.0,22420.0,4887.0,22255.0,5372.0,23260.0,7346.0,23435.0,3931.0,23615.0,6235.0,24460.0,10074.0,24540.0,18710.0,25225.0,77798.0,25960.0,11762.0,25990.0,11059.0,26510.0,8336.0,27105.0,10799.0,28165.0,12231.0
117700,KODEX 건설,4510.0,632983.0,4640.0,1944901.0,4715.0,777215.0,4855.0,1078994.0,4980.0,864840.0,5135.0,1324682.0,5140.0,981460.0,5080.0,1564389.0,5130.0,1765845.0,5105.0,732198.0,5155.0,831174.0,5265.0,595816.0,5360.0,577659.0,5200.0,474387.0,5110.0,784529.0,5465.0,733761.0,5685.0,797006.0,5550.0,605801.0,5490.0,913138.0,5690.0,1024209.0,5760.0,892109.0,5835.0,1003375.0,5855.0,883029.0,5820.0,820114.0,6090.0,931699.0,6235.0,1086098.0,6270.0,1611782.0,6505.0,762842.0,6825.0,2676088.0,7005.0,1625908.0
300950,KODEX 게임산업,6280.0,220539.0,6375.0,312131.0,6315.0,139880.0,6220.0,193780.0,6215.0,128304.0,6275.0,188844.0,6090.0,204992.0,6275.0,267029.0,6345.0,229116.0,6640.0,853534.0,6875.0,831825.0,6920.0,494825.0,7015.0,768664.0,6885.0,412957.0,6600.0,473251.0,6540.0,396331.0,6550.0,199383.0,6445.0,174486.0,6530.0,233696.0,6500.0,241492.0,6570.0,216902.0,6700.0,254505.0,6690.0,138347.0,6585.0,134558.0,6785.0,223892.0,6780.0,146741.0,6740.0,161497.0,6725.0,148023.0,6805.0,108184.0,6670.0,221274.0
266390,KODEX 경기소비재,10060.0,5256.0,10180.0,6407.0,10320.0,10408.0,10475.0,215166.0,10590.0,3574.0,10730.0,9040.0,10840.0,14372.0,10780.0,100245.0,10855.0,2480.0,10635.0,311619.0,10555.0,4623.0,10635.0,17625.0,10800.0,10262.0,10810.0,17028.0,10580.0,33181.0,10910.0,4361.0,11135.0,303301.0,11095.0,104909.0,10865.0,17760.0,11235.0,6311.0,11720.0,65144.0,12250.0,76747.0,12120.0,78384.0,12090.0,23053.0,12235.0,33370.0,12235.0,7956.0,12595.0,34460.0,12730.0,19009.0,12895.0,22305.0,13050.0,36404.0
279530,KODEX 고배당주,14095.0,392111.0,14265.0,429258.0,14430.0,385948.0,14520.0,476693.0,14740.0,550961.0,14980.0,552103.0,15105.0,526826.0,15105.0,1930275.0,15260.0,358357.0,15030.0,524281.0,15255.0,514449.0,15300.0,552444.0,15745.0,687070.0,15840.0,590224.0,15450.0,892221.0,15970.0,846875.0,16355.0,649323.0,16285.0,815595.0,16415.0,642328.0,16890.0,499369.0,17400.0,929325.0,17790.0,734352.0,18050.0,731275.0,18435.0,938697.0,19070.0,1123484.0,19665.0,1388577.0,19630.0,1117590.0,19250.0,1200102.0,19505.0,641835.0,19615.0,767495.0
132030,KODEX 골드선물(H),26495.0,221228.0,26740.0,257827.0,26575.0,241980.0,26555.0,183607.0,26945.0,178578.0,27195.0,270476.0,28160.0,489528.0,27825.0,429316.0,28555.0,395583.0,29275.0,719190.0,29275.0,532352.0,30240.0,544349.0,32125.0,1138083.0,29680.0,1707381.0,25845.0,2578195.0,27880.0,1053011.0,28965.0,494294.0,28180.0,1265623.0,27760.0,543903.0,28740.0,335438.0,28795.0,167122.0,28940.0,223753.0,28925.0,186967.0,28330.0,285370.0,28590.0,179187.0,28730.0,169402.0,29495.0,399391.0,29585.0,537309.0,29695.0,253313.0,29695.0,247355.0
280940,KODEX 골드선물인버스(H),3320.0,12671.0,3300.0,30433.0,3300.0,9182.0,3325.0,47003.0,3280.0,10152.0,3250.0,14606.0,3145.0,26382.0,3180.0,17739.0,3100.0,25228.0,3020.0,36444.0,3015.0,39233.0,2915.0,48645.0,2730.0,168133.0,2945.0,195661.0,3275.0,408344.0,3015.0,181238.0,2965.0,61392.0,2990.0,76274.0,3065.0,114101.0,2950.0,95050.0,2970.0,11610.0,2965.0,17104.0,2965.0,7245.0,3010.0,20542.0,2990.0,11761.0,2970.0,8715.0,2915.0,16554.0,2890.0,15461.0,2885.0,4563.0,2870.0,13990.0
138910,KODEX 구리선물(H),9490.0,954076.0,9670.0,397107.0,9485.0,1172357.0,9315.0,431370.0,9370.0,362754.0,9300.0,379919.0,9340.0,1024722.0,9205.0,266579.0,9270.0,339283.0,9380.0,1457067.0,9370.0,463501.0,9475.0,543518.0,10060.0,2121745.0,9550.0,3126557.0,8855.0,2196575.0,9510.0,581822.0,9560.0,603360.0,9220.0,544851.0,9135.0,389680.0,9295.0,305505.0,9335.0,208082.0,9395.0,131695.0,9420.0,263558.0,9145.0,885120.0,9135.0,244718.0,9110.0,154148.0,9210.0,264847.0,9310.0,220744.0,9415.0,282950.0,9425.0,209476.0
471230,KODEX 국고채10년액티브,108450.0,33736.0,108490.0,24117.0,107720.0,137633.0,108055.0,29905.0,107435.0,69515.0,106675.0,29948.0,107045.0,26070.0,107495.0,37961.0,107150.0,13002.0,107690.0,28964.0,107735.0,138551.0,107905.0,33385.0,107540.0,15285.0,107070.0,14728.0,107280.0,22411.0,106790.0,26679.0,106520.0,15682.0,106670.0,18244.0,106495.0,13824.0,106110.0,24276.0,106780.0,15707.0,107165.0,18186.0,107445.0,27649.0,107855.0,18137.0,107820.0,29732.0,108125.0,19395.0,107875.0,18964.0,107615.0,25932.0,108115.0,36568.0,108825.0,57665.0
439870,KODEX 국고채30년액티브,108895.0,29714.0,108915.0,21303.0,107620.0,47517.0,107695.0,34555.0,106570.0,29491.0,104455.0,33361.0,104710.0,41284.0,105545.0,26738.0,104540.0,22327.0,105120.0,25585.0,105260.0,20757.0,105460.0,26846.0,104725.0,21347.0,104125.0,29094.0,104095.0,26020.0,102720.0,17998.0,102205.0,18962.0,102550.0,23061.0,102510.0,18083.0,101625.0,25781.0,102315.0,22260.0,102700.0,17267.0,103270.0,23508.0,104115.0,23750.0,104030.0,44286.0,105070.0,20585.0,104450.0,13627.0,103660.0,21417.0,104500.0,35347.0,105925.0,23587.0
114260,KODEX 국고채3년,61775.0,118642.0,61800.0,14879.0,61625.0,58372.0,61700.0,22211.0,61610.0,42029.0,61485.0,29873.0,61580.0,42218.0,61615.0,29679.0,61575.0,31203.0,61690.0,60310.0,61700.0,33413.0,61735.0,76054.0,61660.0,35528.0,61600.0,23375.0,61635.0,20183.0,61555.0,46264.0,61500.0,50973.0,61540.0,46927.0,61485.0,70654.0,61490.0,97477.0,61590.0,30807.0,61645.0,34257.0,61730.0,52095.0,61750.0,38122.0,61750.0,48377.0,61830.0,40042.0,61835.0,59912.0,61795.0,18996.0,61900.0,70842.0,61995.0,131757.0
152380,KODEX 국채선물10년,67470.0,3328.0,67495.0,1976.0,67060.0,15494.0,67165.0,2188.0,66860.0,6029.0,66350.0,4392.0,66590.0,3309.0,66835.0,5066.0,66650.0,3850.0,66995.0,5714.0,67080.0,4761.0,67230.0,6059.0,66980.0,5311.0,66735.0,3590.0,66855.0,456926.0,66555.0,2890.0,66365.0,2845.0,66480.0,142221.0,66330.0,6339.0,66090.0,5505.0,66530.0,3113.0,66795.0,8257.0,66900.0,4020.0,67155.0,6061.0,67195.0,4402.0,67395.0,2728.0,67235.0,3487.0,67115.0,2255.0,67400.0,2831.0,67875.0,8987.0
176950,KODEX 국채선물10년인버스,56775.0,200.0,56755.0,201.0,57115.0,259.0,57050.0,358.0,57360.0,200.0,57385.0,174002.0,57565.0,358.0,57385.0,287.0,57545.0,203.0,57265.0,317.0,57180.0,206.0,57090.0,384.0,57290.0,213.0,57510.0,251.0,57435.0,208.0,57635.0,174215.0,57820.0,763.0,57775.0,302.0,57890.0,180206.0,58115.0,282.0,57700.0,223.0,57525.0,304.0,57415.0,266.0,57180.0,224.0,57200.0,524.0,57065.0,201.0,57215.0,703.0,57310.0,201.0,57095.0,202.0,56710.0,206.0
292770,KODEX 국채선물3년인버스,56405.0,0.0,56405.0,0.0,56510.0,180002.0,56510.0,0.0,56595.0,0.0,56720.0,0.0,56655.0,40.0,56605.0,2.0,56650.0,0.0,56560.0,1.0,56560.0,41.0,56525.0,0.0,56560.0,0.0,56575.0,4.0,56700.0,1.0,56760.0,180002.0,56760.0,73.0,56760.0,0.0,56735.0,3.0,56865.0,180001.0,56745.0,0.0,56705.0,0.0,56645.0,10.0,56620.0,0.0,56620.0,10.0,56615.0,0.0,56615.0,0.0,56615.0,0.0,56570.0,24.0,56450.0,180021.0
276990,KODEX 글로벌로봇(합성),24765.0,21306.0,25070.0,88684.0,25155.0,120153.0,25685.0,116195.0,25270.0,101876.0,24825.0,71303.0,24755.0,23609.0,24865.0,38899.0,25100.0,27670.0,24490.0,29761.0,24780.0,30587.0,24640.0,25934.0,24665.0,25626.0,24195.0,27231.0,24120.0,39179.0,24125.0,22055.0,24475.0,24922.0,24605.0,16924.0,24225.0,21869.0,24755.0,19225.0,25170.0,26521.0,25455.0,13238.0,25150.0,16854.0,25365.0,22289.0,25755.0,25796.0,25900.0,21989.0,25580.0,20985.0,25920.0,29391.0,25805.0,30126.0,25905.0,28762.0
476070,KODEX 글로벌비만치료제TOP2 Plus,12165.0,121740.0,12150.0,80679.0,12200.0,80598.0,11900.0,142289.0,12140.0,149689.0,12140.0,90891.0,12025.0,134253.0,12150.0,56644.0,12375.0,90776.0,12100.0,82757.0,12250.0,139870.0,11995.0,100518.0,11650.0,109020.0,11690.0,132248.0,11840.0,111079.0,11880.0,58996.0,11300.0,109254.0,11705.0,116753.0,11085.0,121601.0,11515.0,56893.0,11500.0,45336.0,11350.0,22421.0,11290.0,39503.0,11360.0,44139.0,11405.0,48089.0,11375.0,58591.0,11245.0,96908.0,11000.0,61191.0,10840.0,71449.0,10650.0,101483.0
0064K0,KODEX 금액티브,14160.0,362763.0,14350.0,398177.0,14205.0,641771.0,14235.0,308701.0,14440.0,469127.0,14615.0,490520.0,15070.0,1014389.0,14875.0,995582.0,15225.0,645483.0,15325.0,1496617.0,15385.0,888085.0,15700.0,1236632.0,16715.0,1457091.0,15610.0,3078540.0,13800.0,4452520.0,14830.0,1557874.0,15455.0,1328133.0,15185.0,1496045.0,14985.0,1278351.0,15425.0,784915.0,15435.0,520339.0,15415.0,507247.0,15325.0,467242.0,15010.0,599040.0,15195.0,605347.0,15255.0,384869.0,15610.0,614943.0,15690.0,949038.0,15585.0,571350.0,15550.0,572186.0
0089D0,KODEX 금융고배당TOP10,10730.0,235955.0,10820.0,248297.0,10860.0,356956.0,10875.0,259388.0,10810.0,309568.0,11120.0,626355.0,11165.0,284633.0,11215.0,232113.0,11375.0,285023.0,11360.0,228688.0,11785.0,362264.0,11670.0,363763.0,11795.0,562910.0,11770.0,498674.0,11540.0,420773.0,12135.0,344792.0,12395.0,647918.0,12395.0,503105.0,12685.0,622857.0,13050.0,502740.0,13460.0,593156.0,13950.0,715876.0,14375.0,731403.0,14225.0,1118289.0,14505.0,876162.0,15050.0,1528582.0,14670.0,1675357.0,14460.0,984020.0,14400.0,1395724.0,14415.0,1409827.0
498410,KODEX 금융고배당TOP10타겟위클리커버드콜,11585.0,685903.0,11725.0,820720.0,11720.0,932844.0,11755.0,731088.0,11670.0,1171106.0,11930.0,1574864.0,11985.0,1017284.0,12040.0,1053332.0,12195.0,1289736.0,12240.0,1415360.0,12605.0,2559121.0,12430.0,2316183.0,12425.0,2035501.0,12345.0,1790187.0,12100.0,2619121.0,12515.0,2081561.0,12750.0,3309575.0,12880.0,2103667.0,13155.0,2356848.0,13470.0,2890857.0,13980.0,2699093.0,14475.0,1986046.0,14810.0,1777339.0,14755.0,2736868.0,14900.0,1973793.0,15420.0,1921534.0,15125.0,2584594.0,14735.0,3155257.0,14690.0,2432108.0,14290.0,1736241.0
102960,KODEX 기계장비,15285.0,26500.0,15175.0,292443.0,15345.0,165426.0,15380.0,39471.0,15710.0,36996.0,15795.0,63628.0,15370.0,184715.0,15530.0,41450.0,15685.0,37233.0,15895.0,100544.0,16105.0,72837.0,16485.0,297263.0,16600.0,42190.0,16290.0,29232.0,15350.0,61647.0,16185.0,25604.0,16740.0,45381.0,15940.0,50798.0,15370.0,75334.0,16005.0,22774.0,15815.0,7976.0,15980.0,12501.0,16130.0,23748.0,15965.0,20358.0,16640.0,31352.0,17205.0,38913.0,17385.0,43853.0,17375.0,28444.0,17545.0,33524.0,17895.0,46868.0
404260,KODEX 기후변화솔루션,17825.0,5576.0,18270.0,4336.0,18920.0,1190.0,18590.0,1011.0,19160.0,1289.0,19020.0,6290.0,19185.0,933.0,19435.0,1655.0,19600.0,1496.0,19375.0,2051.0,19560.0,575.0,20095.0,2094.0,20300.0,3948.0,20195.0,1970.0,19010.0,4627.0,20145.0,9475.0,20840.0,816.0,20070.0,5867.0,19835.0,16534.0,20840.0,1715.0,20740.0,652.0,21005.0,1100.0,21355.0,2096.0,21130.0,1735.0,22385.0,1831.0,22460.0,1262.0,22535.0,1394.0,23005.0,3332.0,23965.0,3095.0,24690.0,8035.0
273140,KODEX 단기변동금리부채권액티브,114905.0,3928.0,114670.0,4763.0,114690.0,2627.0,114700.0,4235.0,114695.0,4123.0,114720.0,22790.0,114720.0,24959.0,114725.0,4930.0,114735.0,3674.0,114735.0,3710.0,114750.0,16348.0,114745.0,15252.0,114735.0,4405.0,114745.0,4863.0,114755.0,3676.0,114765.0,3117.0,114765.0,2304.0,114790.0,3085.0,114815.0,4812.0,114835.0,14656.0,114840.0,3965.0,114850.0,2194.0,114645.0,5315.0,114675.0,6010.0,114690.0,5476.0,114700.0,4327.0,114700.0,6828.0,114725.0,6669.0,114720.0,5169.0,114745.0,7834.0
153130,KODEX 단기채권,113570.0,31417.0,113340.0,30157.0,113365.0,14334.0,113355.0,23554.0,113350.0,25484.0,113355.0,34640.0,113375.0,17453.0,113385.0,15400.0,113390.0,15960.0,113390.0,15667.0,113385.0,31085.0,113395.0,13778.0,113420.0,19494.0,113415.0,21171.0,113415.0,61183.0,113405.0,21306.0,113415.0,16873.0,113430.0,48162.0,113440.0,22602.0,113455.0,17547.0,113470.0,17273.0,113485.0,17139.0,113295.0,27784.0,113315.0,27595.0,113350.0,56125.0,113355.0,31767.0,113360.0,39107.0,113375.0,15248.0,113370.0,29356.0,113405.0,22846.0
214980,KODEX 단기채권PLUS,115050.0,57348.0,114810.0,42468.0,114805.0,41334.0,114815.0,56511.0,114825.0,48965.0,114835.0,72233.0,114835.0,116249.0,114845.0,61170.0,114825.0,35288.0,114845.0,63920.0,114840.0,50363.0,114835.0,67589.0,114825.0,52577.0,114825.0,46908.0,114820.0,65717.0,114815.0,28279.0,114815.0,84557.0,114810.0,70893.0,114840.0,68418.0,114825.0,44841.0,114835.0,34844.0,114865.0,78465.0,114610.0,42874.0,114675.0,37450.0,114720.0,45118.0,114765.0,34700.0,114775.0,85557.0,114775.0,34354.0,114810.0,54989.0,114815.0,55949.0
487950,KODEX 대만테크고배당다우존스,10670.0,20382.0,10885.0,11602.0,10900.0,11039.0,10990.0,12325.0,11060.0,24856.0,10905.0,21174.0,10700.0,13471.0,10905.0,17169.0,10900.0,7431.0,10785.0,16089.0,10860.0,11757.0,10750.0,13062.0,10605.0,17770.0,10765.0,19495.0,10455.0,45330.0,10475.0,25005.0,10510.0,12278.0,10560.0,20578.0,10400.0,21433.0,10465.0,22135.0,10510.0,43151.0,10525.0,14959.0,10445.0,15995.0,10445.0,6885.0,10465.0,9861.0,10525.0,5294.0,10535.0,12878.0,10720.0,22514.0,10700.0,14262.0,10600.0,9820.0
122630,KODEX 레버리지,60140.0,22092048.0,60805.0,18939916.0,62880.0,21379157.0,64310.0,25499904.0,66060.0,21650716.0,65085.0,24990684.0,66115.0,26812708.0,67535.0,24982615.0,68410.0,22363570.0,66995.0,18465412.0,71725.0,21360644.0,74210.0,23522753.0,75905.0,24409873.0,76385.0,23787448.0,67460.0,34945408.0,78000.0,23174792.0,80035.0,25442140.0,73250.0,31486642.0,71605.0,32752546.0,77685.0,21794873.0,77750.0,19184231.0,79090.0,16907347.0,84800.0,18624317.0,84615.0,21068368.0,89800.0,17265544.0,93980.0,18298385.0,95195.0,17474569.0,100005.0,21166603.0,104070.0,22331997.0,113520.0,25655606.0
445290,KODEX 로봇액티브,28620.0,2229541.0,29070.0,1894004.0,30090.0,2574262.0,30440.0,4138716.0,33605.0,4149234.0,33355.0,4867907.0,34110.0,5572950.0,33720.0,5335621.0,33410.0,2759910.0,34840.0,5519335.0,34595.0,2844438.0,35800.0,4860493.0,36880.0,3881394.0,36300.0,5309921.0,34280.0,4143233.0,35810.0,3031901.0,35850.0,2392814.0,34415.0,2693145.0,32950.0,2171943.0,34185.0,1514845.0,34405.0,1868491.0,34660.0,1035450.0,34705.0,1189984.0,34210.0,862063.0,35050.0,2016094.0,34870.0,1558815.0,34810.0,1312639.0,35560.0,1154089.0,37175.0,3593850.0,38650.0,4356704.0
488770,KODEX 머니마켓액티브,103290.0,464383.0,103300.0,438197.0,103310.0,495780.0,103345.0,584358.0,103345.0,696307.0,103355.0,439418.0,103360.0,570302.0,103370.0,611152.0,103395.0,488129.0,103400.0,530931.0,103405.0,577956.0,103410.0,575139.0,103415.0,595575.0,103445.0,608220.0,103450.0,817309.0,103460.0,737323.0,103470.0,484344.0,103480.0,670772.0,103505.0,701474.0,103515.0,739212.0,103525.0,552101.0,103530.0,502250.0,103535.0,797354.0,103590.0,780789.0,103595.0,1142857.0,103625.0,913295.0,103635.0,619714.0,103640.0,521257.0,103650.0,620274.0,103660.0,834599.0
321410,KODEX 멀티에셋하이인컴(H),10585.0,1.0,10595.0,1.0,10620.0,82.0,10645.0,154.0,10530.0,6387.0,10580.0,751.0,10615.0,52.0,10750.0,91.0,10780.0,184.0,10740.0,471.0,10750.0,154.0,10890.0,418.0,10615.0,373.0,10625.0,193.0,10515.0,9.0,10655.0,85.0,10700.0,236.0,10680.0,56.0,10595.0,6.0,10750.0,52.0,10685.0,1144.0,10820.0,214.0,10810.0,151.0,10725.0,455.0,10855.0,331.0,10845.0,25.0,10755.0,2925.0,10840.0,1675.0,10760.0,155.0,10825.0,147.0
337120,KODEX 멀티팩터,22920.0,162.0,23120.0,652.0,23370.0,84.0,23850.0,940.0,23970.0,432.0,24135.0,27.0,23935.0,104.0,24400.0,260.0,24570.0,260.0,24215.0,211.0,25030.0,126.0,25470.0,149.0,25775.0,140.0,25890.0,110.0,24535.0,96.0,25950.0,1419.0,26650.0,2694.0,25530.0,32.0,25185.0,9794.0,26355.0,57.0,26540.0,169.0,26570.0,3.0,27430.0,30.0,27495.0,2095.0,28165.0,257.0,28810.0,1595.0,29060.0,412.0,29840.0,1326.0,30460.0,333.0,31510.0,1172.0
401470,KODEX 메타버스액티브,8290.0,64086.0,8325.0,72823.0,8330.0,57912.0,8285.0,61314.0,8365.0,74695.0,8380.0,66081.0,8235.0,41303.0,8370.0,99925.0,8545.0,142997.0,8770.0,447513.0,8875.0,188704.0,9000.0,168968.0,9100.0,219127.0,9105.0,171933.0,8620.0,384433.0,8850.0,215750.0,8795.0,333741.0,8680.0,55365.0,8605.0,74640.0,8915.0,63185.0,8945.0,62006.0,9050.0,56921.0,9105.0,90386.0,9005.0,56767.0,9315.0,131134.0,9305.0,52847.0,9380.0,83992.0,9425.0,69429.0,9430.0,77194.0,9515.0,107059.0
244620,KODEX 모멘텀Plus,16215.0,1260.0,16370.0,439.0,16350.0,182.0,16480.0,5384.0,16590.0,3625.0,16500.0,470.0,16335.0,1550.0,16475.0,594.0,16755.0,653.0,17115.0,2353.0,17420.0,1747.0,18330.0,6580.0,18685.0,2335.0,18960.0,1289.0,17605.0,4665.0,18730.0,4039.0,18785.0,487.0,18150.0,9006.0,17925.0,10697.0,18705.0,4468.0,18575.0,1382.0,18615.0,2042.0,18925.0,748.0,18795.0,123.0,19390.0,820.0,19725.0,2853.0,19675.0,1402.0,20015.0,462.0,20040.0,4952.0,20720.0,2007.0
275280,KODEX 모멘텀주,27390.0,60098.0,27610.0,929.0,27840.0,1114.0,28290.0,2336.0,28585.0,24694.0,28245.0,4423.0,28250.0,2717.0,28320.0,4546.0,28830.0,1013.0,28490.0,4989.0,29320.0,2909.0,30110.0,15339.0,30545.0,3610.0,30825.0,8460.0,28810.0,45744.0,31005.0,8394.0,31375.0,20118.0,29885.0,7505.0,29425.0,6111.0,30920.0,7174.0,30680.0,8194.0,30800.0,2525.0,31500.0,4328.0,31680.0,7492.0,32650.0,41445.0,33770.0,6645.0,33785.0,24923.0,34430.0,7230.0,35110.0,5034.0,36565.0,3978.0
308620,KODEX 미국10년국채선물,12515.0,218362.0,12575.0,104860.0,12535.0,90050.0,12530.0,84317.0,12480.0,78923.0,12500.0,65713.0,12435.0,80377.0,12440.0,59873.0,12410.0,55652.0,12225.0,124824.0,12220.0,86433.0,12050.0,171712.0,12065.0,253112.0,12170.0,327412.0,12445.0,199634.0,12230.0,125689.0,12280.0,91269.0,12450.0,57468.0,12500.0,132842.0,12395.0,147480.0,12425.0,58128.0,12390.0,96772.0,12300.0,79319.0,12375.0,94728.0,12395.0,128876.0,12410.0,78497.0,12365.0,78763.0,12425.0,68321.0,12300.0,102289.0,12285.0,118136.0
0091C0,KODEX 미국10년국채액티브(H),10020.0,278350.0,9995.0,556857.0,10030.0,171149.0,10015.0,167636.0,9975.0,251925.0,9955.0,331574.0,9910.0,1430396.0,9945.0,550381.0,9965.0,106269.0,9990.0,325906.0,9975.0,80986.0,9975.0,197365.0,9960.0,132857.0,9960.0,119228.0,9995.0,139776.0,9930.0,352875.0,9950.0,55209.0,9965.0,77694.0,10010.0,156816.0,9985.0,92229.0,10030.0,413627.0,10065.0,462829.0,10000.0,130678.0,10050.0,66177.0,10060.0,219206.0,10090.0,339300.0,10080.0,190910.0,10095.0,101954.0,10095.0,169696.0,10090.0,168077.0
484790,KODEX 미국30년국채액티브(H),8865.0,954552.0,8890.0,650071.0,8945.0,1285160.0,8945.0,645855.0,8850.0,871631.0,8790.0,1445231.0,8785.0,1138477.0,8830.0,1575964.0,8885.0,817204.0,8915.0,846002.0,8920.0,837270.0,8875.0,784239.0,8775.0,1081782.0,8765.0,1015339.0,8810.0,1066240.0,8740.0,1100792.0,8760.0,787011.0,8750.0,1072670.0,8835.0,1405001.0,8800.0,759913.0,8855.0,962303.0,8940.0,1207085.0,8900.0,1150275.0,8980.0,1088373.0,9010.0,2298387.0,9050.0,1900989.0,9030.0,1029494.0,9040.0,479833.0,9055.0,1014528.0,9030.0,875378.0
304660,KODEX 미국30년국채울트라선물(H),7620.0,192250.0,7625.0,137883.0,7670.0,117401.0,7670.0,121505.0,7590.0,110580.0,7555.0,131594.0,7540.0,220578.0,7580.0,169427.0,7625.0,198634.0,7640.0,320249.0,7655.0,123452.0,7605.0,353487.0,7555.0,292181.0,7545.0,328349.0,7590.0,174616.0,7545.0,183210.0,7550.0,129596.0,7535.0,87259.0,7605.0,106530.0,7580.0,218940.0,7635.0,118153.0,7695.0,183984.0,7650.0,449478.0,7730.0,178715.0,7775.0,217089.0,7790.0,113451.0,7770.0,67411.0,7800.0,96190.0,7800.0,91058.0,7800.0,88606.0
304670,KODEX 미국30년국채울트라선물인버스(H),11630.0,32.0,11635.0,0.0,11610.0,11.0,11595.0,0.0,11730.0,20022.0,11805.0,10046.0,11795.0,25120.0,11720.0,14.0,11655.0,9.0,11625.0,20.0,11625.0,159.0,11680.0,17.0,11765.0,113.0,11775.0,37.0,11700.0,228.0,11810.0,121.0,11805.0,130.0,11785.0,34.0,11690.0,3.0,11750.0,11.0,11670.0,136.0,11545.0,358.0,11605.0,395.0,11495.0,1946.0,11445.0,1260.0,11420.0,51.0,11455.0,1.0,11425.0,22.0,11425.0,29.0,11380.0,9.0
481060,KODEX 미국30년국채타겟커버드콜(합성 H),8330.0,1370323.0,8245.0,903798.0,8290.0,936397.0,8285.0,876939.0,8245.0,1489030.0,8205.0,937715.0,8170.0,1435533.0,8220.0,1206898.0,8250.0,1113629.0,8290.0,1393407.0,8300.0,823351.0,8285.0,1242985.0,8235.0,892843.0,8220.0,802134.0,8220.0,1035499.0,8195.0,1197032.0,8210.0,897832.0,8215.0,748803.0,8265.0,1462163.0,8255.0,871567.0,8335.0,590863.0,8375.0,876128.0,8270.0,787059.0,8290.0,985639.0,8280.0,1162247.0,8330.0,1333492.0,8310.0,924946.0,8310.0,690859.0,8330.0,769206.0,8355.0,919527.0
0151S0,KODEX 미국AI반도체TOP3플러스,10220.0,3483147.0,10305.0,2677125.0,10265.0,3012549.0,10485.0,2961751.0,10440.0,1870844.0,10395.0,2794420.0,10390.0,1918443.0,10715.0,2255659.0,10690.0,1432024.0,10420.0,1590926.0,10540.0,784274.0,10645.0,1882031.0,10730.0,1381720.0,10740.0,1471262.0,10365.0,1065420.0,10810.0,637132.0,10435.0,1109890.0,10125.0,1245457.0,10015.0,989094.0,10600.0,799325.0,10810.0,1057657.0,10605.0,525884.0,10835.0,1071178.0,10560.0,561854.0,10680.0,463855.0,10685.0,463098.0,10570.0,507530.0,10770.0,711125.0,10780.0,649804.0,10850.0,748211.0
0041D0,KODEX 미국AI소프트웨어TOP10,15600.0,76458.0,15440.0,74296.0,15065.0,130297.0,14910.0,107753.0,14445.0,177746.0,14395.0,121038.0,14150.0,135048.0,13880.0,153307.0,14035.0,86086.0,13765.0,132936.0,14055.0,85557.0,13775.0,169293.0,13525.0,164122.0,13230.0,175175.0,12625.0,153890.0,13220.0,211827.0,12510.0,247246.0,11840.0,203417.0,11360.0,197579.0,11765.0,111086.0,12440.0,139437.0,12350.0,83588.0,11805.0,132172.0,11330.0,167557.0,11790.0,124457.0,11845.0,86846.0,11545.0,165718.0,11235.0,101998.0,11235.0,119279.0,11440.0,113512.0
487230,KODEX 미국AI전력핵심인프라,17940.0,2460173.0,18180.0,1477405.0,17930.0,1769795.0,18375.0,2081948.0,18180.0,1570005.0,17980.0,1713763.0,18160.0,1915562.0,18335.0,1479509.0,18120.0,1537017.0,17480.0,2318241.0,17690.0,2099387.0,18155.0,1842493.0,18405.0,2290197.0,17965.0,1898042.0,17315.0,2343953.0,18055.0,1223329.0,18390.0,1799957.0,17700.0,1906916.0,17375.0,1333689.0,18415.0,3366539.0,18985.0,2924797.0,18745.0,1441836.0,19445.0,2654405.0,18825.0,1302373.0,19450.0,1649477.0,19695.0,2064969.0,19410.0,5921488.0,19730.0,1767541.0,20140.0,5429545.0,20385.0,4030554.0
485540,KODEX 미국AI테크TOP10,15245.0,844622.0,15240.0,802367.0,15030.0,1677363.0,15160.0,1141215.0,14915.0,515241.0,14840.0,989473.0,14680.0,660757.0,14760.0,258028.0,14980.0,378865.0,14760.0,1195865.0,14990.0,336502.0,14960.0,742457.0,14925.0,566267.0,14720.0,728138.0,14630.0,498040.0,14935.0,334831.0,14555.0,551862.0,14270.0,639310.0,13910.0,314541.0,14290.0,998615.0,14520.0,514257.0,14350.0,301797.0,14180.0,277596.0,13840.0,779750.0,13905.0,480795.0,13955.0,455773.0,13905.0,302492.0,13915.0,363189.0,13900.0,631914.0,14010.0,761604.0
483280,KODEX 미국AI테크TOP10타겟커버드콜,12985.0,489851.0,13005.0,342116.0,12855.0,751674.0,12975.0,318058.0,12770.0,865555.0,12730.0,580236.0,12570.0,711708.0,12635.0,601105.0,12820.0,470301.0,12650.0,810311.0,12805.0,554277.0,12750.0,873439.0,12575.0,509518.0,12450.0,655271.0,12430.0,923621.0,12640.0,432625.0,12360.0,816007.0,12140.0,876325.0,11815.0,1056890.0,12135.0,638194.0,12305.0,450021.0,12200.0,332734.0,12055.0,472314.0,11825.0,586099.0,11865.0,749108.0,11905.0,626879.0,11875.0,540725.0,11890.0,407175.0,11870.0,583367.0,11795.0,662660.0
428560,KODEX 미국ETF산업Top10 Indxx,17710.0,6283.0,17730.0,3741.0,17920.0,27661.0,18095.0,8954.0,17975.0,37558.0,18125.0,4668.0,17630.0,8370.0,17750.0,6130.0,17950.0,10160.0,17520.0,10887.0,17700.0,9370.0,17240.0,10848.0,17200.0,12674.0,17195.0,9519.0,17360.0,7071.0,17430.0,9823.0,16490.0,26035.0,16450.0,8192.0,16290.0,7087.0,16245.0,11693.0,16320.0,5277.0,15755.0,27674.0,15280.0,17236.0,15225.0,6608.0,15860.0,23688.0,15665.0,11848.0,15585.0,12294.0,15465.0,8014.0,15765.0,19144.0,15845.0,8934.0
379800,KODEX 미국S&P500,23390.0,10214929.0,23370.0,13869272.0,23220.0,17564022.0,23380.0,17743826.0,23110.0,6606875.0,23070.0,25593018.0,22850.0,29034529.0,23030.0,21845746.0,23130.0,20050764.0,22680.0,17434732.0,22925.0,8901325.0,22695.0,12862043.0,22580.0,13740079.0,22550.0,14203715.0,22705.0,11484502.0,22910.0,15407103.0,22760.0,12986580.0,22890.0,11392323.0,22605.0,18485469.0,22945.0,10348820.0,23005.0,9341861.0,22855.0,7672668.0,22720.0,11616813.0,22325.0,15160538.0,22575.0,13067516.0,22575.0,10936501.0,22400.0,8923698.0,22405.0,7590160.0,22335.0,12176825.0,22415.0,14463034.0
449180,KODEX 미국S&P500(H),15795.0,957340.0,15745.0,564367.0,15715.0,1164867.0,15780.0,229981.0,15605.0,316106.0,15535.0,424336.0,15460.0,805419.0,15590.0,501283.0,15695.0,547436.0,15650.0,443918.0,15795.0,366362.0,15860.0,395786.0,15790.0,371439.0,15625.0,343158.0,15475.0,440550.0,15800.0,335102.0,15645.0,433614.0,15530.0,332747.0,15335.0,385895.0,15655.0,514996.0,15715.0,229030.0,15705.0,224542.0,15715.0,210574.0,15390.0,444506.0,15555.0,348945.0,15545.0,228586.0,15490.0,361586.0,15465.0,346719.0,15560.0,369456.0,15655.0,534796.0
453660,KODEX 미국S&P500경기소비재,19775.0,4593.0,19780.0,20540.0,19420.0,33875.0,19520.0,16436.0,19235.0,13018.0,19240.0,5018.0,18990.0,7585.0,19305.0,9158.0,19480.0,3264.0,19120.0,15014.0,19150.0,2705.0,18875.0,6521.0,18775.0,4607.0,18600.0,2559.0,18800.0,3393.0,19075.0,1869.0,18890.0,5332.0,18940.0,2164.0,18575.0,2670.0,18605.0,3512.0,18480.0,6076.0,18560.0,4316.0,18330.0,2388.0,18060.0,6990.0,18275.0,3072.0,18100.0,7754.0,18115.0,4730.0,17935.0,4820.0,18010.0,3409.0,17860.0,5260.0
453650,KODEX 미국S&P500금융,20030.0,43984.0,19725.0,44261.0,19620.0,85855.0,19690.0,48580.0,19535.0,29505.0,19540.0,61918.0,19260.0,26618.0,19295.0,16875.0,19380.0,20334.0,18785.0,31887.0,19040.0,27817.0,18590.0,33733.0,18535.0,23726.0,18760.0,26690.0,18920.0,39962.0,19200.0,112246.0,18995.0,32056.0,19425.0,26401.0,19175.0,15467.0,19420.0,11526.0,19225.0,12684.0,19070.0,11558.0,18700.0,22112.0,18270.0,23811.0,18735.0,40738.0,18630.0,79590.0,18490.0,51271.0,17990.0,55016.0,17880.0,55347.0,18120.0,40890.0
0005A0,KODEX 미국S&P500데일리커버드콜OTM,10075.0,187928.0,10100.0,123604.0,10030.0,181610.0,10100.0,100747.0,9985.0,383475.0,9970.0,256964.0,9895.0,282835.0,9975.0,183541.0,9995.0,179256.0,9845.0,406595.0,9905.0,210942.0,9790.0,393559.0,9675.0,155809.0,9675.0,131432.0,9705.0,225396.0,9840.0,146851.0,9780.0,218250.0,9820.0,137034.0,9745.0,248569.0,9830.0,247480.0,9840.0,152760.0,9805.0,190829.0,9735.0,248961.0,9615.0,377511.0,9690.0,191652.0,9690.0,190329.0,9625.0,288191.0,9605.0,209313.0,9585.0,347852.0,9480.0,238363.0
276970,KODEX 미국S&P500배당귀족커버드콜(합성 H),7760.0,39930.0,7815.0,39838.0,7940.0,38110.0,7960.0,31045.0,7895.0,40609.0,7860.0,16190.0,7910.0,17763.0,7930.0,13585.0,7930.0,10451.0,7870.0,27448.0,7880.0,43698.0,7880.0,18597.0,7810.0,25841.0,7860.0,36605.0,7915.0,38484.0,7970.0,16031.0,8130.0,68125.0,8165.0,38502.0,8115.0,29736.0,8210.0,34803.0,8170.0,21969.0,8215.0,20523.0,8265.0,29570.0,8240.0,22813.0,8185.0,57838.0,8155.0,35007.0,8185.0,31796.0,8220.0,26952.0,8220.0,23202.0,8160.0,23829.0
0026E0,KODEX 미국S&P500버퍼3월액티브,11165.0,16197.0,11190.0,2659.0,11140.0,4091.0,11200.0,2353.0,11115.0,4975.0,11145.0,24384.0,11155.0,648.0,11175.0,175.0,11150.0,557.0,10965.0,914.0,10990.0,469.0,10835.0,1861.0,10835.0,4611.0,10890.0,937.0,10960.0,7481.0,11005.0,2834.0,11135.0,1084.0,11140.0,5093.0,11110.0,5765.0,11125.0,1662.0,11100.0,114.0,11090.0,1275.0,11020.0,2027.0,10920.0,6462.0,11040.0,1254.0,11000.0,7126.0,10940.0,621.0,10980.0,1213.0,10895.0,1083.0,10870.0,6023.0
0068M0,KODEX 미국S&P500버퍼6월액티브,11800.0,2276.0,11810.0,126.0,11835.0,225.0,11860.0,22.0,11780.0,748.0,11920.0,1121.0,11700.0,554.0,11705.0,4951.0,11750.0,127.0,11600.0,40.0,11700.0,181.0,11530.0,109.0,11465.0,5028.0,11490.0,351.0,11510.0,655.0,11690.0,128.0,11560.0,280.0,11710.0,852.0,11560.0,27.0,11655.0,102.0,11735.0,59.0,11640.0,526.0,11530.0,185.0,11420.0,262.0,11535.0,61.0,11600.0,754.0,11570.0,316.0,11600.0,208.0,11480.0,388.0,11495.0,211.0
0089C0,KODEX 미국S&P500변동성확대시커버드콜,11370.0,11540.0,11355.0,4501.0,11290.0,7717.0,11365.0,5621.0,11240.0,4683.0,11205.0,3657.0,11125.0,4422.0,11100.0,4959.0,11185.0,20517.0,10960.0,13002.0,11115.0,15824.0,10950.0,16164.0,10960.0,25932.0,10950.0,10431.0,11070.0,11670.0,11150.0,5997.0,11070.0,13691.0,11105.0,11971.0,10955.0,17203.0,11010.0,16440.0,11000.0,8105.0,10970.0,17082.0,10910.0,2396.0,10710.0,5927.0,10850.0,8110.0,10830.0,7376.0,10740.0,17509.0,10790.0,4965.0,10710.0,7686.0,10760.0,10774.0
200030,KODEX 미국S&P500산업재(합성),41430.0,4726.0,41760.0,3209.0,41580.0,3195.0,42120.0,4170.0,42040.0,7221.0,42000.0,4149.0,41480.0,8542.0,42320.0,6457.0,42005.0,6971.0,40660.0,9167.0,41035.0,6393.0,40525.0,29288.0,40295.0,7383.0,40705.0,3866.0,41215.0,13784.0,41985.0,84337.0,42435.0,15053.0,42895.0,7084.0,42725.0,10163.0,43660.0,9297.0,43625.0,4359.0,43695.0,5498.0,43595.0,3788.0,42845.0,5355.0,43785.0,8420.0,44210.0,4491.0,43505.0,9594.0,43645.0,5353.0,43710.0,13912.0,42970.0,10614.0
219480,KODEX 미국S&P500선물(H),30440.0,8405.0,30315.0,23371.0,30300.0,7756.0,30370.0,10087.0,30040.0,19243.0,29925.0,9459.0,29770.0,8223.0,30040.0,7091.0,30250.0,14548.0,30125.0,33263.0,30410.0,15897.0,30545.0,42032.0,30480.0,10824.0,30180.0,16424.0,29885.0,24879.0,30500.0,31652.0,30210.0,12164.0,30000.0,10687.0,29615.0,33719.0,30200.0,9481.0,30335.0,4646.0,30290.0,14388.0,30320.0,9430.0,29690.0,9761.0,29985.0,11558.0,29995.0,11528.0,29885.0,12562.0,29835.0,14068.0,30035.0,15547.0,30225.0,15423.0
0041E0,KODEX 미국S&P500액티브,14515.0,85499.0,14520.0,48901.0,14425.0,70915.0,14520.0,59433.0,14370.0,82536.0,14370.0,58635.0,14220.0,53605.0,14350.0,69184.0,14435.0,44170.0,14130.0,86212.0,14255.0,58103.0,14195.0,139745.0,14260.0,84300.0,14235.0,67449.0,14225.0,54877.0,14420.0,88327.0,14385.0,47364.0,14390.0,95418.0,14060.0,40949.0,14405.0,117616.0,14505.0,63727.0,14385.0,334362.0,14330.0,36774.0,14055.0,60063.0,14305.0,51809.0,14300.0,55927.0,14160.0,87825.0,14190.0,46464.0,14165.0,66612.0,14275.0,66156.0
218420,KODEX 미국S&P500에너지(합성),15885.0,42334.0,16190.0,53192.0,16495.0,87380.0,16420.0,30694.0,16365.0,65912.0,16340.0,24693.0,16390.0,37476.0,16625.0,55117.0,16750.0,38932.0,16715.0,46517.0,16720.0,49648.0,16570.0,44671.0,16845.0,65270.0,16915.0,46900.0,16915.0,85214.0,16875.0,30564.0,17515.0,56847.0,17935.0,107462.0,17785.0,105214.0,18180.0,39949.0,18265.0,56188.0,18240.0,43188.0,18530.0,63854.0,17970.0,54767.0,18510.0,69998.0,18685.0,117537.0,18300.0,79883.0,18560.0,68866.0,18330.0,45081.0,18125.0,43871.0
463640,KODEX 미국S&P500유틸리티,14680.0,5343.0,14765.0,10296.0,14790.0,26253.0,14975.0,14481.0,14725.0,10523.0,14705.0,1838.0,14745.0,15271.0,14720.0,5946.0,14605.0,18401.0,14235.0,8220.0,14425.0,8294.0,14430.0,15321.0,14290.0,3158.0,14350.0,6929.0,14415.0,4079.0,14285.0,4553.0,14480.0,4028.0,14570.0,9482.0,14570.0,5756.0,14650.0,3116.0,14640.0,1138.0,14870.0,5256.0,14825.0,2740.0,15125.0,7877.0,15385.0,10012.0,15590.0,4158.0,15360.0,7876.0,15550.0,6692.0,15620.0,2835.0,15580.0,6985.0
463690,KODEX 미국S&P500커뮤니케이션,19780.0,1344.0,19760.0,733.0,19700.0,3032.0,19705.0,868.0,19200.0,2700.0,19285.0,443.0,19165.0,986.0,19290.0,2328.0,19590.0,2145.0,19285.0,581.0,19610.0,3715.0,19190.0,15621.0,19240.0,1830.0,19540.0,5573.0,19940.0,6270.0,19910.0,1931.0,19575.0,878.0,19590.0,530.0,19635.0,8057.0,19415.0,5070.0,19515.0,793.0,19535.0,1010.0,19260.0,1444.0,18955.0,974.0,19055.0,3908.0,19140.0,963.0,19090.0,4988.0,19100.0,2784.0,19045.0,2515.0,18905.0,4707.0
463680,KODEX 미국S&P500테크놀로지,18800.0,40593.0,18790.0,33106.0,18510.0,41755.0,18725.0,42270.0,18420.0,45746.0,18435.0,31335.0,18220.0,47280.0,18350.0,30546.0,18415.0,24480.0,18135.0,66775.0,18540.0,30885.0,18555.0,33259.0,18535.0,46549.0,18220.0,47599.0,17950.0,44356.0,18330.0,28141.0,17870.0,31626.0,17640.0,27149.0,17255.0,52396.0,17890.0,17161.0,18070.0,10604.0,17915.0,26278.0,17850.0,22492.0,17370.0,33578.0,17425.0,55623.0,17470.0,83525.0,17355.0,45450.0,17370.0,28187.0,17325.0,34122.0,17570.0,42762.0
453630,KODEX 미국S&P500필수소비재,12575.0,28297.0,12730.0,24137.0,12860.0,34116.0,12940.0,33458.0,12770.0,11951.0,12735.0,13640.0,12970.0,28278.0,12915.0,14583.0,12870.0,10900.0,12645.0,23127.0,12770.0,6109.0,12595.0,28142.0,12440.0,20604.0,12390.0,14311.0,12795.0,59417.0,12915.0,17534.0,13225.0,37191.0,13525.0,83411.0,13495.0,67399.0,13535.0,45014.0,13465.0,35020.0,13340.0,22030.0,13510.0,56020.0,13610.0,97871.0,13485.0,48291.0,13370.0,24471.0,13290.0,29533.0,13610.0,31327.0,13575.0,31513.0,13350.0,30812.0
453640,KODEX 미국S&P500헬스케어,14110.0,62290.0,14070.0,55157.0,14125.0,61833.0,14075.0,70712.0,13815.0,69029.0,13820.0,55620.0,13950.0,52958.0,14115.0,45994.0,14100.0,44820.0,13775.0,86954.0,13930.0,79969.0,13455.0,170388.0,13350.0,104480.0,13275.0,69519.0,13525.0,118734.0,13665.0,43683.0,13515.0,62343.0,13870.0,73639.0,13695.0,122244.0,13955.0,172767.0,13795.0,57413.0,13670.0,41315.0,13645.0,35523.0,13610.0,35457.0,13775.0,53835.0,13730.0,43617.0,13570.0,58583.0,13865.0,41964.0,13650.0,60161.0,13585.0,65355.0
185680,KODEX 미국S&P바이오(합성),39240.0,7413.0,39370.0,6831.0,40170.0,6978.0,39540.0,6617.0,39000.0,8024.0,38965.0,4737.0,39600.0,9767.0,40350.0,15845.0,41400.0,6531.0,39450.0,12971.0,39630.0,4039.0,39360.0,3699.0,38320.0,17402.0,38595.0,7525.0,38350.0,9504.0,39435.0,4977.0,39475.0,4203.0,39090.0,3652.0,37795.0,6912.0,39300.0,5406.0,39175.0,1339.0,39000.0,4393.0,38455.0,3517.0,37775.0,3701.0,38845.0,6104.0,38990.0,5791.0,38050.0,6506.0,39290.0,14045.0,39600.0,3092.0,39015.0,9272.0
0028X0,KODEX 미국금융테크액티브,12795.0,26257.0,12725.0,48646.0,12630.0,14577.0,12605.0,10229.0,12470.0,9996.0,12470.0,10774.0,12340.0,9547.0,12350.0,17565.0,12535.0,9852.0,12200.0,20704.0,12295.0,14098.0,12000.0,31208.0,11900.0,26166.0,11925.0,84056.0,11760.0,23481.0,11850.0,6190.0,11360.0,47050.0,11315.0,12322.0,11165.0,37402.0,11385.0,15348.0,11540.0,19815.0,11615.0,27644.0,11250.0,19853.0,10785.0,23818.0,11225.0,20504.0,11245.0,11854.0,11140.0,13823.0,10880.0,11935.0,10925.0,9952.0,10975.0,19082.0
379810,KODEX 미국나스닥100,25250.0,1981010.0,25245.0,3686098.0,24980.0,3804932.0,25155.0,1827864.0,24815.0,3650085.0,24750.0,3026383.0,24555.0,5853275.0,24795.0,5517934.0,24955.0,6183749.0,24515.0,7286980.0,24840.0,3541520.0,24755.0,4018679.0,24705.0,4305026.0,24495.0,3332612.0,24405.0,4044015.0,24815.0,4179380.0,24390.0,4852500.0,24280.0,5266382.0,23885.0,3774634.0,24295.0,6968712.0,24420.0,3702380.0,24245.0,3870535.0,24130.0,2686637.0,23620.0,5025146.0,23940.0,3951846.0,23900.0,4969645.0,23700.0,5250056.0,23730.0,5322779.0,23715.0,6965220.0,23915.0,5268660.0
449190,KODEX 미국나스닥100(H),19695.0,306949.0,19650.0,155619.0,19540.0,288764.0,19630.0,150801.0,19330.0,337642.0,19255.0,230664.0,19190.0,232238.0,19395.0,201145.0,19570.0,175917.0,19540.0,269426.0,19800.0,235953.0,20020.0,408651.0,19940.0,302651.0,19590.0,416749.0,19180.0,438574.0,19745.0,256286.0,19340.0,500885.0,19015.0,554928.0,18680.0,748195.0,19120.0,375908.0,19240.0,141444.0,19205.0,106126.0,19250.0,195615.0,18765.0,642611.0,19010.0,264791.0,18965.0,181527.0,18900.0,436980.0,18890.0,210945.0,19050.0,281065.0,19260.0,480341.0
494300,KODEX 미국나스닥100데일리커버드콜OTM,10300.0,767185.0,10325.0,655618.0,10230.0,1184791.0,10305.0,696336.0,10205.0,1299082.0,10155.0,1059007.0,10065.0,1411362.0,10175.0,1061896.0,10200.0,1004364.0,10050.0,2158019.0,10170.0,1077746.0,10125.0,1737153.0,9975.0,1305931.0,9905.0,1333174.0,9840.0,1321329.0,10055.0,1103701.0,9930.0,1673142.0,9895.0,1166405.0,9800.0,1421490.0,9910.0,1225125.0,9935.0,938617.0,9890.0,976139.0,9865.0,905542.0,9675.0,1675115.0,9795.0,1141535.0,9780.0,1071980.0,9730.0,1730951.0,9730.0,1256160.0,9770.0,1650752.0,9580.0,1903541.0
409820,KODEX 미국나스닥100레버리지(합성 H),16210.0,175918.0,16140.0,85398.0,15955.0,148079.0,16075.0,110546.0,15600.0,183694.0,15455.0,112409.0,15360.0,140635.0,15640.0,163254.0,15960.0,125879.0,15890.0,172604.0,16310.0,211915.0,16650.0,232704.0,16620.0,215447.0,16085.0,227382.0,15380.0,296773.0,16285.0,211777.0,15645.0,256885.0,15095.0,385129.0,14565.0,410058.0,15220.0,308063.0,15445.0,162365.0,15390.0,63238.0,15440.0,85099.0,14685.0,327432.0,14975.0,169849.0,14970.0,93596.0,14830.0,124189.0,14840.0,98117.0,15060.0,139462.0,15410.0,163066.0
304940,KODEX 미국나스닥100선물(H),28825.0,7337.0,28755.0,6725.0,28600.0,15834.0,28695.0,8044.0,28255.0,11035.0,28140.0,12567.0,28065.0,10891.0,28370.0,13506.0,28630.0,9008.0,28595.0,7798.0,28950.0,9783.0,29250.0,58958.0,29205.0,26670.0,28675.0,10805.0,28080.0,74933.0,28890.0,12975.0,28310.0,8539.0,27825.0,55976.0,27355.0,21391.0,27970.0,57573.0,28150.0,4640.0,28100.0,10392.0,28140.0,5133.0,27430.0,23992.0,27785.0,24675.0,27755.0,14329.0,27655.0,11667.0,27625.0,17176.0,27845.0,14535.0,28175.0,5140.0
409810,KODEX 미국나스닥100선물인버스(H),6295.0,50289.0,6320.0,35922.0,6355.0,67754.0,6330.0,129389.0,6435.0,109611.0,6455.0,106569.0,6475.0,158481.0,6410.0,118774.0,6350.0,46187.0,6355.0,147524.0,6275.0,180895.0,6210.0,204031.0,6215.0,87648.0,6360.0,229796.0,6490.0,217219.0,6285.0,184083.0,6425.0,89051.0,6525.0,181320.0,6645.0,1225639.0,6490.0,165678.0,6450.0,55630.0,6455.0,236428.0,6430.0,61255.0,6645.0,314248.0,6525.0,96845.0,6535.0,299922.0,6565.0,288073.0,6575.0,207751.0,6520.0,63548.0,6445.0,131826.0
411420,KODEX 미국나스닥AI테크액티브,21055.0,37711.0,21245.0,21370.0,20900.0,36288.0,21170.0,20841.0,21020.0,37876.0,21050.0,59090.0,21240.0,42901.0,21670.0,45229.0,21675.0,24043.0,20960.0,45508.0,20920.0,36801.0,21470.0,129961.0,21935.0,117231.0,21850.0,60630.0,20965.0,84549.0,22055.0,44377.0,22290.0,52590.0,21005.0,105774.0,20465.0,64238.0,21590.0,27317.0,21965.0,16716.0,21485.0,12270.0,21850.0,91685.0,21515.0,31993.0,22105.0,37696.0,22285.0,30745.0,22075.0,34590.0,22380.0,37847.0,22410.0,30932.0,22765.0,75866.0
455030,KODEX 미국달러SOFR금리액티브(합성),12680.0,193556.0,12715.0,113959.0,12650.0,132521.0,12675.0,78992.0,12680.0,115409.0,12715.0,117224.0,12670.0,224414.0,12660.0,119198.0,12610.0,84898.0,12410.0,280755.0,12420.0,110884.0,12255.0,323789.0,12245.0,111130.0,12350.0,138758.0,12550.0,330737.0,12420.0,197142.0,12460.0,96200.0,12605.0,164697.0,12620.0,182242.0,12550.0,171204.0,12525.0,122555.0,12465.0,66776.0,12385.0,97270.0,12410.0,120183.0,12430.0,102272.0,12445.0,105527.0,12390.0,123195.0,12400.0,115640.0,12300.0,229558.0,12230.0,262282.0
261240,KODEX 미국달러선물,14945.0,193090.0,14980.0,128552.0,14910.0,164036.0,14945.0,123163.0,14950.0,56710.0,14990.0,163915.0,14925.0,175120.0,14910.0,110023.0,14865.0,68437.0,14620.0,160013.0,14655.0,118127.0,14440.0,219270.0,14465.0,115934.0,14610.0,187001.0,14850.0,272166.0,14685.0,182689.0,14720.0,96638.0,14905.0,98219.0,14910.0,108716.0,14840.0,87104.0,14810.0,61385.0,14730.0,152172.0,14655.0,69269.0,14680.0,63720.0,14710.0,108120.0,14710.0,45782.0,14655.0,60532.0,14680.0,38050.0,14550.0,93951.0,14515.0,133772.0
261250,KODEX 미국달러선물레버리지,17860.0,157003.0,17960.0,105466.0,17800.0,93446.0,17835.0,80823.0,17875.0,52712.0,17985.0,69637.0,17825.0,90616.0,17790.0,95911.0,17710.0,60000.0,17105.0,133617.0,17160.0,59685.0,16665.0,148963.0,16750.0,95098.0,17080.0,100586.0,17650.0,170723.0,17215.0,76588.0,17335.0,54991.0,17750.0,100499.0,17760.0,59634.0,17595.0,38331.0,17540.0,107638.0,17350.0,37591.0,17105.0,97157.0,17225.0,71463.0,17240.0,70331.0,17280.0,30170.0,17140.0,73290.0,17170.0,18720.0,16880.0,82078.0,16820.0,250525.0
261270,KODEX 미국달러선물인버스,7615.0,62885.0,7595.0,111501.0,7630.0,132095.0,7615.0,65944.0,7605.0,42341.0,7590.0,56508.0,7630.0,150385.0,7630.0,84669.0,7655.0,42122.0,7775.0,255323.0,7760.0,127250.0,7875.0,180566.0,7855.0,82473.0,7790.0,50718.0,7660.0,81062.0,7750.0,34332.0,7720.0,10443.0,7635.0,100855.0,7630.0,153806.0,7665.0,34750.0,7675.0,38238.0,7725.0,39769.0,7765.0,101255.0,7755.0,56080.0,7740.0,48057.0,7745.0,42178.0,7770.0,91379.0,7760.0,128243.0,7830.0,46279.0,7845.0,128391.0
261260,KODEX 미국달러선물인버스2X,4815.0,476471.0,4790.0,558558.0,4825.0,1321354.0,4805.0,982764.0,4810.0,873613.0,4785.0,410289.0,4835.0,597294.0,4830.0,300681.0,4865.0,177825.0,5035.0,1021576.0,5005.0,278802.0,5155.0,981958.0,5125.0,296714.0,5040.0,258332.0,4870.0,348707.0,4980.0,411091.0,4960.0,314932.0,4835.0,705535.0,4830.0,387858.0,4870.0,349167.0,4900.0,409638.0,4940.0,155233.0,4995.0,475832.0,4970.0,171115.0,4970.0,114271.0,4955.0,81932.0,5010.0,250279.0,4990.0,72167.0,5085.0,303064.0,5110.0,435500.0
0144M0,KODEX 미국드론UAM TOP10,11700.0,387880.0,11595.0,136176.0,11775.0,344619.0,11960.0,336582.0,12125.0,289058.0,12050.0,348247.0,11745.0,174914.0,11415.0,332705.0,11350.0,150173.0,10835.0,250525.0,10590.0,195516.0,10640.0,376596.0,10305.0,385475.0,9945.0,241103.0,9585.0,246579.0,9480.0,271733.0,9750.0,100090.0,9280.0,118081.0,8720.0,98438.0,9510.0,309716.0,9590.0,125244.0,9340.0,555061.0,9115.0,148391.0,8995.0,109895.0,9640.0,202897.0,9925.0,248669.0,9405.0,220727.0,9370.0,129675.0,9360.0,183496.0,9250.0,171053.0
280930,KODEX 미국러셀2000(H),15180.0,63792.0,15195.0,26940.0,15350.0,45575.0,15475.0,69814.0,15315.0,59023.0,15255.0,45881.0,15345.0,122655.0,15585.0,43036.0,15710.0,47363.0,15350.0,86412.0,15420.0,44961.0,15435.0,39714.0,15300.0,43643.0,15130.0,42261.0,14830.0,54867.0,15255.0,183497.0,15275.0,34314.0,15100.0,41244.0,14930.0,23149.0,15405.0,75020.0,15470.0,26408.0,15475.0,20851.0,15420.0,34788.0,14985.0,32086.0,15270.0,25311.0,15360.0,24491.0,15170.0,39340.0,15105.0,24843.0,15250.0,19609.0,15290.0,26429.0
0048J0,KODEX 미국머니마켓액티브,14770.0,947146.0,14805.0,828496.0,14735.0,797208.0,14775.0,688833.0,14765.0,790748.0,14820.0,583586.0,14755.0,947294.0,14745.0,525978.0,14705.0,716818.0,14450.0,1475984.0,14475.0,576748.0,14270.0,1380439.0,14245.0,717432.0,14385.0,655353.0,14635.0,1261516.0,14450.0,806948.0,14515.0,421790.0,14685.0,922004.0,14685.0,1023189.0,14620.0,762397.0,14605.0,359416.0,14520.0,671976.0,14425.0,600284.0,14485.0,603391.0,14480.0,698272.0,14500.0,402855.0,14440.0,456669.0,14460.0,320422.0,14340.0,875172.0,14245.0,859713.0
390390,KODEX 미국반도체,39340.0,744259.0,39540.0,651610.0,39660.0,1023941.0,40375.0,1269464.0,39960.0,344129.0,39780.0,952200.0,39660.0,812270.0,40555.0,1092842.0,40300.0,518473.0,39330.0,546273.0,39850.0,537672.0,40735.0,593849.0,40890.0,673493.0,40370.0,581864.0,39125.0,797588.0,40620.0,530538.0,39310.0,816694.0,38710.0,1538633.0,38430.0,1337953.0,40005.0,984184.0,40495.0,4110325.0,40240.0,1916585.0,41005.0,1016182.0,40220.0,334865.0,40795.0,583951.0,40595.0,346237.0,40300.0,600622.0,40865.0,951780.0,41000.0,1441795.0,41420.0,1342965.0
489250,KODEX 미국배당다우존스,11500.0,268569.0,11525.0,348898.0,11685.0,341129.0,11730.0,280120.0,11615.0,334902.0,11595.0,406944.0,11540.0,381815.0,11720.0,177794.0,11715.0,241823.0,11485.0,575407.0,11540.0,213207.0,11400.0,580127.0,11425.0,284808.0,11495.0,263639.0,11770.0,472324.0,11860.0,357945.0,12075.0,418474.0,12450.0,616527.0,12475.0,536568.0,12605.0,561192.0,12520.0,437351.0,12525.0,386833.0,12530.0,294665.0,12420.0,423162.0,12485.0,456169.0,12505.0,561107.0,12405.0,401613.0,12425.0,177302.0,12350.0,332926.0,12265.0,322511.0
483290,KODEX 미국배당다우존스타겟커버드콜,9805.0,147544.0,9865.0,128857.0,10030.0,230227.0,10060.0,107848.0,9940.0,280913.0,9945.0,101136.0,9940.0,115870.0,10060.0,168122.0,10065.0,109667.0,9900.0,196184.0,9875.0,195831.0,9795.0,212713.0,9650.0,140557.0,9725.0,128148.0,9990.0,318710.0,10070.0,134921.0,10240.0,264148.0,10585.0,336453.0,10610.0,256444.0,10735.0,232851.0,10650.0,142767.0,10630.0,194449.0,10675.0,235891.0,10570.0,153403.0,10670.0,153689.0,10715.0,208320.0,10630.0,185367.0,10660.0,129951.0,10610.0,205703.0,10410.0,144497.0
441640,KODEX 미국배당커버드콜액티브,13065.0,1394607.0,12920.0,1627630.0,12900.0,1635929.0,12970.0,874102.0,12920.0,1785889.0,12905.0,1571503.0,12795.0,1991459.0,12865.0,1613899.0,12875.0,1485010.0,12650.0,2959757.0,12745.0,1103153.0,12580.0,2588843.0,12580.0,1752263.0,12660.0,1242104.0,12735.0,1924553.0,12905.0,1256292.0,12975.0,1294941.0,13130.0,1958007.0,13060.0,2086490.0,13240.0,1447233.0,13235.0,1529222.0,13205.0,1706637.0,12995.0,1826918.0,12840.0,1683491.0,12910.0,1330586.0,12895.0,1592347.0,12845.0,2137767.0,12790.0,1433352.0,12730.0,1679687.0,12685.0,1619986.0
352560,KODEX 미국부동산리츠(H),11585.0,17881.0,11645.0,14252.0,11815.0,95478.0,11905.0,123048.0,11925.0,40657.0,12000.0,30550.0,11830.0,27945.0,11830.0,25757.0,11735.0,14836.0,11750.0,39435.0,11725.0,12997.0,11720.0,13051.0,11610.0,39147.0,11700.0,81186.0,11665.0,40550.0,11620.0,21573.0,11605.0,13360.0,11720.0,69725.0,11710.0,20484.0,11920.0,28322.0,11955.0,37152.0,12140.0,33968.0,12085.0,22917.0,12020.0,36449.0,12170.0,21831.0,12135.0,16969.0,12220.0,30501.0,12255.0,15222.0,12310.0,10764.0,12150.0,27602.0
314250,KODEX 미국빅테크10(H),54325.0,161956.0,54215.0,108296.0,53595.0,695579.0,53590.0,117759.0,52660.0,93917.0,52330.0,102896.0,51670.0,91162.0,51870.0,72285.0,52495.0,48180.0,52715.0,79129.0,53705.0,78535.0,54250.0,138480.0,53690.0,95484.0,52310.0,116681.0,51240.0,113558.0,53210.0,95253.0,51705.0,103465.0,50515.0,103925.0,48710.0,104786.0,50100.0,132306.0,50780.0,83199.0,50600.0,45103.0,50140.0,75817.0,48380.0,86204.0,49130.0,101105.0,49200.0,81911.0,48785.0,59319.0,48250.0,102873.0,48490.0,87696.0,49425.0,149203.0
473460,KODEX 미국서학개미,24525.0,251173.0,24590.0,155596.0,24435.0,123442.0,24470.0,213064.0,24005.0,251331.0,23975.0,226922.0,23665.0,214472.0,23795.0,186394.0,24100.0,201574.0,23635.0,232246.0,23720.0,226523.0,23465.0,338018.0,23505.0,344354.0,23000.0,306761.0,22740.0,253896.0,23185.0,335095.0,22815.0,172967.0,22170.0,245736.0,21435.0,200326.0,22390.0,305360.0,22595.0,160839.0,22315.0,101711.0,22170.0,108164.0,21535.0,128558.0,21730.0,153005.0,21845.0,209372.0,21565.0,141291.0,21550.0,137730.0,21600.0,139494.0,21945.0,641017.0
0144L0,KODEX 미국성장커버드콜액티브,10030.0,752386.0,10055.0,707977.0,9985.0,1622202.0,10030.0,935185.0,9940.0,1806686.0,9905.0,995385.0,9800.0,1776901.0,9845.0,1018921.0,9905.0,730812.0,9755.0,1791025.0,9840.0,711670.0,9785.0,1317134.0,9675.0,856663.0,9590.0,1037217.0,9600.0,737455.0,9730.0,685924.0,9625.0,1050804.0,9625.0,778564.0,9500.0,817078.0,9640.0,899854.0,9670.0,443649.0,9590.0,657300.0,9525.0,707838.0,9390.0,871793.0,9430.0,772048.0,9440.0,526185.0,9365.0,870326.0,9365.0,504402.0,9345.0,919598.0,9280.0,698153.0
390400,KODEX 미국스마트모빌리티S&P,7730.0,40222.0,7735.0,24006.0,7775.0,5383.0,7780.0,2442.0,7630.0,5310.0,7660.0,7852.0,7600.0,5371.0,7725.0,8170.0,7925.0,20818.0,7610.0,6025.0,7500.0,11289.0,7485.0,3802.0,7430.0,5556.0,7285.0,14154.0,7110.0,5840.0,7180.0,7243.0,7255.0,5574.0,7275.0,12186.0,7070.0,8285.0,7340.0,6622.0,7420.0,45027.0,7375.0,12878.0,7410.0,3515.0,7220.0,2325.0,7300.0,4499.0,7320.0,2607.0,7240.0,9330.0,7245.0,6435.0,7290.0,8692.0,7160.0,4837.0
0132H0,KODEX 미국원자력SMR,12365.0,560787.0,12275.0,573783.0,12490.0,512562.0,12600.0,711320.0,12830.0,586305.0,12870.0,927632.0,12685.0,872253.0,13015.0,666052.0,12980.0,611580.0,12595.0,876814.0,12260.0,474318.0,12590.0,284346.0,13145.0,544317.0,12525.0,424163.0,11720.0,445970.0,11860.0,344159.0,12390.0,273021.0,11395.0,665197.0,10770.0,313825.0,11525.0,208529.0,11955.0,175874.0,11505.0,266264.0,11115.0,545054.0,10850.0,263107.0,11090.0,307212.0,11265.0,323817.0,10975.0,312673.0,11030.0,153572.0,11110.0,240322.0,11050.0,243077.0
437080,KODEX 미국종합채권ESG액티브(H),101020.0,39881.0,101220.0,34314.0,101345.0,29564.0,101380.0,9361.0,100950.0,16618.0,100790.0,30514.0,100815.0,15943.0,101000.0,15436.0,101200.0,6927.0,101260.0,120365.0,101215.0,23793.0,101180.0,31675.0,100635.0,23481.0,100560.0,32102.0,100940.0,18419.0,100585.0,33372.0,100650.0,20406.0,100685.0,12724.0,101045.0,20210.0,100760.0,42613.0,101090.0,26792.0,101350.0,16676.0,101215.0,13957.0,101410.0,36936.0,101630.0,21774.0,101790.0,20859.0,101810.0,45494.0,101815.0,23707.0,101725.0,54125.0,101405.0,26037.0
419420,KODEX 미국클린에너지나스닥,9490.0,14110.0,9645.0,29829.0,9575.0,4182.0,9550.0,32060.0,9545.0,8018.0,9535.0,7967.0,9515.0,23460.0,9780.0,11722.0,9905.0,7046.0,9570.0,18347.0,9535.0,7492.0,9530.0,12488.0,9760.0,13680.0,9445.0,29484.0,9290.0,23201.0,9450.0,8297.0,9690.0,23190.0,9495.0,17311.0,8940.0,18127.0,9615.0,6328.0,9690.0,7956.0,9585.0,5578.0,9645.0,7015.0,9300.0,4234.0,9680.0,11979.0,9575.0,6042.0,9370.0,8256.0,9500.0,6867.0,9810.0,9569.0,9670.0,15578.0
491090,KODEX 미국테크TOP3플러스,16770.0,23073.0,16800.0,22875.0,16600.0,20431.0,16725.0,29801.0,16435.0,21751.0,16425.0,24837.0,16160.0,18198.0,16220.0,20252.0,16365.0,14078.0,16180.0,13829.0,16500.0,31754.0,16525.0,19584.0,16510.0,25377.0,16255.0,25087.0,16215.0,26104.0,16515.0,11105.0,16140.0,20814.0,16150.0,6530.0,16180.0,8213.0,16300.0,77609.0,16425.0,99573.0,16320.0,10823.0,16160.0,38792.0,15755.0,164503.0,15870.0,49009.0,15825.0,10798.0,15775.0,18332.0,15905.0,7298.0,15900.0,8606.0,16040.0,13061.0
0038A0,KODEX 미국휴머노이드로봇,16600.0,458199.0,16605.0,433251.0,16520.0,465168.0,16600.0,523412.0,16315.0,746610.0,16280.0,544535.0,16080.0,610584.0,16370.0,483885.0,16465.0,587103.0,16125.0,746069.0,16175.0,425449.0,16035.0,725685.0,16005.0,803051.0,15840.0,748084.0,15715.0,593222.0,16225.0,631928.0,16125.0,517977.0,15805.0,392256.0,15445.0,462818.0,15970.0,474320.0,16200.0,297142.0,16130.0,256797.0,16035.0,467861.0,15695.0,532955.0,15965.0,299404.0,15930.0,348938.0,15790.0,380910.0,15810.0,379194.0,15830.0,437810.0,15960.0,463427.0
244580,KODEX 바이오,12350.0,1737610.0,12125.0,1522820.0,12155.0,1232308.0,12320.0,2992607.0,12230.0,1097670.0,12215.0,1710376.0,11600.0,5089705.0,11820.0,2208206.0,12460.0,2872920.0,13160.0,8956064.0,13210.0,4966744.0,13555.0,3898737.0,13805.0,4681341.0,13435.0,2522118.0,12975.0,3851188.0,13435.0,1361336.0,13435.0,966468.0,12975.0,1450918.0,12410.0,2677627.0,12880.0,898601.0,12900.0,805347.0,13150.0,1198642.0,13155.0,980318.0,12970.0,833376.0,13600.0,2131644.0,13365.0,892574.0,13670.0,2055637.0,13930.0,2960453.0,13745.0,1635268.0,13935.0,2118298.0
091160,KODEX 반도체,69400.0,1824862.0,70550.0,1578952.0,71150.0,1657298.0,71675.0,1833306.0,72310.0,1832650.0,70500.0,2147511.0,70705.0,2107019.0,72025.0,1598295.0,72200.0,1527427.0,73445.0,1543965.0,78105.0,3276521.0,82950.0,4176306.0,84845.0,5575681.0,88200.0,6523636.0,81250.0,7339805.0,88780.0,4538084.0,88800.0,4022917.0,84000.0,7651692.0,84420.0,6620964.0,88570.0,4763351.0,86705.0,2558936.0,85825.0,2696638.0,89400.0,3526801.0,88745.0,3819770.0,91585.0,3666997.0,92945.0,3322481.0,92385.0,3095128.0,95695.0,3672786.0,96215.0,4637406.0,105185.0,6409597.0
494310,KODEX 반도체레버리지,37475.0,2449459.0,38500.0,2195539.0,39295.0,2216693.0,40165.0,2700030.0,40620.0,2401979.0,38610.0,3404056.0,38820.0,2846377.0,40005.0,2247671.0,40550.0,2268044.0,41700.0,2246098.0,46900.0,2621404.0,52660.0,3854632.0,54775.0,5992885.0,59700.0,8866445.0,50220.0,9213361.0,58790.0,5320221.0,58735.0,4660998.0,53370.0,5966296.0,53255.0,6959741.0,58130.0,4666233.0,55695.0,2905659.0,54725.0,2637097.0,58480.0,3484068.0,57730.0,3619567.0,62055.0,2665964.0,63470.0,2857877.0,63100.0,2229629.0,67205.0,2833387.0,68155.0,2846229.0,80400.0,6490196.0
325020,KODEX 배당가치,21430.0,24024.0,21700.0,60265.0,22035.0,25815.0,22130.0,63660.0,22660.0,33081.0,22920.0,44423.0,23400.0,107515.0,23280.0,157843.0,23365.0,31826.0,23180.0,35842.0,23660.0,43308.0,23700.0,59081.0,23830.0,36425.0,23475.0,57574.0,22705.0,53409.0,23870.0,29336.0,24515.0,44424.0,24080.0,30333.0,23910.0,38217.0,24485.0,54388.0,24985.0,20485.0,25620.0,77461.0,26260.0,65941.0,26320.0,34295.0,26725.0,126512.0,27320.0,43529.0,27265.0,54426.0,27455.0,42313.0,28235.0,40062.0,28960.0,42009.0
244670,KODEX 밸류Plus,10345.0,3692.0,10580.0,5847.0,10555.0,7471.0,10585.0,3944.0,10555.0,1375.0,10730.0,2250.0,10625.0,630.0,10750.0,1827.0,11010.0,1503.0,10940.0,2882.0,10965.0,1634.0,11155.0,3017.0,11310.0,2776.0,11470.0,4856.0,11040.0,7113.0,11490.0,1289.0,11905.0,4616.0,11900.0,6140.0,11685.0,1879.0,12020.0,3779.0,12580.0,16430.0,12600.0,13913.0,12690.0,10537.0,12750.0,10830.0,12985.0,12762.0,12935.0,15245.0,13135.0,10202.0,13175.0,8926.0,13230.0,2907.0,12920.0,10908.0
140700,KODEX 보험,12225.0,174052.0,12345.0,329781.0,12335.0,155306.0,12580.0,460115.0,12520.0,217307.0,12915.0,627117.0,12965.0,317057.0,12975.0,397089.0,13180.0,331614.0,13145.0,197499.0,13385.0,97296.0,13475.0,1304113.0,13770.0,237813.0,13740.0,131743.0,13265.0,153724.0,13645.0,117043.0,14335.0,490429.0,14255.0,516459.0,14260.0,354089.0,14650.0,438483.0,15075.0,317954.0,15495.0,234118.0,15990.0,303129.0,16080.0,677269.0,16265.0,274814.0,17875.0,2728067.0,17565.0,3918477.0,17055.0,1646382.0,17280.0,1043891.0,17305.0,559333.0
102780,KODEX 삼성그룹,15480.0,511702.0,15500.0,478996.0,15800.0,503452.0,16045.0,745865.0,16200.0,635626.0,16160.0,871955.0,16210.0,851720.0,16480.0,977270.0,16560.0,868588.0,16505.0,679735.0,16870.0,926646.0,17055.0,847792.0,17035.0,1017310.0,16930.0,1366981.0,16070.0,1468393.0,17175.0,1172572.0,17515.0,1148962.0,16850.0,943227.0,16515.0,1221782.0,17205.0,1082087.0,17375.0,634664.0,17430.0,459374.0,18090.0,749900.0,17975.0,1069777.0,18715.0,1116817.0,19100.0,896892.0,19365.0,1268349.0,19705.0,801036.0,20205.0,1074764.0,20860.0,1521874.0
213610,KODEX 삼성그룹밸류,14350.0,35327.0,14425.0,34161.0,14645.0,26639.0,14860.0,134015.0,14945.0,125327.0,14955.0,52755.0,15010.0,48043.0,15135.0,71226.0,15230.0,99327.0,15270.0,58670.0,15580.0,61491.0,15835.0,71997.0,15720.0,80930.0,15630.0,76637.0,14960.0,113611.0,15950.0,57352.0,16235.0,50145.0,15650.0,60389.0,15510.0,52540.0,16070.0,48535.0,16290.0,45569.0,16300.0,30358.0,16875.0,49708.0,16850.0,50420.0,17400.0,65837.0,17835.0,70934.0,18030.0,87455.0,18250.0,87102.0,18705.0,75937.0,19255.0,109732.0
448330,KODEX 삼성전자채권혼합,13940.0,1439534.0,13960.0,1239703.0,14080.0,1270844.0,14230.0,1683144.0,14235.0,1774150.0,14100.0,1820157.0,14210.0,1851372.0,14305.0,2079295.0,14305.0,1783937.0,14350.0,1730819.0,14515.0,2807336.0,14620.0,3357779.0,14585.0,2947746.0,14595.0,3289176.0,14245.0,3646109.0,14715.0,2754073.0,14770.0,2563087.0,14535.0,2690301.0,14500.0,2626643.0,14715.0,1736208.0,14730.0,1372800.0,14745.0,1565803.0,15050.0,3596153.0,15125.0,2966641.0,15305.0,3197473.0,15355.0,2849900.0,15420.0,3600687.0,15590.0,3168717.0,15710.0,4967235.0,16045.0,5972464.0
325010,KODEX 성장주,27505.0,27382.0,27610.0,28445.0,27930.0,40075.0,28300.0,35262.0,28500.0,22364.0,28245.0,21405.0,28000.0,42312.0,28500.0,67674.0,28860.0,10379.0,28895.0,6557.0,29965.0,8187.0,30865.0,63431.0,31280.0,11447.0,31575.0,74563.0,29605.0,39610.0,31485.0,8704.0,32000.0,12752.0,30455.0,22649.0,29930.0,23497.0,31310.0,33146.0,31110.0,12587.0,31135.0,34668.0,31910.0,23640.0,31780.0,7445.0,32885.0,62942.0,33730.0,7474.0,33965.0,74099.0,34970.0,5093.0,35380.0,51423.0,36910.0,6137.0
385510,KODEX 신재생에너지액티브,30940.0,99680.0,31140.0,134281.0,31480.0,98623.0,31370.0,107152.0,31930.0,265632.0,32350.0,303624.0,31600.0,145213.0,32630.0,206239.0,32910.0,311471.0,33015.0,123530.0,33580.0,170675.0,34575.0,1155708.0,35165.0,262670.0,34375.0,179291.0,32520.0,145262.0,34620.0,78681.0,37070.0,460202.0,35920.0,243289.0,35650.0,156713.0,37595.0,196315.0,36895.0,208953.0,37420.0,129062.0,37655.0,91097.0,36990.0,116053.0,39075.0,220366.0,38950.0,325669.0,39265.0,182276.0,40230.0,176385.0,40465.0,229454.0,41085.0,236735.0
446690,KODEX 아시아AI반도체exChina액티브,32520.0,734.0,33135.0,3283.0,33055.0,1198.0,33775.0,3258.0,33955.0,4634.0,33605.0,9739.0,33515.0,1253.0,34530.0,17673.0,34835.0,3860.0,34970.0,5439.0,36385.0,1054.0,37735.0,20963.0,37600.0,6998.0,38370.0,4295.0,36200.0,6278.0,38150.0,3171.0,38060.0,994.0,36540.0,5486.0,36450.0,3414.0,38580.0,12889.0,39075.0,70689.0,39360.0,4047.0,39735.0,16710.0,39705.0,5589.0,40435.0,5476.0,40510.0,9806.0,40835.0,6669.0,42925.0,11725.0,43735.0,13550.0,44960.0,10138.0
437070,KODEX 아시아달러채권ESG플러스액티브,64990.0,2334.0,65250.0,725.0,65020.0,722.0,65120.0,573.0,64940.0,1736.0,65005.0,4077.0,64665.0,1967.0,64815.0,1422.0,64655.0,503.0,63620.0,664.0,63725.0,855.0,62840.0,2026.0,62650.0,919.0,63115.0,494.0,64355.0,3469.0,63490.0,755.0,63730.0,187.0,64630.0,2832.0,64785.0,3750.0,64285.0,2826.0,64275.0,1158.0,64240.0,622.0,63600.0,1362.0,63960.0,1402.0,64280.0,1626.0,64245.0,158.0,63965.0,245.0,64085.0,163.0,63510.0,1158.0,63100.0,1144.0
117460,KODEX 에너지화학,13555.0,83610.0,13450.0,120081.0,13700.0,106510.0,13600.0,81324.0,13820.0,68129.0,14105.0,162319.0,13940.0,106649.0,14415.0,125491.0,14590.0,125027.0,14630.0,93475.0,14575.0,76913.0,14865.0,129573.0,14945.0,143445.0,14680.0,150034.0,13930.0,118105.0,14475.0,87824.0,15130.0,137170.0,14745.0,146302.0,14535.0,93932.0,15145.0,88137.0,15200.0,67006.0,15345.0,72451.0,15755.0,127717.0,15495.0,71072.0,16295.0,92717.0,16575.0,138341.0,16470.0,125025.0,16935.0,154421.0,17265.0,203311.0,17265.0,139554.0
275300,KODEX 우량주,18160.0,15087.0,18290.0,8787.0,18490.0,16284.0,18740.0,16151.0,18940.0,40653.0,18695.0,14523.0,18720.0,13457.0,18980.0,10924.0,19050.0,11365.0,18885.0,7583.0,19675.0,12396.0,20175.0,27653.0,20420.0,7557.0,20735.0,22418.0,19465.0,103628.0,20785.0,32975.0,21010.0,10773.0,20035.0,14118.0,19680.0,30132.0,20580.0,18864.0,20500.0,23393.0,20600.0,10571.0,21160.0,19404.0,21260.0,20787.0,21855.0,59981.0,22400.0,21101.0,22600.0,20695.0,23210.0,10672.0,23690.0,21601.0,24915.0,23787.0
140710,KODEX 운송,6525.0,156406.0,6575.0,238775.0,6625.0,109786.0,6625.0,128917.0,6725.0,75347.0,6750.0,142331.0,6705.0,93473.0,6765.0,117061.0,6660.0,82322.0,6550.0,77873.0,6525.0,47884.0,6570.0,53015.0,6725.0,98922.0,6595.0,41087.0,6535.0,74159.0,6680.0,77453.0,6770.0,55322.0,6710.0,97295.0,6645.0,84206.0,6770.0,119240.0,7065.0,613186.0,7210.0,375212.0,7230.0,129063.0,7200.0,139997.0,7365.0,156680.0,7440.0,112776.0,7445.0,91709.0,7490.0,81043.0,7700.0,234744.0,7735.0,139116.0
395150,KODEX 웹툰&드라마,2965.0,168876.0,2990.0,128740.0,2965.0,196056.0,2925.0,125581.0,2900.0,103328.0,2955.0,134926.0,2900.0,182098.0,2960.0,117565.0,3035.0,338647.0,3095.0,269770.0,3125.0,247640.0,3155.0,148358.0,3195.0,190601.0,3160.0,174738.0,2970.0,200523.0,3035.0,81652.0,3020.0,108081.0,3015.0,95206.0,2955.0,204217.0,3035.0,126087.0,3135.0,199841.0,3180.0,266081.0,3185.0,107339.0,3105.0,145442.0,3130.0,73862.0,3100.0,69036.0,3110.0,52625.0,3075.0,102436.0,3040.0,54586.0,3045.0,123233.0
456250,KODEX 유럽명품TOP10 STOXX,11665.0,13725.0,11625.0,9857.0,11495.0,6308.0,11310.0,10277.0,11020.0,12208.0,10775.0,49922.0,10640.0,12732.0,10680.0,46691.0,10780.0,18839.0,10630.0,15924.0,10645.0,17486.0,10510.0,6145.0,10175.0,25981.0,10145.0,10269.0,10250.0,20150.0,10220.0,11196.0,10130.0,11304.0,10315.0,14074.0,10355.0,16862.0,10390.0,12657.0,10400.0,22779.0,10660.0,19989.0,10475.0,29342.0,10625.0,9107.0,10355.0,15645.0,10220.0,15541.0,10490.0,16539.0,10540.0,17098.0,10460.0,19216.0,10370.0,17273.0
400570,KODEX 유럽탄소배출권선물ICE(H),12375.0,23327.0,12445.0,18849.0,12620.0,22168.0,12615.0,19617.0,12580.0,11566.0,12140.0,38451.0,11705.0,26147.0,11995.0,9675.0,12125.0,12385.0,12115.0,7055.0,11990.0,15441.0,12110.0,9564.0,11860.0,24842.0,11500.0,14618.0,11215.0,12032.0,11455.0,9542.0,11265.0,18286.0,11310.0,38456.0,10805.0,14021.0,10900.0,10943.0,11160.0,5759.0,10890.0,17718.0,10895.0,5694.0,10125.0,71363.0,10005.0,43106.0,9855.0,30167.0,10115.0,21404.0,9925.0,37526.0,9915.0,18913.0,9995.0,38238.0
144600,KODEX 은선물(H),14395.0,9378673.0,15275.0,11975505.0,15075.0,26146825.0,15365.0,8795292.0,15825.0,7215082.0,15945.0,7829370.0,16085.0,8737150.0,15920.0,10067161.0,16775.0,11481642.0,18220.0,25136746.0,18620.0,31656191.0,19350.0,15862159.0,20355.0,15687343.0,18500.0,24166517.0,12950.0,55558679.0,14160.0,25225006.0,14560.0,18819626.0,13130.0,39928968.0,12280.0,30725278.0,13595.0,11072019.0,13575.0,9698234.0,13700.0,4673040.0,13935.0,9069412.0,12735.0,14132009.0,12995.0,7052282.0,13120.0,7157570.0,14460.0,9793045.0,14650.0,11413163.0,15045.0,8488262.0,14875.0,11169360.0
091170,KODEX 은행,12660.0,404691.0,12785.0,612628.0,12760.0,924651.0,12770.0,540414.0,12725.0,619518.0,13050.0,1506676.0,13135.0,1172907.0,13245.0,812771.0,13410.0,1076880.0,13385.0,881566.0,13875.0,1340758.0,13665.0,2304556.0,13740.0,989586.0,13485.0,988396.0,13410.0,2005365.0,14150.0,1455901.0,14520.0,2428124.0,14580.0,1835794.0,14935.0,2257643.0,15420.0,2283479.0,15900.0,4673396.0,16530.0,2675237.0,17250.0,3230334.0,17015.0,3098940.0,17010.0,2599990.0,17500.0,2502448.0,17225.0,1892540.0,16835.0,1638973.0,16890.0,1122166.0,16725.0,877745.0
453810,KODEX 인도Nifty50,14285.0,224239.0,14335.0,216127.0,14230.0,218311.0,14245.0,200713.0,14080.0,228189.0,14060.0,195644.0,13725.0,397048.0,13770.0,249289.0,13740.0,238163.0,13440.0,573476.0,13450.0,301926.0,13375.0,304692.0,13290.0,339807.0,13450.0,409229.0,13430.0,313061.0,14025.0,662225.0,14000.0,223736.0,14055.0,338893.0,14055.0,345015.0,14140.0,364099.0,14140.0,196831.0,14110.0,159197.0,13950.0,177079.0,13765.0,180900.0,13805.0,255212.0,13810.0,201358.0,13800.0,200065.0,13715.0,203482.0,13640.0,308498.0,13525.0,253480.0
453820,KODEX 인도Nifty50레버리지(합성),17375.0,12973.0,17460.0,4597.0,17150.0,13906.0,17225.0,9926.0,16820.0,31121.0,16800.0,26153.0,15925.0,33727.0,16060.0,25896.0,16000.0,8814.0,15320.0,39299.0,15350.0,21008.0,15170.0,20116.0,15085.0,24828.0,15395.0,26156.0,15395.0,22429.0,16730.0,67767.0,16635.0,19522.0,16940.0,23707.0,16885.0,22387.0,17000.0,18590.0,17000.0,11865.0,16830.0,6352.0,16440.0,8253.0,16110.0,6794.0,16195.0,11851.0,16160.0,6655.0,16155.0,5723.0,15910.0,9115.0,15790.0,17251.0,15570.0,10404.0
0000H0,KODEX 인도Nifty미드캡100,11195.0,5573.0,11295.0,19686.0,11215.0,175341.0,11240.0,170870.0,11115.0,38348.0,11025.0,22286.0,10590.0,16867.0,10675.0,16207.0,10650.0,8784.0,10430.0,11201.0,10385.0,11138.0,10360.0,9292.0,10370.0,14041.0,10535.0,36528.0,10430.0,13707.0,10900.0,42997.0,10920.0,107948.0,11070.0,16321.0,11050.0,7467.0,11200.0,10861.0,11220.0,12377.0,11200.0,7022.0,11050.0,3344.0,10910.0,4465.0,10935.0,7989.0,10880.0,23764.0,10800.0,11877.0,10750.0,2995.0,10750.0,2692.0,10710.0,6277.0
477730,KODEX 인도타타그룹,9040.0,20478.0,9075.0,33294.0,9010.0,6647.0,8990.0,16521.0,8890.0,12123.0,8805.0,41113.0,8550.0,31240.0,8670.0,19099.0,8690.0,20231.0,8475.0,33903.0,8465.0,21509.0,8410.0,23886.0,8340.0,57118.0,8445.0,56156.0,8485.0,50199.0,8830.0,51469.0,8755.0,26674.0,8835.0,13553.0,8835.0,15966.0,8970.0,14869.0,9025.0,14698.0,8920.0,17134.0,8800.0,12308.0,8685.0,12312.0,8700.0,13129.0,8685.0,45735.0,8640.0,10904.0,8580.0,8402.0,8635.0,19053.0,8585.0,22985.0
114800,KODEX 인버스,2160.0,103104989.0,2150.0,64685955.0,2115.0,94033963.0,2090.0,89389189.0,2060.0,103170410.0,2080.0,104473894.0,2060.0,130657336.0,2040.0,128328570.0,2025.0,104438149.0,2050.0,72708200.0,1975.0,127867576.0,1941.0,182553880.0,1919.0,215283150.0,1914.0,218630824.0,2030.0,266393139.0,1867.0,244357281.0,1844.0,185480943.0,1922.0,221688138.0,1943.0,274897225.0,1861.0,129068249.0,1859.0,130882317.0,1843.0,127013325.0,1777.0,176713438.0,1778.0,252660212.0,1725.0,149027846.0,1685.0,182141408.0,1674.0,206384034.0,1632.0,224919014.0,1599.0,269097773.0,1528.0,345432389.0
101280,KODEX 일본TOPIX100,28270.0,74800.0,28665.0,36695.0,29095.0,9491.0,28940.0,69324.0,28900.0,22249.0,28725.0,15999.0,28215.0,16542.0,28360.0,40650.0,28420.0,12811.0,28065.0,19275.0,28135.0,15369.0,27860.0,16974.0,27985.0,33256.0,28235.0,14686.0,28160.0,160254.0,28550.0,42534.0,28545.0,16854.0,28810.0,21687.0,29115.0,18239.0,29900.0,39791.0,30585.0,122714.0,31455.0,76175.0,30980.0,55803.0,30450.0,41852.0,30240.0,40423.0,29695.0,73588.0,29800.0,57679.0,29990.0,55136.0,29615.0,105648.0,29690.0,19145.0
352540,KODEX 일본부동산리츠(H),12990.0,63789.0,13025.0,58453.0,13080.0,54098.0,13170.0,68779.0,13100.0,78219.0,13025.0,87136.0,12805.0,166241.0,12780.0,97635.0,12770.0,88412.0,12645.0,133590.0,12605.0,101523.0,12600.0,97557.0,12550.0,78620.0,12565.0,73740.0,12645.0,94178.0,12730.0,83444.0,12775.0,71611.0,12775.0,42610.0,12730.0,42937.0,12730.0,52306.0,12730.0,71228.0,12770.0,30257.0,12750.0,40574.0,12615.0,89643.0,12710.0,52078.0,12720.0,38829.0,12745.0,42640.0,12820.0,40750.0,12890.0,38450.0,12815.0,29420.0
091180,KODEX 자동차,28620.0,6074009.0,29235.0,3376601.0,29890.0,3573717.0,29665.0,3391663.0,32055.0,8502174.0,31805.0,5074015.0,34250.0,7059906.0,33145.0,6059537.0,32410.0,4826388.0,31895.0,2767393.0,31695.0,4121389.0,31510.0,2579970.0,32570.0,4104763.0,31595.0,2711987.0,30485.0,2193904.0,31370.0,2210139.0,31900.0,2840342.0,31470.0,2381105.0,30575.0,1269807.0,31365.0,724200.0,32015.0,1612577.0,32865.0,2229846.0,32930.0,1230503.0,32615.0,972546.0,33425.0,2366947.0,33680.0,1144642.0,33685.0,2828712.0,34000.0,1032059.0,36200.0,6400532.0,38185.0,2806509.0
385520,KODEX 자율주행액티브,12920.0,179963.0,12930.0,137926.0,13170.0,70947.0,13135.0,130837.0,13865.0,152336.0,13630.0,204579.0,14325.0,296342.0,14375.0,229552.0,13960.0,144539.0,14200.0,121270.0,14325.0,150664.0,14650.0,88777.0,15045.0,152784.0,14755.0,177978.0,14090.0,129142.0,14655.0,58966.0,14910.0,53383.0,14320.0,79958.0,13790.0,92577.0,14300.0,48758.0,14340.0,62363.0,14530.0,74217.0,14650.0,46546.0,14440.0,26280.0,14925.0,53826.0,14970.0,45502.0,15065.0,63764.0,15445.0,40028.0,16230.0,110536.0,16870.0,60914.0
363570,KODEX 장기종합채권(AA-이상)액티브,96070.0,316.0,95885.0,1862.0,95235.0,7422.0,95335.0,1634.0,94900.0,5436.0,93655.0,2000.0,93825.0,2542.0,94310.0,779.0,93875.0,928.0,94120.0,536.0,94160.0,1930.0,94390.0,1316.0,93850.0,1118.0,93585.0,728.0,93665.0,253.0,92955.0,1966.0,92750.0,1449.0,92905.0,971.0,92990.0,1305.0,92420.0,4575.0,92925.0,4373.0,93000.0,2433.0,93365.0,2202.0,93800.0,10918.0,93805.0,1878.0,94255.0,1005.0,93985.0,2981.0,93645.0,1097.0,94075.0,14671.0,94895.0,4158.0
273130,KODEX 종합채권(AA-이상)액티브,114670.0,47775.0,114655.0,24179.0,114240.0,63155.0,114350.0,56736.0,113915.0,58546.0,113330.0,67002.0,113605.0,95650.0,113825.0,37574.0,113470.0,27399.0,113825.0,52441.0,113820.0,45194.0,113910.0,48267.0,113635.0,50075.0,113390.0,52453.0,113480.0,73713.0,113075.0,54961.0,112830.0,53903.0,112935.0,40468.0,112835.0,39174.0,112580.0,27333.0,112905.0,63262.0,113035.0,29832.0,113225.0,46815.0,113515.0,47201.0,113455.0,22924.0,113750.0,28780.0,113595.0,24566.0,113435.0,29719.0,113745.0,52553.0,114265.0,86906.0
102970,KODEX 증권,16450.0,1744458.0,16910.0,2016594.0,17315.0,3582055.0,17570.0,2797976.0,17595.0,2709666.0,17460.0,2494652.0,17150.0,1451044.0,17515.0,2111253.0,18765.0,8099262.0,18720.0,3104388.0,19485.0,3445586.0,19645.0,5545509.0,21485.0,7259845.0,21820.0,10630675.0,20410.0,6382193.0,23050.0,10246895.0,23065.0,6822521.0,22445.0,3800000.0,21780.0,3639293.0,23300.0,7326918.0,23880.0,5629338.0,23660.0,3208612.0,24595.0,5071609.0,26615.0,12543406.0,30065.0,13520210.0,30505.0,12833159.0,29310.0,7728640.0,28650.0,10631382.0,29540.0,8472901.0,29890.0,8385993.0
419430,KODEX 차이나2차전지MSCI(합성),11500.0,18620.0,11540.0,8130.0,11630.0,7461.0,11620.0,11023.0,11550.0,9080.0,11415.0,5103.0,11540.0,11237.0,11500.0,12236.0,11590.0,15799.0,11525.0,14125.0,11420.0,6252.0,11450.0,16008.0,11330.0,19827.0,11245.0,16093.0,10920.0,17697.0,10915.0,14459.0,11150.0,12626.0,11025.0,3677.0,11170.0,14884.0,11320.0,9871.0,11270.0,9549.0,11480.0,10390.0,11480.0,9140.0,11205.0,4436.0,11300.0,5436.0,11225.0,3700.0,11290.0,13079.0,11545.0,8784.0,11495.0,7987.0,11415.0,10299.0
169950,KODEX 차이나A50,26980.0,2920.0,26960.0,6937.0,26885.0,2781.0,26630.0,1453.0,26620.0,4204.0,26500.0,1528.0,26385.0,2738.0,26305.0,3802.0,26030.0,4516.0,25430.0,16069.0,25785.0,5453.0,25275.0,6793.0,25555.0,7828.0,25650.0,4244.0,25725.0,13714.0,25540.0,2146.0,25640.0,2110.0,26035.0,7714.0,26090.0,6387.0,26160.0,3564.0,26330.0,3759.0,26155.0,1623.0,25905.0,1655.0,25600.0,2684.0,25605.0,3469.0,25425.0,2403.0,25685.0,936.0,25370.0,6603.0,25545.0,2030.0,25335.0,3371.0
428510,KODEX 차이나AI테크액티브,17675.0,42294.0,17880.0,39648.0,17985.0,25483.0,18580.0,42568.0,18720.0,32709.0,18490.0,49922.0,18690.0,43682.0,19005.0,58661.0,18810.0,42795.0,18420.0,55826.0,18985.0,34010.0,19020.0,77375.0,18540.0,39670.0,18980.0,43378.0,18495.0,65580.0,18590.0,38931.0,18185.0,26526.0,17765.0,23931.0,17620.0,34040.0,18255.0,39856.0,18680.0,145238.0,18450.0,19459.0,18895.0,21807.0,19015.0,36874.0,19610.0,22469.0,20455.0,39833.0,20135.0,124375.0,20775.0,91158.0,20285.0,26399.0,20760.0,27264.0
283580,KODEX 차이나CSI300,16225.0,459211.0,16250.0,965764.0,16140.0,622088.0,16145.0,516191.0,16145.0,347141.0,16150.0,326165.0,16125.0,796519.0,16085.0,598314.0,16025.0,399169.0,15770.0,335042.0,15845.0,191622.0,15695.0,709270.0,15705.0,246370.0,15695.0,395254.0,15685.0,871369.0,15585.0,463165.0,15770.0,199511.0,15885.0,396795.0,15860.0,188227.0,15975.0,161389.0,16030.0,179455.0,15920.0,156352.0,15830.0,180045.0,15690.0,159504.0,15720.0,125905.0,15710.0,176184.0,15865.0,319923.0,15855.0,287646.0,15810.0,404564.0,15835.0,257621.0
099140,KODEX 차이나H,25090.0,14553.0,25325.0,14822.0,25145.0,16992.0,25060.0,4912.0,24890.0,13508.0,24875.0,11840.0,24660.0,26589.0,24600.0,14908.0,24745.0,6058.0,24300.0,17785.0,24670.0,11092.0,24895.0,11367.0,24885.0,20451.0,24605.0,12104.0,24105.0,7274.0,24080.0,31833.0,24160.0,16636.0,24190.0,8428.0,24240.0,15173.0,24430.0,16729.0,24700.0,3648.0,24525.0,4751.0,24230.0,7855.0,23890.0,11195.0,24105.0,11115.0,23825.0,16350.0,24200.0,17294.0,23680.0,15140.0,23510.0,17650.0,23140.0,18674.0
204450,KODEX 차이나H레버리지(H),2955.0,318028.0,3005.0,268091.0,2975.0,185466.0,2945.0,110012.0,2900.0,186087.0,2875.0,107188.0,2850.0,261550.0,2865.0,76269.0,2885.0,89113.0,2875.0,270048.0,2935.0,410475.0,3115.0,434264.0,3150.0,228374.0,3000.0,574061.0,2800.0,423220.0,2840.0,201130.0,2845.0,137038.0,2800.0,142016.0,2825.0,109373.0,2885.0,146377.0,2920.0,258996.0,2935.0,79405.0,2900.0,83854.0,2800.0,192005.0,2825.0,115736.0,2800.0,694829.0,2880.0,249388.0,2775.0,265622.0,2770.0,81527.0,2665.0,431208.0
415340,KODEX 차이나과창판STAR50(합성),13010.0,57031.0,13225.0,57173.0,13115.0,25445.0,13370.0,17441.0,13310.0,20395.0,13040.0,39796.0,13500.0,32043.0,13495.0,35004.0,13585.0,27660.0,13245.0,43205.0,13495.0,45400.0,13300.0,34232.0,13010.0,44292.0,13065.0,20981.0,12815.0,44135.0,12740.0,51537.0,12550.0,26429.0,12570.0,31760.0,12620.0,30972.0,12705.0,82595.0,12935.0,29070.0,12745.0,5497.0,12870.0,6384.0,12840.0,13423.0,12925.0,18805.0,12865.0,5024.0,12865.0,10833.0,12825.0,47071.0,12790.0,16010.0,12890.0,21593.0
256750,KODEX 차이나심천ChiNext(합성),15660.0,25330.0,15725.0,29993.0,15645.0,33527.0,15785.0,51315.0,15615.0,23204.0,15400.0,36714.0,15440.0,21467.0,15585.0,28419.0,15665.0,16131.0,15250.0,37471.0,15405.0,32817.0,15120.0,26949.0,15000.0,33842.0,15400.0,39807.0,15390.0,32717.0,15275.0,28326.0,15320.0,42154.0,15220.0,17095.0,15235.0,31172.0,15580.0,28362.0,15490.0,28605.0,15345.0,12876.0,15355.0,11837.0,15250.0,13511.0,15220.0,11538.0,15150.0,20725.0,15240.0,24691.0,15315.0,75397.0,15410.0,18666.0,15485.0,33310.0
0065G0,KODEX 차이나테크TOP10,11635.0,70420.0,11675.0,82930.0,11520.0,45739.0,11525.0,50916.0,11480.0,51954.0,11415.0,34755.0,11415.0,43173.0,11390.0,95215.0,11485.0,24998.0,11185.0,64529.0,11215.0,32594.0,11265.0,40920.0,11200.0,66168.0,11105.0,29681.0,10905.0,57301.0,10730.0,41542.0,10555.0,47971.0,10545.0,44087.0,10650.0,84107.0,10710.0,21277.0,10700.0,14678.0,10750.0,12593.0,10450.0,28364.0,10325.0,22612.0,10445.0,14582.0,10170.0,57357.0,10425.0,26483.0,10130.0,37989.0,10010.0,54282.0,9815.0,50338.0
372330,KODEX 차이나항셍테크,9495.0,816113.0,9585.0,464147.0,9415.0,296570.0,9430.0,257495.0,9330.0,418118.0,9270.0,269940.0,9220.0,325027.0,9255.0,201514.0,9330.0,169311.0,9050.0,273208.0,9115.0,246675.0,9205.0,344080.0,9135.0,255018.0,9030.0,187941.0,8815.0,333097.0,8685.0,464602.0,8595.0,561963.0,8605.0,458508.0,8635.0,322285.0,8705.0,295127.0,8710.0,183354.0,8730.0,369052.0,8560.0,246141.0,8430.0,225106.0,8565.0,102859.0,8315.0,367140.0,8515.0,501583.0,8320.0,253118.0,8210.0,232278.0,8025.0,277099.0
0048K0,KODEX 차이나휴머노이드로봇,12265.0,1823131.0,12055.0,2336300.0,11890.0,1575886.0,12405.0,2156494.0,12585.0,2169861.0,12475.0,1440934.0,12565.0,1485439.0,12405.0,1115558.0,12500.0,1265476.0,11840.0,2956375.0,11880.0,1576768.0,11475.0,2107767.0,11265.0,1828015.0,11370.0,1638619.0,11345.0,1588587.0,11405.0,1106840.0,11345.0,783469.0,11240.0,819440.0,11455.0,1743979.0,11470.0,777809.0,11685.0,1106420.0,11410.0,866224.0,11470.0,902530.0,11660.0,940275.0,11770.0,469153.0,11830.0,610144.0,11840.0,846901.0,11395.0,2391559.0,11300.0,828180.0,11235.0,1161421.0
117680,KODEX 철강,13555.0,307833.0,13325.0,560809.0,14030.0,443809.0,14010.0,302343.0,14265.0,182075.0,14685.0,247869.0,14625.0,172701.0,14465.0,561324.0,14875.0,181574.0,15450.0,286584.0,15355.0,163886.0,15515.0,103161.0,16010.0,158198.0,15680.0,170269.0,14550.0,205960.0,15250.0,63556.0,15650.0,78076.0,15080.0,138068.0,14815.0,62298.0,15310.0,53277.0,15240.0,51009.0,15335.0,60602.0,15510.0,57649.0,15285.0,35543.0,15540.0,84835.0,16010.0,182765.0,15770.0,118189.0,16200.0,238188.0,16895.0,293373.0,16800.0,186528.0
279540,KODEX 최소변동성,15785.0,550.0,15920.0,8.0,16070.0,102.0,16255.0,4880.0,16300.0,5183.0,16610.0,19.0,16510.0,166.0,16820.0,1638.0,16970.0,97.0,16995.0,177.0,17295.0,323.0,17735.0,38.0,17860.0,254.0,18305.0,1148.0,17310.0,178.0,18375.0,778.0,18620.0,149.0,18270.0,283.0,18065.0,712.0,18640.0,213.0,18920.0,625.0,18940.0,120.0,19390.0,2762.0,19420.0,145.0,19720.0,435.0,20225.0,7754.0,20275.0,139.0,20690.0,181.0,20770.0,21.0,21315.0,229.0
445150,KODEX 친환경조선해운액티브,35020.0,67083.0,33970.0,75300.0,34620.0,30112.0,34035.0,33991.0,35065.0,37512.0,35045.0,42358.0,34460.0,32729.0,33790.0,33502.0,34515.0,34630.0,33920.0,41503.0,34235.0,55007.0,34360.0,47191.0,34295.0,51853.0,33760.0,35960.0,32255.0,51728.0,34060.0,25986.0,34780.0,44257.0,33685.0,24626.0,32510.0,47816.0,33225.0,24655.0,33040.0,22175.0,33265.0,14168.0,33675.0,25458.0,33600.0,17239.0,35140.0,38897.0,36690.0,56715.0,36990.0,44106.0,36615.0,23769.0,36595.0,24682.0,36195.0,35301.0
211900,KODEX 코리아배당성장,22650.0,31612.0,23180.0,32272.0,23400.0,83231.0,23450.0,50614.0,23855.0,85366.0,24270.0,55662.0,24305.0,45586.0,24485.0,79250.0,24940.0,85408.0,24735.0,48912.0,25100.0,39486.0,25285.0,96300.0,26240.0,76082.0,26225.0,69939.0,25175.0,67296.0,26285.0,60796.0,26875.0,72573.0,26465.0,60859.0,26070.0,81881.0,27055.0,84656.0,27670.0,90936.0,28180.0,65553.0,28715.0,88306.0,29210.0,93910.0,30250.0,134474.0,30985.0,153711.0,30925.0,108883.0,30725.0,88919.0,31360.0,85593.0,31845.0,99991.0
237370,KODEX 코리아배당성장채권혼합,14780.0,78459.0,14870.0,80483.0,14900.0,98746.0,14905.0,116028.0,14985.0,179283.0,15035.0,180155.0,15065.0,106297.0,15095.0,158871.0,15175.0,146794.0,15170.0,135646.0,15230.0,130837.0,15290.0,294475.0,15435.0,278911.0,15415.0,296983.0,15240.0,334433.0,15430.0,226468.0,15510.0,243750.0,15450.0,175951.0,15370.0,166931.0,15545.0,126591.0,15675.0,158323.0,15750.0,179877.0,15830.0,162081.0,15915.0,311218.0,16065.0,408728.0,16235.0,508039.0,16230.0,509899.0,16180.0,329921.0,16300.0,402550.0,16395.0,536546.0
495850,KODEX 코리아밸류업,19885.0,282283.0,20200.0,292296.0,20400.0,247470.0,20680.0,294210.0,20990.0,415969.0,20850.0,277054.0,21155.0,812559.0,21275.0,574138.0,21280.0,1483308.0,21050.0,445577.0,21805.0,468969.0,22325.0,794757.0,22660.0,764126.0,22940.0,1195592.0,21620.0,1207916.0,23200.0,702766.0,23380.0,778031.0,22460.0,611959.0,22240.0,1431801.0,23155.0,982059.0,23235.0,425646.0,23420.0,556472.0,24130.0,939808.0,24205.0,851336.0,24735.0,744875.0,25500.0,943396.0,25610.0,1691429.0,26070.0,2552433.0,26640.0,1284152.0,27885.0,1024950.0
0115E0,KODEX 코리아소버린AI,11410.0,267667.0,11500.0,251468.0,11600.0,278383.0,11690.0,373208.0,11780.0,293344.0,11780.0,238247.0,11660.0,349002.0,11755.0,160302.0,12100.0,343916.0,12110.0,419612.0,12625.0,1067866.0,12745.0,475620.0,12935.0,387356.0,12875.0,408257.0,12210.0,530223.0,12810.0,191578.0,13045.0,179198.0,12610.0,121998.0,12305.0,242515.0,12770.0,131718.0,12765.0,107936.0,12880.0,97901.0,13085.0,279067.0,13165.0,386809.0,13465.0,520792.0,13625.0,438562.0,13620.0,245254.0,13765.0,115991.0,13890.0,233273.0,14450.0,250540.0
373490,KODEX 코리아혁신성장액티브,20915.0,1178.0,20905.0,1134.0,21190.0,351.0,21135.0,4239.0,21880.0,4803.0,21700.0,2347.0,21990.0,5895.0,22100.0,1372.0,22185.0,17607.0,21890.0,6326.0,22345.0,4831.0,22665.0,5318.0,22990.0,3547.0,22850.0,8072.0,21680.0,4420.0,22935.0,3030.0,23450.0,2131.0,22415.0,2219.0,22180.0,3460.0,22995.0,2668.0,22755.0,3877.0,23100.0,2149.0,23395.0,3636.0,23190.0,625.0,24000.0,1445.0,24360.0,3603.0,24695.0,1885.0,25085.0,3129.0,25735.0,7076.0,26910.0,5545.0
229200,KODEX 코스닥150,15870.0,7861385.0,15700.0,11149854.0,15840.0,8106404.0,15970.0,13481148.0,16130.0,9948996.0,16220.0,15445267.0,15440.0,25249368.0,15880.0,26876844.0,16570.0,27706461.0,18435.0,126609929.0,18905.0,104409453.0,20320.0,119888041.0,20915.0,158768767.0,20500.0,130310297.0,19295.0,112395260.0,20145.0,70128968.0,20040.0,68862032.0,19175.0,43864491.0,18530.0,53512857.0,19585.0,45313037.0,19110.0,35369394.0,19085.0,31129403.0,19345.0,25054066.0,18955.0,33590542.0,20345.0,64632195.0,20225.0,39899628.0,19965.0,49106762.0,20145.0,27957043.0,20160.0,35477947.0,21015.0,60737980.0
233740,KODEX 코스닥150레버리지,12040.0,20441486.0,11800.0,14831540.0,11990.0,15437785.0,12240.0,25205887.0,12470.0,19240775.0,12575.0,34952504.0,11420.0,61485162.0,12040.0,31419972.0,13115.0,46924720.0,16125.0,135751353.0,16955.0,108833211.0,19445.0,123644768.0,20680.0,175225310.0,19720.0,139481465.0,17460.0,161447546.0,18995.0,84351029.0,18765.0,76777977.0,17110.0,75322651.0,16000.0,89579627.0,17820.0,63158968.0,16945.0,57110572.0,16900.0,37909754.0,17410.0,41117602.0,16660.0,45613278.0,19125.0,87692304.0,18890.0,46963228.0,18380.0,75370026.0,18715.0,42952264.0,18755.0,39125389.0,20305.0,86765970.0
360150,KODEX 코스닥150롱코스피200숏선물,6110.0,21185.0,6000.0,45958.0,5960.0,7361.0,5955.0,70966.0,5925.0,19386.0,5995.0,405155.0,5665.0,318926.0,5780.0,83610.0,6000.0,161631.0,6715.0,438987.0,6660.0,404238.0,7040.0,317146.0,7180.0,241826.0,7000.0,87398.0,7010.0,117735.0,6815.0,347201.0,6660.0,51332.0,6675.0,323400.0,6540.0,21219.0,6620.0,367549.0,6455.0,24959.0,6375.0,97824.0,6235.0,264741.0,6125.0,268003.0,6370.0,232291.0,6180.0,383157.0,6065.0,871660.0,5975.0,101761.0,5850.0,1036072.0,5840.0,231596.0
251340,KODEX 코스닥150선물인버스,2860.0,13751115.0,2885.0,17295395.0,2865.0,12790644.0,2840.0,15748679.0,2810.0,15963424.0,2800.0,37110442.0,2930.0,37221718.0,2845.0,19967142.0,2720.0,26751982.0,2410.0,110793755.0,2340.0,67905198.0,2165.0,86862330.0,2110.0,165735648.0,2160.0,127137655.0,2280.0,200194494.0,2175.0,65219298.0,2190.0,64910715.0,2285.0,70391606.0,2355.0,84339286.0,2235.0,58297800.0,2285.0,51317454.0,2280.0,34876913.0,2250.0,35153696.0,2295.0,38379340.0,2130.0,69625299.0,2140.0,32167347.0,2170.0,61022822.0,2150.0,38560528.0,2150.0,27916414.0,2055.0,55379484.0
461450,KODEX 코스닥글로벌,15330.0,4903.0,15185.0,10601.0,15315.0,6472.0,15510.0,7203.0,15500.0,6882.0,15540.0,30364.0,14505.0,33885.0,15050.0,19844.0,15495.0,44573.0,17145.0,141998.0,17620.0,146493.0,19250.0,224621.0,19575.0,523389.0,19560.0,394144.0,18295.0,250948.0,19080.0,120331.0,19095.0,96763.0,18160.0,99445.0,17700.0,102474.0,18520.0,62050.0,18025.0,90909.0,17925.0,42333.0,18310.0,33932.0,17790.0,98527.0,19080.0,88162.0,18845.0,125236.0,18685.0,118016.0,18870.0,65025.0,18860.0,87792.0,19510.0,102155.0
226490,KODEX 코스피,48300.0,349026.0,48560.0,344284.0,49305.0,520756.0,49790.0,645576.0,50485.0,302358.0,50290.0,390773.0,50440.0,587629.0,50830.0,520890.0,51340.0,415969.0,50860.0,244870.0,52245.0,383258.0,53165.0,430345.0,53760.0,531416.0,53830.0,1005867.0,51005.0,962032.0,54415.0,557998.0,55295.0,476111.0,53185.0,776415.0,52380.0,833606.0,54480.0,575351.0,54605.0,272157.0,55005.0,224072.0,56670.0,398145.0,56715.0,413935.0,58425.0,460734.0,59620.0,399385.0,60120.0,584495.0,61380.0,397112.0,62720.0,657587.0,65060.0,642015.0
237350,KODEX 코스피100,54000.0,266451.0,54270.0,273164.0,55175.0,199995.0,55905.0,381776.0,56795.0,403317.0,56265.0,309856.0,56630.0,446546.0,57345.0,379428.0,57655.0,326242.0,57185.0,334908.0,59040.0,424406.0,60400.0,550971.0,60945.0,428884.0,61215.0,525713.0,57735.0,725982.0,61910.0,368891.0,62760.0,414373.0,59925.0,569857.0,59440.0,538171.0,61870.0,351537.0,62000.0,231708.0,62385.0,209714.0,64500.0,323902.0,64830.0,405303.0,66625.0,482465.0,68245.0,546227.0,68730.0,1292852.0,70545.0,625859.0,72140.0,1188797.0,75490.0,1525571.0
359210,KODEX 코스피TR,24090.0,11598.0,24265.0,26156.0,24600.0,11300.0,24850.0,23962.0,25285.0,19266.0,25140.0,25867.0,25200.0,21414.0,25425.0,18760.0,25655.0,23962.0,25440.0,33864.0,26190.0,20956.0,26655.0,28702.0,26910.0,29768.0,26925.0,37792.0,25455.0,223872.0,27160.0,87900.0,27720.0,29234.0,26650.0,145326.0,26260.0,123003.0,27230.0,37294.0,27345.0,51147.0,27540.0,35005.0,28380.0,39184.0,28410.0,49829.0,29190.0,26808.0,29995.0,19113.0,30100.0,26967.0,30680.0,18794.0,31410.0,30533.0,32560.0,44070.0
337140,KODEX 코스피대형주,23990.0,42940.0,24090.0,36476.0,24550.0,35503.0,24700.0,74210.0,25070.0,55270.0,24920.0,46354.0,25100.0,37522.0,25295.0,55529.0,25475.0,52162.0,25375.0,48051.0,26065.0,73150.0,26600.0,61452.0,26815.0,70163.0,26900.0,89604.0,25400.0,81387.0,27225.0,57633.0,27560.0,52785.0,26380.0,74912.0,26110.0,136687.0,27060.0,54948.0,27110.0,41752.0,27355.0,33208.0,28180.0,56596.0,28300.0,78830.0,29090.0,73193.0,29825.0,99962.0,29995.0,107827.0,30670.0,65340.0,31350.0,151386.0,32800.0,170211.0
138920,KODEX 콩선물(H),10830.0,5182.0,10800.0,3669.0,10785.0,1323.0,10900.0,1550.0,10955.0,2773.0,10945.0,1681.0,10955.0,1656.0,11040.0,4112.0,11005.0,654.0,11140.0,6294.0,11005.0,1018.0,11130.0,798.0,11165.0,2948.0,11070.0,4365.0,10915.0,2505.0,10980.0,1552.0,11020.0,1858.0,11365.0,58247.0,11460.0,12094.0,11510.0,13187.0,11515.0,2245.0,11630.0,6574.0,11745.0,1371.0,11750.0,3124.0,11720.0,6730.0,11815.0,6558.0,11690.0,11598.0,11670.0,4148.0,11885.0,11443.0,11935.0,1455.0
244660,KODEX 퀄리티Plus,9025.0,33.0,9160.0,4.0,9135.0,56.0,9215.0,7.0,9140.0,46.0,9320.0,204.0,9150.0,52.0,9290.0,5.0,9440.0,192.0,9425.0,175.0,9470.0,66.0,9595.0,112.0,9690.0,1261.0,9780.0,211.0,9525.0,21.0,9740.0,179.0,9955.0,1555.0,9945.0,611.0,9805.0,23104.0,10085.0,80.0,10300.0,760.0,10415.0,486.0,10465.0,254.0,10460.0,1162.0,10610.0,190.0,10635.0,135.0,10710.0,138.0,10730.0,146.0,10775.0,60.0,10605.0,1105.0
375770,KODEX 탄소효율그린뉴딜,16190.0,7065.0,16285.0,5504.0,16600.0,6074.0,16830.0,12900.0,17045.0,1630.0,16930.0,8792.0,16970.0,6539.0,17130.0,3657.0,17345.0,7015.0,17315.0,1216.0,17900.0,6907.0,18275.0,699.0,18475.0,5049.0,18520.0,10171.0,17475.0,10085.0,18745.0,6958.0,19000.0,7362.0,18220.0,7896.0,17915.0,15641.0,18675.0,1070.0,18705.0,5328.0,18835.0,1015.0,19460.0,10334.0,19460.0,1816.0,20035.0,3655.0,20400.0,4901.0,20545.0,3950.0,21005.0,530.0,21450.0,3077.0,22470.0,2137.0
459560,KODEX 테슬라밸류체인FactSet,20485.0,23165.0,20770.0,19858.0,20310.0,12020.0,20680.0,11862.0,20225.0,31062.0,20205.0,13404.0,20105.0,22308.0,20470.0,8576.0,21175.0,17515.0,20500.0,25571.0,20680.0,12405.0,20195.0,30527.0,20705.0,22629.0,20050.0,27620.0,19705.0,59560.0,19810.0,15221.0,19780.0,18973.0,19635.0,12001.0,19235.0,20032.0,19825.0,31522.0,20270.0,18978.0,20335.0,15428.0,20540.0,10080.0,20410.0,13709.0,20145.0,14661.0,20105.0,14791.0,19915.0,20672.0,19795.0,14428.0,20090.0,33848.0,20375.0,16608.0
475080,KODEX 테슬라커버드콜채권혼합액티브,9085.0,479266.0,9070.0,379185.0,9025.0,513787.0,9040.0,430982.0,9010.0,613456.0,9010.0,438045.0,8960.0,585579.0,9045.0,366244.0,9090.0,604391.0,9000.0,699236.0,8985.0,734482.0,8965.0,685211.0,8865.0,547663.0,8815.0,613102.0,8760.0,628512.0,8820.0,524596.0,8805.0,555576.0,8750.0,520130.0,8700.0,550802.0,8795.0,358403.0,8820.0,273557.0,8870.0,280956.0,8905.0,262870.0,8835.0,439551.0,8775.0,724010.0,8805.0,473814.0,8760.0,560917.0,8725.0,666766.0,8725.0,872839.0,8590.0,729553.0
266410,KODEX 필수소비재,7940.0,12128.0,8090.0,26717.0,8100.0,21157.0,8110.0,23904.0,8135.0,7060.0,8280.0,38019.0,8300.0,32516.0,8540.0,442579.0,8575.0,23034.0,8485.0,26943.0,8590.0,15766.0,8605.0,425484.0,8730.0,38986.0,8815.0,31391.0,8690.0,89531.0,8835.0,40118.0,9005.0,284294.0,9000.0,457478.0,8855.0,86730.0,9260.0,103493.0,9540.0,99520.0,9570.0,123302.0,9640.0,69822.0,9595.0,78460.0,9660.0,63622.0,9630.0,44797.0,9835.0,82892.0,9800.0,37465.0,9880.0,528431.0,9750.0,64784.0
298770,KODEX 한국대만IT프리미어,45910.0,30300.0,46335.0,19864.0,46545.0,44834.0,47380.0,28945.0,47920.0,54964.0,47665.0,16555.0,47245.0,35866.0,48540.0,65426.0,48725.0,47252.0,48555.0,11463.0,49735.0,78605.0,50485.0,60451.0,50365.0,71679.0,50360.0,48308.0,48705.0,37689.0,50505.0,127215.0,51140.0,99823.0,49550.0,43587.0,49475.0,79177.0,51030.0,46565.0,51850.0,18241.0,52170.0,20761.0,52985.0,30091.0,53235.0,41851.0,54280.0,28204.0,54805.0,10385.0,55110.0,9154.0,56590.0,54113.0,57810.0,48452.0,60065.0,38028.0
476800,KODEX 한국부동산리츠인프라,4870.0,2257727.0,4855.0,1716073.0,4865.0,1338245.0,4890.0,1256341.0,4910.0,1827228.0,4925.0,1812337.0,4910.0,1843344.0,4910.0,889176.0,4910.0,1119463.0,4895.0,1733111.0,4905.0,1216330.0,4875.0,2105992.0,4900.0,1348675.0,4890.0,1546211.0,4845.0,2306844.0,4860.0,1717223.0,4895.0,1441399.0,4885.0,1401786.0,4875.0,1834878.0,4885.0,999053.0,4900.0,880679.0,4915.0,1029323.0,4910.0,1635222.0,4915.0,1835985.0,4905.0,2639007.0,4925.0,2327638.0,4925.0,1687784.0,4925.0,987354.0,4930.0,1548365.0,4925.0,1546984.0
450190,KODEX 한중반도체(합성),31030.0,523.0,31530.0,637.0,31545.0,1271.0,32465.0,1275.0,32455.0,1303.0,31950.0,902.0,32580.0,173.0,32570.0,2538.0,32710.0,187.0,32540.0,838.0,33995.0,289.0,35000.0,1320.0,34590.0,641.0,36025.0,508.0,33855.0,1483.0,35140.0,519.0,34710.0,326.0,33645.0,797.0,33785.0,2280.0,35215.0,1275.0,35005.0,146.0,34260.0,1340.0,35140.0,486.0,35580.0,448.0,36350.0,638.0,36670.0,784.0,36355.0,3225.0,37385.0,109.0,37455.0,279.0,39500.0,1237.0
450180,KODEX 한중전기차(합성),12415.0,203.0,12335.0,593.0,12440.0,411.0,12435.0,456.0,12835.0,545.0,12895.0,590.0,13260.0,451.0,13230.0,513.0,13285.0,153.0,13070.0,160.0,13045.0,62.0,13150.0,47.0,13200.0,711.0,12995.0,828.0,12685.0,83.0,12800.0,206.0,13255.0,90.0,12990.0,910.0,12845.0,6.0,13005.0,96.0,13000.0,93.0,13185.0,333.0,13365.0,61.0,13200.0,19.0,13425.0,133.0,13440.0,93.0,13485.0,107.0,13745.0,133.0,14235.0,562.0,14405.0,354.0
266420,KODEX 헬스케어,22920.0,130388.0,22455.0,204919.0,22600.0,96340.0,22820.0,204374.0,22610.0,134027.0,22620.0,368109.0,21280.0,673000.0,21510.0,525992.0,22555.0,419541.0,23815.0,485968.0,23885.0,321560.0,24665.0,1100511.0,24960.0,202407.0,23960.0,202262.0,23010.0,270350.0,23675.0,99612.0,23710.0,112226.0,23175.0,135919.0,22580.0,159195.0,23495.0,104073.0,23390.0,79362.0,23695.0,75188.0,23850.0,111582.0,23685.0,68657.0,24795.0,200216.0,24480.0,556664.0,24715.0,166277.0,24995.0,58270.0,24650.0,108195.0,25110.0,174320.0
364690,KODEX 혁신기술테마액티브,25700.0,2936.0,25995.0,6291.0,26485.0,1904.0,26795.0,2999.0,27215.0,17707.0,27005.0,10780.0,27185.0,16644.0,27215.0,19025.0,27200.0,3895.0,27035.0,4037.0,27670.0,2143.0,28175.0,3219.0,28435.0,4435.0,28525.0,3305.0,26990.0,8022.0,28720.0,2870.0,29305.0,3978.0,27895.0,4388.0,27520.0,14303.0,28685.0,5547.0,28605.0,1112.0,28905.0,4377.0,29655.0,4167.0,29650.0,4020.0,30505.0,3011.0,31330.0,4792.0,31705.0,9219.0,32510.0,4245.0,33185.0,8056.0,34550.0,7534.0
487130,KoAct AI인프라액티브,17415.0,29129.0,17680.0,43335.0,17855.0,15350.0,18050.0,29902.0,18300.0,38445.0,18035.0,55915.0,17880.0,44955.0,18175.0,58530.0,18295.0,23625.0,18470.0,40001.0,19225.0,31946.0,20060.0,43575.0,20370.0,88945.0,20935.0,71303.0,19360.0,129293.0,20900.0,46262.0,21070.0,52708.0,20240.0,49593.0,20020.0,61145.0,21040.0,42508.0,20690.0,31496.0,20665.0,54845.0,20970.0,31326.0,20710.0,27671.0,21530.0,33301.0,21850.0,35656.0,21820.0,212271.0,22185.0,292386.0,22520.0,238985.0,23455.0,305864.0
0074K0,KoAct K수출핵심기업TOP30액티브,14130.0,141671.0,14105.0,227415.0,14385.0,176606.0,14380.0,239935.0,14760.0,247695.0,14620.0,228311.0,14645.0,234845.0,14770.0,360004.0,14780.0,494128.0,14785.0,175338.0,14985.0,223148.0,15415.0,315871.0,15600.0,247855.0,15565.0,272729.0,14635.0,371243.0,15405.0,179621.0,15490.0,239393.0,14800.0,259940.0,14455.0,258974.0,14990.0,176594.0,14830.0,168326.0,14890.0,113984.0,15030.0,591157.0,14940.0,208284.0,15410.0,248253.0,15740.0,218939.0,16065.0,279868.0,16425.0,300492.0,16520.0,288274.0,17130.0,248904.0
471040,KoAct 글로벌AI&로봇액티브,22885.0,604843.0,23160.0,331134.0,22970.0,250247.0,23295.0,245462.0,23365.0,228645.0,23200.0,254641.0,23320.0,187644.0,23790.0,489421.0,23590.0,464461.0,23175.0,352237.0,23290.0,499701.0,24025.0,267704.0,24670.0,563871.0,24350.0,329569.0,23380.0,249454.0,24695.0,197911.0,24735.0,267940.0,23295.0,307681.0,22695.0,345997.0,23985.0,172795.0,24135.0,128414.0,23560.0,114396.0,23895.0,115120.0,23585.0,111995.0,24210.0,115567.0,24325.0,126484.0,23970.0,109088.0,24420.0,130928.0,24440.0,190175.0,24940.0,366717.0
0132D0,KoAct 글로벌K컬처밸류체인액티브,10125.0,12856.0,10135.0,4367.0,10225.0,17830.0,10175.0,5779.0,10220.0,12606.0,10305.0,18201.0,10285.0,8071.0,10405.0,11425.0,10425.0,5676.0,10425.0,14579.0,10495.0,6426.0,10540.0,10586.0,10535.0,11874.0,10535.0,11422.0,10180.0,9659.0,10345.0,11671.0,10340.0,4884.0,10440.0,8697.0,10155.0,15616.0,10500.0,4815.0,10660.0,2569.0,10755.0,7160.0,10715.0,4550.0,10620.0,4570.0,10735.0,2533.0,10700.0,1939.0,10695.0,9005.0,10685.0,3229.0,10660.0,8921.0,10655.0,3496.0
0020H0,KoAct 글로벌양자컴퓨팅액티브,21395.0,43616.0,21335.0,42085.0,21575.0,32698.0,21750.0,65935.0,21540.0,63975.0,21375.0,50902.0,21495.0,61315.0,21445.0,43479.0,21615.0,52175.0,20795.0,89184.0,20550.0,70394.0,20630.0,49108.0,20825.0,62797.0,20230.0,75642.0,19010.0,119318.0,19790.0,28766.0,19685.0,40271.0,18660.0,58777.0,17740.0,59717.0,19325.0,47120.0,19190.0,22410.0,19270.0,36770.0,18490.0,44645.0,17910.0,78897.0,18495.0,48641.0,18550.0,32593.0,17965.0,66194.0,18290.0,31153.0,18310.0,37151.0,19325.0,67439.0
475070,KoAct 글로벌친환경전력인프라액티브,27410.0,21585.0,27870.0,18951.0,27505.0,12112.0,28150.0,12747.0,28440.0,21552.0,28380.0,19860.0,28320.0,22923.0,28540.0,22556.0,28820.0,35098.0,28160.0,29701.0,28700.0,10311.0,29200.0,25072.0,30080.0,20924.0,29255.0,31361.0,28595.0,29930.0,29985.0,15801.0,31300.0,17867.0,30430.0,50457.0,29405.0,29124.0,30465.0,37163.0,30905.0,17600.0,30460.0,27124.0,30860.0,18912.0,29825.0,32082.0,31590.0,42350.0,31300.0,34248.0,30610.0,28335.0,31185.0,20057.0,31230.0,24082.0,31170.0,22296.0
0015B0,KoAct 미국나스닥성장기업액티브,15660.0,351453.0,15710.0,414703.0,15475.0,374548.0,15790.0,458368.0,15785.0,284900.0,15745.0,238819.0,15760.0,160907.0,16065.0,617507.0,16005.0,582445.0,15490.0,497158.0,15535.0,398539.0,15990.0,538900.0,16380.0,537815.0,16185.0,656106.0,15650.0,403782.0,16360.0,202494.0,16395.0,319903.0,15470.0,425166.0,15070.0,257983.0,15655.0,400050.0,15830.0,207117.0,15510.0,307515.0,15675.0,183259.0,15435.0,277646.0,15820.0,305161.0,15915.0,248893.0,15745.0,232311.0,16070.0,532749.0,16010.0,256913.0,16220.0,364248.0
0104H0,KoAct 미국나스닥채권혼합50액티브,10900.0,55186.0,10945.0,42891.0,10860.0,54239.0,10920.0,37579.0,10950.0,58655.0,10935.0,51950.0,10950.0,44696.0,11065.0,158327.0,11025.0,92390.0,10925.0,61245.0,10930.0,48916.0,11085.0,275955.0,11135.0,263470.0,11035.0,125938.0,10920.0,123713.0,11160.0,124233.0,11160.0,71605.0,10980.0,97029.0,10830.0,96779.0,10990.0,71334.0,11050.0,107545.0,10950.0,53613.0,11010.0,42669.0,10895.0,98492.0,11025.0,91256.0,11080.0,86548.0,11005.0,65603.0,11055.0,81631.0,11060.0,44641.0,11105.0,106811.0
0113G0,KoAct 미국바이오헬스케어액티브,10585.0,86061.0,10585.0,55910.0,10675.0,52454.0,10610.0,42369.0,10420.0,78838.0,10460.0,49625.0,10465.0,50657.0,10660.0,74271.0,10825.0,44143.0,10490.0,72315.0,10510.0,23890.0,10360.0,49657.0,10275.0,47352.0,10275.0,51997.0,10270.0,55690.0,10380.0,22120.0,10350.0,18043.0,10380.0,19756.0,10200.0,33416.0,10445.0,37102.0,10365.0,17400.0,10285.0,14887.0,10230.0,17577.0,10050.0,25330.0,10285.0,26260.0,10275.0,25405.0,10150.0,34845.0,10280.0,16040.0,10275.0,22128.0,10100.0,27622.0
497780,KoAct 미국천연가스인프라액티브,9725.0,30525.0,9790.0,42287.0,9785.0,35365.0,9840.0,29284.0,9975.0,46571.0,9990.0,30974.0,9880.0,75061.0,10115.0,59145.0,10105.0,39949.0,9975.0,68096.0,9990.0,43803.0,10000.0,65220.0,10055.0,47715.0,10190.0,68034.0,10255.0,119272.0,10110.0,42538.0,10350.0,29335.0,10465.0,39137.0,10550.0,36246.0,10560.0,20824.0,10660.0,30668.0,10700.0,30035.0,10770.0,30533.0,10710.0,23669.0,10945.0,28894.0,11030.0,33628.0,10995.0,35986.0,11060.0,41231.0,10960.0,23581.0,10855.0,35639.0
490330,KoAct 미국치매&뇌질환치료제액티브,12225.0,5966.0,12230.0,3352.0,12190.0,2788.0,12095.0,4740.0,12005.0,3572.0,12125.0,6681.0,12075.0,9174.0,12355.0,10016.0,12505.0,7782.0,12205.0,7022.0,12290.0,11318.0,12090.0,7934.0,11910.0,4674.0,12150.0,7793.0,12270.0,7668.0,12330.0,7113.0,12275.0,2872.0,12415.0,13079.0,12065.0,7555.0,12540.0,6923.0,12550.0,4897.0,12380.0,8567.0,12225.0,5937.0,12220.0,4833.0,12310.0,3998.0,12315.0,5240.0,12170.0,6693.0,12400.0,4355.0,12365.0,2858.0,12315.0,4152.0
462900,KoAct 바이오헬스케어액티브,23075.0,2325049.0,22555.0,1741951.0,22640.0,1510428.0,23130.0,5581596.0,22965.0,1844173.0,22965.0,3358979.0,20670.0,9902873.0,21030.0,4494381.0,22505.0,5510994.0,24545.0,7485530.0,24680.0,3827869.0,25160.0,3792319.0,25375.0,5648333.0,24015.0,3639439.0,23200.0,3527490.0,24130.0,1608944.0,23755.0,1331448.0,22840.0,2390688.0,21755.0,1605545.0,22730.0,1953664.0,22660.0,1170507.0,23320.0,1494473.0,23325.0,1270343.0,22835.0,751606.0,23620.0,2459863.0,23075.0,1373274.0,23675.0,2289806.0,23865.0,1521906.0,23705.0,1043796.0,24065.0,1869662.0
482030,KoAct 반도체&2차전지핵심소재액티브,9615.0,64023.0,9615.0,16411.0,9760.0,20607.0,9640.0,26916.0,10045.0,48396.0,10120.0,36376.0,10130.0,22776.0,10555.0,81673.0,10650.0,36007.0,11210.0,110464.0,11410.0,78179.0,12220.0,112988.0,12390.0,165420.0,12300.0,116643.0,11535.0,77068.0,12135.0,48230.0,12420.0,61667.0,11985.0,112772.0,11660.0,53522.0,12110.0,44871.0,11985.0,25624.0,11795.0,18471.0,12085.0,31744.0,11910.0,19997.0,12415.0,61505.0,12430.0,36352.0,12170.0,62909.0,12475.0,128230.0,12665.0,139807.0,12940.0,86826.0
476850,KoAct 배당성장액티브,15450.0,85218.0,15595.0,87605.0,15785.0,68353.0,15950.0,124130.0,16155.0,81341.0,15965.0,134740.0,16185.0,105537.0,16225.0,70119.0,16430.0,177483.0,16205.0,340864.0,16665.0,179354.0,17095.0,478160.0,16840.0,245265.0,17060.0,224998.0,16045.0,187669.0,17155.0,256359.0,17400.0,326687.0,16715.0,271261.0,16450.0,149302.0,17100.0,105244.0,17125.0,142419.0,17190.0,186888.0,17535.0,156199.0,17900.0,148674.0,18440.0,113119.0,18985.0,125776.0,19105.0,158765.0,19400.0,109830.0,19635.0,127355.0,20095.0,161088.0
0051A0,KoAct 브로드컴밸류체인액티브,17890.0,23825.0,18215.0,22309.0,17950.0,24613.0,18325.0,21035.0,18045.0,32234.0,18100.0,19399.0,17915.0,37760.0,18370.0,16169.0,18280.0,13891.0,17690.0,28012.0,17990.0,16736.0,18110.0,25864.0,18330.0,35537.0,18275.0,20362.0,17820.0,54466.0,18485.0,11455.0,18000.0,11094.0,17505.0,20082.0,17465.0,74046.0,18405.0,51289.0,18720.0,16886.0,18545.0,6120.0,18555.0,21295.0,18165.0,20978.0,18345.0,24991.0,18535.0,14083.0,18350.0,18220.0,18505.0,18380.0,18525.0,15524.0,19005.0,14498.0
0150K0,KoAct 수소전력ESS인프라액티브,10575.0,492271.0,10580.0,520079.0,10635.0,492414.0,10595.0,478459.0,10915.0,563814.0,11130.0,688097.0,10885.0,641364.0,11535.0,728032.0,11595.0,567328.0,12015.0,571319.0,12310.0,460221.0,12840.0,679784.0,13185.0,684496.0,12755.0,586367.0,12150.0,557097.0,12870.0,425836.0,13190.0,491014.0,12620.0,431161.0,12290.0,401127.0,12710.0,387609.0,12560.0,290770.0,12640.0,384793.0,12845.0,281134.0,12580.0,235526.0,13150.0,157387.0,13085.0,110873.0,12805.0,152605.0,13300.0,204861.0,13380.0,174773.0,13660.0,198042.0
495230,KoAct 코리아밸류업액티브,20305.0,88302.0,20545.0,104529.0,20825.0,101280.0,21015.0,145989.0,21425.0,154137.0,21155.0,189332.0,21490.0,163478.0,21585.0,287889.0,21645.0,151710.0,21435.0,412918.0,22335.0,214596.0,22780.0,480063.0,23080.0,543881.0,23330.0,394123.0,22025.0,404831.0,23640.0,270185.0,23875.0,330093.0,22855.0,332495.0,22660.0,330686.0,23665.0,253773.0,23610.0,301769.0,23815.0,151495.0,24600.0,303700.0,24630.0,376949.0,25300.0,413418.0,25980.0,439993.0,26060.0,535806.0,26625.0,346094.0,27180.0,542078.0,28375.0,724843.0
0093D0,KoAct 팔란티어밸류체인액티브,13835.0,101721.0,14000.0,83159.0,13895.0,58065.0,14100.0,34232.0,13920.0,120966.0,13805.0,61240.0,13870.0,39111.0,14095.0,57292.0,14105.0,30006.0,13740.0,55483.0,13725.0,53978.0,13970.0,51935.0,14140.0,136849.0,13935.0,86548.0,13340.0,69168.0,14570.0,144749.0,14240.0,68786.0,13380.0,171692.0,13015.0,63491.0,13690.0,82824.0,13885.0,75115.0,13510.0,62979.0,13360.0,88031.0,13080.0,84989.0,13630.0,58000.0,13845.0,66265.0,13510.0,52535.0,13770.0,28100.0,13735.0,55631.0,13915.0,32347.0
152100,PLUS 200,69665.0,386469.0,70050.0,226741.0,71215.0,364428.0,72040.0,372067.0,73025.0,338249.0,72455.0,506900.0,72990.0,708404.0,73800.0,1308620.0,74250.0,1484065.0,73545.0,394857.0,76060.0,420482.0,77440.0,2292312.0,78285.0,843549.0,78500.0,894224.0,73960.0,1565878.0,79570.0,1125634.0,80650.0,668839.0,77320.0,1326300.0,76385.0,1044498.0,79700.0,562756.0,79700.0,852995.0,80430.0,300132.0,83305.0,538305.0,83210.0,476496.0,85730.0,990871.0,87690.0,365584.0,88360.0,200922.0,90535.0,255604.0,92360.0,515475.0,96605.0,1092099.0
491220,PLUS 200TR,80690.0,148.0,81210.0,603.0,82555.0,446.0,83500.0,1515.0,84785.0,9538.0,84365.0,29171.0,84735.0,4749.0,85595.0,715.0,86160.0,8675.0,85320.0,2606.0,88125.0,5776.0,89875.0,23294.0,90800.0,44130.0,91765.0,27507.0,86090.0,69895.0,92460.0,8047.0,93885.0,29472.0,89785.0,39285.0,88880.0,22774.0,92870.0,7039.0,92890.0,3706.0,93460.0,12394.0,96560.0,8811.0,96785.0,15508.0,99500.0,12719.0,102030.0,15103.0,102805.0,21720.0,105260.0,1997.0,107460.0,17315.0,112300.0,18485.0
253150,PLUS 200선물레버리지,110570.0,406.0,111680.0,771.0,115490.0,559.0,118225.0,470.0,121545.0,1215.0,119675.0,2589.0,121435.0,2563.0,123450.0,3679.0,125505.0,2586.0,123195.0,2533.0,131935.0,3159.0,136525.0,18889.0,139500.0,7549.0,140470.0,8782.0,123795.0,26654.0,142970.0,10275.0,146860.0,10691.0,134240.0,12409.0,131250.0,24118.0,142470.0,8766.0,143015.0,7666.0,145425.0,3481.0,155210.0,12864.0,155705.0,19810.0,165015.0,2018.0,172505.0,3192.0,174925.0,6114.0,183865.0,9630.0,191225.0,17531.0,208185.0,23363.0
253160,PLUS 200선물인버스2X,1005.0,51287.0,985.0,80914.0,949.0,130236.0,928.0,78080.0,901.0,41063.0,912.0,65498.0,898.0,44771.0,881.0,143658.0,868.0,50691.0,883.0,39728.0,825.0,202453.0,796.0,248407.0,778.0,251520.0,772.0,114734.0,863.0,1062591.0,753.0,346246.0,711.0,357426.0,765.0,378519.0,783.0,558684.0,721.0,321779.0,718.0,220826.0,710.0,143333.0,658.0,479549.0,666.0,203857.0,619.0,408213.0,591.0,356845.0,581.0,359772.0,551.0,406559.0,529.0,714993.0,486.0,691827.0
395750,PLUS ESG가치주액티브,14000.0,225.0,14100.0,4691.0,14270.0,94.0,14410.0,2226.0,14600.0,192.0,14525.0,61.0,14600.0,73.0,14705.0,4047.0,14815.0,150.0,14770.0,47.0,15110.0,138.0,15400.0,569.0,15610.0,181.0,15585.0,339.0,14850.0,837.0,15750.0,3270.0,15920.0,948.0,15380.0,1690.0,15185.0,6714.0,15715.0,6673.0,15775.0,388.0,16000.0,268.0,16400.0,1599.0,16390.0,1189.0,16885.0,2071.0,17225.0,1046.0,17340.0,2553.0,17645.0,1477.0,17925.0,2337.0,18665.0,254.0
395760,PLUS ESG성장주액티브,15000.0,153.0,15085.0,5420.0,15220.0,23118.0,15460.0,10810.0,15615.0,6685.0,15520.0,1129.0,15440.0,366.0,15580.0,9715.0,15750.0,86.0,15825.0,88.0,16235.0,195.0,16580.0,9810.0,16725.0,164.0,16740.0,668.0,15890.0,11555.0,16900.0,18607.0,17075.0,1498.0,16390.0,437.0,16150.0,6715.0,16775.0,2397.0,16680.0,1810.0,16730.0,145.0,17150.0,11956.0,17150.0,3615.0,17755.0,9305.0,18000.0,8817.0,18175.0,3966.0,18680.0,3677.0,18850.0,9173.0,19645.0,12937.0
453010,PLUS KOFR금리,108130.0,664.0,108145.0,441.0,108155.0,419.0,108160.0,6804.0,108180.0,3101.0,108185.0,502.0,108195.0,548.0,108205.0,807.0,108210.0,2395.0,108230.0,1578.0,108230.0,2189.0,108245.0,2693.0,108255.0,693.0,108255.0,6714.0,108270.0,7655.0,108280.0,2402.0,108290.0,6496.0,108285.0,604.0,108305.0,7963.0,108325.0,15630.0,108335.0,1663.0,108340.0,630.0,108340.0,1367.0,108365.0,21883.0,108400.0,23367.0,108410.0,8989.0,108425.0,5720.0,108430.0,3870.0,108435.0,2488.0,108450.0,2438.0
429740,PLUS K리츠,7115.0,5761.0,7115.0,13521.0,7135.0,6011.0,7160.0,5465.0,7185.0,8734.0,7220.0,9949.0,7190.0,5741.0,7190.0,9037.0,7190.0,5811.0,7175.0,11230.0,7200.0,9378.0,7150.0,38054.0,7150.0,10253.0,7100.0,9637.0,7060.0,8514.0,7060.0,110254.0,7090.0,6628.0,7095.0,5842.0,7140.0,8977.0,7130.0,27831.0,7125.0,4245.0,7155.0,5614.0,7235.0,15080.0,7205.0,4527.0,7155.0,10900.0,7145.0,12958.0,7185.0,8820.0,7195.0,7189.0,7210.0,22338.0,7180.0,9797.0
449450,PLUS K방산,69735.0,2361640.0,68010.0,2311114.0,70130.0,2090955.0,68310.0,2182133.0,69700.0,1687067.0,69475.0,2316403.0,68600.0,2358037.0,67205.0,1896332.0,67000.0,1455471.0,67710.0,1601452.0,66735.0,1200584.0,68620.0,2152532.0,69275.0,2118994.0,68505.0,3282039.0,65130.0,3111458.0,69500.0,1911141.0,71180.0,1889624.0,66225.0,4580431.0,63975.0,2764073.0,65515.0,1423767.0,64130.0,1872535.0,63835.0,812239.0,64585.0,711347.0,64710.0,1260084.0,66700.0,1330130.0,70535.0,3127871.0,69960.0,1211500.0,70480.0,935023.0,70090.0,901314.0,69365.0,998071.0
0104G0,PLUS K방산레버리지,14490.0,373997.0,13710.0,346606.0,14620.0,318500.0,13810.0,405649.0,14480.0,281282.0,14355.0,357089.0,13990.0,439552.0,13335.0,412320.0,13330.0,303151.0,13485.0,228196.0,13160.0,199910.0,13975.0,282372.0,14270.0,366621.0,13905.0,422270.0,12460.0,399154.0,14150.0,286386.0,14870.0,272562.0,13035.0,409022.0,11820.0,669870.0,12460.0,292765.0,11865.0,204003.0,11775.0,114557.0,12095.0,76104.0,12195.0,160471.0,12880.0,218878.0,14500.0,546276.0,14070.0,362931.0,14280.0,185081.0,14095.0,255875.0,13835.0,241043.0
0090B0,PLUS K방산소부장,11185.0,205026.0,10835.0,166593.0,10875.0,157676.0,10590.0,198735.0,10760.0,260896.0,10890.0,191558.0,10700.0,123484.0,10330.0,184001.0,10435.0,91927.0,10665.0,240631.0,10590.0,94546.0,10790.0,150266.0,11110.0,163928.0,11065.0,93934.0,10570.0,158079.0,10995.0,107857.0,10930.0,84199.0,10150.0,295326.0,9905.0,102392.0,10420.0,91768.0,10375.0,34641.0,10400.0,37099.0,10695.0,188194.0,10925.0,98503.0,10990.0,97314.0,11765.0,385550.0,11785.0,242286.0,11705.0,151829.0,11545.0,237822.0,11310.0,147665.0
269530,PLUS S&P글로벌인프라,20400.0,2197.0,20445.0,2747.0,20370.0,2289.0,20510.0,4887.0,20475.0,2445.0,20570.0,526.0,20485.0,4108.0,20495.0,607.0,20640.0,1050.0,20325.0,1782.0,20590.0,5867.0,20410.0,4997.0,20540.0,1913.0,20680.0,8891.0,21055.0,67704.0,20490.0,3335.0,21085.0,2596.0,21185.0,5487.0,21380.0,10325.0,21410.0,3893.0,21645.0,4727.0,21570.0,5737.0,21680.0,2921.0,21750.0,8214.0,21945.0,3296.0,21870.0,3159.0,22070.0,4691.0,22245.0,5692.0,21905.0,5074.0,21940.0,5348.0
433880,PLUS TDF2060액티브,18155.0,25902.0,18165.0,35414.0,18030.0,46008.0,18130.0,51564.0,18100.0,67247.0,18095.0,78969.0,17770.0,88195.0,17955.0,74626.0,18000.0,40721.0,17755.0,75571.0,17880.0,30644.0,17695.0,59791.0,17705.0,62019.0,17750.0,68648.0,17750.0,50054.0,17880.0,75574.0,17820.0,61229.0,17880.0,21285.0,17740.0,51392.0,17975.0,46863.0,18075.0,44460.0,17975.0,38922.0,17920.0,34937.0,17720.0,63956.0,17735.0,51834.0,17730.0,48169.0,17620.0,55395.0,17565.0,72887.0,17505.0,41855.0,17520.0,86144.0
251590,PLUS 고배당저변동50,15695.0,3332.0,15865.0,1915.0,15870.0,4398.0,15950.0,2661.0,15900.0,4186.0,16130.0,4756.0,16005.0,3426.0,16160.0,4043.0,16345.0,8782.0,16305.0,5455.0,16490.0,7399.0,16610.0,3430.0,16720.0,4296.0,16760.0,24286.0,16405.0,8155.0,16845.0,27888.0,17205.0,27221.0,17215.0,7194.0,17045.0,11415.0,17385.0,8806.0,17790.0,8747.0,18070.0,6981.0,18320.0,5617.0,18715.0,7575.0,19160.0,31043.0,19455.0,20978.0,19415.0,9245.0,19225.0,11442.0,19325.0,7247.0,19110.0,10943.0
161510,PLUS 고배당주,21665.0,2285531.0,21915.0,1874171.0,22225.0,2171241.0,22280.0,2182478.0,22680.0,2129541.0,23090.0,2812729.0,23360.0,1420999.0,23295.0,1807326.0,23525.0,1423261.0,23240.0,1811565.0,23710.0,1359418.0,23695.0,1998318.0,24280.0,2180549.0,24300.0,1594929.0,23630.0,2479819.0,24575.0,1738129.0,25055.0,2254448.0,24995.0,2547337.0,24900.0,2145199.0,25675.0,2230604.0,26290.0,2618829.0,26780.0,2551268.0,27460.0,3085637.0,27790.0,4225693.0,28630.0,3549450.0,29620.0,6181715.0,29295.0,5153323.0,28845.0,5012449.0,29230.0,2945260.0,29325.0,2626342.0
0018C0,PLUS 고배당주위클리고정커버드콜,11780.0,204414.0,11760.0,129277.0,11850.0,181225.0,11880.0,152971.0,12070.0,310969.0,12300.0,233790.0,12400.0,168289.0,12385.0,151207.0,12535.0,116670.0,12390.0,148288.0,12540.0,97016.0,12475.0,143962.0,12755.0,780567.0,12800.0,124517.0,12490.0,290158.0,12750.0,195926.0,13005.0,395479.0,13100.0,408358.0,13135.0,230972.0,13485.0,195128.0,13830.0,203668.0,14140.0,309594.0,14100.0,340719.0,14345.0,249885.0,14715.0,582946.0,15170.0,556252.0,14905.0,473089.0,14650.0,279032.0,14685.0,210922.0,14600.0,339389.0
489030,PLUS 고배당주위클리커버드콜,8530.0,421587.0,8625.0,407991.0,8645.0,555910.0,8650.0,496839.0,8745.0,563805.0,8935.0,535215.0,9005.0,514534.0,9025.0,609121.0,9090.0,431615.0,9055.0,593425.0,9090.0,444543.0,8970.0,765331.0,8965.0,2335852.0,8975.0,512127.0,8780.0,670213.0,8830.0,872841.0,8970.0,2009633.0,9200.0,2648775.0,9205.0,627485.0,9425.0,898990.0,9665.0,955927.0,9840.0,1351046.0,9945.0,944382.0,10075.0,954746.0,10310.0,1060021.0,10580.0,1435571.0,10400.0,1664386.0,10165.0,1009550.0,10150.0,876594.0,9760.0,1651991.0
251600,PLUS 고배당주채권혼합,14370.0,444209.0,14430.0,357738.0,14570.0,454230.0,14580.0,685944.0,14715.0,567919.0,14825.0,845513.0,14915.0,610856.0,14920.0,800162.0,14965.0,697316.0,14950.0,781388.0,15115.0,819940.0,15150.0,1326012.0,15210.0,1106270.0,15180.0,1204380.0,14970.0,1069174.0,15265.0,1061716.0,15440.0,1024975.0,15405.0,1247086.0,15360.0,1111974.0,15615.0,1087476.0,15825.0,1122413.0,15990.0,1286212.0,16170.0,1566942.0,16280.0,2150723.0,16545.0,2068338.0,16810.0,2903136.0,16705.0,2703458.0,16560.0,2375842.0,16680.0,1965562.0,16720.0,1853703.0
461460,PLUS 국고채10년액티브,53645.0,1522.0,53650.0,3689.0,53290.0,5385.0,53430.0,2601.0,53130.0,352.0,52790.0,13373.0,52945.0,3908.0,53105.0,5739.0,52980.0,1796.0,53200.0,7345.0,53270.0,8181.0,53320.0,4209.0,53060.0,7457.0,52965.0,3130.0,53065.0,3906.0,52830.0,84557.0,52705.0,5449.0,52765.0,3142.0,52675.0,1707.0,52435.0,2784.0,52820.0,7660.0,52970.0,188.0,53100.0,9693.0,53295.0,294.0,53295.0,9034.0,53455.0,5161.0,53340.0,4584.0,53210.0,5139.0,53450.0,7127.0,53755.0,2035.0
451600,PLUS 국고채30년액티브,104455.0,45.0,104320.0,306.0,103230.0,382.0,103190.0,13.0,102800.0,208.0,100700.0,471.0,100675.0,593.0,100985.0,91.0,100880.0,18.0,101180.0,67.0,100835.0,470.0,101350.0,908.0,100400.0,123.0,100070.0,522.0,99840.0,173.0,98675.0,117.0,98035.0,211.0,98090.0,53.0,98245.0,108.0,97805.0,259.0,98020.0,184.0,98455.0,273.0,98920.0,436.0,99620.0,462.0,100175.0,152.0,100310.0,38.0,100385.0,180.0,99582.0,23.0,99895.0,280.0,99875.0,1.0
491230,PLUS 국공채머니마켓액티브,51570.0,11674.0,51580.0,7707.0,51590.0,13898.0,51585.0,7832.0,51585.0,2126.0,51595.0,22713.0,51605.0,25066.0,51620.0,56819.0,51615.0,41799.0,51610.0,10689.0,51600.0,7316.0,51600.0,2595.0,51615.0,36226.0,51620.0,24248.0,51610.0,5044.0,51620.0,7903.0,51630.0,20998.0,51630.0,14662.0,51625.0,3868.0,51630.0,5472.0,51655.0,35538.0,51645.0,12716.0,51660.0,1227.0,51685.0,20708.0,51690.0,16637.0,51710.0,26415.0,51710.0,38771.0,51720.0,34912.0,51715.0,1908.0,51690.0,75166.0
289670,PLUS 국채선물10년,54170.0,709.0,54170.0,381.0,53865.0,488.0,53925.0,420.0,53635.0,581.0,53310.0,159.0,53500.0,523.0,53615.0,533.0,53470.0,310.0,53750.0,633.0,53780.0,733.0,53935.0,541.0,53695.0,486.0,53565.0,422.0,53620.0,471.0,53435.0,725.0,53270.0,548.0,53395.0,335.0,53330.0,422.0,53050.0,449.0,53345.0,243.0,53680.0,293.0,53810.0,363.0,53920.0,248.0,53945.0,602.0,54040.0,377.0,54015.0,622.0,53805.0,337.0,54055.0,367.0,54460.0,402.0
298340,PLUS 국채선물3년,56240.0,38570.0,56270.0,16009.0,56140.0,36797.0,56165.0,3032.0,56100.0,40137.0,56020.0,16759.0,56065.0,19211.0,56130.0,16194.0,56065.0,2808.0,56185.0,17785.0,56180.0,33273.0,56210.0,75025.0,56190.0,36502.0,56085.0,33775.0,56160.0,25010.0,56075.0,15000.0,56035.0,10000.0,56055.0,41002.0,56025.0,15645.0,55955.0,24420.0,56125.0,33970.0,56175.0,10754.0,56260.0,44070.0,56250.0,9783.0,56255.0,13266.0,56325.0,24292.0,56285.0,106531.0,56260.0,100.0,56340.0,24599.0,56450.0,34917.0
489010,PLUS 글로벌AI인프라,15980.0,1155.0,16130.0,853.0,15985.0,1892.0,16440.0,2532.0,16475.0,2399.0,16360.0,3609.0,16005.0,1356.0,16347.0,460.0,16605.0,3716.0,16250.0,2294.0,16575.0,2229.0,16545.0,1174.0,16515.0,3349.0,16760.0,3840.0,16405.0,1635.0,16750.0,2109.0,16685.0,1290.0,16830.0,1745.0,16580.0,1482.0,17575.0,1147.0,17770.0,2249.0,17745.0,965.0,18035.0,2418.0,17350.0,1816.0,17450.0,3273.0,17490.0,1369.0,17365.0,1625.0,17430.0,2833.0,17395.0,1558.0,17510.0,1367.0
442580,PLUS 글로벌HBM반도체,49750.0,197140.0,49760.0,271514.0,49935.0,174651.0,51695.0,350655.0,53850.0,542896.0,51765.0,609584.0,52160.0,393149.0,54100.0,599009.0,54045.0,305662.0,53235.0,352141.0,55560.0,353124.0,58110.0,435377.0,58775.0,706101.0,59440.0,705048.0,54795.0,782634.0,59685.0,484054.0,58385.0,634821.0,54980.0,618621.0,54675.0,586157.0,57070.0,401673.0,56620.0,366980.0,56105.0,396926.0,58750.0,432541.0,59460.0,525338.0,61140.0,415035.0,61790.0,333765.0,61985.0,328292.0,63930.0,351009.0,64200.0,477791.0,67500.0,530776.0
189400,PLUS 글로벌MSCI(합성 H),23900.0,1649.0,23895.0,69.0,23800.0,520.0,23780.0,119.0,23870.0,92.0,23620.0,461.0,23505.0,294.0,23460.0,307.0,23765.0,4374.0,23795.0,343.0,24070.0,265.0,24150.0,197.0,24125.0,347.0,23720.0,1027.0,23695.0,295.0,24050.0,613.0,23990.0,566.0,23845.0,372.0,23645.0,691.0,24002.0,223.0,24205.0,372.0,24340.0,464.0,24305.0,603.0,23955.0,120.0,24130.0,422.0,23995.0,286.0,23840.0,5105.0,23975.0,36.0,24145.0,608.0,24320.0,845.0
496770,PLUS 글로벌방산,21135.0,164732.0,20995.0,91901.0,21245.0,52006.0,21115.0,81576.0,21260.0,151970.0,21705.0,139946.0,21410.0,86920.0,21400.0,70262.0,20965.0,90171.0,20820.0,76723.0,20690.0,71288.0,20800.0,93925.0,20785.0,74812.0,20665.0,87300.0,20735.0,157425.0,20400.0,68404.0,20670.0,50475.0,20250.0,43192.0,19965.0,47749.0,20305.0,42919.0,20700.0,27563.0,20365.0,28850.0,19850.0,101950.0,19880.0,31468.0,20930.0,81335.0,21365.0,81951.0,20910.0,50525.0,20710.0,103713.0,20420.0,65401.0,20035.0,53709.0
419650,PLUS 글로벌수소&차세대연료전지,4750.0,90335.0,4865.0,120286.0,4855.0,88358.0,4925.0,85845.0,4920.0,123577.0,4895.0,65331.0,4810.0,167609.0,4870.0,125638.0,5015.0,130642.0,4910.0,81019.0,4830.0,85117.0,4855.0,92092.0,4860.0,88097.0,4765.0,80571.0,4545.0,121831.0,4620.0,67942.0,4905.0,97882.0,4765.0,60411.0,4660.0,59213.0,4790.0,42138.0,4835.0,37168.0,4765.0,27180.0,4785.0,24037.0,4690.0,58101.0,4830.0,43304.0,4865.0,83084.0,4765.0,67627.0,4800.0,48794.0,4915.0,72691.0,4955.0,155058.0
0007G0,PLUS 글로벌원자력밸류체인,16985.0,41793.0,16880.0,78595.0,17230.0,56980.0,17550.0,64279.0,17655.0,130130.0,18145.0,198189.0,17640.0,86136.0,18265.0,103917.0,18240.0,64050.0,17850.0,124495.0,17765.0,94491.0,17885.0,84856.0,18675.0,90604.0,17945.0,82407.0,17030.0,82848.0,17175.0,61286.0,17915.0,49540.0,16845.0,85729.0,16060.0,79877.0,16890.0,67054.0,17380.0,39593.0,17090.0,16713.0,16700.0,30737.0,16300.0,37520.0,16820.0,38623.0,17200.0,46494.0,16945.0,40090.0,16950.0,55210.0,16940.0,78625.0,16835.0,67150.0
0035T0,PLUS 글로벌휴머노이드로봇액티브,18900.0,130719.0,19130.0,132047.0,19575.0,185005.0,19450.0,228667.0,19960.0,224996.0,19715.0,247904.0,19890.0,178898.0,19815.0,209577.0,19895.0,181651.0,20405.0,222522.0,20290.0,231771.0,20545.0,178334.0,20855.0,182555.0,20680.0,192738.0,20200.0,213257.0,20900.0,116677.0,20900.0,119891.0,20420.0,114676.0,19790.0,157907.0,20470.0,134049.0,20525.0,96711.0,20825.0,85696.0,20680.0,88118.0,20310.0,92895.0,20870.0,132724.0,21005.0,87091.0,20995.0,105100.0,21090.0,73936.0,21990.0,120603.0,22665.0,182435.0
415920,PLUS 글로벌희토류&전략자원생산기업,8970.0,651361.0,9015.0,635436.0,9310.0,631187.0,9170.0,494486.0,9055.0,589259.0,8975.0,742060.0,9200.0,517817.0,9270.0,443936.0,9670.0,743274.0,10155.0,1519173.0,9620.0,903936.0,9520.0,783837.0,9350.0,1150541.0,8940.0,956212.0,8285.0,740803.0,8835.0,407565.0,9225.0,507744.0,8700.0,436819.0,8410.0,516109.0,8740.0,255871.0,8900.0,218528.0,8980.0,234497.0,9065.0,261943.0,8685.0,268542.0,8780.0,252027.0,8695.0,240381.0,8615.0,337273.0,9000.0,372665.0,9480.0,819759.0,9580.0,664633.0
0138Y0,PLUS 금채권혼합,10350.0,677276.0,10425.0,660796.0,10375.0,676459.0,10365.0,474460.0,10440.0,730287.0,10480.0,598419.0,10650.0,1121364.0,10575.0,744942.0,10700.0,816392.0,10765.0,1534507.0,10770.0,907549.0,10895.0,1360133.0,11250.0,2479575.0,10870.0,2608895.0,10245.0,2214934.0,10560.0,1541449.0,10770.0,1213288.0,10690.0,1095666.0,10615.0,941881.0,10760.0,762835.0,10760.0,716674.0,10755.0,521941.0,10720.0,597568.0,10615.0,708251.0,10680.0,772215.0,10720.0,636180.0,10860.0,850015.0,10880.0,1085248.0,10840.0,608259.0,10815.0,1222710.0
278620,PLUS 단기채권액티브,117470.0,696.0,117480.0,812.0,117485.0,648.0,117475.0,1030.0,117475.0,699.0,117470.0,636.0,117470.0,174.0,117535.0,115.0,117525.0,401.0,117550.0,425.0,117540.0,191.0,117570.0,308.0,117555.0,1442.0,117525.0,893.0,117510.0,839.0,117485.0,1239.0,117470.0,492.0,117490.0,177.0,117485.0,651.0,117475.0,679.0,117490.0,64.0,117535.0,178.0,117605.0,674.0,117630.0,89.0,117655.0,9513.0,117670.0,709.0,117685.0,812.0,117700.0,625.0,117710.0,483.0,117790.0,989.0
477050,PLUS 머니마켓액티브,52440.0,136639.0,52445.0,24220.0,52470.0,23733.0,52470.0,17951.0,52470.0,81431.0,52465.0,118511.0,52480.0,74197.0,52495.0,83176.0,52500.0,25576.0,52505.0,45875.0,52505.0,13169.0,52505.0,38024.0,52520.0,18167.0,52520.0,20081.0,52525.0,74200.0,52525.0,104860.0,52530.0,24955.0,52540.0,10193.0,52555.0,397639.0,52555.0,56704.0,52555.0,10804.0,52565.0,22525.0,52595.0,13434.0,52600.0,11480.0,52615.0,49764.0,52620.0,48132.0,52625.0,97704.0,52625.0,21303.0,52630.0,15882.0,52640.0,152905.0
0050E0,PLUS 미국AI에이전트,9990.0,1018.0,9835.0,4286.0,9640.0,1752.0,9640.0,994.0,9340.0,6466.0,9335.0,1667.0,9155.0,2317.0,9185.0,6437.0,9205.0,9982.0,9080.0,3852.0,9300.0,1721.0,9010.0,8945.0,9030.0,1547.0,8645.0,7698.0,8535.0,1896.0,8620.0,1405.0,8055.0,18792.0,8000.0,5898.0,7750.0,2621.0,7950.0,1655.0,8080.0,2019.0,8145.0,2911.0,7785.0,10407.0,7610.0,2159.0,7840.0,6796.0,7860.0,1782.0,7665.0,15837.0,7275.0,25159.0,7390.0,3500.0,7510.0,5935.0
429760,PLUS 미국S&P500,18995.0,66255.0,18970.0,5554.0,18845.0,15721.0,18970.0,91220.0,18750.0,25439.0,18725.0,8558.0,18535.0,17712.0,18735.0,8782.0,18805.0,12257.0,18425.0,21659.0,18610.0,10669.0,18450.0,8920.0,18425.0,11469.0,18390.0,22182.0,18520.0,10430.0,18665.0,9164.0,18565.0,8343.0,18655.0,15968.0,18400.0,8939.0,18695.0,11592.0,18745.0,10789.0,18625.0,11990.0,18520.0,8936.0,18195.0,11183.0,18395.0,9234.0,18400.0,13134.0,18240.0,11085.0,18245.0,6251.0,18190.0,12618.0,18255.0,16639.0
269540,PLUS 미국S&P500(H),27785.0,18070.0,27720.0,8810.0,27705.0,11335.0,27790.0,14641.0,27480.0,12379.0,27340.0,16067.0,27170.0,20557.0,27425.0,8035.0,27600.0,19052.0,27505.0,24457.0,27675.0,13706.0,27810.0,204935.0,27670.0,14201.0,27395.0,45893.0,27130.0,24366.0,27795.0,11804.0,27485.0,29433.0,27310.0,57331.0,27020.0,52582.0,27605.0,31198.0,27665.0,10808.0,27640.0,9336.0,27615.0,5935.0,27030.0,11533.0,27330.0,14662.0,27330.0,13460.0,27245.0,29478.0,27155.0,16089.0,27355.0,23341.0,27490.0,13969.0
0057H0,PLUS 미국S&P500미국채혼합50액티브,11775.0,138019.0,11805.0,119428.0,11740.0,109475.0,11785.0,160132.0,11715.0,227764.0,11690.0,116212.0,11605.0,185380.0,11680.0,119906.0,11690.0,99704.0,11480.0,141472.0,11545.0,126017.0,11410.0,188354.0,11420.0,134942.0,11465.0,150676.0,11555.0,78966.0,11545.0,201727.0,11565.0,93845.0,11675.0,62390.0,11590.0,181880.0,11650.0,114950.0,11660.0,78533.0,11590.0,71522.0,11530.0,60847.0,11435.0,98733.0,11500.0,98540.0,11495.0,98864.0,11445.0,98938.0,11430.0,72220.0,11375.0,91650.0,11365.0,146125.0
494410,PLUS 미국S&P500성장주,13610.0,19255.0,13630.0,8803.0,13455.0,9535.0,13530.0,21677.0,13420.0,29098.0,13405.0,31911.0,13250.0,55275.0,13295.0,22663.0,13385.0,15539.0,13165.0,16674.0,13360.0,23884.0,13275.0,9538.0,13245.0,7256.0,13185.0,14786.0,13185.0,61380.0,13325.0,6143.0,13105.0,7328.0,13000.0,12035.0,12780.0,8929.0,13065.0,10643.0,13155.0,38224.0,13100.0,9498.0,12995.0,7273.0,12740.0,6295.0,12870.0,15532.0,12875.0,7835.0,12790.0,5593.0,12785.0,3743.0,12750.0,15144.0,12785.0,19647.0
0089B0,PLUS 미국나스닥100미국채혼합50,11115.0,22295.0,11125.0,60953.0,11035.0,51841.0,11095.0,14313.0,11010.0,51443.0,11025.0,35943.0,10950.0,150311.0,11000.0,27901.0,11020.0,23738.0,10835.0,48553.0,10920.0,44870.0,10825.0,43174.0,10810.0,200475.0,10820.0,31936.0,10905.0,20905.0,10930.0,26339.0,10835.0,73061.0,10865.0,92985.0,10790.0,31436.0,10855.0,52074.0,10860.0,45706.0,10805.0,16228.0,10760.0,42527.0,10625.0,30911.0,10720.0,35756.0,10705.0,35557.0,10640.0,52555.0,10660.0,46285.0,10605.0,24397.0,10640.0,43273.0
287180,PLUS 미국나스닥테크,45050.0,2775.0,44895.0,1662.0,44345.0,3322.0,44570.0,1480.0,43915.0,3627.0,44025.0,2026.0,43715.0,2104.0,44605.0,2652.0,44765.0,1738.0,43695.0,4469.0,44545.0,2889.0,44490.0,1821.0,44950.0,4009.0,44085.0,2718.0,43155.0,5567.0,44160.0,1535.0,42565.0,4650.0,42085.0,3426.0,40990.0,15867.0,42600.0,1773.0,42695.0,2953.0,42475.0,1181.0,42330.0,981.0,41245.0,2348.0,42095.0,1809.0,41800.0,4864.0,41160.0,2897.0,40740.0,3136.0,40580.0,4340.0,41610.0,7929.0
213630,PLUS 미국다우존스고배당주(합성 H),18770.0,4167.0,18800.0,4322.0,19115.0,10070.0,19270.0,12553.0,18910.0,7002.0,18870.0,10382.0,18965.0,4711.0,19365.0,7006.0,19290.0,3862.0,19185.0,3570.0,19375.0,9510.0,19475.0,15595.0,19500.0,5281.0,19335.0,5135.0,19175.0,9965.0,19605.0,5739.0,19755.0,2822.0,20025.0,6752.0,19770.0,9072.0,20155.0,4650.0,20005.0,8072.0,20245.0,7344.0,20310.0,2257.0,20090.0,6017.0,20175.0,9506.0,20255.0,9351.0,20055.0,4691.0,20135.0,4177.0,20115.0,4099.0,20130.0,4675.0
332610,PLUS 미국단기회사채(AAA~A),134740.0,1428.0,135070.0,2551.0,134515.0,2565.0,134750.0,751.0,134800.0,2316.0,135110.0,2429.0,134505.0,1276.0,134530.0,1255.0,134130.0,534.0,131925.0,1057.0,132185.0,711.0,130360.0,1469.0,130275.0,1273.0,131495.0,1422.0,133660.0,7049.0,132120.0,1179.0,132560.0,794.0,134235.0,6834.0,134400.0,8062.0,133545.0,5486.0,133270.0,5938.0,132850.0,523.0,131700.0,988.0,132355.0,1034.0,132780.0,5413.0,132555.0,6610.0,131980.0,796.0,132365.0,417.0,130985.0,1786.0,130145.0,921.0
456200,PLUS 미국달러SOFR금리액티브(합성),62470.0,88.0,62710.0,1039.0,62390.0,39.0,62540.0,11.0,62545.0,201.0,62755.0,35.0,62395.0,105.0,62422.0,31.0,62225.0,104.0,61160.0,103.0,61245.0,143.0,60445.0,95.0,60590.0,62.0,60985.0,264.0,62050.0,12.0,61465.0,87.0,61700.0,203.0,62405.0,17.0,62395.0,103.0,62120.0,13.0,61875.0,2.0,61770.0,3.0,61130.0,220.0,61515.0,201.0,61735.0,62.0,61600.0,13.0,61485.0,2.0,61550.0,3.0,61075.0,20.0,60710.0,19.0
0078V0,PLUS 미국로보택시,13285.0,20999.0,12905.0,16131.0,12855.0,18473.0,12965.0,12784.0,12720.0,18649.0,12650.0,18558.0,12560.0,34002.0,12840.0,38959.0,12960.0,7127.0,12580.0,14590.0,12490.0,11084.0,12365.0,18984.0,12195.0,14008.0,12020.0,9371.0,11470.0,16013.0,11955.0,18299.0,11710.0,5620.0,11285.0,10875.0,11255.0,8309.0,11730.0,3171.0,11845.0,6794.0,11720.0,22240.0,11370.0,12158.0,11175.0,18605.0,11160.0,9929.0,11130.0,6438.0,10960.0,8824.0,10935.0,4384.0,10890.0,9918.0,10805.0,23950.0
494420,PLUS 미국배당증가성장주데일리커버드콜,10070.0,70698.0,9940.0,19328.0,9875.0,29387.0,9935.0,18912.0,9960.0,28931.0,9945.0,12907.0,9810.0,19050.0,9870.0,24589.0,9865.0,10439.0,9665.0,45030.0,9705.0,10503.0,9540.0,52969.0,9530.0,18816.0,9550.0,17217.0,9615.0,35755.0,9710.0,32404.0,9635.0,37852.0,9745.0,24706.0,9675.0,21710.0,9835.0,22527.0,9835.0,21360.0,9800.0,43611.0,9615.0,19750.0,9500.0,25969.0,9670.0,54308.0,9600.0,36154.0,9610.0,24307.0,9555.0,33114.0,9460.0,41859.0,9495.0,37087.0
0023B0,PLUS 미국양자컴퓨팅TOP10,18530.0,47766.0,18355.0,27321.0,18805.0,46547.0,18470.0,120606.0,18415.0,45585.0,18235.0,44888.0,18110.0,51995.0,18035.0,33887.0,18235.0,36476.0,17505.0,103796.0,17000.0,113186.0,17040.0,74082.0,17030.0,61627.0,16300.0,91423.0,15625.0,63324.0,16135.0,43679.0,15855.0,40711.0,15235.0,40788.0,14525.0,75082.0,15665.0,58028.0,15510.0,33010.0,15215.0,32488.0,14685.0,91603.0,14160.0,68775.0,14290.0,54481.0,14275.0,49790.0,13685.0,82936.0,13680.0,49990.0,13810.0,35387.0,14610.0,101947.0
332620,PLUS 미국장기우량회사채,99940.0,2725.0,100440.0,1920.0,100500.0,1341.0,100827.0,1662.0,99875.0,1214.0,99815.0,3084.0,99305.0,2728.0,99810.0,2233.0,100125.0,1519.0,98625.0,2136.0,98710.0,1487.0,96975.0,2258.0,96260.0,3943.0,96930.0,2446.0,98950.0,2148.0,97240.0,1139.0,97635.0,1747.0,98705.0,3442.0,99485.0,5815.0,98380.0,8481.0,98815.0,1993.0,98830.0,1745.0,97970.0,859.0,98945.0,1281.0,99550.0,8663.0,99640.0,2487.0,99095.0,2068.0,99035.0,1164.0,98130.0,1086.0,97560.0,926.0
464470,PLUS 미국채30년액티브,54110.0,12393.0,54355.0,13410.0,54465.0,15494.0,54610.0,10802.0,53900.0,29868.0,53790.0,16361.0,53505.0,28367.0,53755.0,13130.0,53940.0,13787.0,53225.0,15439.0,53350.0,8164.0,52325.0,21294.0,51950.0,29597.0,52345.0,20539.0,53600.0,33036.0,52420.0,23716.0,52720.0,11533.0,53390.0,12265.0,53940.0,15060.0,53320.0,11964.0,53655.0,10925.0,53875.0,16166.0,53230.0,16046.0,54015.0,21512.0,54170.0,29305.0,54465.0,12945.0,54100.0,15706.0,54260.0,11028.0,53860.0,12710.0,53700.0,11426.0
461900,PLUS 미국테크TOP10,22525.0,6287.0,22540.0,6060.0,22120.0,9699.0,22280.0,5256.0,21960.0,9813.0,21980.0,5169.0,21520.0,7515.0,21630.0,6157.0,21815.0,6115.0,21555.0,10164.0,22000.0,8846.0,21990.0,13585.0,21875.0,11189.0,21625.0,9711.0,21645.0,8579.0,21935.0,5846.0,21490.0,4450.0,21430.0,6966.0,20920.0,6303.0,21365.0,5009.0,21540.0,6000.0,21400.0,3008.0,21150.0,12981.0,20575.0,15060.0,20765.0,6494.0,20720.0,4500.0,20590.0,6450.0,20710.0,6039.0,20665.0,11095.0,20810.0,12487.0
461910,PLUS 미국테크TOP10레버리지(합성),39340.0,4736.0,39195.0,3330.0,37725.0,3378.0,38255.0,2067.0,37410.0,6181.0,37045.0,3993.0,35800.0,5194.0,35895.0,4498.0,36615.0,4602.0,35975.0,5816.0,37155.0,3288.0,37095.0,4689.0,36845.0,2030.0,36115.0,2313.0,35790.0,10435.0,36855.0,1161.0,35545.0,3482.0,35300.0,3788.0,33100.0,8572.0,34835.0,1767.0,35530.0,2581.0,34905.0,824.0,34300.0,1311.0,32435.0,4392.0,32885.0,3286.0,32890.0,1814.0,32550.0,1259.0,32580.0,1998.0,32495.0,1437.0,33160.0,2418.0
195970,PLUS 선진국MSCI(합성 H),15315.0,13835.0,15375.0,11589.0,15405.0,14823.0,15460.0,13392.0,15355.0,14838.0,15285.0,10675.0,15255.0,13823.0,15355.0,12022.0,15465.0,10489.0,15555.0,22608.0,15605.0,16693.0,15870.0,16333.0,15680.0,13611.0,15510.0,14779.0,15450.0,34628.0,15735.0,86283.0,15775.0,27777.0,15850.0,14390.0,15645.0,8956.0,15825.0,15398.0,16065.0,10999.0,16305.0,8563.0,16280.0,10362.0,16015.0,8832.0,16200.0,20142.0,16100.0,13128.0,16055.0,22680.0,16145.0,8818.0,16235.0,23402.0,16305.0,16672.0
238670,PLUS 스마트베타Quality채권혼합,12405.0,485.0,12540.0,1144.0,12455.0,2575.0,12570.0,1394.0,12620.0,2210.0,12665.0,1120.0,12655.0,273.0,12650.0,3458.0,12685.0,2801.0,12665.0,2881.0,12665.0,3532.0,12655.0,3321.0,12690.0,2905.0,12730.0,18284.0,12660.0,6158.0,12795.0,569.0,12860.0,2338.0,12730.0,2176.0,12735.0,918.0,12880.0,1279.0,12970.0,3273.0,13010.0,1079.0,13100.0,8841.0,13100.0,7341.0,13155.0,7730.0,13225.0,6704.0,13280.0,3727.0,13315.0,6928.0,13340.0,2785.0,13535.0,6054.0
195980,PLUS 신흥국MSCI(합성 H),12910.0,29199.0,12985.0,45847.0,13010.0,24802.0,13130.0,28591.0,13030.0,37161.0,12965.0,36310.0,12930.0,26948.0,13135.0,26552.0,13270.0,32985.0,13410.0,47751.0,13555.0,35327.0,13805.0,42215.0,13865.0,32080.0,13600.0,54036.0,13230.0,68105.0,13650.0,149814.0,13590.0,59803.0,13470.0,35053.0,13330.0,38710.0,13705.0,57936.0,13705.0,46311.0,13810.0,31461.0,14020.0,32729.0,13865.0,21923.0,13655.0,329787.0,13745.0,78863.0,14015.0,58345.0,14155.0,36429.0,14170.0,57545.0,14460.0,46675.0
256450,PLUS 심천차이넥스트(합성),15080.0,1765.0,15180.0,1635.0,15160.0,1030.0,15275.0,769.0,15195.0,1148.0,14890.0,2491.0,15035.0,1290.0,15000.0,629.0,15065.0,300.0,14740.0,1375.0,14895.0,1570.0,14600.0,432.0,14635.0,95.0,14940.0,1087.0,14765.0,1097.0,14750.0,2477.0,14700.0,315.0,14670.0,180.0,14715.0,698.0,14890.0,17287.0,15025.0,1723.0,14690.0,723.0,14840.0,1223.0,14635.0,1161.0,14775.0,1552.0,14765.0,180.0,14630.0,2211.0,14800.0,1344.0,14780.0,1383.0,14740.0,460.0
447660,PLUS 애플채권혼합,13150.0,15066.0,13185.0,12670.0,13105.0,6598.0,13090.0,15948.0,13050.0,21361.0,12995.0,9816.0,12920.0,16966.0,12930.0,9397.0,12930.0,9583.0,12880.0,9123.0,13035.0,25019.0,12985.0,15994.0,12940.0,12362.0,12960.0,20493.0,13000.0,22333.0,13155.0,19277.0,13170.0,18855.0,13300.0,28443.0,13305.0,10064.0,13315.0,14036.0,13265.0,25844.0,13280.0,8742.0,13285.0,3584.0,13085.0,31888.0,13055.0,16035.0,13065.0,11470.0,13090.0,9860.0,13115.0,12623.0,13215.0,11705.0,13200.0,15523.0
239660,PLUS 우량회사채50,120340.0,699.0,120365.0,1156.0,120320.0,1204.0,120345.0,667.0,120320.0,1554.0,120315.0,1256.0,120330.0,1093.0,120395.0,771.0,120370.0,823.0,120405.0,1829.0,120385.0,1224.0,120405.0,1590.0,120380.0,1856.0,120370.0,1416.0,120370.0,2037.0,120330.0,1968.0,120300.0,3639.0,120350.0,971.0,120340.0,853.0,120315.0,1323.0,120385.0,897.0,120420.0,1239.0,120500.0,1313.0,120505.0,1236.0,120510.0,2334.0,120570.0,1302.0,120575.0,1777.0,120570.0,1394.0,120600.0,2180.0,120700.0,3776.0
421320,PLUS 우주항공&UAM,36625.0,872980.0,36325.0,666721.0,37055.0,734239.0,35855.0,707771.0,36730.0,576022.0,38795.0,1518508.0,38970.0,950489.0,38350.0,1082720.0,38705.0,839644.0,38830.0,729280.0,38135.0,615314.0,39160.0,778298.0,42700.0,1630740.0,42900.0,1234961.0,41450.0,1379239.0,45350.0,1610801.0,45530.0,1134535.0,41235.0,1307699.0,41350.0,1512922.0,44825.0,1262317.0,42770.0,1020803.0,43185.0,796050.0,43300.0,1467523.0,43300.0,941116.0,42895.0,860435.0,43545.0,938494.0,41810.0,757004.0,42280.0,895520.0,43560.0,883400.0,43760.0,641402.0
464920,PLUS 일본반도체소부장,20025.0,40584.0,20760.0,48914.0,20830.0,30256.0,20945.0,31660.0,20825.0,24135.0,20480.0,21921.0,20285.0,12395.0,21265.0,34933.0,21275.0,20585.0,21095.0,14085.0,21695.0,26089.0,21710.0,28969.0,21630.0,25512.0,21590.0,19713.0,20865.0,24703.0,21750.0,12859.0,21750.0,6234.0,21135.0,8927.0,21440.0,12776.0,22200.0,60290.0,23080.0,106063.0,23575.0,45175.0,23465.0,62137.0,23255.0,33964.0,23250.0,59306.0,22985.0,47955.0,22905.0,25855.0,23650.0,39966.0,24000.0,51620.0,23880.0,41185.0
489000,PLUS 일본엔화초단기국채(합성),9815.0,77254.0,9810.0,65677.0,9800.0,92620.0,9845.0,78079.0,9860.0,110468.0,9870.0,98857.0,9830.0,115950.0,9785.0,191376.0,9770.0,116142.0,9885.0,221029.0,9880.0,159869.0,9855.0,189225.0,9855.0,148952.0,9890.0,211671.0,9985.0,209771.0,9830.0,138206.0,9800.0,77894.0,9885.0,84278.0,9900.0,125410.0,9870.0,121304.0,9925.0,48526.0,10015.0,140327.0,9915.0,131577.0,9975.0,104972.0,9850.0,146631.0,9860.0,66168.0,9875.0,77439.0,9835.0,50872.0,9715.0,101361.0,9660.0,183114.0
0098N0,PLUS 자사주매입고배당주,10950.0,337674.0,11040.0,625147.0,11140.0,280823.0,11140.0,220919.0,11345.0,299598.0,11520.0,230523.0,11665.0,195454.0,11640.0,167540.0,11685.0,200600.0,11570.0,167468.0,11800.0,166511.0,11735.0,299553.0,11915.0,261871.0,12020.0,191643.0,11720.0,358676.0,12170.0,209594.0,12500.0,206614.0,12520.0,289477.0,12550.0,216763.0,12900.0,208013.0,13110.0,188734.0,13480.0,278382.0,13720.0,282411.0,13835.0,346557.0,14080.0,373773.0,14500.0,315331.0,14355.0,371753.0,14100.0,340102.0,14315.0,201980.0,14310.0,253996.0
451000,PLUS 종합채권(AA-이상)액티브,111855.0,773.0,112010.0,345.0,111420.0,929.0,111655.0,502.0,111315.0,937.0,110825.0,470.0,110985.0,949.0,111075.0,848.0,110850.0,780.0,111220.0,535.0,111140.0,1574.0,111175.0,21.0,110865.0,24.0,110570.0,6.0,110720.0,0.0,110400.0,523.0,110000.0,2.0,110195.0,0.0,110270.0,85.0,109960.0,44.0,110445.0,692.0,110445.0,551.0,110560.0,352.0,110790.0,2.0,110815.0,639.0,111070.0,1.0,111000.0,46.0,110775.0,0.0,111000.0,474.0,111362.0,4.0
280920,PLUS 주도업종,18720.0,2046.0,18705.0,2267.0,18905.0,1329.0,19140.0,7280.0,19540.0,5177.0,19465.0,1915.0,19845.0,5086.0,19835.0,759.0,19905.0,371.0,19880.0,836.0,20160.0,2214.0,20225.0,14690.0,20370.0,1594.0,20165.0,1348.0,19250.0,8575.0,20330.0,1059.0,20770.0,508.0,20065.0,1353.0,19875.0,6251.0,20605.0,1835.0,20730.0,735.0,21155.0,1254.0,21765.0,1883.0,21700.0,1745.0,22305.0,1467.0,22705.0,1606.0,22770.0,1043.0,23100.0,3221.0,23730.0,2084.0,24555.0,3299.0
266550,PLUS 중형주저변동50,15310.0,0.0,15515.0,738.0,15710.0,83.0,15630.0,80.0,15635.0,920.0,15985.0,75.0,15695.0,287.0,15855.0,408.0,16075.0,1.0,16035.0,48.0,16140.0,34.0,16165.0,2.0,16410.0,4294.0,16420.0,3526.0,16095.0,3713.0,16685.0,884.0,16875.0,3.0,17050.0,3014.0,16740.0,7307.0,17550.0,22.0,17990.0,70.0,18195.0,3438.0,18290.0,2331.0,18705.0,8976.0,18905.0,2448.0,19195.0,14682.0,19210.0,3630.0,19040.0,4327.0,19280.0,3824.0,19205.0,4578.0
0047N0,PLUS 차이나AI테크TOP10,12185.0,23789.0,12240.0,15020.0,12150.0,29095.0,12170.0,32281.0,12080.0,27082.0,12115.0,12631.0,12005.0,5554.0,12095.0,17216.0,12170.0,13822.0,11860.0,36543.0,11950.0,8532.0,11950.0,26305.0,11910.0,19075.0,11860.0,19243.0,11610.0,17979.0,11360.0,31399.0,11265.0,22804.0,11240.0,6505.0,11305.0,23944.0,11410.0,11043.0,11480.0,6788.0,11450.0,3459.0,11240.0,12552.0,11040.0,10013.0,11165.0,6580.0,10910.0,17516.0,11155.0,14196.0,10910.0,13296.0,10820.0,14686.0,10590.0,27234.0
0128D0,PLUS 차이나항셍테크위클리타겟커버드콜,9860.0,8395.0,9950.0,6282.0,9780.0,7579.0,9715.0,4364.0,9745.0,7614.0,9685.0,8558.0,9660.0,6276.0,9635.0,7765.0,9725.0,8067.0,9510.0,17552.0,9550.0,8971.0,9645.0,8496.0,9445.0,9894.0,9410.0,2454.0,9175.0,16807.0,8990.0,39302.0,8870.0,10706.0,8860.0,7190.0,8985.0,7700.0,9000.0,7468.0,9015.0,3976.0,9050.0,4227.0,8830.0,27403.0,8765.0,7498.0,8850.0,24851.0,8705.0,17392.0,8870.0,5652.0,8685.0,12737.0,8600.0,25927.0,8315.0,24005.0
495040,PLUS 코리아밸류업,19790.0,1801.0,20080.0,9409.0,20300.0,3702.0,20520.0,3842.0,20945.0,18179.0,20700.0,5574.0,20955.0,8062.0,21035.0,5560.0,21140.0,49370.0,20890.0,8525.0,21635.0,99740.0,22100.0,7578.0,22520.0,7134.0,22860.0,5617.0,21545.0,13123.0,23070.0,93184.0,23350.0,7986.0,22245.0,5341.0,22160.0,44063.0,23115.0,100730.0,23150.0,20748.0,23295.0,14350.0,23985.0,83587.0,24110.0,12147.0,24660.0,12637.0,25285.0,91601.0,25425.0,76668.0,25975.0,14430.0,26535.0,32852.0,27760.0,11950.0
301400,PLUS 코스닥150,15980.0,9760.0,15790.0,8708.0,15940.0,3915.0,16080.0,11057.0,16220.0,2530.0,16330.0,23158.0,15575.0,8533.0,16020.0,3666.0,16685.0,14172.0,18595.0,255278.0,19085.0,112248.0,20495.0,269898.0,21160.0,222871.0,20685.0,275065.0,19450.0,251138.0,20315.0,46460.0,20195.0,210922.0,19350.0,191232.0,18690.0,199044.0,19780.0,280322.0,19305.0,99050.0,19320.0,47107.0,19515.0,198244.0,19120.0,18908.0,20550.0,95252.0,20410.0,36213.0,20185.0,29886.0,20330.0,15545.0,20340.0,33526.0,21210.0,101316.0
301410,PLUS 코스닥150선물인버스,4325.0,19.0,4370.0,137.0,4350.0,226.0,4300.0,357.0,4255.0,120.0,4240.0,717.0,4425.0,13198.0,4310.0,15992.0,4115.0,4707.0,3645.0,25995.0,3570.0,8047.0,3280.0,37536.0,3175.0,34253.0,3225.0,1845.0,3460.0,19693.0,3290.0,8965.0,3315.0,1548.0,3475.0,9231.0,3590.0,12318.0,3385.0,5084.0,3465.0,1506.0,3455.0,9928.0,3420.0,1732.0,3480.0,2968.0,3245.0,21353.0,3245.0,8903.0,3295.0,10536.0,3260.0,4643.0,3275.0,7603.0,3115.0,15600.0
227830,PLUS 코스피,48760.0,758.0,49080.0,233.0,49635.0,383.0,50065.0,386.0,50925.0,1237.0,50675.0,491.0,50830.0,417.0,51260.0,2201.0,51635.0,867.0,51365.0,1619.0,52825.0,535.0,53460.0,749.0,54145.0,2019.0,54455.0,769.0,51325.0,3236.0,54800.0,3708.0,55505.0,1286.0,53255.0,619.0,52570.0,5538.0,54800.0,1507.0,54870.0,1271.0,55400.0,846.0,56850.0,955.0,57010.0,1951.0,58650.0,960.0,60045.0,1685.0,60275.0,1607.0,61730.0,1339.0,62845.0,3796.0,65425.0,1982.0
122090,PLUS 코스피50,49545.0,28676.0,49780.0,25164.0,50440.0,20045.0,51260.0,40693.0,51930.0,33917.0,51445.0,53418.0,52095.0,46548.0,52665.0,48260.0,52650.0,49268.0,52425.0,33764.0,54170.0,58246.0,55600.0,33548.0,55520.0,74943.0,56205.0,116575.0,52925.0,78583.0,57010.0,65894.0,57510.0,30125.0,54800.0,69051.0,54320.0,78750.0,56705.0,30568.0,56615.0,50858.0,56975.0,36080.0,59030.0,62196.0,59285.0,56930.0,60745.0,171640.0,62170.0,56428.0,62805.0,89055.0,64470.0,82703.0,66000.0,101395.0,69265.0,105969.0
328370,PLUS 코스피TR,26195.0,656.0,26335.0,5235.0,26670.0,315.0,26980.0,6283.0,27390.0,601.0,27250.0,6415.0,27425.0,16801.0,27480.0,1540.0,27720.0,3812.0,27580.0,1649.0,28205.0,34686.0,28760.0,9037.0,29090.0,16543.0,29190.0,10987.0,27570.0,13411.0,29385.0,4737.0,29995.0,5740.0,28860.0,6087.0,28260.0,12356.0,29570.0,11101.0,29550.0,4227.0,29765.0,5583.0,30615.0,3982.0,30685.0,2530.0,31500.0,20345.0,32310.0,363.0,32565.0,8978.0,33185.0,3973.0,33900.0,19618.0,35195.0,3451.0
457990,PLUS 태양광&ESS,22500.0,76992.0,22865.0,100398.0,23055.0,72451.0,22695.0,75029.0,22970.0,52161.0,23040.0,110353.0,22480.0,60205.0,23380.0,112843.0,23790.0,160767.0,23625.0,94318.0,23870.0,83097.0,24305.0,122954.0,24240.0,142135.0,23845.0,82720.0,22405.0,101550.0,24110.0,63716.0,27580.0,713611.0,26840.0,744477.0,27800.0,1378697.0,29900.0,1196072.0,29415.0,678653.0,29965.0,625852.0,30165.0,468311.0,29780.0,277544.0,32760.0,755566.0,31780.0,501476.0,31580.0,399705.0,32315.0,457407.0,32300.0,332625.0,32970.0,267956.0
0132K0,PLUS 테슬라위클리커버드콜채권혼합,10045.0,666602.0,9815.0,508316.0,9730.0,359919.0,9765.0,220250.0,9740.0,303206.0,9725.0,378220.0,9705.0,199612.0,9755.0,215567.0,9860.0,247188.0,9780.0,338839.0,9735.0,224877.0,9670.0,278440.0,9725.0,328174.0,9660.0,421678.0,9680.0,478254.0,9680.0,494852.0,9665.0,460048.0,9605.0,435640.0,9555.0,328867.0,9680.0,322091.0,9675.0,507171.0,9725.0,800506.0,9490.0,356655.0,9395.0,332745.0,9420.0,357701.0,9435.0,307167.0,9410.0,259755.0,9360.0,172115.0,9400.0,206464.0,9435.0,288433.0
0000J0,PLUS 한화그룹주,31925.0,844644.0,32480.0,956556.0,33905.0,924413.0,32890.0,644511.0,33290.0,412810.0,32940.0,486689.0,32310.0,395062.0,31940.0,310269.0,32530.0,414198.0,32160.0,298121.0,32060.0,241174.0,32745.0,288331.0,33265.0,420856.0,33045.0,370219.0,31770.0,401928.0,35490.0,738093.0,37290.0,698690.0,35100.0,806083.0,34310.0,589266.0,35470.0,462250.0,34625.0,472845.0,34665.0,184246.0,35315.0,286360.0,35030.0,212435.0,37700.0,460452.0,39655.0,827175.0,38500.0,580107.0,38900.0,502646.0,38685.0,543458.0,38540.0,349565.0
148020,RISE 200,69085.0,2189458.0,69435.0,1400467.0,70630.0,2131833.0,71410.0,2494458.0,72420.0,2106156.0,71835.0,2098569.0,72375.0,2116169.0,73190.0,3103034.0,73670.0,2725625.0,72945.0,2037954.0,75500.0,2565693.0,76840.0,5412738.0,77605.0,3190532.0,77830.0,2618544.0,73335.0,5096071.0,78940.0,2216236.0,80040.0,4218517.0,76680.0,3855516.0,75805.0,3805325.0,79010.0,2559125.0,79020.0,2771410.0,79750.0,1128443.0,82630.0,3127371.0,82550.0,2047502.0,85000.0,2074415.0,86995.0,1247384.0,87650.0,1977850.0,89810.0,1438725.0,91605.0,2290481.0,95800.0,3122772.0
361580,RISE 200TR,38650.0,155656.0,38885.0,66002.0,39520.0,136194.0,39960.0,186210.0,40540.0,106342.0,40205.0,197831.0,40525.0,89835.0,40990.0,180969.0,41230.0,253122.0,40825.0,89671.0,42270.0,248748.0,43000.0,402262.0,43540.0,447203.0,43735.0,150453.0,41155.0,546460.0,44280.0,331487.0,44875.0,228854.0,42980.0,528971.0,42505.0,834576.0,44335.0,776058.0,44365.0,651282.0,44735.0,195068.0,46350.0,612504.0,46310.0,392480.0,47715.0,382172.0,48800.0,204052.0,49165.0,154632.0,50390.0,393974.0,51365.0,210382.0,53755.0,266772.0
290080,RISE 200고배당커버드콜ATM,8100.0,18724.0,8220.0,20604.0,8160.0,41817.0,8200.0,20713.0,8200.0,16752.0,8375.0,64913.0,8400.0,19254.0,8415.0,38565.0,8390.0,19436.0,8270.0,14743.0,8255.0,73275.0,8195.0,17682.0,8125.0,54098.0,8190.0,33722.0,8220.0,26750.0,8275.0,54423.0,8245.0,20521.0,8475.0,70525.0,8505.0,52470.0,8500.0,55639.0,8680.0,41436.0,8810.0,22519.0,8640.0,54701.0,8530.0,11928.0,8650.0,30955.0,8640.0,17397.0,8625.0,38351.0,8380.0,38634.0,8370.0,38815.0,7950.0,93444.0
284980,RISE 200금융,17190.0,14196.0,17450.0,19041.0,17445.0,19416.0,17695.0,10433.0,17520.0,9146.0,17980.0,23813.0,17990.0,15618.0,18090.0,24162.0,18620.0,26466.0,18495.0,14521.0,19075.0,17049.0,18900.0,18590.0,19260.0,12330.0,19120.0,17487.0,18605.0,35265.0,19765.0,14967.0,20260.0,29882.0,20170.0,46115.0,20500.0,39242.0,21215.0,64489.0,21790.0,51893.0,22490.0,50003.0,23275.0,61922.0,23375.0,108118.0,23825.0,186165.0,24700.0,107973.0,24220.0,89358.0,23735.0,130612.0,23970.0,45537.0,23895.0,41736.0
252400,RISE 200선물레버리지,54985.0,10045.0,55615.0,12424.0,57420.0,5642.0,58770.0,18734.0,60400.0,3691.0,59450.0,30438.0,60390.0,23109.0,61765.0,30239.0,62555.0,31832.0,61260.0,21278.0,65620.0,15685.0,68020.0,43556.0,69470.0,62557.0,69860.0,39928.0,61520.0,141949.0,71155.0,52619.0,73020.0,63602.0,66905.0,52599.0,65345.0,94512.0,71110.0,48733.0,71010.0,25544.0,72260.0,17651.0,77570.0,26489.0,77300.0,59645.0,82070.0,27900.0,85825.0,54592.0,87020.0,20537.0,91260.0,40757.0,94960.0,58525.0,103540.0,21271.0
252410,RISE 200선물인버스,2780.0,10934.0,2760.0,5319.0,2720.0,35352.0,2685.0,50652.0,2640.0,15572.0,2665.0,22193.0,2640.0,49645.0,2620.0,47639.0,2600.0,39782.0,2620.0,73830.0,2530.0,33792.0,2480.0,144097.0,2465.0,34404.0,2450.0,46578.0,2590.0,51027.0,2395.0,58978.0,2365.0,21937.0,2470.0,34876.0,2495.0,44836.0,2390.0,12895.0,2385.0,7535.0,2365.0,16049.0,2280.0,117753.0,2290.0,234706.0,2220.0,30416.0,2160.0,170235.0,2150.0,109566.0,2090.0,104014.0,2050.0,178606.0,1961.0,38157.0
252420,RISE 200선물인버스2X,488.0,438119.0,482.0,453967.0,464.0,471320.0,455.0,429412.0,444.0,954143.0,449.0,968516.0,442.0,693314.0,432.0,1176995.0,428.0,356160.0,434.0,1341918.0,406.0,901113.0,391.0,1231230.0,381.0,1667211.0,379.0,960912.0,420.0,3080090.0,360.0,1825610.0,349.0,1656290.0,379.0,3158679.0,388.0,2653103.0,354.0,1167357.0,352.0,800853.0,347.0,942826.0,324.0,1806383.0,322.0,1532498.0,303.0,1020529.0,291.0,1475645.0,286.0,1266282.0,272.0,1296073.0,260.0,2211008.0,237.0,1554206.0
475720,RISE 200위클리커버드콜,11630.0,867074.0,11705.0,1380684.0,11820.0,1015477.0,11895.0,1929550.0,11970.0,1564569.0,11910.0,2535522.0,11995.0,1808212.0,12145.0,1608925.0,12260.0,2157309.0,12210.0,2316997.0,12470.0,2693121.0,12525.0,3968243.0,12340.0,3831333.0,12430.0,2341902.0,11770.0,3004130.0,12460.0,2097965.0,12550.0,1757110.0,12295.0,1768397.0,12150.0,1520214.0,12650.0,1836296.0,12705.0,1142429.0,12820.0,998917.0,13040.0,1178523.0,13025.0,1895859.0,13270.0,1891925.0,13440.0,2093459.0,13515.0,2796342.0,13695.0,2642563.0,13830.0,3408822.0,13665.0,3637566.0
0122W0,RISE 26-11 회사채(AA-이상)액티브,50155.0,1151.0,50165.0,2687.0,50155.0,2821.0,50160.0,203.0,50175.0,1128.0,50180.0,4182.0,50165.0,5413.0,50180.0,1214.0,50195.0,4160.0,50200.0,7293.0,50190.0,1144.0,50180.0,3315.0,50180.0,2416.0,50175.0,477.0,50175.0,8242.0,50195.0,4266.0,50190.0,2011.0,50205.0,1874.0,50205.0,2785.0,50195.0,7346.0,50210.0,14161.0,50220.0,295.0,50235.0,490.0,50265.0,4206.0,50265.0,5968.0,50275.0,1209.0,50285.0,967.0,50295.0,2976.0,50292.0,2063.0,50315.0,5015.0
465330,RISE 2차전지TOP10,10675.0,493763.0,10365.0,365216.0,10585.0,263742.0,10280.0,239406.0,10720.0,410354.0,11055.0,1258439.0,10870.0,594914.0,11750.0,950359.0,11700.0,1181219.0,12550.0,1084917.0,12600.0,670257.0,13530.0,1125646.0,13510.0,1475559.0,13025.0,985736.0,12420.0,1799466.0,12935.0,672168.0,13275.0,886250.0,12920.0,1070018.0,12360.0,1539580.0,12735.0,579107.0,12680.0,366465.0,12550.0,237598.0,12945.0,449821.0,12555.0,410910.0,13420.0,683683.0,13460.0,341493.0,13250.0,339928.0,13775.0,522220.0,14075.0,388972.0,14295.0,532464.0
465350,RISE 2차전지TOP10인버스(합성),23430.0,412723.0,24135.0,217121.0,23705.0,145823.0,24315.0,150684.0,23255.0,254389.0,22580.0,339734.0,22895.0,298652.0,20940.0,1568919.0,20990.0,1008756.0,19530.0,1084112.0,19310.0,452147.0,17900.0,874065.0,17935.0,1131341.0,18570.0,738688.0,19455.0,1050637.0,18735.0,811179.0,18225.0,784037.0,18640.0,887086.0,19415.0,757505.0,19010.0,535325.0,19055.0,479174.0,19180.0,204858.0,18675.0,274326.0,19145.0,381075.0,17830.0,392613.0,17755.0,228824.0,18090.0,323620.0,17410.0,463084.0,17070.0,254421.0,16700.0,497749.0
422420,RISE 2차전지액티브,7075.0,784178.0,7030.0,467911.0,7130.0,346936.0,7000.0,185116.0,7205.0,385891.0,7480.0,1467221.0,7410.0,407493.0,7915.0,1476619.0,7860.0,1176564.0,8290.0,1946077.0,8430.0,2736194.0,9080.0,6526920.0,9085.0,2516901.0,8910.0,1262409.0,8430.0,1446998.0,8755.0,979420.0,9030.0,1593125.0,8755.0,1773314.0,8350.0,725569.0,8605.0,694298.0,8550.0,397281.0,8415.0,393402.0,8665.0,463826.0,8445.0,330024.0,8975.0,972211.0,8865.0,553969.0,8735.0,521582.0,9070.0,902343.0,9190.0,1281774.0,9415.0,1859965.0
105780,RISE 5대그룹주,11085.0,45821.0,11145.0,29933.0,11280.0,31488.0,11305.0,45507.0,11750.0,52888.0,11595.0,46099.0,11870.0,50459.0,11865.0,53267.0,11860.0,52034.0,11690.0,29930.0,11900.0,23691.0,12060.0,27028.0,12335.0,28680.0,12315.0,43842.0,11560.0,36162.0,12285.0,27715.0,12555.0,18526.0,12055.0,13632.0,11720.0,24650.0,12220.0,31643.0,12230.0,18043.0,12370.0,10676.0,12675.0,10133.0,12625.0,38944.0,12940.0,22467.0,13350.0,29531.0,13430.0,26468.0,13765.0,25015.0,14305.0,60225.0,14960.0,69162.0
469070,RISE AI&로봇,14230.0,2519051.0,14445.0,2427881.0,15445.0,3389622.0,15495.0,5732268.0,17215.0,5933706.0,17345.0,7518318.0,17875.0,7719711.0,17660.0,8122580.0,17275.0,5583021.0,18170.0,5368816.0,18045.0,4276197.0,18695.0,5985626.0,18985.0,4611177.0,18435.0,5677348.0,17450.0,3785928.0,18140.0,2148609.0,18160.0,2217374.0,17475.0,1948159.0,16590.0,1753488.0,17255.0,1072086.0,17395.0,1379972.0,17305.0,888469.0,17190.0,993917.0,16825.0,956342.0,17105.0,1427804.0,16880.0,1410561.0,16705.0,1130072.0,16980.0,1664769.0,17760.0,2517983.0,17925.0,3887949.0
0093A0,RISE AI반도체TOP10,18745.0,101170.0,19000.0,64097.0,19240.0,109700.0,19370.0,126434.0,19405.0,112939.0,18910.0,150421.0,18735.0,73262.0,18875.0,73611.0,18805.0,65932.0,19700.0,117324.0,20975.0,222027.0,22515.0,199117.0,23445.0,336298.0,24775.0,378901.0,22430.0,476785.0,25485.0,651306.0,25725.0,793051.0,24575.0,753021.0,25000.0,838526.0,26535.0,465389.0,25830.0,351396.0,25700.0,287343.0,27030.0,278527.0,26480.0,214276.0,27815.0,454342.0,27780.0,396172.0,27310.0,338759.0,28290.0,246221.0,28245.0,236749.0,30890.0,315386.0
0101N0,RISE AI전력인프라,13585.0,303998.0,13920.0,515309.0,13915.0,527785.0,14040.0,485648.0,14325.0,521684.0,14600.0,797326.0,14265.0,799926.0,14380.0,729084.0,14360.0,444251.0,14240.0,420404.0,14470.0,462496.0,14770.0,996471.0,14945.0,477286.0,14915.0,670218.0,13840.0,778266.0,14850.0,381968.0,15935.0,1374401.0,15400.0,666728.0,14880.0,915642.0,15870.0,716342.0,15495.0,602991.0,15680.0,451467.0,15780.0,475242.0,15780.0,314971.0,16080.0,423581.0,16500.0,903866.0,17080.0,1958037.0,17195.0,1022146.0,17635.0,1517279.0,17895.0,1239690.0
427120,RISE AI플랫폼,7240.0,35251.0,7165.0,22677.0,7150.0,22559.0,7045.0,13242.0,7035.0,8181.0,7185.0,30693.0,6965.0,40636.0,7040.0,22532.0,7555.0,309006.0,7825.0,241889.0,7900.0,229216.0,7990.0,101981.0,8115.0,86686.0,7990.0,32628.0,7600.0,164827.0,7870.0,37662.0,7840.0,33690.0,7735.0,33137.0,7475.0,78127.0,7745.0,15107.0,7835.0,39578.0,7780.0,7330.0,7815.0,8839.0,7865.0,23403.0,8130.0,39711.0,8045.0,17366.0,7980.0,18205.0,7895.0,6625.0,7795.0,9894.0,7790.0,8226.0
477080,RISE CD금리액티브(합성),105590.0,5033.0,105600.0,6417.0,105620.0,8664.0,105630.0,10312.0,105635.0,3766.0,105640.0,6164.0,105650.0,8461.0,105680.0,6692.0,105690.0,11309.0,105690.0,8508.0,105695.0,9072.0,105700.0,7616.0,105725.0,6254.0,105740.0,8951.0,105740.0,6861.0,105750.0,8473.0,105760.0,7508.0,105780.0,6246.0,105795.0,12717.0,105795.0,6342.0,105800.0,6569.0,105815.0,6648.0,105860.0,6195.0,105875.0,6832.0,105890.0,7683.0,105900.0,5344.0,105905.0,6147.0,105920.0,7611.0,105920.0,6227.0,105945.0,4778.0
290130,RISE ESG사회책임투자,27060.0,153574.0,27350.0,98014.0,27610.0,138137.0,28040.0,251062.0,28320.0,394767.0,27795.0,89073.0,27970.0,151983.0,28385.0,298515.0,28770.0,121610.0,28425.0,121668.0,29615.0,189942.0,30275.0,359173.0,30535.0,172964.0,31020.0,361818.0,29165.0,159349.0,31415.0,143547.0,31705.0,210689.0,30025.0,140508.0,29990.0,257991.0,31480.0,157574.0,31380.0,267891.0,31580.0,235952.0,32630.0,521392.0,32685.0,649087.0,33585.0,409922.0,34440.0,693960.0,34680.0,926211.0,35755.0,821998.0,36545.0,1118387.0,38525.0,1961497.0
326240,RISE IT플러스,26965.0,25917.0,27105.0,28825.0,27300.0,44995.0,27530.0,58355.0,27735.0,56804.0,27490.0,52984.0,27515.0,23922.0,28370.0,74973.0,28705.0,58243.0,29195.0,66800.0,30340.0,57334.0,31480.0,66859.0,31685.0,53367.0,31865.0,48619.0,30020.0,69361.0,31980.0,24534.0,32050.0,27892.0,30710.0,53633.0,30275.0,41292.0,31450.0,21585.0,31080.0,72304.0,31145.0,18857.0,32205.0,52876.0,31955.0,45151.0,33230.0,89703.0,33635.0,70098.0,33915.0,90741.0,34840.0,51510.0,35435.0,52081.0,37570.0,72784.0
385560,RISE KIS국고채30년Enhanced,70630.0,48877.0,70605.0,60254.0,69560.0,117777.0,69720.0,83034.0,68705.0,75938.0,66845.0,116682.0,67135.0,61885.0,67815.0,43504.0,67120.0,44090.0,67435.0,56132.0,67660.0,46371.0,67835.0,57838.0,67070.0,79923.0,66505.0,92124.0,66500.0,84945.0,65415.0,84365.0,64970.0,75284.0,65075.0,49241.0,65315.0,45671.0,64500.0,77971.0,65005.0,47863.0,65365.0,61508.0,65770.0,58079.0,66500.0,58675.0,66475.0,54538.0,67330.0,51852.0,66825.0,48507.0,66130.0,63084.0,66680.0,51388.0,67900.0,74400.0
479520,RISE KOFR금리액티브(합성),104650.0,2445.0,104655.0,4600.0,104665.0,2728.0,104680.0,3536.0,104695.0,4171.0,104705.0,2063.0,104710.0,4525.0,104720.0,4055.0,104735.0,4825.0,104750.0,7445.0,104750.0,5042.0,104755.0,4572.0,104760.0,3491.0,104790.0,4141.0,104795.0,10691.0,104800.0,5098.0,104800.0,4552.0,104820.0,5840.0,104840.0,6398.0,104840.0,4251.0,104850.0,2869.0,104860.0,3099.0,104875.0,2618.0,104915.0,4851.0,104925.0,7712.0,104945.0,5430.0,104950.0,6041.0,104955.0,4273.0,104960.0,4172.0,104970.0,6513.0
270800,RISE KQ고배당,13960.0,2000.0,14030.0,91.0,13955.0,1082.0,14200.0,23418.0,14265.0,7708.0,14245.0,6427.0,13740.0,1238.0,13735.0,619.0,14015.0,831.0,14640.0,3803.0,14760.0,14124.0,15415.0,20984.0,15820.0,8188.0,15955.0,2463.0,15465.0,4259.0,16145.0,2820.0,16645.0,3296.0,16225.0,3570.0,15940.0,43885.0,16450.0,2788.0,16240.0,4834.0,16075.0,6213.0,16185.0,815.0,16105.0,1666.0,16760.0,6005.0,16750.0,8724.0,16795.0,11919.0,16960.0,2269.0,16920.0,1428.0,16990.0,4460.0
292050,RISE KRX300,32085.0,1917.0,32285.0,1060.0,32745.0,764.0,33270.0,1981.0,33640.0,1720.0,33445.0,1880.0,33507.0,5318.0,33955.0,1948.0,34165.0,3000.0,34210.0,1725.0,35195.0,4114.0,36100.0,8689.0,36460.0,2722.0,36595.0,2883.0,34455.0,2995.0,36980.0,1102.0,37510.0,1488.0,35855.0,3234.0,35345.0,13769.0,36975.0,5773.0,36980.0,828.0,37230.0,1094.0,38305.0,994.0,38490.0,1596.0,39565.0,5889.0,40525.0,1990.0,40685.0,4523.0,41800.0,5738.0,42500.0,3725.0,44570.0,1937.0
388280,RISE K엔터&여행레저,7665.0,15892.0,7750.0,39765.0,7775.0,26731.0,7800.0,104492.0,7880.0,41180.0,7930.0,66133.0,7975.0,37428.0,8040.0,74336.0,8065.0,54203.0,8005.0,27288.0,8025.0,44918.0,8125.0,38550.0,8220.0,71601.0,8300.0,177347.0,8045.0,40095.0,8295.0,61981.0,8380.0,40128.0,8505.0,191116.0,8370.0,117130.0,8670.0,66066.0,8965.0,142786.0,9005.0,168972.0,8895.0,95161.0,8865.0,44059.0,8885.0,50901.0,8820.0,43553.0,8980.0,80199.0,8870.0,40987.0,9030.0,69627.0,8880.0,72025.0
442550,RISE TDF2030액티브,14275.0,5294.0,14275.0,4468.0,14230.0,6375.0,14285.0,12592.0,14215.0,19053.0,14140.0,11967.0,14085.0,10209.0,14190.0,14101.0,14190.0,9294.0,14060.0,25625.0,14180.0,15763.0,14120.0,27072.0,14135.0,31713.0,14135.0,15041.0,14055.0,31476.0,14180.0,8093.0,14125.0,11077.0,14120.0,16962.0,14065.0,11199.0,14185.0,10849.0,14225.0,5046.0,14235.0,10970.0,14250.0,19476.0,14180.0,21542.0,14250.0,19165.0,14280.0,27412.0,14245.0,34148.0,14255.0,10647.0,14250.0,12776.0,14305.0,20417.0
442560,RISE TDF2040액티브,15465.0,17817.0,15465.0,28431.0,15395.0,18258.0,15490.0,29311.0,15400.0,33730.0,15360.0,14334.0,15245.0,20947.0,15375.0,9832.0,15405.0,27122.0,15230.0,32015.0,15390.0,19749.0,15360.0,33261.0,15345.0,115531.0,15345.0,16623.0,15295.0,33576.0,15425.0,22702.0,15340.0,14689.0,15360.0,15729.0,15235.0,28006.0,15425.0,20906.0,15480.0,19435.0,15470.0,12467.0,15430.0,44782.0,15340.0,22918.0,15480.0,22974.0,15490.0,21358.0,15430.0,25127.0,15465.0,8821.0,15465.0,13558.0,15595.0,15528.0
442570,RISE TDF2050액티브,16220.0,105955.0,16220.0,130174.0,16165.0,134224.0,16255.0,152165.0,16170.0,203852.0,16125.0,173111.0,16005.0,189498.0,16155.0,197463.0,16165.0,150664.0,15965.0,174296.0,16155.0,133328.0,16115.0,230267.0,16105.0,152750.0,16100.0,204201.0,16015.0,153097.0,16210.0,181615.0,16105.0,284631.0,16140.0,143257.0,15980.0,173469.0,16230.0,167241.0,16300.0,107901.0,16265.0,122241.0,16300.0,213413.0,16130.0,173932.0,16260.0,212862.0,16270.0,139969.0,16230.0,138387.0,16260.0,112613.0,16230.0,153116.0,16340.0,182204.0
234310,RISE V&S셀렉트밸류,22025.0,205.0,22265.0,823.0,22485.0,265.0,22830.0,1595.0,23070.0,18734.0,22860.0,10053.0,23095.0,155.0,23330.0,1903.0,23580.0,362.0,23730.0,631.0,24220.0,12079.0,24615.0,5156.0,24810.0,8802.0,24820.0,390.0,23560.0,23752.0,24905.0,1291.0,25275.0,16069.0,24740.0,143.0,24180.0,75.0,25090.0,29.0,25365.0,500.0,25695.0,1502.0,26430.0,11007.0,26595.0,306.0,27360.0,601.0,27885.0,682.0,27690.0,373.0,28010.0,118.0,28300.0,87.0,29270.0,64.0
241390,RISE V&S셀렉트밸류채권혼합,14205.0,30960.0,14360.0,31810.0,14450.0,30346.0,14550.0,42497.0,14525.0,30013.0,14570.0,49622.0,14565.0,27998.0,14765.0,36576.0,14685.0,44280.0,14875.0,21540.0,14915.0,51021.0,15120.0,81859.0,15140.0,55584.0,15150.0,75124.0,14665.0,104974.0,15000.0,51903.0,15240.0,52151.0,15000.0,42753.0,14800.0,27048.0,15165.0,35176.0,15085.0,52923.0,15390.0,62664.0,15570.0,70967.0,15655.0,43652.0,15805.0,101908.0,16000.0,54076.0,15980.0,97483.0,16010.0,55093.0,16080.0,38717.0,16410.0,85682.0
300640,RISE 게임테마,7680.0,54997.0,7765.0,43589.0,7715.0,50067.0,7610.0,39942.0,7520.0,19242.0,7620.0,52841.0,7475.0,32589.0,7595.0,24282.0,7810.0,75758.0,8330.0,201900.0,8515.0,391104.0,8625.0,176787.0,8800.0,230742.0,8705.0,87664.0,8210.0,122981.0,8275.0,207006.0,8245.0,49237.0,8120.0,27750.0,8155.0,57253.0,8280.0,53541.0,8300.0,24757.0,8355.0,26125.0,8255.0,18905.0,8125.0,33286.0,8330.0,41044.0,8260.0,102091.0,8305.0,57604.0,8245.0,30364.0,8255.0,35768.0,8115.0,54885.0
266160,RISE 고배당,22890.0,102730.0,23165.0,78815.0,23655.0,108656.0,23980.0,148079.0,24595.0,143149.0,24560.0,248936.0,25305.0,153713.0,25175.0,228953.0,25360.0,193878.0,25105.0,180973.0,25855.0,153849.0,25945.0,175475.0,26095.0,191687.0,26080.0,135959.0,25020.0,204829.0,26565.0,164417.0,27135.0,222424.0,26445.0,185605.0,26235.0,205163.0,27180.0,184232.0,27515.0,244945.0,28085.0,297660.0,29175.0,483771.0,29380.0,441870.0,30170.0,382078.0,30725.0,521179.0,30775.0,456384.0,30925.0,318904.0,31855.0,460736.0,32865.0,535918.0
481430,RISE 국고채10년액티브,102430.0,348.0,102450.0,701.0,101860.0,584.0,102065.0,1630.0,101445.0,1519.0,100805.0,1615.0,101080.0,1025.0,101390.0,2783.0,101160.0,2147.0,101660.0,911.0,101790.0,1439.0,101935.0,1169.0,101610.0,2028.0,101170.0,1069.0,101205.0,87586.0,100860.0,417.0,100655.0,293.0,100760.0,130.0,100545.0,302.0,100210.0,272.0,100775.0,671.0,101150.0,261.0,101400.0,3737.0,101765.0,1293.0,101765.0,1814.0,102085.0,912.0,101860.0,838.0,101610.0,808.0,101885.0,736.0,102765.0,7473.0
114100,RISE 국고채3년,108165.0,9533.0,108185.0,3484.0,107890.0,1597.0,107975.0,271.0,107830.0,1731.0,107615.0,8788.0,107730.0,9557.0,107845.0,38175.0,107730.0,24561.0,108020.0,12217.0,107925.0,12460.0,108065.0,5750.0,107955.0,24255.0,107830.0,9467.0,107845.0,19464.0,107700.0,21732.0,107620.0,21488.0,107685.0,40740.0,107625.0,21282.0,107645.0,18052.0,107785.0,19753.0,107860.0,4992.0,108005.0,26739.0,108050.0,4775.0,108050.0,17467.0,108180.0,21747.0,108185.0,34249.0,108100.0,603.0,108270.0,27781.0,108490.0,27912.0
282000,RISE 국고채3년선물인버스,112190.0,4.0,112195.0,4.0,112450.0,176005.0,112450.0,4.0,112580.0,4.0,112885.0,4.0,112625.0,4.0,112615.0,8.0,112690.0,4.0,112550.0,5.0,112510.0,4.0,112450.0,14.0,112530.0,14.0,112720.0,12.0,112665.0,14.0,112885.0,89016.0,112940.0,88005.0,112955.0,16.0,112980.0,4.0,113065.0,89006.0,112810.0,8.0,112790.0,14.0,112645.0,6.0,112620.0,10.0,112675.0,11.0,112615.0,4.0,112575.0,7.0,112705.0,4.0,112480.0,4.0,112300.0,178004.0
451670,RISE 국채30년레버리지(합성),19965.0,2229.0,19890.0,1335.0,19520.0,3123.0,19580.0,758.0,19150.0,2144.0,18345.0,6055.0,18425.0,2331.0,18725.0,709.0,18415.0,275.0,18590.0,2391.0,18660.0,2020.0,18745.0,2140.0,18400.0,3467.0,18185.0,1231.0,18140.0,675.0,17675.0,2211.0,17490.0,1311.0,17520.0,1324.0,17585.0,1133.0,17285.0,4469.0,17395.0,810.0,17610.0,3257.0,17890.0,2006.0,18100.0,943.0,18085.0,5064.0,18430.0,1928.0,18245.0,1294.0,17950.0,958.0,18145.0,1032.0,18705.0,6612.0
295000,RISE 국채선물10년,53375.0,1374.0,53435.0,1015.0,53040.0,3602.0,53170.0,1872.0,52870.0,3924.0,52510.0,601.0,52685.0,1849.0,52895.0,1939.0,52725.0,3495.0,53025.0,75.0,53085.0,2301.0,53205.0,1893.0,53010.0,1776.0,52810.0,2213.0,52880.0,1593.0,52675.0,631.0,52490.0,2632.0,52610.0,94235.0,52485.0,1066.0,52325.0,581.0,52630.0,517.0,52865.0,9.0,52950.0,122.0,53160.0,18.0,53160.0,19.0,53350.0,64.0,53205.0,72.0,53105.0,158.0,53330.0,27.0,53725.0,6.0
295020,RISE 국채선물10년인버스,56930.0,7.0,56945.0,7.0,57320.0,526061.0,57240.0,66.0,57510.0,12.0,58000.0,260114.0,57720.0,10.0,57555.0,55.0,57700.0,8.0,57460.0,71.0,57365.0,7.0,57275.0,8.0,57430.0,12.0,57720.0,182.0,57600.0,22.0,57895.0,174008.0,58035.0,172007.0,57965.0,32.0,58050.0,172023.0,58315.0,174032.0,57910.0,28.0,57725.0,203.0,57585.0,35.0,57420.0,29.0,57420.0,68.0,57270.0,48.0,57385.0,94.0,57560.0,174009.0,57265.0,35.0,56900.0,522018.0
432600,RISE 국채선물3년,55060.0,4.0,55125.0,4.0,54950.0,4.0,55010.0,4.0,54905.0,103.0,54825.0,4.0,54895.0,4.0,54965.0,4.0,54875.0,5.0,55025.0,12.0,54995.0,5.0,55090.0,4.0,55000.0,4.0,54970.0,4.0,54955.0,19.0,54910.0,8.0,54835.0,5.0,54890.0,454005.0,54825.0,43.0,54865.0,5.0,54925.0,4.0,55005.0,8.0,55050.0,183.0,55100.0,37.0,55055.0,157.0,55145.0,4.0,55125.0,9.0,55135.0,4.0,55190.0,4.0,55340.0,4.0
397420,RISE 국채선물5년추종,51030.0,4.0,51090.0,4.0,50850.0,316.0,50935.0,4.0,50785.0,200.0,50625.0,10.0,50725.0,4.0,50825.0,5.0,50720.0,16.0,50900.0,25.0,50905.0,4.0,50995.0,34.0,50880.0,4.0,50810.0,8.0,50820.0,8.0,50725.0,4.0,50630.0,14.0,50695.0,4.0,50625.0,4.0,50610.0,7.0,50735.0,5.0,50845.0,20.0,50890.0,98.0,50995.0,4.0,50960.0,29.0,51075.0,4.0,51020.0,5.0,51000.0,4.0,51095.0,4.0,51305.0,41.0
0114X0,RISE 글로벌게임테크TOP3Plus,9045.0,1654.0,9130.0,2142.0,9125.0,790.0,9140.0,2772.0,9015.0,1112.0,9000.0,991.0,8880.0,1684.0,8790.0,3094.0,8920.0,5488.0,8820.0,4917.0,8980.0,7335.0,8800.0,5017.0,8755.0,3990.0,8610.0,1866.0,8355.0,4863.0,8530.0,579.0,8130.0,5191.0,7985.0,2316.0,7830.0,2966.0,8020.0,1851.0,8285.0,5235.0,8180.0,4399.0,8115.0,2171.0,7905.0,4720.0,7885.0,6068.0,7745.0,4740.0,7685.0,20080.0,7725.0,1911.0,7715.0,2059.0,7795.0,1283.0
437370,RISE 글로벌농업경제,10210.0,3101.0,10155.0,4421.0,10385.0,1527.0,10535.0,1698.0,10405.0,3764.0,10482.0,2192.0,10560.0,3116.0,10610.0,1650.0,10640.0,5572.0,10485.0,4456.0,10775.0,1783.0,10540.0,1877.0,10600.0,760.0,10550.0,6564.0,10750.0,9725.0,10685.0,4821.0,10970.0,9018.0,11160.0,8001.0,11020.0,4535.0,11150.0,3935.0,11290.0,4525.0,11330.0,6314.0,11395.0,6387.0,11375.0,7751.0,11325.0,9135.0,11425.0,7948.0,11315.0,6085.0,11275.0,4881.0,11210.0,3417.0,11160.0,7438.0
375270,RISE 글로벌데이터센터리츠(합성),13695.0,5659.0,13830.0,9135.0,13850.0,10849.0,13945.0,1799.0,13910.0,7376.0,13920.0,1625.0,13670.0,5108.0,13790.0,3676.0,13650.0,4169.0,13630.0,2334.0,13835.0,4770.0,13920.0,3316.0,13845.0,2285.0,13865.0,4554.0,13660.0,3558.0,13680.0,512.0,13710.0,1936.0,13675.0,1915.0,13380.0,2657.0,13910.0,1383.0,14120.0,4886.0,14255.0,1890.0,14195.0,11028.0,14615.0,5612.0,14515.0,26951.0,14455.0,1639.0,14180.0,3361.0,14420.0,2060.0,14500.0,6937.0,14380.0,2564.0
475380,RISE 글로벌리얼티인컴,10455.0,19067.0,10575.0,23516.0,10645.0,26936.0,10730.0,20568.0,10855.0,29101.0,10920.0,24551.0,10755.0,15424.0,10705.0,16793.0,10620.0,12222.0,10540.0,14503.0,10530.0,11981.0,10450.0,38039.0,10350.0,20074.0,10500.0,25303.0,10630.0,20569.0,10530.0,19867.0,10580.0,30740.0,10770.0,33701.0,10775.0,23271.0,10840.0,24382.0,10850.0,23899.0,10940.0,20537.0,10965.0,12985.0,11150.0,25324.0,11205.0,22755.0,11260.0,18681.0,11220.0,18299.0,11345.0,11496.0,11225.0,18120.0,11085.0,22510.0
476310,RISE 글로벌비만산업TOP2+,10700.0,9805.0,10780.0,4643.0,10645.0,4412.0,10390.0,10781.0,10730.0,13742.0,10770.0,4070.0,10630.0,11672.0,10585.0,6526.0,10755.0,5062.0,10440.0,7956.0,10675.0,5037.0,10330.0,17134.0,10060.0,5462.0,10125.0,6630.0,10285.0,15707.0,10345.0,2391.0,9790.0,16737.0,10060.0,8466.0,9750.0,2455.0,10160.0,8206.0,10035.0,1778.0,9990.0,716.0,9900.0,2887.0,9930.0,2036.0,10035.0,4277.0,9995.0,2284.0,9945.0,2255.0,9765.0,4548.0,9600.0,2567.0,9420.0,5001.0
417450,RISE 글로벌수소경제,12585.0,13244.0,13025.0,18164.0,12915.0,16617.0,12830.0,21268.0,13250.0,23705.0,13270.0,22551.0,13265.0,19280.0,13255.0,15408.0,13655.0,14446.0,13275.0,32074.0,13165.0,14116.0,13125.0,24566.0,13315.0,30065.0,13145.0,13179.0,12830.0,36244.0,12845.0,13415.0,13395.0,24894.0,13150.0,3023.0,12640.0,10313.0,12965.0,7779.0,13295.0,9178.0,13055.0,5687.0,13160.0,5803.0,12990.0,22367.0,13170.0,21966.0,13215.0,16539.0,13115.0,8897.0,13200.0,17852.0,13330.0,12185.0,13645.0,8936.0
442320,RISE 글로벌원자력,41935.0,214876.0,42405.0,318884.0,42425.0,154214.0,43885.0,590236.0,43145.0,456896.0,43915.0,570463.0,43060.0,224926.0,43510.0,276535.0,43485.0,172370.0,42815.0,251457.0,42775.0,326361.0,43285.0,184621.0,44615.0,188112.0,43315.0,148472.0,40400.0,299261.0,41710.0,242628.0,42980.0,91331.0,40400.0,149565.0,38660.0,205131.0,41130.0,151842.0,42055.0,185811.0,42040.0,100640.0,41715.0,90995.0,41175.0,192038.0,42520.0,189517.0,43495.0,390711.0,43715.0,203248.0,43965.0,241745.0,44800.0,367197.0,45455.0,315126.0
461490,RISE 글로벌자산배분액티브,14960.0,345551.0,14955.0,406907.0,14905.0,545251.0,14930.0,402247.0,14875.0,428407.0,14885.0,374567.0,14920.0,330364.0,14950.0,559712.0,15010.0,482655.0,14985.0,597635.0,15120.0,392266.0,15155.0,562016.0,15330.0,666638.0,15160.0,639033.0,14850.0,708813.0,15035.0,491601.0,15035.0,429176.0,15020.0,478966.0,14925.0,386913.0,15020.0,345590.0,15040.0,336121.0,15020.0,300680.0,14995.0,551699.0,14860.0,337488.0,14940.0,447476.0,14960.0,543163.0,14970.0,528891.0,14985.0,331658.0,14960.0,439242.0,14995.0,512370.0
459750,RISE 글로벌주식분산액티브,17365.0,48644.0,17350.0,24963.0,17265.0,24641.0,17305.0,20791.0,17250.0,20763.0,17280.0,21754.0,17055.0,26094.0,17225.0,38576.0,17280.0,47791.0,17000.0,41895.0,17185.0,21390.0,17065.0,39046.0,17075.0,26135.0,17155.0,26743.0,17220.0,26524.0,17230.0,49891.0,17165.0,16981.0,17305.0,20288.0,17180.0,6739.0,17420.0,18454.0,17565.0,17663.0,17415.0,14753.0,17435.0,16956.0,17245.0,13334.0,17360.0,25304.0,17335.0,14516.0,17385.0,23665.0,17295.0,25026.0,17265.0,19103.0,17295.0,22950.0
399580,RISE 글로벌클린에너지,9640.0,8243.0,9660.0,19781.0,9535.0,7637.0,9740.0,13825.0,9645.0,9349.0,9670.0,11994.0,9725.0,20828.0,9740.0,12424.0,9960.0,8524.0,9830.0,19191.0,9915.0,15588.0,9855.0,11781.0,10190.0,17210.0,9855.0,26909.0,9910.0,17919.0,10025.0,11627.0,10315.0,15084.0,10450.0,13113.0,10065.0,13981.0,10320.0,12843.0,10440.0,11841.0,10460.0,6796.0,10360.0,7215.0,10190.0,18206.0,10320.0,12252.0,10250.0,10035.0,10205.0,7597.0,10290.0,7028.0,10425.0,6455.0,10340.0,11418.0
276650,RISE 글로벌테크놀로지(합성 H),39145.0,1963.0,39190.0,377.0,38795.0,2034.0,39310.0,1053.0,38550.0,6135.0,38370.0,11652.0,38275.0,8583.0,38405.0,701.0,38800.0,197.0,38915.0,1786.0,39575.0,2302.0,40220.0,393.0,40185.0,2394.0,39250.0,7762.0,38575.0,9144.0,39290.0,587.0,38600.0,258.0,37775.0,170.0,36960.0,11209.0,38380.0,15.0,38785.0,1407.0,38760.0,50.0,38770.0,1192.0,37750.0,3465.0,38100.0,772.0,38175.0,1201.0,37900.0,28.0,38040.0,1352.0,38415.0,304.0,39325.0,5721.0
336160,RISE 금융채액티브,102305.0,112.0,102400.0,572.0,102165.0,75.0,102240.0,725.0,102150.0,456.0,102115.0,2573.0,102125.0,173.0,102200.0,231.0,102180.0,275.0,102265.0,523.0,102205.0,312.0,102255.0,385.0,101825.0,84.0,101750.0,505.0,101760.0,577.0,101625.0,823.0,101520.0,1178.0,101600.0,704.0,101500.0,272.0,101455.0,965.0,101485.0,176.0,101545.0,213.0,101675.0,215.0,101725.0,539.0,101700.0,441.0,101755.0,337.0,101780.0,243.0,101750.0,203.0,101835.0,237.0,101900.0,80.0
326230,RISE 내수주플러스,10665.0,14280.0,10675.0,9748.0,10690.0,15416.0,10805.0,27077.0,10920.0,9286.0,11320.0,728173.0,11200.0,25044.0,11370.0,328029.0,11455.0,150864.0,11525.0,149602.0,11685.0,135926.0,11820.0,45310.0,12030.0,34030.0,12055.0,53014.0,11645.0,79417.0,12035.0,11185.0,12255.0,42511.0,12080.0,20278.0,11890.0,8333.0,12370.0,15200.0,12505.0,28146.0,12735.0,20616.0,12800.0,21360.0,12775.0,48872.0,13020.0,33570.0,13080.0,14209.0,13155.0,26276.0,13115.0,31306.0,13115.0,14787.0,13390.0,57823.0
367760,RISE 네트워크인프라,24870.0,490610.0,24960.0,140460.0,25330.0,282623.0,25670.0,954308.0,25535.0,229100.0,25065.0,400545.0,24865.0,125683.0,25525.0,147479.0,25645.0,325019.0,25670.0,354884.0,26455.0,464340.0,27525.0,760624.0,27570.0,330216.0,28275.0,363979.0,26750.0,292322.0,28720.0,165110.0,29070.0,166153.0,27640.0,165846.0,27330.0,309219.0,28455.0,195225.0,28350.0,275841.0,28405.0,139408.0,29260.0,181270.0,28940.0,238413.0,30365.0,426701.0,31135.0,371393.0,32325.0,676930.0,33650.0,729346.0,34370.0,1412374.0,36360.0,1513478.0
272560,RISE 단기국공채액티브,113290.0,7161.0,113300.0,6437.0,113285.0,6572.0,113295.0,3945.0,113270.0,4977.0,113275.0,4154.0,113290.0,6984.0,113325.0,2662.0,113295.0,6250.0,113305.0,6250.0,113300.0,5082.0,113295.0,3530.0,113285.0,7646.0,113290.0,7530.0,113280.0,5352.0,113270.0,3955.0,113250.0,4962.0,113295.0,4047.0,113305.0,7500.0,113295.0,4572.0,113325.0,4382.0,113315.0,3559.0,113410.0,9830.0,113415.0,6561.0,113440.0,7780.0,113475.0,6573.0,113480.0,8567.0,113500.0,6320.0,113510.0,8351.0,113565.0,8158.0
385550,RISE 단기채권알파액티브,112265.0,6936.0,112280.0,2848.0,112280.0,5793.0,112290.0,3078.0,112290.0,5491.0,112300.0,8654.0,112315.0,14896.0,112345.0,4656.0,112355.0,12584.0,112360.0,7803.0,112350.0,3553.0,112345.0,2777.0,112360.0,5819.0,112360.0,5963.0,112345.0,7035.0,112335.0,4119.0,112325.0,6432.0,112355.0,29211.0,112345.0,15620.0,112375.0,2314.0,112360.0,10727.0,112375.0,17526.0,112435.0,10878.0,112452.0,8350.0,112505.0,15596.0,112520.0,4202.0,112520.0,9066.0,112530.0,5814.0,112535.0,21663.0,112590.0,20814.0
196230,RISE 단기통안채,115270.0,13394.0,115285.0,2815.0,115310.0,5412.0,115305.0,4996.0,115305.0,6091.0,115320.0,2298.0,115320.0,3119.0,115340.0,4741.0,115345.0,2989.0,115340.0,4680.0,115345.0,11244.0,115345.0,4614.0,115355.0,3098.0,115370.0,3309.0,115370.0,17026.0,115365.0,1625.0,115370.0,3341.0,115380.0,2888.0,115395.0,2116.0,115405.0,2077.0,115405.0,4130.0,115415.0,3033.0,115460.0,2810.0,115485.0,2031.0,115510.0,2209.0,115525.0,1343.0,115515.0,2434.0,115525.0,2431.0,115535.0,3293.0,115560.0,3696.0
0061Z0,RISE 단기특수은행채액티브,50110.0,6901.0,50115.0,12063.0,50125.0,4963.0,50135.0,600.0,50135.0,2969.0,50130.0,2773.0,50137.0,1764.0,50145.0,1685.0,50155.0,3436.0,50150.0,1900.0,50155.0,2805.0,50160.0,923.0,50170.0,4547.0,50170.0,5762.0,50170.0,1366.0,50175.0,1920.0,50180.0,635.0,50185.0,2980.0,50190.0,1957.0,50200.0,701.0,50200.0,888.0,50205.0,2209.0,50230.0,1628.0,50235.0,2129.0,50240.0,1498.0,50245.0,2266.0,50250.0,1772.0,50255.0,1737.0,50255.0,954.0,50275.0,985.0
315960,RISE 대형고배당10TR,45045.0,173382.0,45625.0,211796.0,46435.0,157192.0,46900.0,631614.0,48140.0,682350.0,47580.0,244920.0,48875.0,365260.0,49115.0,208291.0,49145.0,581796.0,48190.0,203901.0,50455.0,528564.0,51370.0,530432.0,52160.0,365009.0,52580.0,452289.0,49610.0,420695.0,53140.0,300203.0,53955.0,170808.0,51660.0,438503.0,51500.0,636168.0,53545.0,224525.0,53385.0,342585.0,54450.0,361643.0,56400.0,239073.0,56310.0,423081.0,57400.0,320707.0,58950.0,486892.0,59300.0,870935.0,61000.0,449870.0,62620.0,397094.0,66115.0,455394.0
0138D0,RISE 동학개미,12190.0,303632.0,12340.0,306302.0,12645.0,359525.0,12590.0,290105.0,12800.0,357325.0,12810.0,299408.0,12545.0,326266.0,12480.0,180066.0,12630.0,290254.0,12670.0,306863.0,12800.0,296439.0,13255.0,244681.0,13435.0,257145.0,13360.0,303727.0,12705.0,90048.0,13625.0,56158.0,13870.0,64323.0,13250.0,63738.0,12900.0,84358.0,13585.0,80905.0,13270.0,40646.0,13265.0,24251.0,13670.0,45114.0,13495.0,25589.0,14295.0,46929.0,14750.0,94142.0,14990.0,70714.0,15120.0,61558.0,15295.0,32318.0,15740.0,46445.0
455890,RISE 머니마켓액티브,54385.0,277249.0,54390.0,233728.0,54405.0,222267.0,54410.0,250580.0,54410.0,262078.0,54420.0,221597.0,54425.0,312165.0,54435.0,201070.0,54440.0,250017.0,54445.0,331276.0,54450.0,340326.0,54450.0,370568.0,54460.0,567479.0,54470.0,358955.0,54470.0,363288.0,54475.0,305867.0,54475.0,187905.0,54495.0,350098.0,54500.0,333099.0,54505.0,200698.0,54505.0,178000.0,54510.0,224878.0,54540.0,283630.0,54545.0,317465.0,54550.0,244501.0,54560.0,321444.0,54565.0,224636.0,54570.0,172357.0,54575.0,272851.0,54590.0,303586.0
401170,RISE 메타버스,7700.0,58319.0,7680.0,32778.0,7650.0,46073.0,7635.0,34966.0,7685.0,45688.0,7710.0,45393.0,7525.0,46077.0,7735.0,71486.0,7835.0,63260.0,8085.0,62882.0,8055.0,162964.0,8160.0,147673.0,8100.0,189992.0,8065.0,67377.0,7765.0,36084.0,7930.0,108686.0,7855.0,69498.0,7725.0,71180.0,7655.0,20294.0,7890.0,33067.0,8035.0,67201.0,8145.0,47607.0,8140.0,34470.0,8015.0,26305.0,8360.0,47794.0,8400.0,135679.0,8640.0,52326.0,8700.0,46193.0,8815.0,74215.0,9025.0,95779.0
481340,RISE 미국30년국채액티브,9955.0,40626.0,9995.0,25925.0,10030.0,49845.0,10060.0,40229.0,9905.0,52743.0,9875.0,25679.0,9825.0,69035.0,9895.0,32247.0,9935.0,37092.0,9800.0,58689.0,9855.0,40927.0,9645.0,97998.0,9580.0,50747.0,9650.0,72906.0,9870.0,68443.0,9615.0,56387.0,9710.0,24925.0,9820.0,35390.0,9910.0,66188.0,9780.0,95375.0,9865.0,24206.0,9945.0,15901.0,9800.0,42974.0,9975.0,42356.0,10005.0,62773.0,10065.0,32850.0,9975.0,38823.0,10020.0,31876.0,9945.0,32030.0,9920.0,29086.0
472870,RISE 미국30년국채엔화노출(합성 H),8025.0,755218.0,8035.0,388263.0,8080.0,580029.0,8100.0,594076.0,8040.0,320856.0,8000.0,446729.0,7965.0,504409.0,7960.0,393496.0,7985.0,689542.0,8095.0,1392347.0,8100.0,576400.0,8055.0,545306.0,7975.0,620589.0,7985.0,867227.0,8110.0,913286.0,7930.0,973665.0,7925.0,573501.0,7975.0,485620.0,8060.0,897477.0,8000.0,568045.0,8085.0,761530.0,8225.0,1042908.0,8130.0,1973834.0,8220.0,1363657.0,8170.0,692642.0,8205.0,328028.0,8210.0,353651.0,8190.0,361766.0,8115.0,1830785.0,8055.0,1296446.0
472830,RISE 미국30년국채커버드콜(합성),9285.0,80558.0,9335.0,47595.0,9350.0,66989.0,9370.0,66757.0,9270.0,60577.0,9250.0,32600.0,9205.0,119182.0,9240.0,46488.0,9270.0,40714.0,9130.0,168643.0,9150.0,87433.0,8980.0,170440.0,8840.0,90289.0,8915.0,78885.0,9105.0,164352.0,8950.0,128173.0,8990.0,53073.0,9090.0,73914.0,9190.0,121961.0,9095.0,72485.0,9145.0,27899.0,9180.0,27684.0,9080.0,30905.0,9185.0,34242.0,9220.0,62720.0,9270.0,38510.0,9210.0,96068.0,9235.0,120009.0,9170.0,46143.0,9085.0,67071.0
485690,RISE 미국AI밸류체인TOP3Plus,18010.0,31228.0,18070.0,27024.0,17805.0,150176.0,17900.0,75542.0,17680.0,48628.0,17655.0,135080.0,17405.0,24565.0,17665.0,87212.0,17880.0,70874.0,17495.0,33661.0,17885.0,57654.0,17795.0,41651.0,17895.0,39307.0,17520.0,33885.0,16990.0,91490.0,17710.0,18606.0,17230.0,13669.0,16530.0,54755.0,16145.0,132053.0,16795.0,23084.0,17265.0,71053.0,17095.0,17740.0,17205.0,19710.0,16855.0,38730.0,17055.0,146595.0,16975.0,87062.0,16710.0,53836.0,16675.0,31788.0,16775.0,33651.0,16920.0,26854.0
490590,RISE 미국AI밸류체인데일리고정커버드콜,13520.0,994982.0,13570.0,667168.0,13340.0,1331964.0,13490.0,606873.0,13355.0,917586.0,13300.0,594557.0,13145.0,797910.0,13275.0,815174.0,13420.0,1036580.0,13200.0,1065668.0,13400.0,443607.0,13350.0,902016.0,13220.0,916550.0,13070.0,936264.0,12765.0,958980.0,13085.0,423954.0,12755.0,980662.0,12315.0,1324588.0,12000.0,1199377.0,12475.0,666375.0,12735.0,519601.0,12685.0,540360.0,12770.0,539700.0,12535.0,593195.0,12620.0,553660.0,12660.0,478790.0,12460.0,742501.0,12410.0,569956.0,12460.0,773998.0,12400.0,782572.0
0127R0,RISE 미국AI클라우드인프라,12065.0,67634.0,12005.0,24475.0,11855.0,26684.0,12180.0,20771.0,12380.0,86102.0,12140.0,143282.0,12045.0,78599.0,12045.0,17440.0,11875.0,54262.0,11515.0,33418.0,11865.0,18092.0,12455.0,32892.0,12265.0,21764.0,11780.0,54009.0,10950.0,65975.0,11320.0,7677.0,11305.0,25834.0,10855.0,32868.0,9895.0,189513.0,11315.0,70725.0,11775.0,67290.0,11755.0,42808.0,11480.0,10936.0,11285.0,10018.0,11535.0,7753.0,11770.0,23844.0,10965.0,20716.0,11195.0,8004.0,11440.0,12278.0,11565.0,34939.0
495940,RISE 미국AI테크액티브,14300.0,16762.0,14200.0,15791.0,14040.0,7787.0,14415.0,51088.0,14370.0,7577.0,14285.0,15627.0,14390.0,14918.0,14625.0,3584.0,14735.0,13550.0,14395.0,15438.0,14335.0,26341.0,14500.0,43367.0,14935.0,40681.0,14685.0,15404.0,14175.0,24898.0,15000.0,12889.0,15070.0,234674.0,14205.0,113184.0,13960.0,97414.0,14800.0,210192.0,14985.0,12866.0,14520.0,14481.0,14665.0,3836.0,14430.0,8531.0,14680.0,12652.0,14925.0,15512.0,14690.0,31608.0,15125.0,29156.0,15260.0,30173.0,15450.0,24370.0
379780,RISE 미국S&P500,22225.0,401565.0,22215.0,362542.0,22065.0,510288.0,22205.0,354245.0,21945.0,475337.0,21915.0,317561.0,21705.0,557927.0,21880.0,503661.0,21975.0,368597.0,21535.0,535036.0,21775.0,410387.0,21565.0,521327.0,21570.0,447851.0,21550.0,454021.0,21700.0,380830.0,21880.0,253348.0,21740.0,288364.0,21875.0,371587.0,21600.0,493324.0,21915.0,412744.0,21985.0,232490.0,21835.0,214828.0,21750.0,330859.0,21335.0,795950.0,21590.0,319924.0,21575.0,224725.0,21415.0,334833.0,21415.0,288613.0,21350.0,560203.0,21430.0,2594058.0
453330,RISE 미국S&P500(H),16615.0,31921.0,16565.0,40038.0,16535.0,33237.0,16600.0,28632.0,16410.0,37833.0,16335.0,16335.0,16255.0,49353.0,16400.0,33054.0,16515.0,22987.0,16460.0,284797.0,16620.0,28108.0,16690.0,83961.0,16635.0,68875.0,16465.0,28150.0,16305.0,53307.0,16635.0,66237.0,16485.0,17296.0,16370.0,38179.0,16155.0,43051.0,16485.0,46383.0,16550.0,20364.0,16540.0,13934.0,16555.0,113821.0,16215.0,23196.0,16395.0,23463.0,16385.0,27476.0,16320.0,26528.0,16300.0,15155.0,16400.0,51903.0,16480.0,35613.0
0138T0,RISE 미국S&P500데일리고정커버드콜,10090.0,357043.0,10105.0,295814.0,10025.0,307146.0,10125.0,305097.0,10010.0,408706.0,9985.0,357022.0,9895.0,422123.0,9975.0,388715.0,10005.0,337280.0,9825.0,470465.0,9930.0,340834.0,9825.0,365125.0,9725.0,356552.0,9725.0,342006.0,9720.0,68740.0,9870.0,71795.0,9810.0,63777.0,9825.0,42776.0,9750.0,63683.0,9890.0,66487.0,9885.0,23741.0,9845.0,30501.0,9795.0,48562.0,9615.0,106900.0,9735.0,21515.0,9735.0,50412.0,9660.0,73124.0,9670.0,45359.0,9640.0,46787.0,9570.0,50302.0
0005C0,RISE 미국S&P500엔화노출(합성 H),11150.0,2936.0,11145.0,1613.0,11100.0,518.0,11175.0,145.0,11100.0,828.0,11050.0,610.0,10880.0,12292.0,10990.0,1096.0,11055.0,434.0,11120.0,790.0,11235.0,1161.0,11210.0,2350.0,11205.0,1098.0,11160.0,878.0,11130.0,1614.0,11240.0,7812.0,11055.0,1324.0,11055.0,645.0,10875.0,6052.0,11145.0,4567.0,11205.0,1228.0,11340.0,670.0,11250.0,1213.0,11060.0,432.0,11055.0,2540.0,11040.0,517.0,11005.0,244.0,10955.0,451.0,10875.0,580.0,10875.0,756.0
460660,RISE 미국S&P배당킹,11600.0,7074.0,11700.0,14204.0,11820.0,11803.0,11970.0,10353.0,11845.0,11360.0,11850.0,7474.0,11845.0,6436.0,11880.0,4258.0,11845.0,7530.0,11580.0,19659.0,11635.0,15671.0,11470.0,14603.0,11345.0,14558.0,11440.0,7534.0,11645.0,14307.0,11750.0,5102.0,11875.0,8855.0,12195.0,19617.0,12200.0,19668.0,12305.0,9753.0,12180.0,6727.0,12230.0,4007.0,12180.0,7514.0,12260.0,298899.0,12325.0,282589.0,12275.0,13242.0,12165.0,8390.0,12235.0,6775.0,12210.0,8727.0,12030.0,10896.0
219390,RISE 미국S&P원유생산기업(합성 H),5650.0,71960.0,5715.0,51816.0,5810.0,74238.0,5750.0,41267.0,5745.0,24741.0,5730.0,11060.0,5730.0,33267.0,5905.0,70729.0,5935.0,114755.0,5960.0,69862.0,5920.0,59175.0,5960.0,53777.0,6105.0,117322.0,6110.0,116910.0,5890.0,101025.0,5915.0,72437.0,6155.0,120722.0,6375.0,120813.0,6320.0,53984.0,6400.0,57755.0,6520.0,56051.0,6510.0,24947.0,6680.0,51054.0,6330.0,68394.0,6650.0,75519.0,6860.0,264182.0,6755.0,151261.0,6650.0,111200.0,6625.0,73180.0,6515.0,47435.0
0115C0,RISE 미국고배당다우존스TOP10,10990.0,18411.0,11025.0,30981.0,11095.0,11813.0,11105.0,34100.0,11030.0,43233.0,10985.0,39618.0,10950.0,74799.0,11085.0,16824.0,11080.0,14423.0,10880.0,55117.0,10990.0,20769.0,10835.0,35844.0,10825.0,169042.0,10905.0,46165.0,11190.0,54688.0,11320.0,24557.0,11405.0,24065.0,11720.0,20723.0,11845.0,98671.0,11920.0,94150.0,11820.0,31973.0,11750.0,29337.0,11645.0,53600.0,11435.0,32878.0,11645.0,41014.0,11645.0,49091.0,11560.0,19474.0,11485.0,17431.0,11475.0,15591.0,11405.0,26905.0
354240,RISE 미국고정배당우선증권,11645.0,13030.0,11675.0,8694.0,11760.0,8966.0,11825.0,4119.0,11745.0,6343.0,11695.0,6034.0,11645.0,11083.0,11740.0,3365.0,11750.0,8726.0,11550.0,16507.0,11620.0,8229.0,11500.0,7199.0,11400.0,14237.0,11420.0,8779.0,11545.0,9832.0,11645.0,7507.0,11570.0,6863.0,11660.0,11938.0,11715.0,4987.0,11610.0,7005.0,11605.0,4318.0,11530.0,11383.0,11495.0,7786.0,11460.0,10187.0,11700.0,3594.0,11650.0,8463.0,11480.0,11125.0,11565.0,8740.0,11475.0,6924.0,11400.0,8320.0
368590,RISE 미국나스닥100,27990.0,421528.0,27995.0,827312.0,27695.0,328703.0,27890.0,992418.0,27475.0,414517.0,27435.0,269725.0,27215.0,794212.0,27495.0,617466.0,27665.0,326719.0,27160.0,555774.0,27550.0,288628.0,27460.0,625914.0,27470.0,308073.0,27255.0,342888.0,27135.0,475498.0,27595.0,235648.0,27130.0,423143.0,27000.0,567423.0,26560.0,579581.0,27020.0,521766.0,27165.0,209988.0,26965.0,210572.0,26855.0,288284.0,26260.0,329789.0,26615.0,218656.0,26585.0,204216.0,26365.0,349780.0,26395.0,273571.0,26385.0,343806.0,26610.0,335992.0
437350,RISE 미국단기투자등급회사채액티브,12890.0,22998.0,12935.0,23662.0,12880.0,19788.0,12910.0,64770.0,12885.0,35554.0,12925.0,29761.0,12870.0,22104.0,12865.0,27849.0,12830.0,17156.0,12615.0,49226.0,12635.0,25113.0,12470.0,74212.0,12495.0,39783.0,12615.0,32738.0,12865.0,56870.0,12675.0,36942.0,12720.0,29955.0,12890.0,29796.0,12930.0,78520.0,12825.0,37155.0,12835.0,28046.0,12770.0,27691.0,12670.0,16914.0,12740.0,16078.0,12740.0,16402.0,12770.0,24772.0,12715.0,30503.0,12735.0,8750.0,12625.0,19655.0,12590.0,37912.0
455960,RISE 미국달러SOFR금리액티브(합성),12585.0,3948.0,12635.0,10835.0,12555.0,2076.0,12565.0,1917.0,12625.0,2129.0,12620.0,3094.0,12600.0,4048.0,12545.0,2877.0,12535.0,2401.0,12310.0,24025.0,12360.0,2510.0,12200.0,5454.0,12185.0,5981.0,12320.0,2920.0,12505.0,10103.0,12410.0,4330.0,12410.0,1321.0,12545.0,1760.0,12585.0,1748.0,12535.0,1512.0,12500.0,1728.0,12455.0,1249.0,12375.0,1505.0,12385.0,1257.0,12425.0,1136.0,12440.0,12485.0,12385.0,8384.0,12410.0,151.0,12300.0,2826.0,12220.0,4147.0
469530,RISE 미국달러선물인버스,8825.0,207.0,8815.0,11.0,8825.0,2665.0,8840.0,301.0,8820.0,86.0,8815.0,36.0,8825.0,338.0,8860.0,314.0,8855.0,2362.0,9040.0,1028.0,8970.0,25.0,9145.0,2605.0,9120.0,857.0,9060.0,27.0,8900.0,31.0,8995.0,281.0,8945.0,855.0,8865.0,115.0,8830.0,1745.0,8895.0,218.0,8900.0,221.0,8970.0,218.0,9005.0,400.0,9010.0,146.0,8970.0,180.0,9000.0,453.0,9005.0,344.0,9000.0,204.0,9070.0,1069.0,9135.0,667.0
469060,RISE 미국반도체NYSE,23395.0,18859.0,23705.0,7514.0,23815.0,17373.0,24230.0,12263.0,24045.0,12207.0,23930.0,10829.0,24130.0,29741.0,24760.0,32573.0,24570.0,21840.0,23885.0,16162.0,24195.0,16615.0,24765.0,20580.0,24905.0,11484.0,24595.0,22427.0,23560.0,27305.0,24765.0,19250.0,24015.0,26392.0,23565.0,33539.0,23490.0,27966.0,24490.0,16787.0,24735.0,8681.0,24545.0,10690.0,25155.0,38851.0,24675.0,344427.0,24945.0,55281.0,24810.0,10623.0,24545.0,31240.0,24895.0,60544.0,24940.0,30770.0,25175.0,27943.0
469050,RISE 미국반도체NYSE(H),20275.0,25401.0,20475.0,29631.0,20715.0,39938.0,20985.0,27579.0,20890.0,40048.0,20635.0,31683.0,20940.0,38325.0,21505.0,73195.0,21400.0,34153.0,21140.0,29139.0,21360.0,56677.0,22185.0,51852.0,22255.0,30165.0,21795.0,23504.0,20550.0,27777.0,21815.0,45098.0,21115.0,61022.0,20440.0,44309.0,20330.0,21936.0,21325.0,46407.0,21550.0,18604.0,21515.0,14232.0,22165.0,135101.0,21660.0,35349.0,21935.0,16129.0,21810.0,23725.0,21685.0,19672.0,21910.0,17840.0,22150.0,43897.0,22435.0,75496.0
491630,RISE 미국반도체인버스(합성 H),10625.0,951.0,10470.0,1297.0,10530.0,690.0,10340.0,446.0,10320.0,1403.0,10385.0,7446.0,10285.0,6240.0,9950.0,4914.0,9945.0,956.0,10035.0,3316.0,10005.0,724.0,9605.0,1808.0,9570.0,8050.0,9760.0,7815.0,10200.0,6905.0,9685.0,7914.0,10055.0,1582.0,10420.0,6593.0,10360.0,4405.0,9920.0,10467.0,9735.0,1348.0,9695.0,3727.0,9450.0,2005.0,9785.0,2672.0,9485.0,759.0,9635.0,487.0,9625.0,612.0,9510.0,2300.0,9485.0,1780.0,9315.0,3325.0
490600,RISE 미국배당100데일리고정커버드콜,9015.0,252044.0,9035.0,214097.0,9140.0,295856.0,9210.0,181216.0,9140.0,178251.0,9130.0,138724.0,9110.0,161484.0,9235.0,114789.0,9240.0,149988.0,9085.0,376863.0,9080.0,218799.0,8940.0,458906.0,8825.0,244312.0,8890.0,121078.0,9060.0,495719.0,9110.0,181119.0,9205.0,288102.0,9430.0,382416.0,9435.0,239732.0,9535.0,266306.0,9475.0,123917.0,9465.0,243412.0,9475.0,126660.0,9420.0,180146.0,9495.0,104790.0,9485.0,165795.0,9375.0,235490.0,9400.0,117234.0,9380.0,147005.0,9155.0,194387.0
0018Z0,RISE 미국양자컴퓨팅,17230.0,21912.0,17185.0,13637.0,17275.0,11780.0,17200.0,23319.0,17110.0,13678.0,17150.0,24181.0,17025.0,71185.0,17080.0,17381.0,17050.0,19742.0,16565.0,24714.0,16520.0,18171.0,16405.0,23021.0,16380.0,31848.0,15970.0,23298.0,15250.0,46857.0,15985.0,21238.0,15770.0,10561.0,15380.0,16725.0,15015.0,10613.0,15810.0,9086.0,15845.0,9069.0,15695.0,5436.0,15445.0,10134.0,14945.0,11575.0,15090.0,15450.0,15070.0,7460.0,14750.0,17760.0,14750.0,8198.0,14840.0,7435.0,15295.0,18958.0
0013P0,RISE 미국은행TOP10,12675.0,51527.0,12495.0,42340.0,12195.0,67661.0,12475.0,86505.0,12345.0,29005.0,12265.0,23758.0,12125.0,39284.0,12135.0,33701.0,12215.0,21335.0,11650.0,80392.0,11930.0,64205.0,11760.0,30416.0,11660.0,45223.0,11920.0,25984.0,12030.0,95302.0,12150.0,58654.0,12275.0,24181.0,12325.0,33333.0,12080.0,51982.0,12545.0,47767.0,12545.0,26668.0,12205.0,53099.0,11960.0,45779.0,11450.0,63294.0,11915.0,39500.0,11870.0,45311.0,11700.0,52933.0,11365.0,43945.0,11430.0,66269.0,11480.0,378696.0
267440,RISE 미국장기국채선물(H),8435.0,11161.0,8455.0,1059.0,8495.0,996.0,8475.0,1029.0,8405.0,2838.0,8370.0,4092.0,8350.0,4276.0,8390.0,1722.0,8410.0,14383.0,8420.0,10815.0,8455.0,1973.0,8390.0,3541.0,8360.0,4948.0,8335.0,2690.0,8420.0,2709.0,8340.0,1404.0,8340.0,4204.0,8345.0,6614.0,8445.0,2029.0,8400.0,2033.0,8455.0,1247.0,8490.0,2540.0,8485.0,644.0,8540.0,1625.0,8530.0,1895.0,8555.0,3206.0,8580.0,1889.0,8575.0,2459.0,8590.0,3015.0,8585.0,4686.0
267490,RISE 미국장기국채선물레버리지(합성 H),5635.0,2453.0,5645.0,2288.0,5700.0,422.0,5675.0,3775.0,5575.0,2053.0,5535.0,3807.0,5515.0,17713.0,5550.0,3953.0,5590.0,2002.0,5615.0,5752.0,5610.0,1381.0,5600.0,1763.0,5525.0,2127.0,5535.0,506.0,5580.0,4895.0,5525.0,957.0,5510.0,1214.0,5535.0,23.0,5630.0,1159.0,5565.0,507.0,5620.0,5083.0,5705.0,1525.0,5665.0,961.0,5740.0,852.0,5745.0,55453.0,5780.0,3414.0,5765.0,8732.0,5785.0,1156.0,5815.0,7222.0,5830.0,987.0
267450,RISE 미국장기국채선물인버스(H),10680.0,20.0,10670.0,6.0,10640.0,36.0,10660.0,5.0,10730.0,15.0,10745.0,125.0,10815.0,32.0,10730.0,11.0,10700.0,80.0,10695.0,11.0,10690.0,65.0,10740.0,2.0,10750.0,581.0,10805.0,10.0,10700.0,38.0,10820.0,638.0,10795.0,126.0,10810.0,2.0,10650.0,96.0,10700.0,110.0,10680.0,19.0,10555.0,13.0,10650.0,30.0,10565.0,22.0,10480.0,106.0,10505.0,311.0,10525.0,4.0,10495.0,23.0,10485.0,33.0,10480.0,12.0
0036Z0,RISE 미국천연가스밸류체인,10750.0,3620.0,10975.0,13908.0,11050.0,5489.0,10975.0,5513.0,11205.0,6626.0,11150.0,6827.0,11135.0,28659.0,11230.0,10549.0,11275.0,20415.0,11165.0,10522.0,11195.0,7910.0,11200.0,4059.0,11265.0,8713.0,11485.0,46782.0,11690.0,40285.0,11410.0,13713.0,11805.0,6034.0,11980.0,4298.0,11965.0,8721.0,12115.0,7446.0,12090.0,2854.0,12100.0,2432.0,12280.0,5467.0,12140.0,7233.0,12290.0,7445.0,12520.0,20142.0,12485.0,14226.0,12510.0,3120.0,12325.0,5534.0,12300.0,3529.0
491620,RISE 미국테크100데일리고정커버드콜,11240.0,899901.0,11255.0,503190.0,11125.0,1030390.0,11200.0,444763.0,11170.0,693667.0,11030.0,1153891.0,10900.0,1206703.0,11000.0,962040.0,11090.0,479979.0,10895.0,1375246.0,11060.0,537900.0,11035.0,923545.0,10865.0,867925.0,10750.0,791324.0,10675.0,935475.0,10855.0,801378.0,10675.0,1204269.0,10620.0,715662.0,10425.0,792343.0,10620.0,880741.0,10680.0,672185.0,10610.0,650060.0,10535.0,1184531.0,10290.0,758613.0,10455.0,442924.0,10435.0,466811.0,10375.0,522366.0,10365.0,344547.0,10355.0,580650.0,10315.0,677323.0
0036R0,RISE 미국휴머노이드로봇,16950.0,384386.0,17165.0,373849.0,17185.0,239987.0,17245.0,210603.0,16975.0,292603.0,16955.0,163722.0,16830.0,211709.0,17295.0,254330.0,17345.0,166092.0,16805.0,226358.0,16905.0,132073.0,16815.0,153883.0,16940.0,164707.0,16870.0,240051.0,16650.0,174394.0,17340.0,196668.0,17095.0,200700.0,16885.0,107040.0,16565.0,185595.0,17225.0,186561.0,17345.0,145868.0,17260.0,46925.0,17225.0,69292.0,16765.0,104366.0,16930.0,106003.0,16850.0,146467.0,16665.0,135657.0,16630.0,171142.0,16795.0,95889.0,16875.0,100014.0
0000Z0,RISE 바이오TOP10액티브,15335.0,406860.0,14790.0,471312.0,14920.0,227795.0,15035.0,547331.0,15070.0,338556.0,14955.0,283532.0,13635.0,1064499.0,13945.0,631091.0,15020.0,904226.0,16735.0,1309777.0,16915.0,1034810.0,17115.0,904126.0,17270.0,689419.0,16550.0,783913.0,15950.0,397203.0,16605.0,275429.0,16565.0,288589.0,16055.0,223782.0,15170.0,211366.0,15925.0,184846.0,15765.0,143379.0,16105.0,476914.0,16130.0,242008.0,15815.0,168136.0,16540.0,412147.0,16255.0,229710.0,16810.0,539552.0,16830.0,481349.0,16830.0,278085.0,17510.0,648743.0
446700,RISE 배터리 리사이클링,11335.0,25895.0,11095.0,17166.0,11365.0,21022.0,11235.0,15688.0,11780.0,32064.0,11910.0,45466.0,11780.0,20119.0,12425.0,75041.0,12380.0,41611.0,13265.0,47833.0,13325.0,38357.0,13860.0,38120.0,14035.0,52717.0,13640.0,43115.0,12915.0,43480.0,13300.0,12883.0,13565.0,13664.0,13180.0,13266.0,12725.0,21316.0,13215.0,17991.0,13250.0,24502.0,13210.0,14217.0,13530.0,11076.0,13185.0,12966.0,13710.0,55318.0,13810.0,32341.0,13695.0,22112.0,14100.0,30636.0,14270.0,21963.0,14240.0,14718.0
475350,RISE 버크셔포트폴리오TOP10,14375.0,32265.0,14315.0,52418.0,14300.0,66129.0,14255.0,54964.0,14125.0,38655.0,14080.0,33811.0,13930.0,39613.0,13970.0,62453.0,14040.0,49040.0,13675.0,56593.0,13880.0,40820.0,13640.0,63902.0,13585.0,65421.0,13830.0,52663.0,13980.0,70871.0,14155.0,42603.0,14240.0,26162.0,14610.0,94760.0,14600.0,70788.0,14720.0,54243.0,14515.0,55441.0,14460.0,38717.0,14340.0,36701.0,14025.0,45405.0,14205.0,97282.0,14145.0,45869.0,14120.0,48752.0,14030.0,32162.0,13945.0,46006.0,13915.0,54778.0
388420,RISE 비메모리반도체액티브,17030.0,194331.0,17320.0,250380.0,17480.0,234094.0,17570.0,338742.0,17435.0,239811.0,16900.0,331250.0,16590.0,374753.0,16795.0,196280.0,16795.0,227781.0,17280.0,411437.0,18065.0,912726.0,19120.0,937897.0,19260.0,1179954.0,20000.0,637124.0,18690.0,791392.0,20000.0,220244.0,19910.0,344956.0,19115.0,840561.0,19035.0,527967.0,19950.0,1146315.0,19505.0,232353.0,19430.0,146706.0,20280.0,445450.0,19925.0,361340.0,20725.0,373391.0,21135.0,497890.0,21550.0,504845.0,22270.0,343192.0,22380.0,580880.0,23175.0,287124.0
448630,RISE 삼성그룹Top3채권혼합,12545.0,382547.0,12500.0,386052.0,12610.0,367572.0,12685.0,395463.0,12765.0,400371.0,12700.0,476147.0,12770.0,417668.0,13005.0,651159.0,12970.0,598478.0,13000.0,657176.0,13150.0,687806.0,13245.0,874918.0,13170.0,875826.0,13190.0,872278.0,12815.0,1054436.0,13155.0,728867.0,13260.0,692185.0,13045.0,664122.0,12960.0,559648.0,13125.0,519405.0,13140.0,383851.0,13145.0,411516.0,13375.0,464084.0,13375.0,388465.0,13620.0,566552.0,13585.0,640858.0,13625.0,746745.0,13830.0,778000.0,13955.0,826307.0,14235.0,955282.0
367770,RISE 수소경제테마,21440.0,307436.0,21670.0,105100.0,22005.0,212089.0,21875.0,113734.0,22950.0,355040.0,22900.0,244068.0,23540.0,301488.0,23195.0,282866.0,23275.0,216089.0,23080.0,171521.0,23030.0,188615.0,23430.0,186260.0,23800.0,253131.0,23195.0,231999.0,22055.0,279855.0,23090.0,102244.0,23865.0,206355.0,23005.0,216431.0,22370.0,296570.0,23130.0,142224.0,23040.0,129170.0,23515.0,101836.0,23600.0,144348.0,23350.0,66011.0,24035.0,185887.0,24670.0,258559.0,24855.0,266587.0,25135.0,111055.0,25845.0,227990.0,26650.0,168829.0
140570,RISE 수출주,19830.0,7403.0,19920.0,4820.0,20295.0,10147.0,20240.0,2753.0,20790.0,2332.0,20860.0,3295.0,20730.0,5255.0,20990.0,1719.0,21045.0,21814.0,21150.0,2539.0,21225.0,3255.0,21495.0,5700.0,21610.0,1490.0,21355.0,21131.0,20150.0,14451.0,21210.0,2519.0,21740.0,5847.0,21155.0,1356.0,20660.0,5266.0,21375.0,1766.0,21555.0,1084.0,21800.0,5829.0,22260.0,876.0,21985.0,12169.0,22890.0,1470.0,23270.0,16130.0,23630.0,5340.0,24130.0,1860.0,24660.0,2202.0,25400.0,4612.0
0093B0,RISE 엔비디아고정테크100,11635.0,6898.0,11730.0,19301.0,11585.0,8897.0,11590.0,10224.0,11385.0,33563.0,11395.0,9260.0,11300.0,8195.0,11390.0,7362.0,11530.0,11381.0,11295.0,9031.0,11450.0,14386.0,11465.0,9162.0,11425.0,7495.0,11330.0,6718.0,11280.0,5687.0,11415.0,4584.0,11120.0,6833.0,11055.0,9545.0,10880.0,9695.0,11230.0,6080.0,11295.0,8920.0,11180.0,1772.0,11130.0,2408.0,10890.0,6649.0,11035.0,5821.0,10975.0,6072.0,10945.0,2803.0,10980.0,4430.0,10960.0,7356.0,11070.0,8204.0
140580,RISE 우량업종대표주,19655.0,866.0,19825.0,127.0,20035.0,2589.0,20190.0,4867.0,20570.0,320.0,20740.0,123.0,20860.0,148.0,20980.0,3648.0,21090.0,456.0,20890.0,359.0,21260.0,760.0,21405.0,953.0,22025.0,671.0,22165.0,564.0,21075.0,6001.0,22270.0,1014.0,22800.0,1324.0,22485.0,293.0,21955.0,2183.0,22855.0,923.0,23085.0,851.0,23375.0,4446.0,23840.0,606.0,24115.0,2746.0,24780.0,1939.0,25390.0,14336.0,25180.0,1906.0,25230.0,1816.0,25750.0,951.0,26580.0,3941.0
379790,RISE 유로스탁스50(H),16430.0,6625.0,16425.0,1577.0,16395.0,15955.0,16395.0,3574.0,16240.0,11921.0,16080.0,2149.0,16060.0,3348.0,16075.0,15409.0,16020.0,5393.0,16200.0,21806.0,16295.0,1405.0,16260.0,46805.0,16215.0,2336.0,16135.0,1881.0,16035.0,7137.0,16420.0,4135.0,16355.0,5193.0,16270.0,22798.0,16010.0,6188.0,16425.0,6233.0,16490.0,15906.0,16475.0,26712.0,16415.0,8789.0,16255.0,3929.0,16615.0,5728.0,16490.0,5133.0,16635.0,6812.0,16705.0,9620.0,16735.0,23419.0,16710.0,15130.0
498610,RISE 인도디지털성장,10350.0,3325.0,10365.0,18765.0,10310.0,2105.0,10250.0,291.0,10285.0,3469.0,10145.0,4045.0,9865.0,3803.0,9840.0,2461.0,9870.0,3793.0,9595.0,4937.0,9555.0,4833.0,9480.0,2852.0,9435.0,3030.0,9445.0,4306.0,9630.0,4014.0,9900.0,10658.0,9690.0,7379.0,9785.0,3755.0,9670.0,7299.0,9805.0,1094.0,9805.0,2912.0,9805.0,895.0,9490.0,8195.0,9240.0,5343.0,9220.0,8369.0,9040.0,11458.0,9030.0,9439.0,8870.0,11856.0,8650.0,24625.0,8585.0,15833.0
488480,RISE 일본섹터TOP4Plus,12570.0,45387.0,12915.0,4655.0,13100.0,2514.0,12955.0,4333.0,12985.0,3417.0,12855.0,2378.0,12660.0,5394.0,12740.0,3691.0,12810.0,6815.0,12600.0,5629.0,12655.0,1621.0,12620.0,2467.0,12770.0,4961.0,12930.0,3358.0,12830.0,7243.0,13215.0,2413.0,13325.0,2158.0,13225.0,2940.0,13630.0,29117.0,14120.0,55372.0,14365.0,42648.0,14570.0,17436.0,14420.0,17351.0,14260.0,12838.0,13895.0,14680.0,13590.0,59376.0,13420.0,13282.0,13665.0,15153.0,13590.0,9554.0,13680.0,6734.0
385540,RISE 종합채권(A-이상)액티브,107010.0,4150.0,107025.0,7010.0,106585.0,4335.0,106710.0,6779.0,106365.0,10460.0,105780.0,5414.0,105950.0,6922.0,106205.0,7489.0,105910.0,6979.0,106150.0,1647.0,106215.0,4985.0,106335.0,6312.0,106095.0,4562.0,105860.0,6806.0,105880.0,7675.0,105500.0,9439.0,105325.0,14119.0,105455.0,8396.0,105400.0,19692.0,105105.0,3257.0,105425.0,3589.0,105585.0,3065.0,105810.0,15265.0,106050.0,2367.0,106045.0,5587.0,106320.0,4145.0,106150.0,3009.0,105990.0,2170.0,106225.0,2599.0,106710.0,7754.0
183710,RISE 주식혼합,64830.0,649.0,64630.0,6.0,65885.0,80.0,66495.0,157.0,67255.0,201.0,67400.0,134.0,67140.0,70.0,67745.0,457.0,67870.0,175.0,67430.0,291.0,69195.0,140.0,69950.0,449.0,70680.0,310.0,71280.0,265.0,68010.0,330.0,71095.0,135.0,71955.0,106.0,70265.0,81.0,69610.0,88.0,71830.0,656.0,71670.0,962.0,72455.0,862.0,74385.0,238.0,74545.0,1580.0,76145.0,1302.0,77170.0,622.0,77600.0,1601.0,79200.0,1926.0,80270.0,1527.0,83660.0,3095.0
310080,RISE 중국MSCI China(H),11100.0,5317.0,11150.0,6291.0,11070.0,4414.0,10960.0,5807.0,10915.0,8980.0,10900.0,2448.0,10860.0,13177.0,10825.0,4917.0,10880.0,7987.0,10900.0,16271.0,10982.0,13053.0,11160.0,5882.0,11220.0,3216.0,10965.0,17500.0,10620.0,4506.0,10650.0,9690.0,10665.0,2248.0,10500.0,4643.0,10515.0,5828.0,10670.0,5849.0,10850.0,10679.0,10820.0,1208.0,10695.0,2587.0,10535.0,3719.0,10365.0,9155.0,10400.0,6392.0,10585.0,14328.0,10460.0,3537.0,10485.0,6581.0,10300.0,20149.0
463300,RISE 중국본토CSI300,14105.0,5507.0,14105.0,2765.0,13980.0,4132.0,13915.0,1989.0,13980.0,4130.0,13965.0,4440.0,13845.0,4405.0,13885.0,6008.0,13850.0,2278.0,13640.0,6848.0,13665.0,4075.0,13500.0,7535.0,13570.0,4866.0,13615.0,5539.0,13510.0,2341.0,13435.0,3307.0,13585.0,7362.0,13715.0,3616.0,13730.0,3286.0,13845.0,3694.0,13940.0,1189.0,13840.0,1086.0,13720.0,2771.0,13520.0,2714.0,13655.0,1764.0,13475.0,2325.0,13665.0,4099.0,13755.0,1943.0,13795.0,1796.0,13700.0,3917.0
174360,RISE 중국본토대형주CSI100,24815.0,93336.0,24850.0,28624.0,24790.0,17596.0,24750.0,44542.0,24855.0,29742.0,24715.0,28786.0,24830.0,25011.0,24725.0,19914.0,24465.0,20972.0,24155.0,25474.0,24360.0,24694.0,24045.0,32700.0,24210.0,27262.0,24210.0,16592.0,23935.0,32248.0,23855.0,25955.0,24190.0,34095.0,24300.0,9072.0,24370.0,19406.0,24565.0,27989.0,24585.0,25954.0,24375.0,15568.0,24305.0,15015.0,24065.0,10740.0,24110.0,11790.0,23930.0,10312.0,24125.0,18180.0,24310.0,79528.0,24330.0,19744.0,24255.0,35849.0
136340,RISE 중기우량회사채,106140.0,902.0,106200.0,1691.0,105990.0,915.0,106050.0,1027.0,105915.0,4778.0,105820.0,3252.0,105890.0,3081.0,105960.0,830.0,105905.0,1000.0,106000.0,2865.0,106020.0,8029.0,106055.0,2861.0,105695.0,14626.0,105590.0,16477.0,105520.0,32428.0,105435.0,12336.0,105350.0,1576.0,105355.0,781.0,105300.0,1387.0,105255.0,1072.0,105340.0,774.0,105375.0,720.0,105520.0,12386.0,105615.0,6381.0,105605.0,19989.0,105680.0,5183.0,105680.0,1519.0,105645.0,38696.0,105770.0,1490.0,105835.0,43168.0
281990,RISE 중소형고배당,15950.0,5099.0,16350.0,3871.0,16570.0,9765.0,16455.0,965.0,16465.0,3149.0,16730.0,1805.0,16715.0,3978.0,16830.0,12101.0,16930.0,6919.0,16840.0,7704.0,17000.0,7371.0,17115.0,3281.0,17550.0,7981.0,17535.0,6176.0,16870.0,8735.0,17510.0,2297.0,17905.0,6689.0,17835.0,4250.0,17425.0,7307.0,18055.0,4921.0,18495.0,122177.0,18540.0,48718.0,18915.0,2490.0,19185.0,4855.0,19515.0,5146.0,19970.0,9092.0,19830.0,10739.0,19885.0,9872.0,20245.0,16450.0,19920.0,55017.0
272570,RISE 중장기국공채액티브,109190.0,46.0,109200.0,138.0,108795.0,3681.0,108855.0,3345.0,108665.0,74.0,108390.0,734.0,108380.0,179.0,108605.0,8.0,108510.0,704.0,108675.0,65.0,108730.0,106.0,108860.0,58.0,108710.0,235.0,108555.0,28.0,108530.0,12.0,108345.0,4.0,108205.0,4238.0,108325.0,93.0,108285.0,61.0,108050.0,3307.0,108335.0,13.0,108525.0,1855.0,108735.0,24.0,108815.0,212.0,108840.0,189.0,108950.0,6.0,108930.0,29.0,108850.0,156.0,109005.0,14.0,109385.0,20.0
250730,RISE 차이나HSCEI(H),10865.0,12689.0,10960.0,9555.0,10855.0,7428.0,10825.0,10669.0,10680.0,9959.0,10685.0,16090.0,10635.0,2580.0,10695.0,6925.0,10760.0,6297.0,10695.0,7121.0,10840.0,3197.0,11095.0,11200.0,11185.0,39307.0,10890.0,5142.0,10560.0,6860.0,10610.0,33749.0,10655.0,35398.0,10590.0,8479.0,10610.0,5241.0,10790.0,14883.0,10780.0,1885.0,10855.0,12023.0,10705.0,3398.0,10575.0,7176.0,10555.0,4744.0,10520.0,7933.0,10725.0,56692.0,10545.0,6378.0,10515.0,4281.0,10410.0,18617.0
291680,RISE 차이나H선물인버스(H),7310.0,2620.0,7285.0,144.0,7320.0,17.0,7365.0,26.0,7385.0,142.0,7457.0,23.0,7450.0,37.0,7475.0,137.0,7435.0,29.0,7390.0,1073.0,7330.0,141.0,7160.0,70.0,7160.0,9.0,7255.0,39.0,7535.0,459.0,7455.0,498.0,7490.0,210.0,7530.0,1990.0,7475.0,2223.0,7390.0,161.0,7320.0,192.0,7305.0,29.0,7400.0,10.0,7550.0,238.0,7380.0,255.0,7545.0,809.0,7350.0,555.0,7555.0,1902.0,7500.0,215.0,7655.0,1245.0
0094L0,RISE 차이나테크TOP10위클리타겟커버드콜,10500.0,54113.0,10560.0,21235.0,10335.0,30986.0,10335.0,30520.0,10295.0,36366.0,10240.0,27362.0,10185.0,27433.0,10210.0,19204.0,10255.0,50694.0,10020.0,71172.0,10120.0,9727.0,10135.0,73085.0,9990.0,97355.0,9955.0,78925.0,9760.0,69986.0,9685.0,42228.0,9570.0,42222.0,9570.0,60890.0,9605.0,77966.0,9680.0,16631.0,9755.0,42305.0,9710.0,14327.0,9545.0,60739.0,9445.0,30203.0,9490.0,15961.0,9225.0,68293.0,9510.0,35546.0,9240.0,76718.0,9160.0,38238.0,8840.0,65665.0
371150,RISE 차이나항셍테크,9295.0,25188.0,9355.0,7547.0,9180.0,4937.0,9200.0,5732.0,9100.0,7622.0,9055.0,3650.0,9010.0,18205.0,9045.0,14464.0,9115.0,17987.0,8810.0,6735.0,8905.0,57377.0,9000.0,5347.0,8885.0,22535.0,8840.0,15074.0,8635.0,21149.0,8505.0,13708.0,8405.0,35386.0,8410.0,17767.0,8440.0,8945.0,8505.0,3752.0,8510.0,2223.0,8500.0,3456.0,8325.0,2692.0,8285.0,30813.0,8450.0,13337.0,8140.0,199685.0,8310.0,35404.0,8135.0,9375.0,8050.0,47274.0,7850.0,28936.0
183700,RISE 채권혼합,77800.0,5930.0,78100.0,3584.0,78640.0,3956.0,79045.0,3587.0,79440.0,7788.0,79125.0,4567.0,79440.0,3451.0,79850.0,5185.0,79925.0,3918.0,79800.0,6484.0,80245.0,9452.0,81685.0,13925.0,82050.0,19962.0,82325.0,16727.0,79890.0,11616.0,82255.0,7513.0,83095.0,5992.0,81375.0,10418.0,80880.0,5582.0,82035.0,10641.0,82700.0,6778.0,83075.0,5489.0,84310.0,6616.0,84400.0,8329.0,85280.0,11241.0,86650.0,18191.0,86915.0,12200.0,87955.0,10083.0,88925.0,17659.0,90970.0,23650.0
498860,RISE 코리아금융고배당,15015.0,41192.0,15135.0,52948.0,15235.0,94599.0,15380.0,83990.0,15300.0,72884.0,15525.0,79533.0,15480.0,25350.0,15755.0,44244.0,16295.0,107950.0,16270.0,131844.0,16920.0,61273.0,16850.0,102895.0,17655.0,107666.0,17635.0,92326.0,16955.0,138470.0,17950.0,117546.0,18270.0,133016.0,18060.0,154079.0,18005.0,187754.0,18900.0,157680.0,19685.0,108640.0,19950.0,121187.0,20800.0,275997.0,21490.0,389405.0,22600.0,493857.0,23500.0,641119.0,22760.0,447691.0,22150.0,306622.0,22165.0,249026.0,22355.0,200696.0
495050,RISE 코리아밸류업,19980.0,1405780.0,20185.0,1305668.0,20515.0,1390920.0,20640.0,2473999.0,21070.0,2351558.0,20840.0,1180653.0,21085.0,1577407.0,21250.0,3076631.0,21280.0,1480909.0,21040.0,1291172.0,21780.0,1635795.0,22350.0,4325904.0,22755.0,2884544.0,23055.0,2636026.0,21700.0,3103379.0,23260.0,2565908.0,23495.0,3365429.0,22550.0,2475069.0,22290.0,2732265.0,23225.0,2580270.0,23340.0,2192022.0,23515.0,1566752.0,24260.0,4913959.0,24290.0,4380923.0,24865.0,3251948.0,25575.0,5064296.0,25720.0,4554949.0,26200.0,3733078.0,26740.0,5265616.0,28100.0,7006644.0
0094M0,RISE 코리아밸류업위클리고정커버드콜,14220.0,73898.0,14100.0,24579.0,14295.0,48039.0,14345.0,13125.0,14645.0,34563.0,14480.0,45116.0,14690.0,58036.0,14760.0,111764.0,14820.0,30028.0,14680.0,31862.0,15095.0,65946.0,15330.0,63990.0,15670.0,76846.0,15865.0,81318.0,14940.0,212282.0,15880.0,75158.0,15905.0,110674.0,15410.0,87761.0,15335.0,102238.0,15910.0,88116.0,15940.0,66328.0,16130.0,554716.0,16030.0,220020.0,16105.0,258893.0,16430.0,163761.0,16830.0,107792.0,16855.0,140003.0,17160.0,98723.0,17370.0,88103.0,18140.0,169312.0
270810,RISE 코스닥150,15740.0,97411.0,15625.0,85358.0,15705.0,44246.0,15895.0,66194.0,16025.0,62819.0,16090.0,296142.0,15345.0,338049.0,15800.0,127806.0,16455.0,489867.0,18275.0,3632642.0,18785.0,4447108.0,20160.0,5374054.0,20765.0,7357184.0,20325.0,5898402.0,19130.0,4111770.0,20000.0,2285520.0,19895.0,2085111.0,19020.0,1420862.0,18430.0,1584626.0,19450.0,1453717.0,18985.0,554798.0,18980.0,555959.0,19235.0,1647058.0,18820.0,961010.0,20205.0,2025299.0,20060.0,1114885.0,19830.0,1288493.0,20000.0,638399.0,20010.0,850846.0,20860.0,2658270.0
278240,RISE 코스닥150선물레버리지,13605.0,21934.0,13300.0,20366.0,13515.0,25082.0,13795.0,45564.0,13995.0,66462.0,14150.0,165742.0,12810.0,137438.0,13555.0,76998.0,14775.0,204569.0,18050.0,463530.0,19030.0,405464.0,21945.0,394200.0,23305.0,832478.0,22325.0,508374.0,19735.0,494739.0,21415.0,139795.0,21150.0,117881.0,19295.0,216224.0,18085.0,210462.0,20080.0,194745.0,19140.0,72634.0,19130.0,40185.0,19585.0,24836.0,18810.0,49779.0,21550.0,223304.0,21325.0,105913.0,20780.0,78961.0,21090.0,51680.0,21135.0,69057.0,22980.0,177586.0
275750,RISE 코스닥150선물인버스,2860.0,304.0,2890.0,14279.0,2870.0,1287.0,2845.0,814.0,2815.0,1911.0,2810.0,2417.0,2940.0,22503.0,2855.0,7445.0,2730.0,9462.0,2410.0,130073.0,2350.0,169449.0,2185.0,84024.0,2105.0,154479.0,2155.0,128541.0,2275.0,142572.0,2180.0,77577.0,2190.0,8469.0,2295.0,66152.0,2365.0,86085.0,2235.0,35269.0,2285.0,11447.0,2280.0,7353.0,2255.0,3522.0,2310.0,12233.0,2140.0,23138.0,2155.0,21324.0,2170.0,21164.0,2160.0,10443.0,2155.0,8484.0,2070.0,29285.0
302450,RISE 코스피,48930.0,331293.0,49115.0,157079.0,49805.0,25369.0,50265.0,7985.0,51015.0,17228.0,50885.0,57312.0,51055.0,21558.0,51395.0,5442.0,51895.0,23485.0,51475.0,25755.0,52840.0,43122.0,53800.0,185583.0,54220.0,56144.0,54305.0,25214.0,51445.0,37072.0,54805.0,12551.0,55725.0,13770.0,53545.0,11843.0,52890.0,45123.0,54885.0,17275.0,55065.0,11078.0,55530.0,6615.0,57215.0,6378.0,57300.0,6524.0,58830.0,29675.0,60215.0,10083.0,60885.0,100480.0,61970.0,31057.0,63300.0,181074.0,65800.0,332043.0
0047P0,RISE 테슬라고정테크100,14525.0,19030.0,14525.0,21381.0,14320.0,25214.0,14415.0,27550.0,14200.0,36433.0,14155.0,19568.0,13970.0,27225.0,14155.0,17983.0,14400.0,27058.0,14080.0,32198.0,14160.0,29058.0,14090.0,27035.0,14060.0,25814.0,13900.0,37467.0,13895.0,30259.0,14050.0,29209.0,13785.0,45834.0,13640.0,33389.0,13485.0,21157.0,13760.0,56046.0,13840.0,16720.0,13815.0,9370.0,13705.0,11929.0,13335.0,22399.0,13500.0,18830.0,13540.0,23378.0,13345.0,26724.0,13275.0,22136.0,13325.0,11929.0,13420.0,20981.0
0013R0,RISE 테슬라미국채타겟커버드콜혼합(합성),10020.0,38188.0,10035.0,75883.0,10000.0,41045.0,10030.0,68799.0,9890.0,112297.0,9935.0,52053.0,9780.0,91416.0,9875.0,48099.0,10005.0,66994.0,9780.0,85879.0,9795.0,64995.0,9595.0,160742.0,9490.0,108948.0,9405.0,142472.0,9420.0,86981.0,9500.0,70907.0,9475.0,104424.0,9470.0,72932.0,9465.0,75071.0,9580.0,36243.0,9580.0,41853.0,9635.0,29970.0,9570.0,39199.0,9525.0,92389.0,9535.0,58067.0,9610.0,34632.0,9535.0,78768.0,9540.0,36737.0,9545.0,183349.0,9385.0,91609.0
449580,RISE 테슬라애플아마존채권혼합,16710.0,19159.0,16630.0,22826.0,16530.0,18698.0,16530.0,20983.0,16435.0,33336.0,16365.0,29868.0,16140.0,18394.0,16310.0,19564.0,16445.0,13086.0,16350.0,21583.0,16380.0,21503.0,16360.0,22127.0,16325.0,24263.0,16330.0,18782.0,16340.0,20929.0,16640.0,28220.0,16400.0,23362.0,16375.0,9922.0,16250.0,23990.0,16255.0,16482.0,16255.0,10530.0,16260.0,11930.0,16495.0,9206.0,16070.0,26153.0,16185.0,13423.0,16070.0,16586.0,16030.0,9685.0,15985.0,11842.0,16100.0,20210.0,16080.0,19894.0
334690,RISE 팔라듐선물(H),8940.0,135716.0,9135.0,87620.0,8665.0,158918.0,8570.0,99164.0,8760.0,57124.0,8920.0,101066.0,9175.0,62167.0,8895.0,46181.0,9210.0,107011.0,10000.0,119639.0,9680.0,134499.0,9290.0,147614.0,10170.0,203828.0,9140.0,203457.0,7515.0,235825.0,8370.0,99342.0,8480.0,45551.0,8130.0,52903.0,7860.0,63390.0,8195.0,28334.0,8245.0,23448.0,8335.0,14120.0,8180.0,40773.0,7865.0,25516.0,8215.0,22913.0,8060.0,18959.0,8440.0,38759.0,8380.0,18498.0,8685.0,34901.0,8570.0,22325.0
334700,RISE 팔라듐선물인버스(H),2680.0,12718.0,2590.0,10689.0,2730.0,16498.0,2750.0,8129.0,2700.0,3709.0,2650.0,9414.0,2585.0,7841.0,2650.0,8943.0,2545.0,10173.0,2370.0,13965.0,2470.0,15015.0,2545.0,6556.0,2290.0,39706.0,2630.0,53868.0,3010.0,61643.0,2700.0,28592.0,2660.0,7285.0,2775.0,18189.0,2895.0,28387.0,2755.0,15155.0,2755.0,5832.0,2740.0,1711.0,2760.0,4954.0,2870.0,6783.0,2730.0,7646.0,2785.0,5337.0,2650.0,17729.0,2685.0,5566.0,2590.0,7110.0,2625.0,7859.0
0047R0,RISE 팔란티어고정테크100,14460.0,37091.0,14455.0,28200.0,14300.0,44602.0,14350.0,39637.0,14065.0,66828.0,14005.0,33388.0,13890.0,31998.0,13930.0,38265.0,14035.0,37916.0,13810.0,41988.0,13950.0,31016.0,13850.0,98879.0,13695.0,61094.0,13460.0,55613.0,13305.0,103443.0,13800.0,267004.0,13575.0,90602.0,13190.0,106844.0,12680.0,94088.0,13130.0,56561.0,13325.0,28278.0,13170.0,28996.0,12965.0,39327.0,12575.0,35714.0,12860.0,45531.0,12840.0,28075.0,12700.0,37419.0,12660.0,32002.0,12610.0,27366.0,12725.0,31403.0
253280,RISE 헬스케어,17600.0,39094.0,17345.0,9117.0,17395.0,21569.0,17660.0,14697.0,17470.0,9649.0,17505.0,10453.0,16525.0,57455.0,16800.0,45512.0,17700.0,24764.0,18770.0,260212.0,18830.0,206709.0,19435.0,73192.0,19640.0,245186.0,18670.0,82296.0,18035.0,311922.0,18705.0,71253.0,18620.0,34178.0,18075.0,42551.0,17660.0,110357.0,18365.0,55887.0,18280.0,15058.0,18540.0,15125.0,18585.0,8188.0,18380.0,37529.0,19380.0,18250.0,19170.0,5141.0,19225.0,6424.0,19425.0,9958.0,19030.0,6236.0,19660.0,88586.0
253290,RISE 헬스케어채권혼합,12965.0,23878.0,12880.0,37827.0,12930.0,24342.0,13030.0,49602.0,12935.0,35233.0,12965.0,44213.0,12685.0,84082.0,12665.0,92560.0,12965.0,87383.0,13330.0,331822.0,13245.0,184197.0,13555.0,196276.0,13560.0,200787.0,13250.0,161870.0,12995.0,150126.0,13135.0,143060.0,13120.0,81709.0,13000.0,108426.0,12840.0,76763.0,13070.0,60038.0,13060.0,64244.0,13140.0,59527.0,13120.0,58525.0,13115.0,31662.0,13490.0,91691.0,13355.0,56195.0,13315.0,105519.0,13510.0,77434.0,13430.0,79587.0,13490.0,101603.0
411540,SOL 200 Top10,14235.0,33202.0,14345.0,394099.0,14655.0,45792.0,14745.0,89518.0,15290.0,58327.0,15140.0,96884.0,15470.0,79379.0,15255.0,77494.0,15190.0,158064.0,14970.0,96980.0,15075.0,69869.0,15260.0,66689.0,15515.0,71613.0,15305.0,59193.0,14560.0,80629.0,15305.0,56413.0,15610.0,46509.0,14910.0,47715.0,14690.0,75195.0,15180.0,65348.0,15125.0,2047559.0,15370.0,18376.0,15510.0,36109.0,15615.0,33120.0,16040.0,420009.0,16440.0,31771.0,16400.0,53295.0,16650.0,36780.0,17250.0,287775.0,17840.0,113326.0
295040,SOL 200TR,25500.0,67252.0,25645.0,168588.0,26090.0,77230.0,26360.0,54923.0,26770.0,151042.0,26520.0,220292.0,26735.0,97423.0,27035.0,258492.0,27210.0,54145.0,26935.0,48496.0,27870.0,627035.0,28395.0,107390.0,28715.0,125812.0,28825.0,100811.0,27135.0,210540.0,29225.0,159044.0,29635.0,61225.0,28395.0,230723.0,28055.0,226963.0,29220.0,157999.0,29250.0,107128.0,29475.0,89911.0,30580.0,131450.0,30580.0,570065.0,31470.0,102438.0,32185.0,121209.0,32440.0,195061.0,33270.0,133744.0,33925.0,126275.0,35475.0,384261.0
488980,SOL 26-12 회사채(AA-이상)액티브,51220.0,943.0,51240.0,1360.0,51240.0,1288.0,51240.0,315.0,51240.0,1079.0,51250.0,1007.0,51255.0,2346.0,51265.0,632.0,51270.0,5487.0,51275.0,929.0,51260.0,6210.0,51260.0,1489.0,51270.0,794.0,51255.0,1555.0,51250.0,707.0,51250.0,444.0,51250.0,2266.0,51270.0,621.0,51265.0,5131.0,51260.0,730.0,51265.0,440.0,51280.0,506.0,51305.0,3153.0,51315.0,21.0,51335.0,5302.0,51360.0,7841.0,51355.0,989.0,51370.0,457.0,51370.0,1628.0,51385.0,1500.0
0092C0,SOL 27-12 회사채(AA-이상)액티브,49760.0,21010.0,49785.0,0.0,49770.0,6040.0,49770.0,76.0,49755.0,114.0,49740.0,2979.0,49750.0,200.0,49780.0,21.0,49770.0,151.0,49785.0,8.0,49770.0,490.0,49770.0,6.0,49770.0,16322.0,49730.0,1104.0,49725.0,3.0,49690.0,16139.0,49670.0,528.0,49660.0,814.0,49625.0,10842.0,49625.0,87.0,49645.0,93.0,49645.0,1011.0,49710.0,5.0,49725.0,12.0,49735.0,165.0,49760.0,760.0,49760.0,6.0,49770.0,542.0,49770.0,346.0,49840.0,11.0
455860,SOL 2차전지소부장Fn,5260.0,911477.0,5120.0,558071.0,5195.0,728058.0,5025.0,532565.0,5270.0,1103202.0,5390.0,1433020.0,5315.0,1464580.0,5690.0,1955599.0,5720.0,1366637.0,6150.0,2743105.0,6200.0,1270512.0,6740.0,3160633.0,6720.0,3073852.0,6350.0,2374827.0,6120.0,3590488.0,6365.0,1658276.0,6550.0,1856159.0,6320.0,2032862.0,6065.0,2656029.0,6275.0,1354701.0,6245.0,1277621.0,6185.0,451885.0,6400.0,1425816.0,6200.0,1038120.0,6595.0,1454529.0,6585.0,915321.0,6470.0,1114393.0,6665.0,1654789.0,6935.0,1257080.0,7040.0,1521609.0
455850,SOL AI반도체소부장,18450.0,1193498.0,18715.0,1309659.0,18835.0,1077387.0,18825.0,1347095.0,18760.0,1507289.0,18375.0,1081382.0,18215.0,1787352.0,18500.0,941895.0,18700.0,1019516.0,19550.0,3941814.0,20420.0,5481541.0,21975.0,6968373.0,22570.0,13983322.0,23695.0,12898457.0,21650.0,8525949.0,23175.0,5191661.0,23170.0,4141035.0,22245.0,3588009.0,22360.0,3052752.0,23240.0,2831932.0,22350.0,2546626.0,21995.0,1886445.0,22835.0,2074137.0,22355.0,2080627.0,23235.0,2580601.0,23165.0,1874828.0,22860.0,1629545.0,23305.0,1740461.0,23275.0,2622264.0,25740.0,7875414.0
497880,SOL CD금리&머니마켓액티브,50085.0,100577.0,50090.0,85532.0,50100.0,73515.0,50110.0,185852.0,50115.0,101676.0,50115.0,74987.0,50115.0,88714.0,50125.0,92633.0,50135.0,90873.0,50140.0,130289.0,50140.0,129509.0,50145.0,142624.0,50020.0,109931.0,50020.0,410206.0,50015.0,127370.0,50020.0,104204.0,50025.0,85188.0,50045.0,92963.0,50045.0,115659.0,50050.0,110954.0,50055.0,155004.0,50060.0,107066.0,50070.0,87802.0,50080.0,74858.0,50085.0,135350.0,50105.0,95245.0,50110.0,152209.0,50115.0,117440.0,50120.0,114349.0,50015.0,157638.0
363510,SOL KIS단기통안채,110520.0,34.0,110510.0,11.0,110545.0,4.0,110530.0,80.0,110550.0,12.0,110550.0,24.0,110565.0,8.0,110580.0,43.0,110580.0,0.0,110580.0,2.0,110590.0,1.0,110590.0,52.0,110610.0,228.0,110610.0,7.0,110620.0,18.0,110610.0,7.0,110630.0,20.0,110645.0,1.0,110655.0,5.0,110655.0,3.0,110670.0,2.0,110670.0,1.0,110715.0,3.0,110720.0,8.0,110755.0,3.0,110755.0,49.0,110760.0,1.0,110780.0,92.0,110785.0,3.0,110820.0,91.0
292500,SOL KRX300,31795.0,5008.0,31905.0,22.0,32470.0,5066.0,32965.0,1195.0,33460.0,46476.0,33155.0,8071.0,33270.0,3101.0,33840.0,110.0,33880.0,2711.0,33880.0,934.0,35005.0,1911.0,35800.0,7377.0,35940.0,98474.0,36230.0,821.0,34215.0,1583.0,36415.0,212.0,37005.0,229.0,35485.0,207.0,35080.0,7538.0,36595.0,123.0,36790.0,261.0,36960.0,116.0,37960.0,181.0,38025.0,514.0,39320.0,609.0,40140.0,181.0,40300.0,243.0,41360.0,1229.0,42060.0,6116.0,44005.0,3919.0
404650,SOL KRX기후변화솔루션,17790.0,331.0,18230.0,755.0,18885.0,2626.0,18585.0,3549.0,19145.0,583.0,19060.0,1199.0,18925.0,2003.0,19400.0,1273.0,19475.0,1138.0,19360.0,4679.0,19495.0,1278.0,20000.0,784.0,20215.0,1621.0,20195.0,550.0,18935.0,333.0,19995.0,4243.0,20870.0,2388.0,20045.0,5605.0,19760.0,14234.0,20700.0,5350.0,20595.0,1258.0,20895.0,842.0,21415.0,214.0,21010.0,4098.0,22375.0,587.0,22430.0,1397.0,22370.0,960.0,22955.0,10310.0,23950.0,1687.0,24720.0,1230.0
490480,SOL K방산,34810.0,274993.0,33945.0,336294.0,35015.0,224896.0,34165.0,226842.0,35125.0,197255.0,34990.0,446171.0,34645.0,306376.0,34050.0,253159.0,34055.0,203482.0,34105.0,162730.0,33525.0,195133.0,34530.0,167856.0,35195.0,313293.0,35000.0,307818.0,33210.0,424749.0,35400.0,194741.0,36100.0,226097.0,33485.0,335361.0,32545.0,432427.0,33500.0,113569.0,32615.0,186629.0,32515.0,92106.0,32675.0,359870.0,33050.0,162405.0,33860.0,138448.0,35580.0,302879.0,35150.0,192683.0,35440.0,107979.0,35370.0,97871.0,35155.0,116940.0
438570,SOL 국고채10년,102325.0,9231.0,102430.0,5508.0,101750.0,14426.0,101955.0,1498.0,101450.0,1931.0,100710.0,1392.0,101150.0,2003.0,101460.0,11331.0,101200.0,2615.0,101680.0,1189.0,101670.0,3957.0,101875.0,1819.0,101475.0,6570.0,101160.0,2194.0,101330.0,5499.0,100820.0,1386.0,100605.0,2094.0,100820.0,2433.0,100640.0,2242.0,100230.0,2606.0,100750.0,2844.0,101230.0,2468.0,101490.0,9010.0,101885.0,4691.0,101800.0,3664.0,102075.0,4522.0,101945.0,2136.0,101660.0,2655.0,102090.0,5091.0,102815.0,1006.0
474390,SOL 국고채30년액티브,50570.0,444.0,50455.0,402.0,49995.0,1246.0,49905.0,206.0,49500.0,356.0,48810.0,269.0,48730.0,453.0,48970.0,167.0,48585.0,331.0,48755.0,668.0,48920.0,903.0,49020.0,291.0,48555.0,413.0,48285.0,286.0,48285.0,345.0,47615.0,490.0,47405.0,193.0,47520.0,112.0,47590.0,445.0,47055.0,662.0,47470.0,5858.0,47675.0,544.0,47855.0,154.0,48170.0,404.0,48400.0,441.0,48715.0,416.0,48450.0,521.0,48092.0,171.0,48340.0,358.0,48940.0,321.0
438560,SOL 국고채3년,100370.0,486.0,100420.0,6229.0,100170.0,9414.0,100245.0,438.0,100080.0,451.0,99900.0,767.0,100025.0,1154.0,100075.0,150.0,99995.0,1151.0,100210.0,2112.0,100200.0,428.0,100285.0,337.0,100165.0,346.0,100110.0,330.0,100100.0,2849.0,99970.0,195.0,99900.0,179.0,99965.0,711.0,99920.0,657.0,99920.0,474.0,100015.0,239.0,100190.0,205.0,100270.0,2689.0,100330.0,119.0,100260.0,1241.0,100425.0,615.0,100380.0,1786.0,100355.0,445.0,100505.0,554.0,100685.0,1100.0
0066W0,SOL 국제금,14350.0,488210.0,14530.0,255347.0,14370.0,425649.0,14400.0,275318.0,14615.0,334808.0,14785.0,370526.0,15220.0,591181.0,15030.0,482150.0,15380.0,360813.0,15500.0,837737.0,15545.0,604939.0,15850.0,691656.0,16860.0,724171.0,15770.0,1612037.0,13955.0,2501245.0,14900.0,782652.0,15550.0,604216.0,15290.0,891041.0,15115.0,870164.0,15565.0,484511.0,15570.0,309376.0,15560.0,135051.0,15450.0,244195.0,15165.0,375929.0,15320.0,333680.0,15395.0,213340.0,15740.0,348527.0,15815.0,396489.0,15725.0,222365.0,15685.0,267928.0
0022T0,SOL 국제금커버드콜액티브,15030.0,145049.0,15235.0,99661.0,15055.0,171020.0,15080.0,62103.0,15295.0,134321.0,15490.0,170096.0,15995.0,251656.0,15775.0,250597.0,16100.0,190194.0,16240.0,179508.0,16260.0,112369.0,16560.0,152864.0,17540.0,242203.0,16335.0,567213.0,14630.0,452787.0,15455.0,280992.0,16205.0,249523.0,16025.0,156027.0,15805.0,165620.0,16260.0,160276.0,16250.0,150672.0,16195.0,118319.0,16110.0,131893.0,15795.0,180245.0,16030.0,131999.0,16075.0,131804.0,16475.0,158092.0,16520.0,144221.0,16410.0,179309.0,16270.0,176136.0
400590,SOL 글로벌탄소배출권선물ICE(합성),15975.0,2586.0,16180.0,2305.0,16240.0,6428.0,16205.0,1744.0,15985.0,1453.0,15580.0,3215.0,15035.0,5935.0,15380.0,1819.0,15565.0,1194.0,15420.0,981.0,15255.0,1518.0,15180.0,2926.0,15005.0,5641.0,14590.0,4047.0,14490.0,3864.0,14420.0,4816.0,14310.0,911.0,14525.0,1202.0,13810.0,2569.0,13860.0,1881.0,14150.0,2197.0,13510.0,11714.0,13230.0,3726.0,12580.0,14117.0,12495.0,4323.0,12430.0,2284.0,12530.0,12706.0,12340.0,4703.0,12095.0,14656.0,12235.0,6118.0
484880,SOL 금융지주플러스고배당,17310.0,445046.0,17490.0,390464.0,17560.0,483368.0,17600.0,596858.0,17540.0,388742.0,18000.0,836815.0,18070.0,719092.0,18210.0,804830.0,18515.0,1060301.0,18500.0,788488.0,19125.0,983399.0,18865.0,791053.0,19185.0,631742.0,18855.0,503483.0,18665.0,1286333.0,19735.0,961608.0,20175.0,1030113.0,20030.0,1048637.0,20570.0,1328179.0,21185.0,1243039.0,21985.0,2001707.0,22835.0,2321176.0,23765.0,2956707.0,23690.0,2854313.0,23990.0,2038988.0,24750.0,1807867.0,24315.0,1417946.0,23765.0,1542166.0,23760.0,764012.0,23570.0,892806.0
484890,SOL 머니마켓액티브,51682.0,10044.0,51685.0,7546.0,51700.0,16344.0,51700.0,10160.0,51700.0,10628.0,51710.0,13346.0,51710.0,15070.0,51725.0,5170.0,51720.0,9522.0,51720.0,5259.0,51720.0,10950.0,51720.0,14336.0,51732.0,9308.0,51742.0,3236.0,51745.0,11269.0,51745.0,8177.0,51745.0,12015.0,51760.0,18763.0,51755.0,10705.0,51765.0,5086.0,51765.0,7725.0,51770.0,2432.0,51800.0,19001.0,51800.0,10782.0,51810.0,16786.0,51820.0,8873.0,51820.0,5504.0,51820.0,8938.0,51835.0,2968.0,51845.0,6507.0
461600,SOL 미국30년국채액티브(H),8720.0,40570.0,8770.0,22736.0,8810.0,28392.0,8810.0,20471.0,8715.0,63512.0,8675.0,108588.0,8680.0,52185.0,8680.0,245774.0,8760.0,35158.0,8785.0,38443.0,8790.0,18086.0,8735.0,59591.0,8675.0,40728.0,8670.0,74197.0,8715.0,47680.0,8630.0,48093.0,8670.0,46321.0,8655.0,38713.0,8735.0,68471.0,8690.0,21846.0,8755.0,21419.0,8845.0,15077.0,8795.0,65340.0,8895.0,43087.0,8920.0,23272.0,8950.0,54969.0,8935.0,36623.0,8945.0,25985.0,8955.0,76400.0,8965.0,48840.0
473330,SOL 미국30년국채커버드콜(합성),9345.0,450156.0,9385.0,344245.0,9405.0,517839.0,9425.0,451203.0,9330.0,737492.0,9330.0,526335.0,9270.0,827910.0,9310.0,530101.0,9340.0,391616.0,9205.0,1043911.0,9220.0,430412.0,9055.0,1468445.0,8930.0,955485.0,8985.0,628046.0,9150.0,956988.0,9025.0,654920.0,9075.0,492228.0,9160.0,774016.0,9260.0,1271727.0,9170.0,868289.0,9220.0,467202.0,9245.0,426727.0,9155.0,489095.0,9245.0,483816.0,9300.0,655631.0,9355.0,489480.0,9310.0,759227.0,9330.0,411391.0,9270.0,697661.0,9175.0,577529.0
494210,SOL 미국500타겟데일리커버드콜액티브,11280.0,90205.0,11300.0,74089.0,11195.0,80125.0,11265.0,77030.0,11180.0,81927.0,11135.0,83664.0,11010.0,82632.0,11120.0,73078.0,11150.0,74818.0,10920.0,103058.0,11095.0,72361.0,10965.0,88540.0,10870.0,87154.0,10865.0,82290.0,10895.0,19463.0,11030.0,6065.0,10950.0,4930.0,10975.0,5476.0,10880.0,8175.0,10995.0,15915.0,11025.0,7013.0,11000.0,5421.0,10935.0,3990.0,10730.0,9086.0,10865.0,12528.0,10825.0,12477.0,10785.0,3028.0,10780.0,6321.0,10745.0,5924.0,10680.0,5810.0
479620,SOL 미국AI반도체칩메이커,15840.0,30813.0,15960.0,40984.0,15825.0,17493.0,16155.0,57846.0,16110.0,23626.0,16040.0,23673.0,15990.0,25866.0,16490.0,55221.0,16475.0,47145.0,16175.0,14367.0,16375.0,39491.0,16560.0,70746.0,16690.0,36249.0,16480.0,16851.0,15895.0,51048.0,16595.0,34363.0,15875.0,85318.0,15350.0,112118.0,15295.0,74715.0,15915.0,60768.0,16025.0,11767.0,15810.0,9341.0,16080.0,28207.0,15650.0,18246.0,15850.0,40535.0,15745.0,59894.0,15480.0,17714.0,15650.0,34698.0,15715.0,32096.0,15795.0,188267.0
481180,SOL 미국AI소프트웨어,15030.0,256205.0,14820.0,279375.0,14475.0,295347.0,14370.0,347064.0,13920.0,533727.0,13905.0,311852.0,13790.0,270276.0,13680.0,258027.0,13945.0,219414.0,13650.0,250316.0,14170.0,252852.0,13860.0,250839.0,13485.0,499942.0,12885.0,1250404.0,12670.0,374711.0,13045.0,322628.0,12290.0,567464.0,12105.0,399138.0,11550.0,429918.0,12010.0,254153.0,12440.0,192202.0,12445.0,206641.0,12170.0,266621.0,11865.0,257538.0,12095.0,143388.0,12070.0,149489.0,11550.0,397942.0,11155.0,298299.0,11115.0,363739.0,11400.0,281564.0
486450,SOL 미국AI전력인프라,20695.0,177131.0,20730.0,280332.0,20725.0,221259.0,20930.0,225148.0,20810.0,208793.0,20835.0,188799.0,20700.0,399762.0,21005.0,171068.0,20970.0,165091.0,20180.0,248943.0,20160.0,217805.0,20475.0,206916.0,20875.0,302139.0,20415.0,210857.0,19685.0,269265.0,20235.0,152570.0,20695.0,170720.0,19770.0,200851.0,19250.0,195629.0,20190.0,192092.0,20750.0,225479.0,20415.0,207146.0,20770.0,135889.0,20330.0,145957.0,20955.0,258962.0,21060.0,187390.0,20605.0,182973.0,20850.0,133523.0,21155.0,410573.0,21380.0,416602.0
433330,SOL 미국S&P500,21315.0,80153.0,21295.0,59814.0,21140.0,82115.0,21290.0,55671.0,21045.0,99553.0,21025.0,49018.0,20815.0,113270.0,20990.0,59796.0,21075.0,63663.0,20645.0,124725.0,20855.0,58174.0,20670.0,99689.0,20655.0,87470.0,20645.0,75493.0,20775.0,105818.0,20975.0,53253.0,20830.0,121662.0,20945.0,58806.0,20695.0,107907.0,21000.0,84754.0,21055.0,47337.0,20915.0,51554.0,20790.0,77709.0,20425.0,99638.0,20660.0,81665.0,20660.0,59529.0,20495.0,82726.0,20505.0,53598.0,20445.0,118535.0,20500.0,444295.0
399110,SOL 미국S&P500ESG,20165.0,52382.0,20145.0,60307.0,20025.0,50704.0,20155.0,47730.0,19970.0,47372.0,19910.0,41502.0,19730.0,63618.0,19945.0,60502.0,20030.0,36528.0,19655.0,97633.0,19930.0,60120.0,19685.0,47598.0,19670.0,57825.0,19630.0,65457.0,19750.0,70057.0,19950.0,61442.0,19800.0,60211.0,20020.0,52774.0,19760.0,48498.0,20065.0,53283.0,20095.0,44857.0,19965.0,43301.0,19825.0,75883.0,19475.0,59969.0,19675.0,48032.0,19650.0,46844.0,19530.0,49367.0,19590.0,62720.0,19570.0,60800.0,19490.0,50418.0
0080X0,SOL 미국S&P500미국채혼합50,11365.0,198624.0,11365.0,194183.0,11305.0,264435.0,11365.0,223767.0,11325.0,315588.0,11285.0,260559.0,11175.0,249138.0,11220.0,210434.0,11235.0,238908.0,11040.0,342965.0,11115.0,196034.0,10965.0,293934.0,10975.0,210125.0,11000.0,244782.0,11160.0,207738.0,11145.0,193242.0,11110.0,188739.0,11185.0,241876.0,11135.0,323538.0,11220.0,176833.0,11220.0,176267.0,11175.0,176833.0,11100.0,156793.0,10985.0,231294.0,11110.0,145854.0,11105.0,151702.0,11050.0,221629.0,11055.0,177100.0,11000.0,166428.0,11010.0,238279.0
499150,SOL 미국S&P500엔화노출(H),10760.0,823.0,10750.0,3382.0,10755.0,1446.0,10750.0,8453.0,10725.0,1041.0,10705.0,487.0,10605.0,650.0,10590.0,2532.0,10650.0,1805.0,10790.0,1250.0,10905.0,2066.0,10890.0,3172.0,10810.0,1817.0,10750.0,1769.0,10770.0,2828.0,10795.0,926.0,10655.0,524.0,10680.0,2351.0,10540.0,3721.0,10745.0,2087.0,10825.0,566.0,10995.0,1945.0,10890.0,760.0,10710.0,301.0,10695.0,1053.0,10615.0,812.0,10605.0,2719.0,10550.0,242.0,10495.0,4241.0,10510.0,2753.0
447620,SOL 미국TOP5채권혼합40 Solactive,15210.0,44498.0,15195.0,57649.0,15140.0,58828.0,15160.0,68176.0,15070.0,101859.0,15075.0,53349.0,14930.0,84299.0,14970.0,68254.0,14985.0,82095.0,14950.0,70401.0,15055.0,80949.0,14985.0,85817.0,15060.0,105525.0,14965.0,60470.0,14965.0,97838.0,15100.0,39037.0,14900.0,66706.0,14890.0,53492.0,14855.0,46883.0,14795.0,58858.0,14815.0,43231.0,14760.0,47745.0,14655.0,42623.0,14560.0,56270.0,14565.0,105302.0,14535.0,85959.0,14600.0,110638.0,14585.0,40396.0,14650.0,50482.0,14710.0,91172.0
476030,SOL 미국나스닥100,15940.0,161253.0,15935.0,88236.0,15765.0,132879.0,15875.0,49433.0,15645.0,52636.0,15620.0,38439.0,15495.0,61471.0,15640.0,45822.0,15740.0,48610.0,15460.0,76096.0,15665.0,41072.0,15620.0,81131.0,15615.0,38652.0,15470.0,58902.0,15410.0,51299.0,15680.0,33299.0,15415.0,65896.0,15345.0,49721.0,15090.0,122293.0,15345.0,140429.0,15435.0,27843.0,15310.0,341090.0,15245.0,80921.0,14910.0,126393.0,15110.0,42991.0,15095.0,41386.0,14970.0,51040.0,14985.0,54364.0,14980.0,112481.0,15105.0,64550.0
0118S0,SOL 미국넥스트테크TOP10액티브,10385.0,642664.0,10365.0,260205.0,10340.0,258950.0,10540.0,547778.0,10570.0,537449.0,10505.0,475924.0,10595.0,456091.0,10460.0,234910.0,10645.0,145679.0,10140.0,376635.0,9950.0,317820.0,10375.0,273602.0,10545.0,221177.0,10350.0,662244.0,9675.0,695660.0,10130.0,584792.0,10340.0,272872.0,9585.0,714208.0,8875.0,716024.0,9670.0,455213.0,9910.0,393003.0,9575.0,307503.0,9400.0,180297.0,9055.0,247427.0,9500.0,414600.0,9760.0,210945.0,9240.0,194229.0,9500.0,204421.0,9565.0,163685.0,9705.0,379322.0
446720,SOL 미국배당다우존스,12230.0,400514.0,12320.0,736282.0,12460.0,542801.0,12500.0,612380.0,12375.0,607525.0,12380.0,593665.0,12325.0,578073.0,12495.0,426452.0,12505.0,594607.0,12265.0,988818.0,12320.0,414227.0,12210.0,592233.0,12155.0,1333921.0,12230.0,388784.0,12555.0,970533.0,12625.0,849062.0,12880.0,1063015.0,13235.0,652780.0,13275.0,701462.0,13420.0,531854.0,13330.0,517508.0,13305.0,436126.0,13365.0,424293.0,13215.0,444822.0,13325.0,519927.0,13370.0,406067.0,13220.0,554299.0,13255.0,383090.0,13195.0,663789.0,13060.0,430276.0
452360,SOL 미국배당다우존스(H),11300.0,95811.0,11330.0,76826.0,11510.0,358471.0,11565.0,152615.0,11450.0,105689.0,11395.0,84093.0,11400.0,77239.0,11580.0,151582.0,11600.0,64054.0,11620.0,157572.0,11575.0,202190.0,11670.0,277264.0,11585.0,164921.0,11550.0,127107.0,11675.0,324869.0,11855.0,233431.0,12065.0,212736.0,12280.0,667944.0,12295.0,176335.0,12485.0,271391.0,12420.0,147786.0,12460.0,100495.0,12610.0,243718.0,12455.0,126715.0,12525.0,131190.0,12545.0,103790.0,12475.0,173999.0,12480.0,140821.0,12550.0,209458.0,12420.0,169425.0
493420,SOL 미국배당다우존스2호,11315.0,8485.0,11355.0,8458.0,11485.0,8869.0,11535.0,7323.0,11425.0,9928.0,11420.0,6855.0,11355.0,8171.0,11500.0,9994.0,11535.0,10270.0,11345.0,15932.0,11350.0,12373.0,11235.0,10690.0,11245.0,13358.0,11290.0,14870.0,11615.0,17124.0,11700.0,8870.0,11890.0,8024.0,12235.0,23242.0,12265.0,29270.0,12405.0,15090.0,12345.0,13098.0,12295.0,9857.0,12295.0,7180.0,12185.0,13109.0,12295.0,13076.0,12350.0,11986.0,12215.0,7062.0,12230.0,12915.0,12150.0,15655.0,12090.0,9352.0
490490,SOL 미국배당미국채혼합50,10960.0,360379.0,10965.0,432167.0,11020.0,353390.0,11135.0,483522.0,11010.0,531505.0,11010.0,399545.0,10945.0,398943.0,11065.0,333329.0,11010.0,444718.0,10885.0,538921.0,10875.0,467330.0,10700.0,482865.0,10735.0,377668.0,10815.0,310561.0,11025.0,391962.0,10985.0,472706.0,11085.0,436049.0,11350.0,382708.0,11415.0,676474.0,11440.0,523157.0,11370.0,512623.0,11385.0,424125.0,11350.0,454474.0,11355.0,334295.0,11425.0,513827.0,11435.0,486302.0,11340.0,480418.0,11340.0,365032.0,11305.0,363728.0,11240.0,452869.0
0023A0,SOL 미국양자컴퓨팅TOP10,28300.0,762118.0,28290.0,896535.0,28665.0,807727.0,28535.0,802677.0,28240.0,561677.0,27905.0,597886.0,28095.0,870661.0,27920.0,623597.0,27990.0,525437.0,26450.0,1233472.0,26005.0,966997.0,26210.0,698915.0,26440.0,682298.0,25275.0,1009179.0,23905.0,895303.0,24840.0,752332.0,24650.0,609276.0,23635.0,915506.0,21920.0,946182.0,24410.0,763453.0,24410.0,332955.0,23805.0,331569.0,23120.0,469379.0,22385.0,521791.0,22660.0,544708.0,22795.0,386728.0,21955.0,635803.0,22210.0,382771.0,22305.0,506446.0,23595.0,806016.0
0051G0,SOL 미국원자력SMR,18235.0,800111.0,18075.0,655024.0,18270.0,417142.0,18735.0,797035.0,18250.0,674563.0,18315.0,899119.0,18100.0,1056246.0,18470.0,733887.0,18475.0,535693.0,17850.0,1190946.0,17570.0,848298.0,17945.0,636015.0,18480.0,867321.0,17690.0,1058237.0,16700.0,905609.0,16900.0,468227.0,17400.0,474752.0,16200.0,1128007.0,15415.0,747420.0,16485.0,843961.0,16945.0,849603.0,16645.0,442167.0,16375.0,685928.0,15940.0,469212.0,16615.0,480796.0,16800.0,427201.0,16500.0,569238.0,16525.0,386532.0,16870.0,599334.0,16970.0,481237.0
481190,SOL 미국테크TOP10,16930.0,823943.0,16930.0,641801.0,16675.0,687803.0,16765.0,1660376.0,16490.0,276696.0,16440.0,204690.0,16180.0,697383.0,16245.0,657632.0,16455.0,266828.0,16200.0,447523.0,16515.0,511064.0,16480.0,338663.0,16420.0,281693.0,16265.0,760471.0,16260.0,306433.0,16565.0,306127.0,16255.0,668118.0,16180.0,479290.0,15780.0,383368.0,16100.0,303630.0,16240.0,254714.0,16075.0,349021.0,15885.0,195856.0,15425.0,357999.0,15550.0,321928.0,15575.0,374512.0,15520.0,349648.0,15575.0,366887.0,15530.0,678063.0,15675.0,505760.0
481200,481200,5680.0,2833.0,5715.0,14.0,5800.0,49.0,5760.0,35.0,5820.0,3129.0,5820.0,2655.0,5915.0,9675.0,5895.0,2647.0,5835.0,159.0,5910.0,11196.0,5785.0,245.0,5850.0,1308.0,5820.0,201.0,5915.0,222.0,5900.0,516.0,5770.0,2448.0,5920.0,152.0,5940.0,2276.0,6105.0,2691.0,5980.0,803.0,5935.0,100.0,5960.0,51.0,6035.0,955.0,6210.0,836.0,6170.0,588.0,6170.0,0.0,,,,,,,,
475300,SOL 반도체전공정,12340.0,196564.0,12535.0,186328.0,12520.0,103982.0,12540.0,299933.0,12620.0,164730.0,12460.0,213014.0,12605.0,289413.0,12720.0,247052.0,12720.0,140497.0,13510.0,543675.0,14150.0,1023822.0,15830.0,1739999.0,16305.0,1819411.0,17160.0,2060791.0,15570.0,1769952.0,16970.0,1094928.0,16630.0,745784.0,15815.0,765615.0,16270.0,1189344.0,17070.0,798879.0,16210.0,565838.0,15985.0,425809.0,17060.0,439042.0,16595.0,468787.0,17850.0,1111928.0,17830.0,614355.0,17330.0,729210.0,17460.0,361487.0,17330.0,424343.0,18660.0,1171216.0
475310,SOL 반도체후공정,19785.0,95159.0,20190.0,134884.0,20575.0,98794.0,20410.0,135841.0,20275.0,95058.0,19680.0,96461.0,19340.0,72571.0,19610.0,158617.0,19875.0,52826.0,20535.0,170344.0,21480.0,395000.0,22680.0,319578.0,23470.0,488996.0,25165.0,1066535.0,23005.0,739479.0,24550.0,362701.0,24650.0,292384.0,23760.0,264431.0,24150.0,336805.0,24800.0,259254.0,23840.0,137125.0,23350.0,136085.0,24225.0,276834.0,23650.0,138124.0,24280.0,141560.0,23895.0,210136.0,24065.0,187528.0,25520.0,504739.0,25340.0,201629.0,28650.0,630917.0
0152E0,SOL 배당성향탑픽액티브,10070.0,781952.0,10220.0,417097.0,10325.0,607518.0,10350.0,558037.0,10435.0,500123.0,10635.0,394428.0,10630.0,355428.0,10630.0,377603.0,10745.0,330592.0,10625.0,355912.0,10750.0,254772.0,10740.0,246924.0,11015.0,239913.0,11100.0,228835.0,10750.0,498855.0,11185.0,225646.0,11420.0,235785.0,11330.0,307534.0,11405.0,338572.0,11735.0,217915.0,11995.0,294930.0,12115.0,382094.0,12435.0,287140.0,12585.0,512059.0,13100.0,338076.0,13530.0,453620.0,13310.0,516301.0,13105.0,335252.0,13315.0,255377.0,13245.0,217893.0
400580,SOL 유럽탄소배출권선물S&P(H),12710.0,5877.0,12815.0,2616.0,12990.0,1307.0,13000.0,3917.0,12965.0,3218.0,12590.0,46549.0,11975.0,5549.0,12295.0,3393.0,12525.0,2325.0,12470.0,620.0,12340.0,2922.0,12510.0,2458.0,12155.0,3090.0,11790.0,4692.0,11545.0,2926.0,11810.0,1753.0,11570.0,2493.0,11680.0,430.0,11085.0,4552.0,11155.0,2621.0,11465.0,1637.0,11185.0,1576.0,11190.0,309.0,10380.0,8363.0,10235.0,3885.0,10155.0,2668.0,10410.0,1373.0,10130.0,1913.0,10055.0,26551.0,10225.0,17851.0
464610,SOL 의료기기소부장Fn,10050.0,108445.0,10035.0,51493.0,10000.0,74541.0,10040.0,92257.0,9905.0,50119.0,9955.0,56689.0,9885.0,75597.0,10275.0,183537.0,10655.0,185279.0,11160.0,252307.0,11085.0,282458.0,11580.0,267866.0,11910.0,412149.0,12060.0,339951.0,11550.0,296746.0,11820.0,203415.0,11900.0,149572.0,11260.0,268086.0,10895.0,209922.0,11250.0,88660.0,11390.0,108705.0,11520.0,99589.0,11475.0,81306.0,11250.0,71871.0,12035.0,269815.0,11865.0,79737.0,11645.0,247385.0,11660.0,49809.0,11365.0,260479.0,11300.0,203030.0
466930,SOL 자동차TOP3플러스,18250.0,2044380.0,18550.0,1776237.0,19060.0,1269011.0,18720.0,1766263.0,20520.0,3636313.0,20125.0,2476359.0,21835.0,4706282.0,20990.0,4321183.0,20520.0,2460675.0,20165.0,1930902.0,20050.0,2475327.0,19930.0,1530609.0,20650.0,2823260.0,20120.0,985357.0,19385.0,1030062.0,20150.0,710432.0,20445.0,901670.0,19830.0,775378.0,19405.0,551800.0,19800.0,1097256.0,20010.0,589999.0,20915.0,766941.0,21000.0,577867.0,20700.0,374799.0,21465.0,879454.0,21695.0,842696.0,22220.0,1137702.0,22590.0,1519249.0,24085.0,2195701.0,25910.0,1798216.0
464600,SOL 자동차소부장Fn,14930.0,75613.0,14885.0,56496.0,15025.0,25514.0,15025.0,80137.0,15620.0,46001.0,15245.0,90023.0,15850.0,41513.0,15675.0,48097.0,15365.0,25463.0,15525.0,23544.0,15480.0,22867.0,15830.0,30061.0,16135.0,39351.0,15850.0,30838.0,15285.0,37294.0,15940.0,11732.0,16100.0,13794.0,15580.0,11532.0,15105.0,12463.0,15805.0,52093.0,16030.0,108853.0,16610.0,37272.0,16750.0,26229.0,16205.0,26575.0,16885.0,23731.0,17080.0,13249.0,17515.0,66068.0,17755.0,41382.0,18385.0,51087.0,19300.0,51326.0
0005D0,SOL 전고체배터리&실리콘음극재,13215.0,249194.0,12970.0,139938.0,13210.0,167064.0,12915.0,233556.0,14340.0,1352823.0,14730.0,1526733.0,14895.0,988687.0,17435.0,4066681.0,16675.0,3807042.0,17720.0,3772111.0,17935.0,2133924.0,18605.0,1962908.0,18370.0,2246764.0,18285.0,2162079.0,17570.0,1865944.0,18290.0,1449311.0,19515.0,2693212.0,18390.0,1776963.0,17600.0,1074632.0,18615.0,1348095.0,18590.0,993825.0,18230.0,578255.0,18525.0,815771.0,18140.0,594427.0,19010.0,1078561.0,18620.0,1003835.0,18245.0,784088.0,19010.0,2571557.0,19550.0,1767343.0,19805.0,3071645.0
466920,SOL 조선TOP3플러스,39600.0,4671945.0,37830.0,5429057.0,39355.0,3194332.0,38915.0,2417900.0,40280.0,3955284.0,39825.0,2830401.0,38920.0,3207320.0,38105.0,2894066.0,38715.0,2741254.0,38155.0,2374786.0,37985.0,2059903.0,38150.0,2928303.0,38020.0,3196588.0,37260.0,3308065.0,35390.0,3787064.0,37295.0,1799727.0,37950.0,3494155.0,36160.0,3080936.0,35160.0,2861482.0,35430.0,1933760.0,35030.0,2146388.0,35190.0,1120073.0,35375.0,1520312.0,35240.0,1686688.0,37275.0,3642092.0,38985.0,5028861.0,39210.0,3054862.0,38465.0,2524953.0,38485.0,1899986.0,38150.0,2405590.0
0080Y0,SOL 조선TOP3플러스레버리지,22835.0,958248.0,21210.0,1203972.0,22760.0,894907.0,22330.0,628100.0,23860.0,734020.0,23200.0,1069756.0,22215.0,796006.0,21430.0,700035.0,22050.0,914845.0,21355.0,733174.0,21405.0,647557.0,21410.0,752248.0,21230.0,1091207.0,20345.0,810879.0,18570.0,946285.0,20275.0,585942.0,20860.0,590205.0,19115.0,709874.0,18010.0,805755.0,18305.0,570244.0,17910.0,433046.0,17980.0,387447.0,18290.0,304966.0,18080.0,469414.0,20210.0,1439496.0,21975.0,1834782.0,22050.0,1428972.0,21360.0,1005110.0,21355.0,757676.0,20920.0,849468.0
0141S0,SOL 조선기자재,11540.0,640489.0,11020.0,550824.0,11120.0,596557.0,10900.0,674860.0,11230.0,583827.0,11170.0,329363.0,10940.0,321527.0,10695.0,470348.0,10905.0,356505.0,10755.0,371703.0,11000.0,521503.0,11050.0,401762.0,11010.0,416382.0,10805.0,336781.0,10315.0,384553.0,10800.0,326169.0,11000.0,366165.0,10530.0,470104.0,10210.0,415187.0,10455.0,270563.0,10500.0,265983.0,10460.0,272143.0,10490.0,273623.0,10525.0,401739.0,10940.0,391276.0,11330.0,593215.0,11630.0,635072.0,11565.0,446459.0,11525.0,539045.0,11320.0,400460.0
436140,SOL 종합채권(AA-이상)액티브,110520.0,14413.0,110510.0,8232.0,110075.0,7920.0,110160.0,4661.0,109910.0,21710.0,109220.0,7649.0,109395.0,10794.0,109680.0,9534.0,109410.0,3085.0,109515.0,7007.0,109615.0,28122.0,109790.0,21269.0,109375.0,153.0,109265.0,8881.0,109260.0,13810.0,108875.0,2837.0,108715.0,5810.0,108810.0,16950.0,108810.0,4354.0,108515.0,2730.0,108670.0,11053.0,109015.0,13501.0,109165.0,10348.0,109410.0,47812.0,109440.0,25135.0,109705.0,10881.0,109565.0,7992.0,109380.0,19515.0,109585.0,7368.0,109920.0,25102.0
0141T0,SOL 중기종합채권(AA-이상)액티브,50225.0,57.0,50210.0,1.0,50245.0,1.0,50100.0,101.0,50085.0,5.0,50060.0,23.0,50065.0,2.0,50095.0,4.0,50065.0,2.0,50115.0,18.0,50105.0,80.0,50145.0,5.0,50125.0,1.0,50070.0,1.0,50065.0,4.0,50000.0,43.0,49985.0,68.0,49980.0,1.0,49980.0,21.0,49945.0,5002.0,49965.0,71.0,50020.0,3186.0,50035.0,1.0,50100.0,32.0,50110.0,18.0,50125.0,2.0,50125.0,0.0,50150.0,12.0,50160.0,496.0,50270.0,4102.0
0016X0,SOL 중단기회사채(A-이상)액티브,50770.0,25227.0,50785.0,18435.0,50765.0,11201.0,50775.0,17423.0,50760.0,7537.0,50745.0,11158.0,50775.0,7872.0,50785.0,7484.0,50780.0,7867.0,50805.0,10091.0,50800.0,26177.0,50810.0,13316.0,50795.0,3563.0,50770.0,12624.0,50770.0,10732.0,50745.0,3086.0,50725.0,4018.0,50735.0,7881.0,50715.0,8330.0,50695.0,34824.0,50725.0,10727.0,50735.0,22120.0,50790.0,10265.0,50810.0,8860.0,50805.0,24433.0,50850.0,7448.0,50855.0,24057.0,50855.0,4914.0,50860.0,310189.0,50910.0,41211.0
220130,SOL 차이나강소기업CSI500(합성 H),6775.0,3738.0,6860.0,5683.0,6820.0,4393.0,6835.0,1605.0,6855.0,2429.0,6820.0,2389.0,6930.0,651.0,6955.0,922.0,7120.0,1086.0,7050.0,2197.0,7045.0,6496.0,7100.0,322.0,7022.0,8069.0,6910.0,1481.0,6710.0,1101.0,6850.0,935.0,6830.0,973.0,6725.0,1660.0,6750.0,3690.0,6900.0,2597.0,6900.0,4759.0,6950.0,270.0,7015.0,6336.0,6940.0,763.0,6950.0,647.0,6960.0,574.0,6900.0,554.0,7055.0,154.0,7115.0,2919.0,7115.0,653.0
0131A0,SOL 차이나소비트렌드,9540.0,4601.0,9565.0,2250.0,9580.0,1407.0,9385.0,10025.0,9495.0,932.0,9870.0,10906.0,9665.0,5122.0,9705.0,2633.0,10105.0,5372.0,10080.0,73970.0,10105.0,5024.0,10030.0,2389.0,9890.0,1261.0,9970.0,11898.0,10000.0,5358.0,10060.0,4314.0,9970.0,2675.0,10380.0,2012.0,10290.0,3584.0,10555.0,7070.0,11000.0,1532.0,10590.0,47111.0,10315.0,2722.0,10275.0,1284.0,10510.0,731.0,10380.0,13712.0,10795.0,18342.0,10575.0,12376.0,10720.0,1099.0,10395.0,3363.0
415760,SOL 차이나육성산업액티브(합성),12100.0,59454.0,12490.0,119825.0,12190.0,37758.0,12440.0,43620.0,12380.0,30860.0,12170.0,31359.0,12605.0,45985.0,12580.0,57190.0,12755.0,98941.0,12340.0,44095.0,12630.0,20913.0,12410.0,110397.0,12165.0,37704.0,12130.0,65805.0,11910.0,58954.0,11970.0,89014.0,11750.0,62697.0,11740.0,60462.0,11855.0,84204.0,11885.0,101991.0,12095.0,42014.0,11940.0,22073.0,12080.0,17887.0,11980.0,45535.0,12000.0,69828.0,11970.0,46892.0,12000.0,28944.0,11985.0,63717.0,11920.0,33901.0,12070.0,47458.0
413220,SOL 차이나태양광CSI(합성),5900.0,18584.0,5975.0,10785.0,5950.0,12042.0,6090.0,25108.0,6170.0,9828.0,6080.0,14482.0,6010.0,22211.0,6110.0,8339.0,6475.0,28038.0,6380.0,42464.0,6395.0,22492.0,6125.0,37154.0,6060.0,27179.0,6045.0,46114.0,6090.0,14803.0,6335.0,38462.0,6555.0,29113.0,6355.0,56156.0,6395.0,47460.0,6565.0,67033.0,6445.0,34624.0,6400.0,30824.0,6410.0,23378.0,6220.0,41003.0,6225.0,18480.0,6195.0,11695.0,6215.0,12479.0,6350.0,35015.0,6340.0,22287.0,6345.0,7094.0
469830,SOL 초단기채권액티브,53265.0,195816.0,53275.0,211696.0,53285.0,185595.0,53295.0,261814.0,53295.0,244067.0,53300.0,313378.0,53305.0,274076.0,53325.0,227084.0,53325.0,229956.0,53325.0,261788.0,53330.0,275583.0,53335.0,754352.0,53345.0,237682.0,53355.0,259283.0,53355.0,234337.0,53360.0,185689.0,53360.0,291246.0,53380.0,194340.0,53385.0,236205.0,53390.0,272888.0,53390.0,178223.0,53395.0,554957.0,53415.0,149483.0,53430.0,219955.0,53440.0,340012.0,53450.0,213320.0,53450.0,230894.0,53460.0,166751.0,53470.0,253025.0,53480.0,216408.0
0105E0,SOL 코리아고배당,11010.0,922657.0,11080.0,701081.0,11200.0,648283.0,11230.0,952321.0,11455.0,933952.0,11650.0,1010943.0,11835.0,1011472.0,11830.0,1286221.0,11895.0,842214.0,11775.0,1145811.0,11940.0,707317.0,11925.0,937050.0,12245.0,833456.0,12190.0,1001502.0,11880.0,1735083.0,12330.0,812480.0,12635.0,831216.0,12580.0,1190204.0,12600.0,1126447.0,13005.0,1117590.0,13350.0,1543333.0,13625.0,1819401.0,13925.0,1413648.0,14030.0,1861722.0,14385.0,1708733.0,14840.0,2826370.0,14705.0,2693804.0,14480.0,2321752.0,14755.0,1339828.0,14850.0,1539665.0
444200,SOL 코리아메가테크액티브,36805.0,1195273.0,37085.0,1325202.0,37740.0,1417198.0,37845.0,1361852.0,38980.0,1846083.0,38850.0,1743269.0,38735.0,1610499.0,38550.0,1757148.0,38790.0,1424255.0,39060.0,1039459.0,39450.0,1049846.0,40430.0,2107840.0,41140.0,2754611.0,40660.0,1563598.0,38530.0,1431866.0,40780.0,1165750.0,41390.0,1546234.0,39655.0,1222932.0,38620.0,1166125.0,40230.0,841342.0,39815.0,867843.0,40455.0,630663.0,41030.0,699361.0,40790.0,697413.0,42045.0,1895281.0,42995.0,3187333.0,43435.0,2682456.0,44265.0,1143604.0,45240.0,1610056.0,46965.0,1971116.0
495550,SOL 코리아밸류업TR,20345.0,27556.0,20465.0,31238.0,20865.0,21200.0,21025.0,57740.0,21450.0,22907.0,21245.0,21844.0,21485.0,28120.0,21630.0,99878.0,21705.0,19586.0,21400.0,35336.0,22255.0,40090.0,22715.0,51297.0,23130.0,49523.0,23420.0,56726.0,22105.0,82058.0,23715.0,72824.0,24005.0,123836.0,22940.0,132174.0,22900.0,112469.0,23770.0,167394.0,23710.0,47314.0,23980.0,84580.0,24755.0,108155.0,24700.0,90941.0,25330.0,105019.0,26060.0,121896.0,26145.0,134468.0,26710.0,139378.0,27235.0,110386.0,28570.0,189697.0
450910,SOL 코스닥150,15475.0,1467.0,15330.0,1616.0,15435.0,5346.0,15595.0,3958.0,15765.0,6552.0,15805.0,15344.0,15110.0,10010.0,15550.0,2085.0,16185.0,19567.0,18105.0,246832.0,18520.0,368576.0,19915.0,349793.0,20590.0,386776.0,20000.0,309262.0,18850.0,351684.0,19740.0,356073.0,19630.0,227860.0,18795.0,386607.0,18160.0,340068.0,19215.0,109337.0,18780.0,156086.0,18735.0,176105.0,18990.0,29631.0,18605.0,137419.0,19960.0,81333.0,19820.0,65982.0,19595.0,59069.0,19740.0,85467.0,19790.0,49595.0,20610.0,103129.0
0040X0,SOL 팔란티어미국채커버드콜혼합,11495.0,500112.0,11580.0,653998.0,11545.0,717451.0,11550.0,470527.0,11405.0,759799.0,11350.0,913549.0,11280.0,667463.0,11220.0,750852.0,11200.0,739716.0,11095.0,751180.0,11160.0,629183.0,10870.0,1164848.0,10450.0,1266713.0,10265.0,882327.0,10350.0,742291.0,10635.0,1017547.0,10630.0,529290.0,10315.0,760292.0,10180.0,644252.0,10320.0,528377.0,10495.0,443525.0,10360.0,467251.0,10175.0,536855.0,10010.0,871369.0,10315.0,628232.0,10335.0,431143.0,10190.0,625864.0,10195.0,342297.0,10085.0,695425.0,9895.0,854886.0
0040Y0,SOL 팔란티어커버드콜OTM채권혼합,9915.0,525855.0,9950.0,509072.0,9940.0,640859.0,9930.0,534584.0,9860.0,927215.0,9800.0,1236899.0,9795.0,617491.0,9755.0,1236011.0,9735.0,967993.0,9740.0,916657.0,9765.0,743247.0,9695.0,1080993.0,9325.0,1570618.0,9120.0,1321592.0,9075.0,1171309.0,9415.0,1015953.0,9390.0,674563.0,9105.0,851384.0,8900.0,874489.0,9105.0,544988.0,9150.0,674805.0,9085.0,531632.0,9010.0,639553.0,8900.0,716598.0,9055.0,470860.0,9040.0,735551.0,8960.0,919586.0,8945.0,569110.0,8900.0,974488.0,8740.0,737695.0
0105D0,SOL 한국AI소프트웨어,11295.0,226858.0,11190.0,208096.0,11050.0,255083.0,10960.0,249341.0,11000.0,204485.0,11130.0,266669.0,11035.0,212410.0,11000.0,266719.0,11700.0,539217.0,11815.0,413161.0,11950.0,332011.0,11910.0,322521.0,12165.0,274598.0,11905.0,242553.0,11420.0,201036.0,11670.0,47417.0,11555.0,100368.0,11310.0,148447.0,10890.0,89289.0,11105.0,76414.0,11260.0,83342.0,11375.0,49000.0,11410.0,51481.0,11235.0,32115.0,11345.0,75059.0,11430.0,171492.0,11595.0,66353.0,11450.0,41296.0,11695.0,80327.0,12115.0,232805.0
0092B0,SOL 한국원자력SMR,12185.0,217037.0,12430.0,448836.0,12560.0,415377.0,13315.0,1043961.0,13745.0,895873.0,14680.0,1265619.0,14420.0,1414934.0,14175.0,1068400.0,14310.0,692126.0,14230.0,668076.0,14525.0,1715520.0,14495.0,725221.0,14945.0,831557.0,14290.0,576991.0,13680.0,383214.0,14475.0,384071.0,15335.0,1132744.0,14825.0,679557.0,14655.0,548747.0,15340.0,436762.0,15240.0,1449824.0,15705.0,712072.0,15825.0,304035.0,15820.0,865511.0,16640.0,615917.0,17465.0,1053951.0,17790.0,941277.0,17815.0,752030.0,18465.0,697806.0,18705.0,728739.0
423170,SOL 한국형글로벌반도체액티브,35100.0,26467.0,35680.0,22115.0,35655.0,34605.0,36405.0,69831.0,36670.0,72234.0,36070.0,73833.0,36270.0,51605.0,37135.0,74141.0,37195.0,52764.0,36310.0,86742.0,37360.0,71998.0,38355.0,95599.0,38670.0,97023.0,38850.0,116664.0,37040.0,86004.0,39160.0,61583.0,38500.0,56664.0,37050.0,54833.0,36765.0,58006.0,38585.0,60527.0,38785.0,43725.0,38765.0,29136.0,39685.0,76149.0,39420.0,37917.0,40470.0,54657.0,40590.0,42292.0,40460.0,106219.0,41780.0,105247.0,42265.0,119217.0,43470.0,140096.0
429980,SOL 한국형글로벌전기차&2차전지액티브,15720.0,1311.0,15785.0,6038.0,15785.0,1603.0,15725.0,3798.0,15515.0,2015.0,15565.0,4508.0,15530.0,1431.0,16020.0,18331.0,16115.0,4368.0,15900.0,6728.0,16000.0,2449.0,16035.0,3716.0,16135.0,3140.0,15795.0,16893.0,15240.0,18389.0,15710.0,1749.0,15730.0,1332.0,15680.0,4128.0,15320.0,10915.0,15885.0,1718.0,16105.0,732.0,16235.0,8162.0,16430.0,744.0,16100.0,433.0,16405.0,1412.0,16410.0,1421.0,16190.0,1290.0,16500.0,7452.0,16745.0,1287.0,16700.0,474.0
0008T0,SOL 화장품TOP3플러스,12420.0,369697.0,12745.0,772806.0,12780.0,429576.0,12835.0,683215.0,12580.0,426100.0,13040.0,1158813.0,13390.0,914106.0,14140.0,2237817.0,14180.0,1313790.0,14380.0,1098177.0,14295.0,782264.0,14475.0,894894.0,14890.0,1438781.0,14815.0,1039436.0,14515.0,1021770.0,14305.0,1540136.0,14115.0,1626535.0,14315.0,2088764.0,13905.0,815738.0,14675.0,981765.0,14745.0,573493.0,14695.0,343821.0,14640.0,568933.0,14545.0,475162.0,14765.0,355471.0,14590.0,423027.0,14510.0,431180.0,14530.0,422464.0,14500.0,631141.0,14510.0,877161.0
0139F0,TIGER 12월자동연장금융채(AA-이상)액티브,100410.0,74.0,100430.0,691.0,100440.0,327.0,100440.0,266.0,100430.0,470.0,100445.0,733.0,100445.0,272.0,100465.0,674.0,100470.0,746.0,100465.0,8.0,100445.0,68.0,100445.0,183.0,100460.0,782.0,100470.0,573.0,100450.0,907.0,100460.0,71.0,100465.0,155.0,100470.0,2251.0,100485.0,112.0,100500.0,1024.0,100500.0,75.0,100495.0,48.0,100550.0,198.0,100590.0,72.0,100625.0,209.0,100665.0,2340.0,100640.0,25.0,100665.0,29.0,100665.0,124.0,100710.0,585.0
102110,TIGER 200,68510.0,2754735.0,68935.0,2825963.0,70070.0,4212423.0,70860.0,4265540.0,71855.0,3928110.0,71280.0,4263948.0,71815.0,3861663.0,72610.0,5227754.0,73075.0,4503737.0,72380.0,2858045.0,74905.0,3866485.0,76265.0,6005083.0,76935.0,5066523.0,77160.0,6021537.0,72665.0,12837106.0,78280.0,4867981.0,79340.0,4423202.0,75960.0,5764589.0,75140.0,7075571.0,78380.0,5337398.0,78395.0,5021494.0,79090.0,3726254.0,81945.0,4446520.0,81835.0,4175643.0,84340.0,3665631.0,86265.0,4073008.0,86900.0,5665189.0,89030.0,5445111.0,90840.0,6575554.0,94970.0,5632511.0
139260,TIGER 200 IT,63745.0,195071.0,64080.0,276476.0,64790.0,263996.0,65945.0,464393.0,66765.0,434424.0,65680.0,339184.0,65910.0,281595.0,67715.0,574491.0,67790.0,349975.0,67340.0,190425.0,70000.0,321896.0,72475.0,432920.0,73295.0,266291.0,75370.0,434262.0,69735.0,550649.0,75290.0,452613.0,76305.0,359714.0,72775.0,368911.0,71190.0,439654.0,74845.0,342686.0,74495.0,390285.0,75260.0,397230.0,77870.0,503671.0,76865.0,403746.0,79315.0,374563.0,81645.0,689548.0,82900.0,599838.0,86620.0,857013.0,89500.0,1424421.0,95035.0,1722491.0
139220,TIGER 200 건설,5200.0,454853.0,5375.0,629929.0,5460.0,356495.0,5585.0,457047.0,5665.0,437929.0,5775.0,553276.0,5725.0,531230.0,5685.0,387758.0,5960.0,1600446.0,5875.0,511616.0,5885.0,456230.0,6025.0,489160.0,6105.0,475134.0,5915.0,434519.0,5740.0,512561.0,6120.0,809021.0,6360.0,759783.0,6195.0,1008230.0,6030.0,802908.0,6400.0,691731.0,6460.0,750980.0,6605.0,500777.0,6700.0,695105.0,6640.0,743811.0,6895.0,821564.0,7075.0,810594.0,7180.0,1129477.0,7330.0,558231.0,7800.0,1282378.0,8070.0,1202418.0
139290,TIGER 200 경기소비재,24460.0,180568.0,24775.0,42827.0,25420.0,72629.0,24970.0,74959.0,27000.0,227914.0,26700.0,214047.0,28755.0,242164.0,27720.0,239886.0,27195.0,259377.0,26695.0,158564.0,26485.0,143540.0,26345.0,100463.0,27380.0,503406.0,26820.0,112213.0,25970.0,143373.0,26635.0,126791.0,27155.0,127958.0,26835.0,218251.0,26050.0,26550.0,26650.0,37627.0,27300.0,47761.0,27900.0,145493.0,28010.0,102795.0,27845.0,104799.0,28360.0,72498.0,28505.0,47914.0,28790.0,69221.0,29120.0,71351.0,30860.0,259353.0,32685.0,156149.0
139270,TIGER 200 금융,12945.0,37186.0,13100.0,77374.0,13040.0,138057.0,13200.0,65466.0,13095.0,43615.0,13460.0,120607.0,13495.0,60880.0,13605.0,35845.0,13935.0,50084.0,13855.0,44747.0,14350.0,136031.0,14205.0,139846.0,14375.0,140356.0,14285.0,62682.0,14060.0,93408.0,14885.0,69309.0,15300.0,97093.0,15235.0,138481.0,15455.0,90711.0,15930.0,155371.0,16360.0,174707.0,16895.0,295248.0,17490.0,248341.0,17555.0,589965.0,17890.0,396964.0,18490.0,467107.0,18230.0,430023.0,17780.0,344039.0,17970.0,148049.0,17890.0,199977.0
227550,TIGER 200 산업재,12250.0,10901.0,12310.0,10456.0,12475.0,9309.0,12330.0,15744.0,12675.0,6392.0,12730.0,29882.0,12575.0,12033.0,12750.0,6081.0,12540.0,7632.0,12635.0,7809.0,12490.0,9165.0,12945.0,16605.0,12985.0,3904.0,12645.0,4269.0,12170.0,33228.0,12855.0,12561.0,13190.0,3513.0,12710.0,3080.0,12230.0,3264.0,12595.0,2997.0,12560.0,4680.0,12625.0,2397.0,12815.0,9196.0,12725.0,2376.0,13030.0,4159.0,13385.0,20177.0,13445.0,7903.0,13695.0,3937.0,13900.0,4457.0,13955.0,11683.0
227560,TIGER 200 생활소비재,12445.0,12696.0,12390.0,2968.0,12435.0,4971.0,12500.0,4591.0,12670.0,3132.0,13395.0,72496.0,13435.0,39386.0,13640.0,19666.0,13370.0,17668.0,13180.0,5125.0,13310.0,5154.0,13210.0,8668.0,13475.0,8722.0,13350.0,5351.0,13220.0,4889.0,13455.0,8464.0,13760.0,11273.0,13845.0,9285.0,13640.0,8601.0,14160.0,12244.0,14360.0,14047.0,14445.0,41479.0,14460.0,22839.0,14405.0,14748.0,14550.0,8750.0,14625.0,20469.0,14695.0,6515.0,14565.0,13925.0,14815.0,5846.0,14715.0,9790.0
139250,TIGER 200 에너지화학,14605.0,60406.0,14850.0,100453.0,15200.0,64731.0,14965.0,44001.0,15235.0,101107.0,15415.0,163485.0,15215.0,50852.0,15640.0,91140.0,15890.0,230203.0,15625.0,75444.0,15610.0,75794.0,15855.0,63044.0,16000.0,168216.0,15760.0,80981.0,14880.0,153033.0,15560.0,88224.0,16230.0,105877.0,16015.0,78646.0,15755.0,98029.0,16325.0,68163.0,16315.0,68446.0,16590.0,173110.0,17060.0,80355.0,16830.0,55124.0,17645.0,74470.0,18160.0,132824.0,18000.0,111839.0,18530.0,149921.0,19040.0,153506.0,19050.0,127467.0
139230,TIGER 200 중공업,15635.0,1278435.0,15505.0,1331296.0,15785.0,1946630.0,15900.0,1277372.0,16215.0,2090909.0,16210.0,1281323.0,15830.0,1538936.0,15750.0,1849043.0,15830.0,940169.0,15600.0,711834.0,15795.0,772605.0,15800.0,937619.0,15910.0,1493286.0,15590.0,957435.0,14765.0,1161207.0,15520.0,603150.0,16035.0,1285213.0,15195.0,854724.0,14770.0,1515010.0,15295.0,1049246.0,15175.0,710303.0,15450.0,247013.0,15800.0,495935.0,15440.0,540495.0,16005.0,923228.0,16695.0,5105123.0,16905.0,2874926.0,16895.0,979034.0,16980.0,941607.0,17115.0,831580.0
139240,TIGER 200 철강소재,13390.0,46009.0,13250.0,47104.0,13840.0,47420.0,13705.0,21502.0,14050.0,69195.0,14255.0,106525.0,14285.0,24210.0,14245.0,29130.0,14490.0,68960.0,14905.0,35288.0,14790.0,39535.0,14910.0,30247.0,15380.0,32405.0,15000.0,25763.0,13945.0,24303.0,14635.0,14293.0,15125.0,50075.0,14415.0,23757.0,14155.0,10595.0,14545.0,14046.0,14605.0,11180.0,14540.0,16683.0,14750.0,18648.0,14500.0,4472.0,14720.0,14804.0,15135.0,42056.0,14935.0,21170.0,15465.0,53229.0,16150.0,67696.0,16070.0,42634.0
227540,TIGER 200 헬스케어,23940.0,43569.0,23540.0,50762.0,23650.0,30886.0,23550.0,53878.0,23300.0,35218.0,23410.0,51525.0,22715.0,71405.0,22780.0,125557.0,23500.0,120639.0,23675.0,201902.0,23445.0,127058.0,23875.0,73120.0,23800.0,250146.0,23270.0,94456.0,22400.0,175957.0,23185.0,110022.0,23610.0,34170.0,23320.0,107138.0,23030.0,41056.0,23855.0,82575.0,24105.0,41620.0,24525.0,58783.0,24475.0,30016.0,24320.0,19064.0,24895.0,49490.0,24730.0,25303.0,25150.0,69231.0,25655.0,82470.0,25325.0,46497.0,25230.0,46280.0
243880,TIGER 200IT레버리지,118535.0,17350.0,119930.0,14322.0,123070.0,12929.0,128210.0,20014.0,131520.0,22848.0,126690.0,26784.0,128025.0,21047.0,136185.0,37260.0,135790.0,32212.0,132345.0,27379.0,143880.0,34752.0,153000.0,34583.0,157215.0,55596.0,166070.0,42913.0,141310.0,45198.0,162725.0,34495.0,168670.0,23882.0,152915.0,31783.0,145720.0,38014.0,160425.0,87955.0,159200.0,15176.0,160530.0,16870.0,172340.0,31396.0,169730.0,23727.0,180900.0,38487.0,190180.0,20470.0,196690.0,56192.0,215515.0,64524.0,227435.0,120481.0,255620.0,116721.0
310960,TIGER 200TR,39840.0,18184.0,40065.0,27058.0,40740.0,26376.0,41185.0,124507.0,41830.0,33420.0,41475.0,81424.0,41750.0,66015.0,42235.0,22287.0,42500.0,78622.0,42075.0,34027.0,43530.0,48040.0,44330.0,112872.0,44835.0,97313.0,45040.0,48560.0,42380.0,147083.0,45610.0,68105.0,46240.0,70042.0,44270.0,114588.0,43800.0,98028.0,45675.0,62256.0,45710.0,56195.0,46085.0,26745.0,47775.0,92416.0,47695.0,59697.0,49155.0,92873.0,50285.0,75910.0,50680.0,112750.0,51900.0,76393.0,52960.0,136072.0,55725.0,126723.0
252000,TIGER 200동일가중,17050.0,213.0,17195.0,573.0,17445.0,6321.0,17465.0,6567.0,17610.0,1980.0,17920.0,301.0,17820.0,682.0,17995.0,306.0,18180.0,1659.0,18130.0,391.0,18260.0,608.0,18480.0,235.0,18480.0,168.0,18680.0,1037.0,17980.0,1639.0,18805.0,1023.0,19230.0,398.0,18860.0,1556.0,18530.0,396.0,19220.0,367.0,19525.0,131.0,19715.0,282.0,19910.0,2724.0,19945.0,817.0,20420.0,831.0,20775.0,1121.0,20780.0,1136.0,20845.0,1520.0,21255.0,2343.0,21405.0,3091.0
267770,TIGER 200선물레버리지,45800.0,296931.0,46225.0,265966.0,47800.0,510432.0,48855.0,443753.0,50250.0,294803.0,49370.0,357573.0,50220.0,351040.0,51370.0,491001.0,52015.0,521139.0,50955.0,384272.0,54560.0,279256.0,56450.0,593450.0,57855.0,382111.0,58180.0,3001638.0,51385.0,2958823.0,59185.0,479075.0,60750.0,605706.0,55690.0,1686426.0,54480.0,328703.0,59045.0,500446.0,59015.0,772080.0,60090.0,500797.0,64465.0,383643.0,64300.0,1067750.0,68020.0,534242.0,71390.0,281567.0,72280.0,468260.0,75950.0,700531.0,78900.0,858803.0,86305.0,947475.0
252710,TIGER 200선물인버스2X,515.0,18445200.0,510.0,12633568.0,488.0,21054251.0,479.0,19548754.0,466.0,17992780.0,474.0,22683775.0,465.0,34079552.0,454.0,25091141.0,451.0,14837252.0,458.0,11416988.0,430.0,23720843.0,410.0,24248600.0,402.0,33871948.0,399.0,40496093.0,445.0,48775377.0,378.0,32771320.0,369.0,21195363.0,398.0,41609243.0,406.0,57035764.0,372.0,29246245.0,372.0,39858641.0,367.0,24819700.0,342.0,31860263.0,340.0,54328497.0,319.0,29290143.0,306.0,31152887.0,303.0,36891734.0,286.0,32574804.0,272.0,39662426.0,251.0,41505501.0
243890,TIGER 200에너지화학레버리지,7355.0,37799.0,7565.0,56477.0,7910.0,66973.0,7670.0,48420.0,7925.0,36552.0,8170.0,63548.0,8000.0,34496.0,8330.0,43906.0,8700.0,63251.0,8490.0,85787.0,8355.0,45895.0,8650.0,47188.0,8815.0,82171.0,8555.0,47617.0,7630.0,75380.0,8245.0,48368.0,8990.0,86981.0,8625.0,72765.0,8425.0,31262.0,9000.0,70466.0,9000.0,27926.0,9405.0,55756.0,9850.0,76649.0,9580.0,30774.0,10500.0,55631.0,11100.0,66851.0,10880.0,56597.0,11575.0,71743.0,12060.0,61988.0,12300.0,52623.0
315270,TIGER 200커뮤니케이션서비스,21975.0,1772.0,22030.0,779.0,21725.0,83619.0,21645.0,966.0,21865.0,7364.0,22435.0,23526.0,21960.0,6584.0,22265.0,9358.0,22980.0,7698.0,23285.0,12930.0,24120.0,188562.0,23935.0,27674.0,24185.0,11802.0,23950.0,10326.0,22995.0,15052.0,23410.0,1257.0,23600.0,1250.0,23120.0,6940.0,22600.0,19530.0,23075.0,6992.0,23555.0,2367.0,24100.0,5835.0,24335.0,5941.0,24415.0,7884.0,24590.0,5682.0,24800.0,3103.0,24700.0,7826.0,24650.0,4961.0,24640.0,1895.0,24920.0,4554.0
289480,TIGER 200커버드콜,9840.0,23225.0,9875.0,29845.0,9900.0,16210.0,9945.0,28781.0,9960.0,28844.0,9945.0,21564.0,9970.0,91854.0,9995.0,33564.0,9990.0,19698.0,10000.0,20451.0,10000.0,12342.0,9925.0,78021.0,9865.0,46653.0,9895.0,37910.0,9900.0,45161.0,9945.0,132023.0,10000.0,129402.0,10025.0,36961.0,9930.0,61563.0,9995.0,33786.0,10010.0,15439.0,10005.0,17943.0,9980.0,27869.0,9965.0,105580.0,10090.0,83618.0,10150.0,24644.0,10150.0,21997.0,10210.0,25619.0,10260.0,32228.0,10240.0,25667.0
166400,TIGER 200커버드콜OTM,18070.0,3077.0,18090.0,4020.0,18265.0,1171.0,18400.0,1397.0,18515.0,2022.0,18455.0,9346.0,18440.0,4416.0,18520.0,2826.0,18580.0,2271.0,18635.0,1687.0,18650.0,1350.0,18645.0,2306.0,18700.0,1037.0,18605.0,2502.0,18250.0,2388.0,18740.0,3244.0,18700.0,2579.0,18635.0,543.0,18670.0,503.0,18745.0,8257.0,18765.0,6832.0,18735.0,244.0,18810.0,1783.0,18725.0,3071.0,19165.0,2538.0,19320.0,2234.0,19385.0,2696.0,19580.0,4490.0,19750.0,2342.0,19825.0,6435.0
0104N0,TIGER 200타겟위클리커버드콜,13890.0,149729.0,13900.0,1349892.0,14130.0,187060.0,14290.0,244145.0,14500.0,214781.0,14380.0,360770.0,14490.0,260065.0,14640.0,213746.0,14740.0,154630.0,14605.0,343145.0,15090.0,210315.0,15370.0,239593.0,15520.0,313512.0,15590.0,226889.0,14690.0,571441.0,15780.0,497380.0,15995.0,562196.0,15315.0,591809.0,15170.0,535116.0,15815.0,377398.0,15875.0,279076.0,15935.0,294860.0,16400.0,305863.0,16440.0,476137.0,16915.0,456564.0,17320.0,342486.0,17435.0,443048.0,17850.0,440915.0,18200.0,618839.0,19000.0,374494.0
0001S0,TIGER 26-04 회사채(A+이상)액티브,51015.0,18379.0,51040.0,13105.0,51015.0,10396.0,51025.0,5219.0,51020.0,20761.0,51005.0,14358.0,51025.0,4452.0,51020.0,13071.0,51035.0,8918.0,51030.0,5841.0,51035.0,11396.0,51030.0,12005.0,51015.0,24698.0,51020.0,5733.0,51020.0,7773.0,51020.0,6229.0,51020.0,2350.0,51030.0,11581.0,51040.0,13007.0,51030.0,2987.0,51035.0,5167.0,51045.0,4453.0,51075.0,8074.0,51075.0,5083.0,51090.0,2484.0,51095.0,7373.0,51085.0,9043.0,51100.0,4214.0,51100.0,2543.0,51120.0,11879.0
480260,TIGER 27-04회사채(A+이상)액티브,53280.0,32732.0,53300.0,16205.0,53250.0,36445.0,53275.0,23035.0,53255.0,35597.0,53235.0,11039.0,53285.0,10875.0,53295.0,10688.0,53260.0,25253.0,53305.0,37137.0,53280.0,11982.0,53295.0,17311.0,53275.0,42294.0,53240.0,51741.0,53220.0,11952.0,53185.0,14721.0,53170.0,36707.0,53200.0,16904.0,53185.0,12259.0,53145.0,22162.0,53190.0,25666.0,53200.0,4388.0,53230.0,9914.0,53230.0,11371.0,53245.0,17859.0,53290.0,19621.0,53300.0,12957.0,53290.0,19146.0,53310.0,21122.0,53370.0,18359.0
0094K0,TIGER 28-04 회사채(A+이상)액티브,99625.0,19341.0,99645.0,4552.0,99545.0,7715.0,99475.0,12409.0,99395.0,13029.0,99260.0,4296.0,99360.0,4668.0,99435.0,13797.0,99380.0,2570.0,99480.0,10770.0,99490.0,5759.0,99525.0,7105.0,99440.0,28890.0,99310.0,6639.0,99280.0,11617.0,99140.0,12041.0,99050.0,4907.0,99040.0,5399.0,98965.0,6461.0,98920.0,5531.0,99000.0,5018.0,99015.0,14960.0,99140.0,11949.0,99215.0,5482.0,99195.0,4145.0,99290.0,3520.0,99300.0,3535.0,99290.0,2952.0,99390.0,2527.0,99535.0,24579.0
364980,TIGER 2차전지TOP10,9510.0,4828220.0,9260.0,3320934.0,9485.0,3925780.0,9200.0,3618152.0,9565.0,4809962.0,9770.0,5917053.0,9550.0,3916171.0,10190.0,7800676.0,10195.0,8149316.0,10500.0,6370943.0,10400.0,4436719.0,10855.0,9034069.0,10790.0,6262888.0,10360.0,4500848.0,9935.0,5598033.0,10335.0,3859213.0,10580.0,4484134.0,10430.0,5177810.0,10055.0,4233946.0,10330.0,3803646.0,10360.0,2056588.0,10355.0,1162011.0,10685.0,3965755.0,10440.0,2442654.0,10905.0,4322983.0,11100.0,3914156.0,10965.0,2114996.0,11440.0,5581683.0,11655.0,4233872.0,11705.0,3555566.0
412570,TIGER 2차전지TOP10레버리지,1431.0,11770628.0,1363.0,7733548.0,1416.0,8766585.0,1346.0,5982270.0,1443.0,9591198.0,1496.0,14048660.0,1440.0,8860535.0,1628.0,18949138.0,1618.0,18143262.0,1719.0,15009798.0,1677.0,10274392.0,1833.0,24911966.0,1800.0,17110915.0,1659.0,17402891.0,1512.0,17152451.0,1631.0,9157782.0,1729.0,11194602.0,1665.0,14118566.0,1553.0,11115790.0,1617.0,8205595.0,1644.0,7305101.0,1649.0,4991877.0,1754.0,10727207.0,1664.0,7872446.0,1819.0,12270742.0,1874.0,11396099.0,1815.0,8037494.0,1993.0,17765835.0,2065.0,13647645.0,2075.0,10055383.0
462010,TIGER 2차전지소재Fn,5670.0,5170058.0,5480.0,4189475.0,5575.0,4492788.0,5390.0,4264432.0,5600.0,6816674.0,5770.0,10738865.0,5670.0,6030461.0,6085.0,14092174.0,6095.0,10652711.0,6730.0,16934731.0,6825.0,13746406.0,7455.0,19053481.0,7530.0,20221895.0,7100.0,14137638.0,6840.0,19261493.0,7160.0,10517165.0,7305.0,10526700.0,7080.0,10493218.0,6745.0,10429261.0,6960.0,6255707.0,6885.0,4957348.0,6800.0,3172959.0,7050.0,5306521.0,6815.0,4986833.0,7315.0,9959477.0,7300.0,5350501.0,7170.0,6151441.0,7370.0,6287401.0,7600.0,8080966.0,7770.0,9260948.0
305540,TIGER 2차전지테마,18425.0,2013764.0,17895.0,1116522.0,18155.0,1031325.0,17735.0,980477.0,18430.0,1414595.0,18995.0,3425752.0,18615.0,1524952.0,20100.0,3797119.0,20115.0,3679665.0,21000.0,2373031.0,21025.0,1926271.0,22195.0,4815691.0,22150.0,4083402.0,21180.0,3572927.0,20245.0,3276756.0,20925.0,1166668.0,21530.0,1516625.0,21100.0,1604973.0,20300.0,1171768.0,20840.0,1096902.0,20860.0,1273994.0,20690.0,979307.0,21330.0,1698777.0,20720.0,4417538.0,21940.0,2450385.0,21975.0,1445729.0,21620.0,788750.0,22520.0,2164101.0,23230.0,2167896.0,23490.0,2742714.0
471760,TIGER AI반도체핵심공정,13365.0,485093.0,13580.0,411019.0,13755.0,598942.0,13720.0,858837.0,13575.0,504907.0,13180.0,560999.0,12975.0,818811.0,13215.0,570527.0,13550.0,527353.0,14060.0,997941.0,14710.0,1681799.0,15710.0,2305843.0,16185.0,3809705.0,17110.0,4139266.0,15565.0,4350399.0,16665.0,1794026.0,16810.0,1592646.0,16245.0,1982820.0,16305.0,1443182.0,16770.0,832264.0,16215.0,824089.0,15845.0,528802.0,16235.0,1082201.0,15960.0,562654.0,16455.0,712300.0,16220.0,654676.0,16280.0,549748.0,16710.0,988970.0,16765.0,1099233.0,18895.0,2358182.0
365040,TIGER AI코리아그로스액티브,23715.0,21867.0,23805.0,20369.0,24300.0,18199.0,24475.0,28675.0,24790.0,24331.0,24735.0,21449.0,24765.0,21018.0,25010.0,40612.0,25265.0,19815.0,25000.0,27536.0,25630.0,28807.0,26060.0,16594.0,26420.0,36013.0,26430.0,33578.0,24980.0,62670.0,26630.0,25524.0,27100.0,19488.0,26035.0,38043.0,25680.0,37842.0,26660.0,41001.0,26830.0,9971.0,26990.0,18950.0,27765.0,96774.0,27855.0,19930.0,28740.0,29883.0,29310.0,23952.0,29530.0,26688.0,30140.0,16319.0,30805.0,30030.0,32000.0,106063.0
364960,TIGER BBIG,7455.0,103856.0,7395.0,112905.0,7395.0,77556.0,7355.0,103495.0,7305.0,138074.0,7445.0,169373.0,7145.0,124942.0,7285.0,115663.0,7410.0,132123.0,7475.0,232061.0,7490.0,341547.0,7585.0,180333.0,7580.0,415955.0,7450.0,288340.0,7155.0,352172.0,7285.0,150127.0,7290.0,302393.0,7150.0,402111.0,7030.0,239755.0,7190.0,136417.0,7250.0,152654.0,7400.0,65033.0,7465.0,92458.0,7380.0,82497.0,7565.0,196662.0,7655.0,219380.0,7830.0,267873.0,7950.0,209354.0,7970.0,173972.0,7980.0,143501.0
412560,TIGER BBIG레버리지,2635.0,45715.0,2595.0,10616.0,2620.0,5706.0,2550.0,14212.0,2525.0,5137.0,2600.0,19633.0,2400.0,51467.0,2495.0,15527.0,2555.0,12918.0,2640.0,18595.0,2650.0,25487.0,2690.0,21590.0,2705.0,14351.0,2600.0,14664.0,2430.0,36537.0,2465.0,11598.0,2470.0,26059.0,2395.0,6958.0,2350.0,13909.0,2405.0,6306.0,2435.0,5699.0,2525.0,7007.0,2580.0,8213.0,2540.0,6903.0,2665.0,29859.0,2720.0,60045.0,2875.0,50266.0,2940.0,58749.0,2925.0,47159.0,2965.0,35675.0
475630,TIGER CD1년금리액티브(합성),1056395.0,18577.0,1056475.0,19548.0,1056705.0,15972.0,1056800.0,25073.0,1056860.0,26853.0,1056930.0,14000.0,1057020.0,17667.0,1057260.0,18685.0,1057345.0,19967.0,1057380.0,23614.0,1057470.0,29744.0,1057555.0,32305.0,1057770.0,22043.0,1057890.0,19252.0,1057940.0,42977.0,1058005.0,28633.0,1058100.0,30260.0,1058315.0,31195.0,1058425.0,37447.0,1058500.0,30999.0,1058570.0,20689.0,1058640.0,34763.0,1059115.0,20773.0,1059280.0,21152.0,1059445.0,30166.0,1059545.0,23405.0,1059600.0,26368.0,1059665.0,20791.0,1059760.0,51867.0,1060090.0,28653.0
357870,TIGER CD금리투자KIS(합성),56960.0,265499.0,56960.0,249238.0,56975.0,252211.0,56980.0,244655.0,56985.0,307038.0,56990.0,255461.0,56995.0,323730.0,57005.0,255622.0,57010.0,239053.0,57015.0,265654.0,57020.0,433694.0,57025.0,311043.0,57035.0,282300.0,57040.0,291181.0,57045.0,449198.0,57045.0,329021.0,57050.0,303898.0,57065.0,302555.0,57070.0,366555.0,57070.0,314796.0,57075.0,361247.0,57080.0,233410.0,57100.0,261368.0,57110.0,280016.0,57125.0,316480.0,57130.0,310953.0,57130.0,308071.0,57135.0,425239.0,57140.0,393818.0,57150.0,412672.0
499660,TIGER CD금리플러스액티브(합성),1001145.0,9378.0,1001225.0,7406.0,1001440.0,11792.0,1001520.0,14164.0,1001585.0,9011.0,1001665.0,9430.0,1001740.0,10354.0,1001965.0,12449.0,1002040.0,9825.0,1002115.0,12722.0,1002190.0,10025.0,1002265.0,18332.0,1000225.0,12294.0,1000310.0,9355.0,1000380.0,14403.0,1000450.0,10904.0,1000530.0,9942.0,1000755.0,17841.0,1000845.0,12263.0,1000915.0,15929.0,1000995.0,13466.0,1001065.0,10841.0,1001545.0,10071.0,1001625.0,10858.0,1001840.0,13597.0,1001915.0,11786.0,1001995.0,14085.0,1002070.0,10823.0,1002150.0,11146.0,1000325.0,11629.0
400970,TIGER Fn메타버스,7935.0,64652.0,7945.0,46108.0,7895.0,75465.0,7855.0,58585.0,7945.0,95598.0,7990.0,92884.0,7780.0,48415.0,7965.0,80663.0,8115.0,109423.0,8365.0,212403.0,8400.0,140572.0,8435.0,110558.0,8490.0,231604.0,8390.0,136618.0,8055.0,76630.0,8080.0,94842.0,8095.0,46150.0,8005.0,58745.0,7920.0,67225.0,8095.0,84862.0,8165.0,68928.0,8380.0,66360.0,8350.0,39551.0,8250.0,45094.0,8500.0,102978.0,8540.0,123216.0,8585.0,86507.0,8600.0,52495.0,8700.0,89299.0,8845.0,118097.0
377990,TIGER Fn신재생에너지,18790.0,99033.0,19350.0,127503.0,19400.0,96331.0,19455.0,116632.0,19670.0,131671.0,19675.0,212173.0,19180.0,105109.0,19625.0,99349.0,19930.0,104602.0,19840.0,90230.0,20120.0,126310.0,20440.0,175505.0,20705.0,118395.0,20455.0,78132.0,19310.0,150887.0,20410.0,63055.0,22350.0,437663.0,21425.0,265449.0,21460.0,241189.0,22985.0,382091.0,22700.0,173544.0,23045.0,154323.0,23230.0,161916.0,22935.0,86682.0,24480.0,227570.0,24420.0,128954.0,24545.0,162591.0,24900.0,128126.0,25145.0,144037.0,25580.0,127716.0
417630,TIGER KEDI혁신기업ESG30,15775.0,5084.0,15780.0,6406.0,15900.0,12396.0,15850.0,13020.0,15950.0,12544.0,15935.0,9899.0,15580.0,11506.0,15895.0,18662.0,16130.0,6307.0,16005.0,10749.0,16220.0,6241.0,16530.0,17588.0,16700.0,20807.0,16690.0,16791.0,15860.0,9673.0,16820.0,7873.0,17095.0,15256.0,16605.0,4473.0,16250.0,17303.0,16915.0,16025.0,16955.0,7734.0,17105.0,11206.0,17380.0,4913.0,17355.0,15700.0,18020.0,12952.0,18355.0,10890.0,18435.0,9649.0,18735.0,11624.0,19130.0,10520.0,19325.0,18541.0
449170,TIGER KOFR금리액티브(합성),109945.0,53494.0,109955.0,56422.0,109975.0,88300.0,109985.0,99177.0,109995.0,82383.0,110000.0,60905.0,110005.0,79241.0,110020.0,69194.0,110040.0,127693.0,110050.0,106231.0,110055.0,88764.0,110065.0,99521.0,110080.0,105719.0,110090.0,101725.0,110105.0,137347.0,110110.0,92437.0,110120.0,91358.0,110135.0,82252.0,110145.0,108324.0,110150.0,115220.0,110165.0,83794.0,110170.0,83246.0,110200.0,69829.0,110220.0,100817.0,110235.0,155019.0,110250.0,111927.0,110265.0,125282.0,110270.0,111028.0,110275.0,90637.0,110290.0,135774.0
292160,TIGER KRX300,31370.0,4689.0,31595.0,4289.0,32040.0,2675.0,32510.0,6112.0,32895.0,7940.0,32545.0,8063.0,32815.0,3463.0,33275.0,6557.0,33370.0,3235.0,33415.0,9393.0,34470.0,8319.0,35300.0,7532.0,35625.0,5870.0,35755.0,6321.0,33695.0,30109.0,35960.0,13522.0,36555.0,4563.0,35110.0,4367.0,34650.0,7569.0,36055.0,1734.0,36065.0,7321.0,36305.0,4701.0,37295.0,3085.0,37400.0,6730.0,38670.0,7388.0,39500.0,5465.0,39715.0,8943.0,40800.0,8752.0,41500.0,10828.0,43305.0,5964.0
0072R0,TIGER KRX금현물,14585.0,1868909.0,14760.0,1947690.0,14650.0,1981864.0,14665.0,1330137.0,14855.0,1754045.0,15070.0,1964058.0,15450.0,3706045.0,15380.0,2836675.0,15710.0,2418482.0,15950.0,2978444.0,16355.0,4019648.0,16880.0,4674116.0,18095.0,5563087.0,17000.0,8770893.0,14820.0,10485835.0,15810.0,4511191.0,16340.0,3677626.0,15785.0,3651733.0,15530.0,3549554.0,15925.0,2419029.0,15850.0,2042686.0,15865.0,1413873.0,15800.0,1755050.0,15475.0,2524833.0,15580.0,2545413.0,15690.0,2759061.0,16060.0,2965166.0,16100.0,4076470.0,15980.0,2650478.0,15900.0,2638613.0
404540,TIGER KRX기후변화솔루션,18050.0,3251.0,18305.0,782.0,19065.0,4273.0,18725.0,2732.0,19290.0,7167.0,19300.0,907.0,19330.0,784.0,19530.0,1264.0,19740.0,1672.0,19530.0,2619.0,19660.0,973.0,20190.0,1205.0,20465.0,1388.0,20350.0,649.0,19090.0,10822.0,20200.0,691.0,20985.0,6528.0,20300.0,2710.0,19985.0,709.0,21035.0,1175.0,20865.0,2584.0,21065.0,1052.0,21515.0,1970.0,21235.0,245.0,22555.0,4405.0,22670.0,679.0,22610.0,3721.0,23250.0,3902.0,24155.0,1854.0,24920.0,3734.0
228820,TIGER KTOP30,13070.0,39460.0,13095.0,46379.0,13195.0,41454.0,13370.0,83653.0,13530.0,62616.0,13540.0,25752.0,13675.0,46031.0,13765.0,31432.0,13845.0,43721.0,13820.0,25376.0,14105.0,13597.0,14355.0,31628.0,14435.0,31791.0,14310.0,30523.0,13560.0,31150.0,14480.0,45285.0,14710.0,25986.0,14045.0,18604.0,13865.0,42384.0,14370.0,24140.0,14355.0,22257.0,14520.0,25527.0,14915.0,32396.0,14925.0,18870.0,15345.0,24463.0,15675.0,41796.0,15860.0,50514.0,16140.0,26654.0,16500.0,39291.0,17170.0,36406.0
300610,TIGER K게임,6515.0,140415.0,6590.0,308837.0,6545.0,49433.0,6430.0,115731.0,6410.0,36735.0,6500.0,89275.0,6325.0,62629.0,6470.0,111109.0,6635.0,82439.0,7050.0,321193.0,7190.0,201928.0,7330.0,205264.0,7505.0,202293.0,7435.0,131599.0,6950.0,168033.0,6965.0,173479.0,6970.0,145570.0,6860.0,71172.0,6900.0,76114.0,6985.0,57692.0,7025.0,64302.0,7120.0,89961.0,7055.0,58488.0,6895.0,67275.0,7125.0,115908.0,7050.0,65939.0,7070.0,94415.0,7020.0,30400.0,7055.0,73834.0,6930.0,171816.0
463250,TIGER K방산&우주,40730.0,2540845.0,39900.0,2292740.0,41185.0,1821251.0,39730.0,2010004.0,40730.0,1661807.0,40825.0,2235934.0,40700.0,1609044.0,39910.0,1336420.0,39830.0,1093120.0,40195.0,1107906.0,39550.0,1010832.0,40880.0,1393162.0,42045.0,1585638.0,41950.0,2912740.0,39640.0,1859495.0,42985.0,1757460.0,44050.0,2117241.0,40600.0,3208975.0,39360.0,2319087.0,40755.0,1243533.0,39605.0,1967498.0,39540.0,818447.0,39950.0,824325.0,40195.0,1019575.0,40775.0,1410084.0,42840.0,2063728.0,42100.0,1334632.0,42840.0,1377460.0,42800.0,1045699.0,42520.0,1092212.0
138530,TIGER LG그룹플러스,8770.0,96228.0,8740.0,77906.0,8865.0,56231.0,8945.0,443861.0,9150.0,223279.0,9140.0,189937.0,9120.0,106561.0,9200.0,229460.0,9350.0,155512.0,9145.0,110689.0,9210.0,81531.0,9235.0,119338.0,9170.0,111385.0,9015.0,244899.0,8645.0,122994.0,8985.0,57173.0,9200.0,62148.0,9005.0,54006.0,8840.0,52722.0,9035.0,154897.0,9200.0,132305.0,9790.0,738326.0,9790.0,586908.0,9650.0,219875.0,9865.0,291901.0,10020.0,279774.0,10180.0,755018.0,10400.0,235202.0,10640.0,327617.0,11105.0,872339.0
445910,TIGER MKF배당귀족,17660.0,4365.0,18070.0,4956.0,18300.0,2859.0,18235.0,2575.0,18475.0,12468.0,18635.0,2938.0,18785.0,3900.0,18770.0,7186.0,18915.0,2215.0,18845.0,1781.0,19255.0,3698.0,19490.0,2845.0,19895.0,2507.0,20080.0,38558.0,19365.0,24883.0,19990.0,5932.0,20625.0,5020.0,20350.0,9402.0,19900.0,17019.0,20650.0,45878.0,20975.0,5314.0,21120.0,10904.0,21700.0,20755.0,21605.0,23537.0,21885.0,82339.0,22340.0,28606.0,22295.0,31977.0,22265.0,26793.0,22585.0,27432.0,22895.0,40631.0
289260,TIGER MSCI KOREA ESG리더스,17730.0,776.0,17785.0,1145.0,17815.0,806.0,18085.0,1145.0,18130.0,1066.0,18135.0,1083.0,17960.0,1742.0,18265.0,6394.0,18510.0,9250.0,18300.0,1867.0,18920.0,5122.0,19295.0,2095.0,19620.0,1860.0,19705.0,11300.0,18635.0,34715.0,19795.0,3186.0,20190.0,2668.0,19325.0,1572.0,19205.0,9717.0,20090.0,549.0,20200.0,530.0,20385.0,677.0,20795.0,6796.0,20715.0,2084.0,21015.0,4326.0,21800.0,3881.0,21780.0,6638.0,22315.0,4611.0,22740.0,3180.0,23455.0,5910.0
289250,TIGER MSCI KOREA ESG유니버설,20220.0,11.0,20230.0,110.0,20620.0,142.0,20930.0,258.0,21055.0,1524.0,20880.0,11.0,20910.0,125.0,21220.0,397.0,21435.0,665.0,21250.0,543.0,21960.0,81.0,22635.0,10190.0,22760.0,685.0,23260.0,7821.0,21615.0,8147.0,23025.0,4457.0,23655.0,391.0,22645.0,1008.0,22455.0,14027.0,23355.0,1063.0,23445.0,2137.0,23530.0,4428.0,24340.0,4860.0,24410.0,2582.0,25010.0,690.0,25715.0,4333.0,25905.0,21754.0,26680.0,2715.0,27092.0,1078.0,28155.0,128.0
310970,TIGER MSCI Korea TR,29835.0,13959.0,30030.0,10486.0,30475.0,9724.0,31025.0,22587.0,31380.0,27673.0,30970.0,19153.0,31380.0,22569.0,31725.0,14389.0,31795.0,11696.0,31580.0,15512.0,32795.0,16943.0,33485.0,44875.0,33745.0,37155.0,33780.0,15702.0,31940.0,40118.0,34390.0,23301.0,34700.0,18541.0,33035.0,25018.0,32595.0,31635.0,34185.0,20910.0,34145.0,22276.0,34420.0,18327.0,35575.0,13998.0,35770.0,30007.0,36970.0,31560.0,37800.0,15479.0,38065.0,32735.0,39070.0,14778.0,39700.0,15821.0,41700.0,34271.0
269370,TIGER S&P글로벌인프라(합성),17560.0,609.0,17425.0,2064.0,17300.0,835.0,17475.0,2408.0,17695.0,2625.0,17610.0,1446.0,17595.0,2332.0,17590.0,799.0,17650.0,2292.0,17480.0,2527.0,17720.0,1724.0,17600.0,1314.0,17380.0,1660.0,17550.0,821.0,17860.0,2141.0,17730.0,655.0,18085.0,896.0,18065.0,924.0,18380.0,2557.0,18445.0,5537.0,18585.0,2078.0,18585.0,1677.0,18585.0,1074.0,18695.0,1545.0,18690.0,5769.0,18630.0,1990.0,18730.0,1957.0,19075.0,1609.0,18680.0,2617.0,18800.0,1875.0
248270,TIGER S&P글로벌헬스케어(합성),26935.0,14652.0,26930.0,13969.0,27155.0,9916.0,27075.0,13616.0,26815.0,16822.0,26675.0,16457.0,26385.0,23282.0,26630.0,19015.0,26760.0,15510.0,26515.0,13322.0,26420.0,26519.0,25840.0,23504.0,25530.0,32928.0,25685.0,25607.0,26180.0,33653.0,26375.0,13574.0,26390.0,11635.0,26465.0,22253.0,26425.0,8522.0,26670.0,13522.0,26485.0,7060.0,26360.0,13594.0,26440.0,10584.0,26255.0,10622.0,26585.0,13993.0,26440.0,9633.0,26310.0,17535.0,26450.0,10280.0,26145.0,6746.0,26055.0,23748.0
0025N0,TIGER TDF2045,11765.0,667256.0,11755.0,761221.0,11695.0,834955.0,11760.0,753096.0,11665.0,1035709.0,11635.0,821525.0,11550.0,929933.0,11620.0,772757.0,11655.0,707710.0,11465.0,1118633.0,11590.0,634823.0,11470.0,1013806.0,11460.0,960426.0,11445.0,1157499.0,11495.0,880724.0,11635.0,775440.0,11545.0,712766.0,11595.0,619613.0,11510.0,1141986.0,11635.0,655838.0,11630.0,614640.0,11605.0,749005.0,11530.0,765349.0,11385.0,637623.0,11480.0,608298.0,11445.0,564976.0,11380.0,978685.0,11380.0,629785.0,11340.0,622514.0,11375.0,1077155.0
453950,TIGER TSMC파운드리밸류체인,26150.0,15738.0,26150.0,13580.0,26215.0,43422.0,27080.0,62155.0,27275.0,46751.0,26595.0,38142.0,26485.0,23413.0,27155.0,31285.0,26900.0,18183.0,26190.0,25633.0,26915.0,25386.0,27330.0,21935.0,27175.0,39497.0,26740.0,15433.0,25750.0,31955.0,26475.0,25435.0,25840.0,34532.0,25020.0,66914.0,25540.0,49562.0,26750.0,15148.0,27140.0,17220.0,27355.0,10219.0,27730.0,14787.0,27380.0,57908.0,28150.0,130182.0,28100.0,13121.0,28020.0,10906.0,28245.0,13626.0,28550.0,56746.0,29010.0,40163.0
364990,TIGER 게임TOP10,5350.0,872524.0,5380.0,752891.0,5330.0,390716.0,5250.0,431792.0,5245.0,437400.0,5280.0,343036.0,5105.0,451253.0,5250.0,550095.0,5315.0,370494.0,5545.0,1221272.0,5675.0,1124334.0,5700.0,620821.0,5750.0,850867.0,5695.0,638082.0,5435.0,895939.0,5400.0,779771.0,5395.0,344290.0,5290.0,402883.0,5425.0,796255.0,5375.0,462021.0,5470.0,654667.0,5605.0,980884.0,5575.0,320402.0,5505.0,430854.0,5750.0,1162649.0,5735.0,406756.0,5660.0,413936.0,5675.0,224093.0,5750.0,385376.0,5630.0,490877.0
139280,TIGER 경기방어,13095.0,26568.0,12980.0,38210.0,13010.0,24671.0,13035.0,28023.0,13010.0,27224.0,13440.0,86896.0,13245.0,25865.0,13345.0,52660.0,13430.0,30119.0,13390.0,38018.0,13495.0,42880.0,13585.0,40077.0,13635.0,26551.0,13550.0,24765.0,13235.0,32348.0,13580.0,16251.0,13815.0,54020.0,13740.0,36303.0,13600.0,58362.0,14070.0,48371.0,14285.0,57273.0,14545.0,52393.0,14830.0,62523.0,14660.0,38370.0,14745.0,66590.0,14885.0,55409.0,14905.0,51933.0,14965.0,53315.0,14920.0,57350.0,14907.0,49130.0
237440,TIGER 경기방어채권혼합,10285.0,6751.0,10330.0,6390.0,10310.0,8974.0,10285.0,23348.0,10300.0,12781.0,10365.0,9534.0,10385.0,12852.0,10390.0,6648.0,10385.0,10639.0,10375.0,16692.0,10395.0,3999.0,10410.0,34920.0,10445.0,13753.0,10470.0,17107.0,10380.0,25394.0,10390.0,7268.0,10490.0,14004.0,10490.0,17696.0,10415.0,19154.0,10530.0,29842.0,10560.0,36189.0,10660.0,15557.0,10670.0,13252.0,10740.0,19559.0,10740.0,26539.0,10770.0,29128.0,10740.0,21914.0,10800.0,14217.0,10780.0,24856.0,10775.0,27971.0
319640,TIGER 골드선물(H),27900.0,44060.0,28175.0,41391.0,27970.0,55607.0,27995.0,78122.0,28415.0,65373.0,28665.0,35339.0,29655.0,120504.0,29285.0,67203.0,30085.0,51569.0,30900.0,76737.0,30805.0,82068.0,31820.0,111756.0,33915.0,128234.0,31280.0,226275.0,27130.0,305994.0,29385.0,133282.0,30435.0,59647.0,29685.0,102203.0,29315.0,98923.0,30305.0,77015.0,30375.0,47590.0,30485.0,18235.0,30510.0,34133.0,29850.0,34962.0,30120.0,51196.0,30245.0,33447.0,31085.0,44173.0,31160.0,53523.0,31280.0,47520.0,31260.0,45821.0
160580,TIGER 구리실물,16405.0,783142.0,16685.0,1055145.0,16320.0,1171519.0,16110.0,712810.0,16130.0,813798.0,15995.0,681075.0,16010.0,708792.0,15590.0,915500.0,15825.0,862839.0,15750.0,1927040.0,15785.0,1247943.0,15680.0,1139465.0,16735.0,1960522.0,16055.0,4078334.0,15295.0,2326680.0,15995.0,961495.0,16090.0,912438.0,15645.0,764779.0,15380.0,757125.0,15710.0,446607.0,15710.0,335880.0,15760.0,279230.0,15775.0,340212.0,15505.0,341367.0,15425.0,416029.0,15295.0,551430.0,15315.0,442849.0,15630.0,430984.0,15595.0,404307.0,15485.0,507138.0
451530,TIGER 국고채30년스트립액티브,51420.0,55957.0,51340.0,34863.0,50540.0,95442.0,50645.0,53086.0,49955.0,49257.0,48465.0,95135.0,48625.0,53639.0,49200.0,37317.0,48550.0,37378.0,48860.0,41570.0,48985.0,34468.0,49160.0,38897.0,48525.0,46056.0,48030.0,65656.0,48105.0,55152.0,47115.0,91285.0,46790.0,74805.0,46970.0,35153.0,47120.0,32585.0,46440.0,57665.0,46850.0,38146.0,47140.0,52267.0,47415.0,56460.0,47950.0,57919.0,47980.0,67969.0,48545.0,44676.0,48145.0,45504.0,47620.0,74865.0,48050.0,34080.0,48905.0,113103.0
114820,TIGER 국채3년,105110.0,68145.0,105145.0,8720.0,104855.0,16844.0,104945.0,5442.0,104805.0,6993.0,104605.0,14650.0,104800.0,6628.0,104835.0,3533.0,104720.0,7044.0,104940.0,11612.0,104955.0,5499.0,105045.0,16591.0,104925.0,11846.0,104815.0,6372.0,104825.0,11335.0,104690.0,14698.0,104610.0,15270.0,104640.0,6568.0,104625.0,10402.0,104610.0,11848.0,104795.0,11111.0,104865.0,25608.0,105010.0,19863.0,105070.0,11546.0,105030.0,18056.0,105155.0,16844.0,105155.0,52362.0,105105.0,8954.0,105270.0,15842.0,105390.0,41755.0
275980,TIGER 글로벌4차산업혁신기술(합성 H),21370.0,27714.0,21395.0,7479.0,21410.0,10534.0,21410.0,40899.0,21215.0,18590.0,21255.0,10342.0,21160.0,3650.0,21510.0,27860.0,21725.0,34285.0,21700.0,22733.0,21900.0,31527.0,22100.0,17478.0,22050.0,7447.0,21730.0,8931.0,21350.0,37552.0,21585.0,22991.0,20925.0,21883.0,21335.0,12734.0,20950.0,13275.0,21295.0,13509.0,21400.0,12375.0,21460.0,4762.0,21430.0,25581.0,21125.0,10584.0,21430.0,15967.0,21365.0,8616.0,21250.0,13870.0,21190.0,8789.0,21345.0,21029.0,21250.0,12374.0
464310,TIGER 글로벌AI&로보틱스 INDXX,15985.0,128578.0,15990.0,146302.0,15820.0,212302.0,16030.0,204111.0,15815.0,182578.0,15855.0,116437.0,15655.0,133074.0,15685.0,159911.0,15790.0,98258.0,15540.0,126550.0,15810.0,108547.0,15540.0,147528.0,15460.0,131022.0,15290.0,166293.0,15080.0,135415.0,15355.0,91206.0,15270.0,82856.0,15125.0,83224.0,14715.0,107938.0,15300.0,134852.0,15665.0,116155.0,15765.0,69858.0,15510.0,60654.0,15380.0,86393.0,15635.0,102402.0,15795.0,108203.0,15600.0,70990.0,15685.0,93942.0,15725.0,128630.0,15845.0,99649.0
418670,TIGER 글로벌AI사이버보안,13760.0,41043.0,13705.0,32079.0,13550.0,47506.0,13535.0,33171.0,13245.0,78031.0,13280.0,27645.0,13005.0,45033.0,13105.0,30404.0,13345.0,41192.0,13035.0,72334.0,13390.0,53709.0,13240.0,57328.0,13040.0,47579.0,12465.0,126867.0,12640.0,76205.0,12665.0,28815.0,12135.0,92222.0,12100.0,56733.0,11865.0,58523.0,12145.0,29163.0,12225.0,28432.0,12410.0,33733.0,12285.0,36102.0,12060.0,23473.0,12100.0,53468.0,11960.0,47568.0,11265.0,132732.0,10800.0,124863.0,10750.0,119603.0,10805.0,207765.0
466950,TIGER 글로벌AI액티브,24425.0,219937.0,24655.0,171995.0,24355.0,193276.0,24760.0,126825.0,24645.0,169505.0,24550.0,128084.0,24685.0,176629.0,25000.0,109912.0,24930.0,200689.0,24325.0,93964.0,24645.0,101954.0,25055.0,118683.0,25435.0,165264.0,25250.0,176709.0,24490.0,259814.0,25520.0,128545.0,25485.0,118234.0,24320.0,104967.0,23720.0,155155.0,24830.0,89949.0,25115.0,76823.0,24625.0,52805.0,24975.0,473554.0,24450.0,91743.0,24995.0,127751.0,25065.0,94050.0,24800.0,100930.0,25305.0,111967.0,25265.0,99672.0,25505.0,206319.0
491010,TIGER 글로벌AI전력인프라액티브,20620.0,270608.0,20860.0,190763.0,20700.0,271542.0,21230.0,312853.0,21090.0,271445.0,21085.0,246817.0,21335.0,272338.0,21715.0,370790.0,21515.0,244104.0,20935.0,263603.0,20985.0,212139.0,21640.0,297603.0,22125.0,530987.0,21770.0,312588.0,20745.0,400908.0,21755.0,229234.0,22210.0,385752.0,21340.0,334696.0,20760.0,268054.0,21905.0,281302.0,22485.0,447084.0,22250.0,188870.0,22720.0,396977.0,22460.0,306046.0,23085.0,349881.0,23025.0,361210.0,22710.0,307826.0,23350.0,346483.0,23560.0,398475.0,23980.0,483195.0
412770,TIGER 글로벌AI플랫폼액티브,13750.0,33793.0,13645.0,18005.0,13515.0,42773.0,13600.0,50263.0,13295.0,40325.0,13105.0,20571.0,12995.0,17361.0,13030.0,32703.0,13045.0,54641.0,12815.0,47222.0,13090.0,60985.0,13050.0,56900.0,12935.0,48562.0,12795.0,97908.0,12200.0,46315.0,12540.0,22554.0,11955.0,47102.0,11785.0,59566.0,11400.0,36823.0,11605.0,14175.0,11845.0,68260.0,12150.0,66545.0,11855.0,513597.0,11525.0,29345.0,11735.0,23962.0,11780.0,21095.0,11605.0,48270.0,11280.0,56305.0,11145.0,43489.0,11155.0,30323.0
394670,TIGER 글로벌리튬&2차전지SOLACTIVE(합성),11250.0,406161.0,11255.0,264833.0,11360.0,174234.0,11360.0,190851.0,11295.0,228457.0,11270.0,162417.0,11425.0,223017.0,11685.0,282582.0,11820.0,182065.0,11760.0,159851.0,11735.0,169987.0,11725.0,277763.0,11560.0,266944.0,11450.0,297045.0,11140.0,301179.0,11220.0,166702.0,11505.0,147232.0,11405.0,129547.0,11210.0,143683.0,11365.0,128491.0,11490.0,136304.0,11550.0,113486.0,11665.0,189986.0,11400.0,129707.0,11635.0,233814.0,11465.0,140116.0,11475.0,190067.0,11750.0,257830.0,11930.0,248594.0,12060.0,211159.0
440340,TIGER 글로벌멀티에셋TIF액티브,12300.0,11709.0,12320.0,45537.0,12275.0,17473.0,12330.0,11719.0,12305.0,43063.0,12310.0,8573.0,12165.0,5846.0,12775.0,13525.0,12250.0,17606.0,12045.0,11915.0,12085.0,6096.0,11955.0,13293.0,11855.0,6819.0,11940.0,7613.0,12160.0,8289.0,12115.0,32075.0,12160.0,28972.0,12300.0,13921.0,12405.0,7130.0,12435.0,11296.0,12415.0,9464.0,12370.0,9084.0,12290.0,3502.0,12320.0,5045.0,12400.0,10813.0,12370.0,43892.0,12320.0,10058.0,12355.0,8667.0,12245.0,11832.0,12185.0,5160.0
476690,TIGER 글로벌비만치료제TOP2Plus,11275.0,103925.0,11230.0,77783.0,11270.0,99826.0,10995.0,110847.0,11240.0,127107.0,11235.0,82148.0,11175.0,68552.0,11210.0,75259.0,11390.0,72647.0,11155.0,88302.0,11310.0,93353.0,11070.0,200817.0,10750.0,141396.0,10830.0,166737.0,11045.0,171552.0,11155.0,105329.0,10565.0,181986.0,10850.0,187932.0,10470.0,192987.0,10960.0,91551.0,10835.0,59481.0,10710.0,37389.0,10660.0,57943.0,10795.0,39670.0,10870.0,56044.0,10825.0,42041.0,10670.0,78145.0,10510.0,91589.0,10360.0,80332.0,10205.0,102725.0
480310,TIGER 글로벌온디바이스AI,13890.0,27080.0,13995.0,16449.0,13985.0,36753.0,14065.0,9209.0,13790.0,26585.0,13760.0,8364.0,13785.0,16454.0,14300.0,22693.0,14295.0,57049.0,13870.0,18359.0,13925.0,18226.0,13850.0,26448.0,13920.0,27114.0,13690.0,21727.0,13380.0,52034.0,13920.0,17309.0,13500.0,10460.0,13175.0,174543.0,13120.0,15582.0,13675.0,14003.0,13755.0,17941.0,13700.0,6866.0,13600.0,7619.0,13215.0,27544.0,13430.0,28386.0,13350.0,23783.0,13145.0,52947.0,13180.0,28940.0,13445.0,22606.0,13535.0,43172.0
387270,TIGER 글로벌이노베이션액티브,21540.0,7042.0,21655.0,1409.0,21570.0,6892.0,21735.0,9238.0,21400.0,5491.0,21400.0,5751.0,21300.0,2937.0,21610.0,5706.0,21660.0,1203.0,21410.0,4421.0,21580.0,2387.0,21650.0,2698.0,21865.0,2629.0,21505.0,4348.0,21125.0,3550.0,21565.0,1007.0,21425.0,3222.0,21235.0,4858.0,20800.0,2792.0,21380.0,2684.0,21450.0,2508.0,21370.0,1337.0,21410.0,3903.0,21060.0,3132.0,21590.0,2683.0,21635.0,4456.0,21435.0,3959.0,21710.0,15424.0,21790.0,30394.0,21960.0,3361.0
276000,TIGER 글로벌자원생산기업(합성 H),18180.0,2682.0,18390.0,7971.0,18715.0,6398.0,18415.0,7658.0,18505.0,1270.0,18635.0,4109.0,18610.0,8761.0,18705.0,6223.0,19060.0,2302.0,19410.0,10253.0,19530.0,8835.0,19755.0,8379.0,20035.0,9259.0,19965.0,9167.0,19325.0,15525.0,19250.0,7130.0,19720.0,3341.0,19605.0,5670.0,19295.0,5059.0,19510.0,5947.0,19810.0,6528.0,20135.0,3423.0,20420.0,4006.0,20055.0,5674.0,20300.0,3060.0,20420.0,9163.0,20445.0,3465.0,20650.0,6681.0,20640.0,18735.0,20795.0,31186.0
394660,TIGER 글로벌자율주행&전기차SOLACTIVE,15830.0,37777.0,15865.0,39977.0,15875.0,53593.0,15900.0,23454.0,15950.0,30582.0,15920.0,39072.0,15825.0,22946.0,16350.0,39867.0,16325.0,26936.0,15955.0,45073.0,15875.0,57635.0,15865.0,41393.0,15955.0,39557.0,15635.0,49732.0,15310.0,40929.0,15590.0,28620.0,15715.0,19719.0,15720.0,36943.0,15550.0,37702.0,15845.0,18712.0,15900.0,18138.0,15955.0,17665.0,15910.0,10076.0,15600.0,11561.0,15640.0,30344.0,15565.0,48625.0,15490.0,56030.0,15590.0,44430.0,15820.0,29286.0,15860.0,27534.0
371450,TIGER 글로벌클라우드컴퓨팅INDXX,12000.0,19326.0,11745.0,12575.0,11585.0,6237.0,11455.0,6013.0,11205.0,32776.0,11185.0,13085.0,11015.0,6080.0,11010.0,10197.0,11230.0,8156.0,11060.0,4849.0,11370.0,23168.0,11215.0,7392.0,11145.0,11344.0,10675.0,23890.0,10600.0,21131.0,10755.0,5504.0,10180.0,12538.0,10285.0,20231.0,10025.0,13045.0,10230.0,13818.0,10250.0,9334.0,10250.0,5935.0,9890.0,15412.0,9905.0,5801.0,10085.0,108479.0,10020.0,6672.0,9720.0,20059.0,9420.0,13869.0,9500.0,7083.0,9530.0,11099.0
464930,TIGER 글로벌혁신블루칩TOP10,20450.0,29410.0,20520.0,12745.0,20215.0,13512.0,20250.0,15021.0,20245.0,22049.0,20175.0,28819.0,19955.0,30675.0,19985.0,28986.0,20100.0,23032.0,19625.0,19325.0,20035.0,17620.0,19890.0,44414.0,19700.0,23877.0,19330.0,424839.0,19460.0,48650.0,19860.0,11889.0,19350.0,23068.0,19475.0,18987.0,19150.0,16725.0,19635.0,19537.0,19760.0,20752.0,19705.0,14041.0,19615.0,8796.0,19250.0,15996.0,19255.0,26717.0,19260.0,29727.0,19080.0,27780.0,19120.0,17590.0,19035.0,25619.0,18885.0,50878.0
139320,TIGER 금은선물(H),20310.0,79939.0,20610.0,99059.0,20450.0,196870.0,20570.0,97120.0,20895.0,135384.0,21125.0,131729.0,21820.0,330747.0,21510.0,346997.0,22145.0,162953.0,22845.0,489477.0,22960.0,403476.0,23685.0,325605.0,25265.0,571012.0,23335.0,836576.0,19720.0,857820.0,21180.0,345823.0,22125.0,303593.0,21235.0,301672.0,20835.0,250755.0,21735.0,164430.0,21720.0,130248.0,21730.0,254795.0,21895.0,77738.0,21300.0,87850.0,21465.0,110034.0,21585.0,95209.0,22395.0,153855.0,22460.0,121583.0,22625.0,106461.0,22580.0,109015.0
137610,TIGER 농산물선물Enhanced(H),4950.0,44046.0,4935.0,28187.0,4950.0,12867.0,4945.0,8954.0,4985.0,33772.0,4985.0,12175.0,4965.0,13884.0,4965.0,12345.0,5005.0,7518.0,5040.0,38380.0,5005.0,26066.0,5035.0,18797.0,5060.0,28092.0,5055.0,31821.0,4970.0,27846.0,4985.0,18146.0,5005.0,8751.0,5030.0,22534.0,5075.0,40053.0,5075.0,30149.0,5090.0,23246.0,5105.0,12966.0,5100.0,21641.0,5135.0,31668.0,5105.0,18807.0,5110.0,14664.0,5150.0,16764.0,5150.0,15610.0,5175.0,18124.0,5185.0,9459.0
182490,TIGER 단기선진하이일드(합성 H),13855.0,293.0,13860.0,138.0,13790.0,2723.0,13790.0,373.0,13840.0,561.0,13830.0,395.0,13800.0,611.0,13785.0,1392.0,13790.0,4913.0,13785.0,1567.0,13790.0,1034.0,13810.0,2427.0,13830.0,383.0,13785.0,2288.0,13785.0,1563.0,13820.0,479.0,13775.0,566.0,13780.0,278.0,13785.0,582.0,13805.0,235.0,13800.0,49.0,13855.0,974.0,13780.0,2643.0,13765.0,4832.0,13790.0,980.0,13835.0,1645.0,13765.0,310.0,13765.0,3459.0,13735.0,1521.0,13740.0,2162.0
272580,TIGER 단기채권액티브,56135.0,21702.0,56145.0,25965.0,56165.0,25736.0,56160.0,28674.0,56160.0,23939.0,56175.0,30316.0,56180.0,20799.0,56195.0,32546.0,56195.0,31515.0,56195.0,24788.0,56195.0,24404.0,56180.0,28492.0,56200.0,31258.0,56215.0,25196.0,56210.0,42115.0,56215.0,31189.0,56215.0,157695.0,56220.0,36665.0,56230.0,38165.0,56240.0,82156.0,56230.0,28619.0,56235.0,22933.0,56255.0,60985.0,56280.0,25558.0,56285.0,44672.0,56305.0,39570.0,56300.0,39830.0,56305.0,29536.0,56305.0,49666.0,56330.0,39382.0
157450,TIGER 단기통안채,110905.0,160360.0,110915.0,28089.0,110935.0,12646.0,110930.0,18774.0,110935.0,48347.0,110935.0,42464.0,110935.0,15489.0,110960.0,15694.0,110970.0,23602.0,110970.0,63041.0,110965.0,47325.0,110970.0,17094.0,110980.0,136142.0,110990.0,222429.0,110990.0,37158.0,110985.0,51608.0,110980.0,60141.0,111010.0,13212.0,111025.0,108693.0,111025.0,13854.0,111035.0,22491.0,111050.0,9012.0,111095.0,9386.0,111115.0,124977.0,111135.0,23493.0,111150.0,23523.0,111155.0,17182.0,111150.0,10499.0,111155.0,39884.0,111185.0,21435.0
105010,TIGER 라틴35,6060.0,5858.0,6110.0,9850.0,6155.0,9886.0,6165.0,7103.0,6185.0,6671.0,6210.0,9066.0,6265.0,13887.0,6495.0,33102.0,6570.0,32439.0,6560.0,27364.0,6590.0,13666.0,6695.0,68341.0,6695.0,25365.0,6765.0,24586.0,6645.0,34349.0,6650.0,31160.0,6945.0,26352.0,6740.0,29892.0,6645.0,14289.0,6745.0,17029.0,6865.0,12949.0,6855.0,8946.0,6990.0,27134.0,6850.0,12871.0,6770.0,25469.0,6850.0,51586.0,6940.0,64047.0,6885.0,49274.0,6920.0,74208.0,6940.0,32823.0
123320,TIGER 레버리지,59550.0,160438.0,60225.0,120371.0,62260.0,141430.0,63650.0,301738.0,65460.0,194006.0,64405.0,301202.0,65425.0,502126.0,66900.0,565686.0,67640.0,787391.0,66340.0,424238.0,70955.0,402257.0,73560.0,1010501.0,75135.0,3335597.0,75625.0,1045530.0,66650.0,3109154.0,76955.0,566792.0,79015.0,1951398.0,72270.0,2278087.0,70765.0,1595204.0,76800.0,669573.0,76880.0,393639.0,78195.0,269415.0,83920.0,498848.0,83790.0,360531.0,88795.0,303280.0,92900.0,451611.0,94210.0,379472.0,98820.0,617064.0,103180.0,465420.0,112140.0,537243.0
174350,TIGER 로우볼,17640.0,1198.0,17895.0,1288.0,17900.0,1285.0,17965.0,458.0,18045.0,900.0,18300.0,2993.0,18250.0,382.0,18300.0,66.0,18640.0,594.0,18375.0,1206.0,18840.0,3746.0,18710.0,1227.0,19215.0,1439.0,19390.0,802.0,18790.0,2388.0,19520.0,2114.0,20125.0,969.0,19905.0,1525.0,19685.0,10325.0,20415.0,968.0,20945.0,2849.0,21275.0,1252.0,22180.0,932.0,21970.0,1411.0,22370.0,15145.0,22930.0,20233.0,22755.0,21074.0,22460.0,23428.0,22500.0,35494.0,22380.0,31407.0
329200,TIGER 리츠부동산인프라,4460.0,3866642.0,4480.0,4249605.0,4490.0,3873994.0,4515.0,4390242.0,4530.0,4359814.0,4550.0,4176383.0,4540.0,4593743.0,4540.0,3945705.0,4555.0,4998384.0,4545.0,5760474.0,4580.0,4423026.0,4575.0,5148688.0,4535.0,4244631.0,4510.0,3671340.0,4470.0,5597901.0,4495.0,4209137.0,4530.0,4214005.0,4520.0,3862591.0,4530.0,6040486.0,4530.0,5033882.0,4540.0,3593484.0,4560.0,3318427.0,4590.0,4840696.0,4600.0,4826669.0,4610.0,6409428.0,4625.0,6117861.0,4630.0,6679461.0,4635.0,7573112.0,4640.0,7009338.0,4630.0,9419044.0
0086C0,TIGER 리츠부동산인프라10채권혼합액티브,10210.0,19268.0,10170.0,17110.0,10230.0,92646.0,10210.0,24634.0,10235.0,46547.0,10275.0,31390.0,10240.0,26245.0,10235.0,16298.0,10265.0,7033.0,10280.0,34083.0,10310.0,13594.0,10260.0,46141.0,10280.0,13685.0,10270.0,43988.0,10260.0,13446.0,10270.0,10822.0,10275.0,17404.0,10280.0,16512.0,10285.0,14892.0,10315.0,14462.0,10320.0,11173.0,10330.0,55572.0,10355.0,26076.0,10400.0,24990.0,10400.0,55222.0,10435.0,25496.0,10440.0,76135.0,10440.0,27669.0,10430.0,13823.0,10425.0,18115.0
0086B0,TIGER 리츠부동산인프라TOP10액티브,10435.0,43628.0,10410.0,45729.0,10435.0,24324.0,10490.0,39120.0,10535.0,111808.0,10580.0,113382.0,10525.0,71200.0,10520.0,34107.0,10550.0,26084.0,10620.0,49113.0,10680.0,65108.0,10625.0,54123.0,10665.0,27110.0,10635.0,30727.0,10545.0,57963.0,10570.0,37232.0,10640.0,43868.0,10635.0,120535.0,10655.0,70024.0,10620.0,89667.0,10675.0,42688.0,10715.0,22940.0,10770.0,36746.0,10870.0,86895.0,10865.0,66044.0,10895.0,63608.0,10900.0,79138.0,10900.0,53344.0,10890.0,71665.0,10865.0,56479.0
341850,TIGER 리츠부동산인프라채권,4885.0,8808.0,4885.0,17748.0,4885.0,29508.0,4910.0,8584.0,4920.0,8223.0,4945.0,21920.0,4910.0,23111.0,4910.0,6009.0,4935.0,12123.0,4940.0,11278.0,4965.0,5976.0,4945.0,12978.0,4940.0,18403.0,4920.0,26636.0,4880.0,19323.0,4875.0,34645.0,4915.0,18123.0,4910.0,7324.0,4895.0,13478.0,4905.0,9193.0,4930.0,8982.0,4950.0,17324.0,4970.0,34940.0,4965.0,15062.0,4980.0,23461.0,4995.0,14704.0,5015.0,10178.0,5015.0,13675.0,5040.0,20246.0,5000.0,21870.0
0043B0,TIGER 머니마켓액티브,101410.0,113148.0,101420.0,63691.0,101430.0,97358.0,101450.0,117004.0,101460.0,105902.0,101465.0,83400.0,101470.0,124010.0,101490.0,135683.0,101505.0,133038.0,101510.0,108478.0,101515.0,84101.0,101515.0,130634.0,101535.0,238774.0,101550.0,131399.0,101560.0,171107.0,101570.0,128508.0,101575.0,94400.0,101595.0,88132.0,101610.0,105867.0,101610.0,111203.0,101620.0,109739.0,101625.0,83472.0,101675.0,100107.0,101695.0,130453.0,101710.0,165913.0,101725.0,138288.0,101735.0,117127.0,101735.0,89119.0,101750.0,117477.0,101775.0,124716.0
147970,TIGER 모멘텀,56695.0,12108.0,57865.0,9289.0,59000.0,19359.0,58820.0,11058.0,59300.0,6056.0,59290.0,17892.0,58870.0,8460.0,59035.0,10158.0,59945.0,15638.0,59615.0,8377.0,60400.0,10394.0,61410.0,9275.0,62950.0,10619.0,63200.0,11511.0,60020.0,24318.0,64340.0,8532.0,65200.0,12014.0,62530.0,13065.0,61175.0,10736.0,64325.0,14054.0,63690.0,5605.0,64505.0,8066.0,65980.0,8033.0,65970.0,7634.0,67580.0,5297.0,69230.0,5676.0,70155.0,23066.0,71435.0,5671.0,73040.0,13315.0,74380.0,5017.0
458250,TIGER 미국30년국채스트립액티브(합성 H),37785.0,303436.0,37860.0,156153.0,38325.0,204463.0,38380.0,201149.0,37675.0,270323.0,37340.0,359024.0,37335.0,376890.0,37650.0,172075.0,38040.0,236908.0,38310.0,323946.0,38270.0,208734.0,37895.0,300454.0,37450.0,314475.0,37345.0,441596.0,37605.0,268085.0,37015.0,357313.0,37215.0,187574.0,37105.0,199493.0,37500.0,388382.0,37355.0,191701.0,37775.0,245190.0,38420.0,236150.0,38135.0,189258.0,38800.0,226753.0,39045.0,262041.0,39260.0,223938.0,39055.0,167741.0,39055.0,131228.0,39200.0,170275.0,39295.0,250851.0
476550,TIGER 미국30년국채커버드콜액티브(H),7625.0,2081670.0,7650.0,1614093.0,7690.0,1548702.0,7685.0,1975504.0,7625.0,1726667.0,7590.0,2278748.0,7560.0,2121847.0,7620.0,1741263.0,7660.0,1784931.0,7690.0,2290072.0,7690.0,1874220.0,7650.0,2491643.0,7525.0,2268482.0,7500.0,2479846.0,7545.0,2883324.0,7495.0,2435617.0,7505.0,2385815.0,7505.0,2377715.0,7565.0,2949241.0,7550.0,1619855.0,7595.0,1779611.0,7655.0,2060169.0,7630.0,1581562.0,7680.0,1475164.0,7695.0,1774422.0,7735.0,1748408.0,7725.0,1797986.0,7725.0,1263661.0,7740.0,1476444.0,7665.0,2506611.0
0142D0,TIGER 미국AI데이터센터TOP4Plus,10405.0,593607.0,10440.0,479857.0,10270.0,399490.0,10430.0,342247.0,10995.0,563991.0,10635.0,547458.0,10375.0,458974.0,10255.0,433098.0,10115.0,464529.0,9935.0,414008.0,10180.0,251411.0,10845.0,641433.0,10795.0,452979.0,10185.0,471882.0,9295.0,597887.0,9610.0,343899.0,9540.0,207141.0,8830.0,530825.0,7970.0,1018216.0,9230.0,604359.0,9860.0,516066.0,9560.0,319877.0,9455.0,255552.0,9280.0,422810.0,9545.0,378480.0,9680.0,293800.0,8845.0,692399.0,9085.0,297615.0,9470.0,321548.0,9375.0,210288.0
491830,TIGER 미국AI반도체팹리스,15035.0,38723.0,15145.0,20345.0,14935.0,62224.0,15150.0,296914.0,14955.0,45214.0,14850.0,56223.0,14810.0,50972.0,15215.0,125266.0,15305.0,23557.0,14925.0,28688.0,15025.0,23232.0,14890.0,68742.0,14740.0,116677.0,14560.0,59291.0,14275.0,88470.0,14690.0,28079.0,14030.0,115548.0,13490.0,193738.0,13515.0,85017.0,14385.0,53673.0,14680.0,28793.0,14585.0,32185.0,14485.0,118521.0,14070.0,15284.0,14370.0,15043.0,14350.0,34640.0,14055.0,82779.0,14160.0,83989.0,14375.0,68540.0,14440.0,233451.0
490090,TIGER 미국AI빅테크10,15415.0,637451.0,15400.0,991794.0,15220.0,748050.0,15315.0,1160033.0,15080.0,238343.0,15030.0,546663.0,14785.0,591191.0,14850.0,317148.0,15025.0,306186.0,14795.0,865315.0,15085.0,269851.0,15105.0,404075.0,15030.0,479513.0,14865.0,496652.0,14855.0,244997.0,15130.0,592220.0,14850.0,955959.0,14800.0,472567.0,14475.0,300909.0,14795.0,443268.0,14950.0,382046.0,14820.0,190778.0,14695.0,364565.0,14295.0,692114.0,14415.0,343112.0,14400.0,162756.0,14365.0,212904.0,14455.0,337332.0,14450.0,357651.0,14570.0,622644.0
493810,TIGER 미국AI빅테크10타겟데일리커버드콜,12385.0,1003034.0,12225.0,629882.0,12095.0,934416.0,12160.0,786479.0,11990.0,364442.0,11955.0,469447.0,11765.0,424939.0,11790.0,355798.0,11930.0,249362.0,11740.0,521695.0,11960.0,308837.0,11960.0,344750.0,11900.0,395192.0,11800.0,407350.0,11805.0,428132.0,12005.0,348993.0,11795.0,690654.0,11745.0,542245.0,11525.0,410778.0,11755.0,404670.0,11875.0,525322.0,11795.0,465728.0,11545.0,277102.0,11225.0,510831.0,11315.0,420857.0,11305.0,435069.0,11280.0,466894.0,11340.0,339455.0,11345.0,301578.0,11420.0,374272.0
0102A0,TIGER 미국AI소프트웨어TOP4Plus,10775.0,130217.0,10545.0,192168.0,10285.0,369813.0,10165.0,314611.0,9800.0,461157.0,9690.0,391533.0,9580.0,301668.0,9410.0,363547.0,9555.0,234656.0,9270.0,427229.0,9555.0,262335.0,9260.0,359698.0,9110.0,360277.0,8745.0,355366.0,8270.0,358826.0,8630.0,461832.0,8140.0,388715.0,7655.0,382273.0,7270.0,522728.0,7630.0,345954.0,8065.0,558062.0,8025.0,303636.0,7625.0,369893.0,7260.0,336147.0,7850.0,549825.0,7905.0,321019.0,7555.0,363084.0,7380.0,263826.0,7485.0,340230.0,7750.0,355823.0
0123G0,TIGER 미국AI전력SMR,8575.0,1737827.0,8520.0,982268.0,8470.0,822959.0,8670.0,1493224.0,8580.0,1103402.0,8505.0,1295427.0,8380.0,1218569.0,8485.0,1280518.0,8410.0,678071.0,8030.0,1572606.0,7935.0,1081478.0,8180.0,900848.0,8425.0,1072661.0,8075.0,885004.0,7685.0,1390904.0,7875.0,683571.0,8070.0,530546.0,7555.0,1624565.0,7210.0,1575973.0,7740.0,1821057.0,7950.0,1140428.0,7760.0,695318.0,7630.0,494873.0,7365.0,964578.0,7625.0,935709.0,7705.0,717158.0,7360.0,1370329.0,7425.0,1561938.0,7605.0,1174309.0,7690.0,1209891.0
182480,TIGER 미국MSCI리츠(합성 H),12515.0,19774.0,12585.0,26580.0,12695.0,27142.0,12745.0,24428.0,12810.0,31259.0,12810.0,17294.0,12615.0,21459.0,12655.0,20621.0,12560.0,21483.0,12605.0,25798.0,12565.0,92948.0,12440.0,225009.0,12395.0,48361.0,12405.0,51880.0,12495.0,65770.0,12450.0,40934.0,12495.0,38376.0,12665.0,24613.0,12640.0,14470.0,13025.0,137993.0,13055.0,35207.0,13240.0,81799.0,13150.0,16595.0,13140.0,20719.0,13235.0,30419.0,13260.0,21411.0,13505.0,106258.0,13455.0,22966.0,13465.0,21914.0,13460.0,29272.0
360750,TIGER 미국S&P500,25525.0,9089959.0,25500.0,12212620.0,25355.0,15368345.0,25505.0,12065209.0,25300.0,7622293.0,25185.0,20098921.0,24940.0,24223025.0,25135.0,14581742.0,25245.0,17232827.0,24750.0,13921400.0,25020.0,6970577.0,24770.0,10204595.0,24710.0,10364414.0,24675.0,9668717.0,24850.0,9824466.0,25080.0,11780018.0,24905.0,8717526.0,25050.0,9531299.0,24750.0,14713056.0,25110.0,7937817.0,25175.0,8364041.0,25015.0,6462102.0,24900.0,5764418.0,24435.0,14354479.0,24720.0,11479386.0,24700.0,9704072.0,24510.0,7853810.0,24515.0,6594963.0,24435.0,10906283.0,24525.0,12659784.0
448290,TIGER 미국S&P500(H),16395.0,224601.0,16335.0,134484.0,16295.0,184655.0,16365.0,137291.0,16195.0,211424.0,16110.0,204443.0,16035.0,230827.0,16175.0,250497.0,16285.0,157657.0,16240.0,207957.0,16380.0,225636.0,16460.0,191917.0,16375.0,293767.0,16200.0,237982.0,16050.0,396295.0,16395.0,182506.0,16225.0,150685.0,16130.0,174328.0,15915.0,210012.0,16245.0,243043.0,16305.0,384860.0,16290.0,106656.0,16300.0,111186.0,15965.0,190719.0,16130.0,180408.0,16100.0,480313.0,16065.0,178499.0,16035.0,118466.0,16140.0,317841.0,16225.0,220146.0
488500,TIGER 미국S&P500동일가중,12330.0,88825.0,12370.0,67280.0,12365.0,172262.0,12520.0,120979.0,12365.0,114672.0,12355.0,73713.0,12305.0,87271.0,12465.0,125203.0,12470.0,88938.0,12120.0,137102.0,12255.0,108086.0,12070.0,98954.0,11920.0,108745.0,12000.0,82584.0,12085.0,199270.0,12160.0,1350417.0,12150.0,101725.0,12380.0,151148.0,12350.0,245194.0,12465.0,91097.0,12425.0,107285.0,12450.0,105864.0,12410.0,125470.0,12190.0,187576.0,12430.0,243849.0,12385.0,294367.0,12310.0,301382.0,12295.0,146606.0,12280.0,373410.0,12220.0,245521.0
225040,TIGER 미국S&P500레버리지(합성 H),57950.0,12230.0,57585.0,7971.0,57365.0,12511.0,57825.0,5498.0,56450.0,19805.0,55940.0,12604.0,55410.0,16043.0,56295.0,14729.0,57045.0,16632.0,56770.0,12448.0,57805.0,11459.0,58390.0,11198.0,58190.0,11961.0,56965.0,18542.0,55730.0,28418.0,58125.0,12484.0,57030.0,11277.0,56285.0,10975.0,54720.0,20158.0,56965.0,14435.0,57515.0,9383.0,57410.0,4564.0,57485.0,5948.0,55090.0,16532.0,56130.0,12555.0,56095.0,6172.0,55700.0,11118.0,55565.0,5908.0,56140.0,9796.0,56895.0,10215.0
429000,TIGER 미국S&P500배당귀족,13440.0,67540.0,13525.0,72597.0,13630.0,82636.0,13820.0,113648.0,13615.0,131141.0,13600.0,89212.0,13580.0,99489.0,13705.0,67682.0,13660.0,103567.0,13390.0,157242.0,13430.0,75539.0,13210.0,137513.0,13095.0,97726.0,13245.0,84112.0,13475.0,88812.0,13550.0,71046.0,13675.0,66047.0,14015.0,107986.0,13995.0,117154.0,14100.0,82312.0,13995.0,99983.0,14065.0,123562.0,14045.0,127803.0,13930.0,161909.0,13995.0,175383.0,13990.0,213750.0,13840.0,185718.0,13895.0,124274.0,13835.0,133266.0,13685.0,206551.0
143850,TIGER 미국S&P500선물(H),71775.0,6309.0,71555.0,3313.0,71440.0,11493.0,71755.0,4513.0,70925.0,5203.0,70510.0,5665.0,70120.0,10044.0,70855.0,5911.0,71325.0,6848.0,71110.0,8086.0,71730.0,5386.0,72100.0,6075.0,71935.0,6032.0,71125.0,14992.0,70345.0,9465.0,71805.0,3341.0,71210.0,3399.0,70755.0,26856.0,69795.0,8163.0,71230.0,4822.0,71490.0,4292.0,71435.0,2661.0,71515.0,4114.0,69985.0,8652.0,70670.0,11239.0,70660.0,4809.0,70430.0,3389.0,70240.0,2809.0,70735.0,8376.0,71130.0,9730.0
225030,TIGER 미국S&P500선물인버스(H),2460.0,13866.0,2470.0,12345.0,2470.0,18912.0,2465.0,11045.0,2485.0,23555.0,2500.0,40421.0,2520.0,186249.0,2490.0,24160.0,2475.0,5419.0,2480.0,27088.0,2465.0,20505.0,2450.0,27332.0,2450.0,34717.0,2485.0,23713.0,2510.0,62580.0,2460.0,21970.0,2480.0,33058.0,2500.0,22885.0,2535.0,50933.0,2480.0,25412.0,2465.0,14075.0,2460.0,77111.0,2470.0,13506.0,2515.0,26717.0,2495.0,38181.0,2495.0,39145.0,2500.0,4821.0,2505.0,105095.0,2490.0,16676.0,2475.0,30101.0
482730,TIGER 미국S&P500타겟데일리커버드콜,12140.0,702076.0,12140.0,594421.0,12075.0,574295.0,12155.0,465319.0,12080.0,650178.0,12030.0,475695.0,11895.0,967451.0,11985.0,913119.0,12040.0,452212.0,11800.0,1278453.0,11940.0,574189.0,11815.0,791988.0,11695.0,392282.0,11675.0,496928.0,11750.0,563574.0,11880.0,389959.0,11770.0,500829.0,11845.0,449454.0,11725.0,609183.0,11915.0,491121.0,11910.0,434769.0,11860.0,328940.0,11805.0,501912.0,11625.0,724616.0,11730.0,501394.0,11720.0,486359.0,11630.0,541655.0,11630.0,493230.0,11595.0,693887.0,11535.0,504807.0
133690,TIGER 미국나스닥100,168310.0,537562.0,168350.0,498588.0,166545.0,940939.0,167690.0,392335.0,165380.0,676472.0,165055.0,369017.0,163645.0,824218.0,165290.0,577201.0,166325.0,887286.0,163530.0,1110734.0,165495.0,379933.0,165035.0,799877.0,164915.0,565008.0,163585.0,817786.0,162955.0,1146532.0,165665.0,726507.0,162890.0,1099207.0,162125.0,1195726.0,159425.0,1735185.0,162160.0,850326.0,163020.0,449003.0,161860.0,437910.0,161200.0,392426.0,157705.0,880879.0,159690.0,632458.0,159490.0,651335.0,158160.0,715547.0,158315.0,795883.0,158255.0,855577.0,159610.0,1115535.0
448300,TIGER 미국나스닥100(H),20335.0,155532.0,20295.0,149594.0,20180.0,140933.0,20260.0,77869.0,19975.0,134331.0,19875.0,95852.0,19815.0,112604.0,20025.0,111214.0,20205.0,286593.0,20185.0,151963.0,20420.0,170072.0,20655.0,211865.0,20575.0,332225.0,20200.0,273994.0,19780.0,203976.0,20380.0,212571.0,19965.0,183996.0,19635.0,261021.0,19285.0,400365.0,19740.0,289325.0,19860.0,75553.0,19825.0,380479.0,19865.0,193113.0,19360.0,220814.0,19620.0,169017.0,19575.0,168464.0,19500.0,181442.0,19480.0,124087.0,19655.0,182712.0,19870.0,120036.0
483240,TIGER 미국나스닥100ETF선물,12860.0,3030.0,12907.0,5616.0,12735.0,7237.0,12820.0,2176.0,12690.0,7030.0,12665.0,4760.0,12470.0,3051.0,12640.0,2864.0,12710.0,3432.0,12490.0,12388.0,12640.0,3576.0,12545.0,9607.0,12515.0,5971.0,12510.0,3723.0,12340.0,6603.0,12655.0,1357.0,12450.0,5111.0,12315.0,2714.0,12187.0,3737.0,12420.0,2226.0,12380.0,4736.0,12400.0,3997.0,12320.0,4131.0,12070.0,6123.0,12200.0,4876.0,12200.0,3221.0,12020.0,4025.0,12115.0,4533.0,12105.0,3776.0,12180.0,4740.0
418660,TIGER 미국나스닥100레버리지(합성),36685.0,143024.0,36640.0,124548.0,35860.0,253678.0,36365.0,100927.0,35190.0,583529.0,35135.0,177338.0,34575.0,301129.0,35250.0,244386.0,35690.0,147848.0,34455.0,354590.0,35420.0,190716.0,35245.0,211703.0,35385.0,205689.0,34755.0,186338.0,34390.0,244231.0,35505.0,185150.0,34355.0,211398.0,34005.0,205152.0,32820.0,318257.0,33940.0,240743.0,34310.0,92758.0,33810.0,106852.0,33520.0,128839.0,32075.0,407246.0,32900.0,159922.0,32790.0,99064.0,32250.0,143568.0,32365.0,88085.0,32295.0,158941.0,32925.0,190149.0
435420,TIGER 미국나스닥100채권혼합Fn,13810.0,166928.0,13810.0,160718.0,13720.0,326112.0,13755.0,237238.0,13735.0,243243.0,13635.0,244179.0,13585.0,223103.0,13665.0,167119.0,13650.0,159242.0,13615.0,186517.0,13675.0,167649.0,13625.0,221350.0,13585.0,257644.0,13580.0,229782.0,13570.0,142722.0,13580.0,176401.0,13500.0,163708.0,13450.0,144761.0,13390.0,150593.0,13465.0,166881.0,13500.0,129691.0,13490.0,108966.0,13455.0,134325.0,13360.0,157350.0,13425.0,227387.0,13425.0,173157.0,13415.0,175739.0,13380.0,158464.0,13385.0,171092.0,13470.0,274704.0
441680,TIGER 미국나스닥100커버드콜(합성),11300.0,237094.0,11330.0,166517.0,11295.0,107740.0,11325.0,101637.0,11240.0,245735.0,11275.0,106117.0,11185.0,173467.0,11255.0,118258.0,11305.0,150454.0,11095.0,289915.0,11225.0,148650.0,11095.0,212847.0,10940.0,191516.0,10940.0,236641.0,11000.0,345606.0,11100.0,287773.0,11050.0,154712.0,11015.0,127239.0,10920.0,218205.0,11080.0,244090.0,11110.0,142371.0,11080.0,112377.0,11040.0,111394.0,10840.0,262843.0,10995.0,168702.0,10940.0,114754.0,10900.0,163200.0,10910.0,106474.0,10890.0,178671.0,10760.0,240644.0
486290,TIGER 미국나스닥100타겟데일리커버드콜,10905.0,1272629.0,10900.0,1196319.0,10830.0,1719218.0,10875.0,1149116.0,10790.0,2001322.0,10710.0,1494258.0,10610.0,2128492.0,10735.0,1264212.0,10785.0,1201018.0,10600.0,2769505.0,10750.0,1639704.0,10690.0,2139219.0,10560.0,1180071.0,10480.0,1488606.0,10415.0,1467906.0,10615.0,1079836.0,10425.0,2818882.0,10410.0,1689609.0,10220.0,2350329.0,10420.0,1330050.0,10455.0,1004489.0,10400.0,1126665.0,10325.0,1869640.0,10110.0,2074379.0,10270.0,1466325.0,10255.0,1270247.0,10170.0,1758767.0,10180.0,1334172.0,10175.0,2042243.0,10125.0,1498395.0
429010,TIGER 미국나스닥넥스트100,18165.0,805.0,18165.0,1209.0,18000.0,377.0,18285.0,1749.0,17920.0,1749.0,18005.0,1269.0,17980.0,875.0,18210.0,1173.0,18240.0,1016.0,17705.0,2089.0,17770.0,1123.0,17680.0,1385.0,17710.0,545.0,17455.0,377.0,17300.0,3304.0,17765.0,1347.0,17640.0,560.0,17475.0,343.0,17080.0,891.0,17785.0,1949.0,17755.0,1627.0,17765.0,449.0,17570.0,1171.0,17135.0,1551.0,17500.0,243.0,17550.0,948.0,17285.0,1251.0,17325.0,1669.0,17305.0,941.0,17225.0,1119.0
203780,TIGER 미국나스닥바이오,31005.0,49131.0,31080.0,53481.0,31280.0,36515.0,31025.0,65111.0,30710.0,59916.0,30665.0,45620.0,30850.0,31986.0,31695.0,60683.0,32000.0,38250.0,30965.0,86578.0,31435.0,51539.0,31110.0,73543.0,30660.0,64300.0,30525.0,44873.0,30395.0,70435.0,31080.0,60480.0,30945.0,36128.0,31440.0,68769.0,30770.0,50677.0,31630.0,38198.0,31450.0,31283.0,31095.0,33932.0,30925.0,24955.0,30580.0,25046.0,31300.0,41648.0,31480.0,43434.0,30970.0,32839.0,31360.0,27377.0,31635.0,98511.0,31270.0,117467.0
245340,TIGER 미국다우존스30,35605.0,26686.0,35360.0,46977.0,35205.0,20275.0,35595.0,25297.0,35235.0,26794.0,35215.0,20867.0,34860.0,20806.0,35190.0,15977.0,35340.0,13129.0,34475.0,35144.0,34760.0,15981.0,34050.0,122956.0,34070.0,28257.0,34125.0,25747.0,34535.0,23045.0,34840.0,16705.0,34780.0,14373.0,35355.0,95388.0,34980.0,18456.0,35705.0,107694.0,35615.0,29568.0,35560.0,76135.0,35315.0,63871.0,34745.0,34680.0,35015.0,34242.0,34940.0,50702.0,34645.0,26580.0,34380.0,21724.0,34230.0,21050.0,34270.0,33327.0
456610,TIGER 미국달러SOFR금리액티브(합성),62515.0,31534.0,62670.0,34885.0,62360.0,26196.0,62515.0,18366.0,62520.0,28758.0,62720.0,32781.0,62460.0,55113.0,62385.0,25532.0,62235.0,24366.0,61170.0,44696.0,61370.0,39521.0,60430.0,87998.0,60580.0,32844.0,61125.0,33904.0,62150.0,64089.0,61425.0,27790.0,61645.0,16485.0,62385.0,36449.0,62450.0,36173.0,62090.0,26357.0,61990.0,15690.0,61685.0,16516.0,61275.0,28803.0,61435.0,15909.0,61510.0,32388.0,61585.0,34111.0,61325.0,24879.0,61425.0,17012.0,60895.0,28401.0,60755.0,35759.0
329750,TIGER 미국달러단기채권액티브,13645.0,403700.0,13670.0,461174.0,13605.0,404175.0,13650.0,251033.0,13645.0,274084.0,13685.0,309597.0,13640.0,448968.0,13630.0,333369.0,13590.0,298703.0,13350.0,572110.0,13385.0,204354.0,13180.0,516079.0,13210.0,278501.0,13325.0,351823.0,13545.0,681182.0,13420.0,529162.0,13440.0,292934.0,13610.0,454980.0,13620.0,410454.0,13570.0,459978.0,13530.0,233025.0,13470.0,181728.0,13380.0,265568.0,13420.0,295684.0,13430.0,239820.0,13440.0,194957.0,13375.0,190091.0,13410.0,172539.0,13300.0,218325.0,13245.0,329690.0
261110,TIGER 미국달러선물레버리지,17855.0,9009.0,17950.0,8929.0,17795.0,2546.0,17805.0,20581.0,17840.0,992.0,18010.0,3395.0,17830.0,2988.0,17810.0,2566.0,17690.0,11691.0,17105.0,5953.0,17135.0,1139.0,16670.0,4475.0,16730.0,3530.0,17080.0,7133.0,17665.0,15411.0,17245.0,3282.0,17330.0,316.0,17735.0,2914.0,17800.0,8026.0,17610.0,1406.0,17530.0,331.0,17360.0,340.0,17115.0,2559.0,17180.0,2222.0,17250.0,804.0,17235.0,850.0,17085.0,3959.0,17170.0,1661.0,16875.0,4558.0,16765.0,1902.0
261120,TIGER 미국달러선물인버스2X,4780.0,22316.0,4755.0,9311.0,4800.0,5758.0,4770.0,16279.0,4760.0,4675.0,4755.0,579378.0,4795.0,368866.0,4805.0,17984.0,4825.0,3611.0,4990.0,41931.0,4965.0,20846.0,5095.0,56089.0,5080.0,14017.0,4995.0,14915.0,4835.0,19556.0,4930.0,4438.0,4925.0,204705.0,4810.0,23684.0,4805.0,26924.0,4830.0,7659.0,4865.0,8473.0,4900.0,13032.0,4965.0,5788.0,4945.0,3307.0,4920.0,21326.0,4935.0,1950.0,4980.0,5302.0,4945.0,2049.0,5035.0,31982.0,5070.0,40764.0
494840,TIGER 미국방산TOP10,14580.0,312183.0,14585.0,268428.0,14870.0,367842.0,14955.0,210832.0,15150.0,435195.0,15205.0,296229.0,14840.0,235380.0,15070.0,131221.0,15060.0,145922.0,14710.0,214705.0,14570.0,151984.0,14590.0,180440.0,14540.0,188758.0,14685.0,150797.0,14790.0,291376.0,14725.0,173679.0,14945.0,136306.0,14670.0,112826.0,14655.0,149320.0,14985.0,162169.0,15015.0,86538.0,14745.0,142221.0,14475.0,77232.0,14615.0,78983.0,15295.0,143730.0,15540.0,305711.0,15105.0,209598.0,15120.0,108025.0,14950.0,123976.0,14600.0,139115.0
458730,TIGER 미국배당다우존스,13350.0,1825973.0,13435.0,1807318.0,13590.0,1888857.0,13670.0,1902493.0,13535.0,2594206.0,13505.0,2096921.0,13445.0,2208561.0,13645.0,1839839.0,13650.0,1712949.0,13385.0,3338828.0,13440.0,1855611.0,13320.0,2561359.0,13270.0,1835663.0,13360.0,1774282.0,13680.0,3536643.0,13775.0,1909038.0,14040.0,2134555.0,14445.0,2566251.0,14490.0,3043143.0,14660.0,2232348.0,14550.0,2283842.0,14545.0,2555433.0,14610.0,1748537.0,14455.0,2392382.0,14555.0,2364877.0,14580.0,2272118.0,14435.0,2914149.0,14465.0,1591964.0,14390.0,2279017.0,14245.0,2523886.0
0008S0,TIGER 미국배당다우존스타겟데일리커버드콜,9470.0,225155.0,9490.0,256708.0,9545.0,264860.0,9575.0,189023.0,9495.0,242410.0,9480.0,178782.0,9435.0,246250.0,9580.0,165692.0,9560.0,272646.0,9405.0,322898.0,9430.0,239601.0,9345.0,240805.0,9325.0,184014.0,9400.0,143154.0,9620.0,425866.0,9680.0,203305.0,9885.0,397495.0,10145.0,381482.0,10185.0,328776.0,10290.0,282055.0,10220.0,402210.0,10210.0,325235.0,10140.0,208780.0,10050.0,239134.0,10105.0,417267.0,10145.0,201330.0,10080.0,330163.0,10080.0,168051.0,10045.0,200213.0,9950.0,284350.0
458750,TIGER 미국배당다우존스타겟커버드콜1호,11880.0,65304.0,11870.0,52349.0,12030.0,71761.0,12075.0,72266.0,11970.0,30931.0,11970.0,22846.0,11925.0,28880.0,12080.0,76233.0,12070.0,70475.0,11870.0,39121.0,11895.0,26815.0,11790.0,23497.0,11750.0,23302.0,11810.0,43268.0,12155.0,48490.0,12215.0,58091.0,12440.0,133984.0,12815.0,86566.0,12850.0,119180.0,13015.0,34567.0,12945.0,44975.0,12925.0,71791.0,12835.0,33274.0,12755.0,21012.0,12800.0,58455.0,12925.0,60032.0,12785.0,59112.0,12815.0,19962.0,12740.0,51315.0,12625.0,87198.0
458760,TIGER 미국배당다우존스타겟커버드콜2호,10255.0,629619.0,10330.0,851772.0,10480.0,1397440.0,10505.0,930565.0,10420.0,571539.0,10400.0,555844.0,10370.0,905894.0,10545.0,606602.0,10535.0,387879.0,10380.0,557105.0,10375.0,329025.0,10275.0,496814.0,10135.0,688748.0,10200.0,564331.0,10490.0,1375800.0,10555.0,954119.0,10730.0,1941027.0,11065.0,2083370.0,11125.0,2292475.0,11260.0,1403469.0,11180.0,814576.0,11130.0,626228.0,11200.0,839126.0,11100.0,389109.0,11240.0,488309.0,11215.0,482429.0,11110.0,547093.0,11155.0,405794.0,11125.0,511252.0,10900.0,511052.0
0015K0,TIGER 미국소비트렌드액티브,8570.0,1225.0,8690.0,6847.0,8520.0,34006.0,8545.0,321589.0,8390.0,1108.0,8355.0,2567.0,8290.0,135095.0,8255.0,11881.0,8320.0,776.0,8220.0,1956.0,8250.0,897.0,8150.0,15789.0,8060.0,2352.0,8050.0,2530.0,7950.0,2561.0,8105.0,282.0,7950.0,1764.0,7950.0,941.0,7695.0,1057.0,7820.0,6446.0,7805.0,912.0,7840.0,5883.0,7610.0,2795.0,7385.0,6838.0,7590.0,956.0,7560.0,1581.0,7570.0,2940.0,7440.0,668.0,7440.0,1081.0,7435.0,1389.0
305080,TIGER 미국채10년선물,13390.0,148071.0,13450.0,120418.0,13405.0,144448.0,13410.0,131650.0,13355.0,148662.0,13375.0,126763.0,13300.0,153265.0,13305.0,345358.0,13275.0,123583.0,13070.0,677012.0,13060.0,220225.0,12895.0,291106.0,12900.0,299438.0,13010.0,499017.0,13275.0,575348.0,13095.0,210079.0,13125.0,168971.0,13310.0,343067.0,13380.0,256199.0,13270.0,166719.0,13290.0,93366.0,13250.0,160626.0,13140.0,111942.0,13230.0,105315.0,13240.0,165661.0,13255.0,116543.0,13220.0,171186.0,13270.0,141331.0,13135.0,151097.0,13095.0,136937.0
0046A0,TIGER 미국초단기(3개월이하)국채,10215.0,2035173.0,10240.0,1091145.0,10190.0,1304603.0,10215.0,2280433.0,10220.0,1039586.0,10245.0,1258505.0,10205.0,1575169.0,10195.0,1061979.0,10160.0,1581620.0,9995.0,3208705.0,10025.0,2152680.0,9870.0,3067618.0,9870.0,1380398.0,9970.0,1173216.0,10140.0,1630658.0,10015.0,856739.0,10045.0,907230.0,10165.0,3488870.0,10180.0,1855352.0,10120.0,1057057.0,10115.0,588647.0,10050.0,594735.0,9990.0,809232.0,10010.0,1218344.0,10030.0,1253841.0,10030.0,678704.0,9995.0,800576.0,10005.0,872735.0,9920.0,1016345.0,9865.0,1370628.0
465670,TIGER 미국캐시카우100,15170.0,6069.0,15165.0,7213.0,15180.0,32924.0,15240.0,7416.0,14935.0,5296.0,14910.0,4872.0,14715.0,9064.0,15035.0,7252.0,15000.0,25736.0,14635.0,6573.0,14770.0,3726.0,14500.0,11351.0,14390.0,7315.0,14395.0,8737.0,14655.0,5218.0,14705.0,11238.0,14550.0,9592.0,15000.0,10052.0,14905.0,4408.0,15200.0,6636.0,15090.0,9609.0,15135.0,6209.0,14990.0,5308.0,14635.0,7490.0,14870.0,15084.0,14830.0,7122.0,14725.0,5193.0,14550.0,5010.0,14540.0,10154.0,14310.0,12313.0
381170,TIGER 미국테크TOP10 INDXX,31250.0,2617446.0,31225.0,2700294.0,30815.0,4046331.0,30935.0,3930044.0,30395.0,1218721.0,30315.0,2251891.0,29845.0,2974395.0,29980.0,2384611.0,30350.0,3716472.0,29900.0,4967160.0,30510.0,2309526.0,30400.0,1953018.0,30300.0,1406313.0,29975.0,2571637.0,29995.0,1583978.0,30545.0,1835991.0,29965.0,3336673.0,29830.0,2253508.0,29105.0,1134974.0,29685.0,1663335.0,29930.0,1457641.0,29630.0,1256375.0,29265.0,1446929.0,28430.0,2970544.0,28665.0,1657007.0,28680.0,2071827.0,28590.0,1436775.0,28690.0,1502568.0,28620.0,2868222.0,28895.0,3488578.0
472160,TIGER 미국테크TOP10 INDXX(H),18100.0,959424.0,18045.0,656232.0,17895.0,2831340.0,17920.0,1770810.0,17625.0,245480.0,17510.0,963867.0,17325.0,915090.0,17410.0,952204.0,17675.0,568673.0,17705.0,1540312.0,18000.0,869084.0,18230.0,777569.0,18125.0,293594.0,17780.0,366450.0,17490.0,178779.0,18015.0,424969.0,17620.0,1430649.0,17320.0,513073.0,16900.0,1224439.0,17320.0,498661.0,17490.0,847036.0,17415.0,543774.0,17320.0,324527.0,16765.0,1484504.0,16905.0,171903.0,16910.0,707012.0,16930.0,164138.0,16950.0,429463.0,17070.0,1063505.0,17250.0,2322103.0
472170,TIGER 미국테크TOP10채권혼합,14060.0,317435.0,14040.0,389039.0,13945.0,629668.0,13945.0,383423.0,13810.0,451842.0,13790.0,346583.0,13670.0,365954.0,13715.0,446490.0,13830.0,311992.0,13670.0,375809.0,13830.0,370406.0,13815.0,387099.0,13760.0,335800.0,13725.0,373232.0,13720.0,284373.0,13845.0,272093.0,13700.0,309855.0,13645.0,312180.0,13485.0,294552.0,13635.0,252037.0,13665.0,231317.0,13630.0,191024.0,13555.0,247427.0,13370.0,244252.0,13440.0,341159.0,13430.0,355508.0,13445.0,264099.0,13455.0,269019.0,13440.0,293528.0,13510.0,402540.0
474220,TIGER 미국테크TOP10타겟커버드콜,16165.0,447129.0,16040.0,621181.0,15875.0,340390.0,15905.0,353344.0,15730.0,378168.0,15685.0,383133.0,15440.0,352504.0,15485.0,306783.0,15635.0,238113.0,15400.0,351301.0,15650.0,237188.0,15600.0,477168.0,15515.0,432390.0,15405.0,401632.0,15495.0,430529.0,15745.0,262462.0,15445.0,482899.0,15410.0,284672.0,15075.0,336493.0,15400.0,350400.0,15495.0,247437.0,15375.0,249408.0,15050.0,271198.0,14620.0,398520.0,14765.0,290314.0,14755.0,551212.0,14725.0,433982.0,14775.0,260558.0,14700.0,270694.0,14820.0,461510.0
458260,TIGER 미국투자등급회사채액티브(H),48695.0,53265.0,48810.0,26677.0,48935.0,56462.0,48900.0,21046.0,48690.0,36586.0,48510.0,58901.0,48575.0,38378.0,48745.0,28705.0,48875.0,45037.0,48920.0,46361.0,48875.0,32187.0,48840.0,34578.0,48525.0,52758.0,48455.0,30089.0,48640.0,25863.0,48460.0,64300.0,48520.0,26586.0,48495.0,23051.0,48680.0,52085.0,48570.0,26830.0,48790.0,28795.0,48875.0,16175.0,48820.0,35614.0,49010.0,27325.0,49085.0,26981.0,49130.0,25092.0,49130.0,35528.0,49085.0,27587.0,49080.0,18404.0,48900.0,47858.0
497570,TIGER 미국필라델피아AI반도체나스닥,16785.0,1243860.0,16830.0,1452875.0,16900.0,1652587.0,17220.0,1063020.0,17060.0,1249875.0,16940.0,1108706.0,16805.0,1749602.0,17085.0,1401545.0,17040.0,1379551.0,16740.0,901992.0,17015.0,1063092.0,17350.0,1246520.0,17110.0,1112140.0,16815.0,1386656.0,16450.0,1222668.0,16995.0,1114517.0,16350.0,1904300.0,15965.0,1935914.0,15910.0,2169641.0,16775.0,1343871.0,17110.0,2595287.0,17035.0,1766105.0,17215.0,1348538.0,16905.0,1390928.0,17120.0,764200.0,17080.0,562365.0,16915.0,841347.0,17195.0,1141857.0,17330.0,1546169.0,17500.0,1336149.0
381180,TIGER 미국필라델피아반도체나스닥,29630.0,2163292.0,30060.0,2051241.0,30150.0,2458602.0,30710.0,1734826.0,30380.0,1251463.0,30185.0,1513794.0,30400.0,1547334.0,31200.0,2229423.0,31000.0,1880037.0,29950.0,2239603.0,30395.0,1847367.0,31115.0,1426680.0,31220.0,2201753.0,30810.0,1613059.0,29765.0,2206972.0,31035.0,1751705.0,30185.0,2703552.0,29565.0,3434893.0,29420.0,2729064.0,30770.0,2077568.0,31180.0,3089807.0,30850.0,2490898.0,31435.0,3132403.0,30715.0,2189282.0,31155.0,1967559.0,31030.0,2434497.0,30740.0,1674004.0,31100.0,3043735.0,31255.0,2723525.0,31570.0,2449630.0
423920,TIGER 미국필라델피아반도체레버리지(합성),48150.0,137603.0,49495.0,94443.0,49630.0,106752.0,51455.0,192388.0,50435.0,96287.0,49795.0,211108.0,50530.0,202433.0,53050.0,199223.0,52455.0,85593.0,49270.0,167453.0,50525.0,84311.0,52830.0,192101.0,53225.0,126820.0,51845.0,123820.0,48140.0,160565.0,52605.0,131499.0,49720.0,187824.0,47615.0,169862.0,47135.0,223605.0,51185.0,255454.0,52630.0,131533.0,51700.0,50819.0,53420.0,107352.0,51165.0,119570.0,52600.0,101064.0,52205.0,52949.0,51230.0,67218.0,52560.0,79913.0,52925.0,89365.0,54025.0,99458.0
228810,TIGER 미디어컨텐츠,5660.0,657365.0,5715.0,505265.0,5735.0,439158.0,5680.0,802886.0,5760.0,619105.0,5805.0,739338.0,5600.0,721247.0,5705.0,525171.0,5840.0,583027.0,6020.0,2102277.0,5985.0,1243062.0,6125.0,1400492.0,6120.0,1575390.0,6055.0,1216781.0,5690.0,812062.0,5855.0,570382.0,5840.0,641505.0,5945.0,1204079.0,5800.0,544347.0,6040.0,511079.0,6130.0,792258.0,6275.0,949239.0,6230.0,563879.0,6075.0,585552.0,6160.0,619391.0,6065.0,556517.0,6035.0,529903.0,5955.0,425462.0,5870.0,568512.0,5805.0,675323.0
364970,TIGER 바이오TOP10,9590.0,1841169.0,9390.0,1839234.0,9470.0,1179159.0,9585.0,3838613.0,9415.0,2047921.0,9355.0,3039794.0,8685.0,7327765.0,8775.0,6813980.0,9010.0,3846122.0,9245.0,3799437.0,9180.0,2468510.0,9500.0,3388097.0,9480.0,3384936.0,9135.0,2917472.0,8740.0,2991516.0,8960.0,1877740.0,9005.0,1514564.0,8740.0,2284275.0,8570.0,2151214.0,8960.0,1751795.0,8930.0,1125945.0,9115.0,1840874.0,9090.0,1058142.0,9030.0,900602.0,9350.0,2194482.0,9265.0,1027486.0,9380.0,1802845.0,9485.0,1554220.0,9440.0,988188.0,9460.0,1880876.0
091230,TIGER 반도체,73000.0,454881.0,73985.0,245163.0,74890.0,337532.0,75385.0,396381.0,75880.0,326033.0,74330.0,456130.0,74610.0,320892.0,75125.0,405112.0,75825.0,359677.0,76690.0,396719.0,81410.0,751630.0,87045.0,731262.0,88350.0,785065.0,92780.0,926797.0,86015.0,1179949.0,92850.0,492630.0,93280.0,598189.0,89055.0,1179651.0,88575.0,810058.0,92700.0,690240.0,91040.0,388758.0,89985.0,378622.0,93715.0,703324.0,92940.0,507438.0,95945.0,473213.0,97350.0,503780.0,97040.0,428886.0,100265.0,412360.0,101100.0,445437.0,110065.0,693776.0
396500,TIGER 반도체TOP10,23205.0,14098448.0,23620.0,12804450.0,23840.0,14930809.0,24100.0,18102911.0,24205.0,15396987.0,23680.0,14409917.0,23980.0,16249012.0,24275.0,14730732.0,24450.0,12840724.0,24575.0,12363166.0,26025.0,25755237.0,27560.0,26243516.0,28395.0,35722563.0,29760.0,46272995.0,27235.0,51376895.0,29600.0,30566388.0,29600.0,32914742.0,28055.0,37871445.0,28070.0,26514250.0,29125.0,19941513.0,28585.0,13003155.0,28150.0,13414776.0,29450.0,17350671.0,29320.0,15902640.0,30080.0,15638238.0,30570.0,19980422.0,30630.0,18377919.0,31600.0,17462415.0,31920.0,18621700.0,35290.0,38309863.0
488080,TIGER 반도체TOP10레버리지,23255.0,2382321.0,24070.0,2800794.0,24540.0,1968090.0,25160.0,2972547.0,25405.0,3021398.0,24075.0,3876285.0,24695.0,3826377.0,25425.0,3579729.0,25705.0,3207965.0,25955.0,3116880.0,29300.0,4955862.0,33000.0,5360257.0,34545.0,8432361.0,37945.0,10275662.0,31190.0,12335199.0,36810.0,7499542.0,36485.0,6346941.0,32955.0,7490812.0,32950.0,9734890.0,35380.0,6268850.0,34000.0,3687044.0,33020.0,3007794.0,36000.0,5174646.0,35440.0,4309746.0,37470.0,3856904.0,38750.0,4410829.0,38910.0,3186977.0,41360.0,4094082.0,42090.0,3640251.0,51020.0,7982456.0
211560,TIGER 배당성장,28315.0,21032.0,28865.0,38213.0,29180.0,27644.0,29295.0,28408.0,29835.0,40797.0,30330.0,27790.0,30365.0,29689.0,30450.0,27377.0,31090.0,29609.0,30855.0,28791.0,31310.0,18674.0,31620.0,23188.0,32615.0,26201.0,32760.0,40896.0,31380.0,49853.0,32850.0,22820.0,33560.0,29071.0,33225.0,38096.0,32640.0,85361.0,33830.0,35079.0,34655.0,22959.0,35110.0,37719.0,35910.0,38064.0,36565.0,59552.0,37925.0,47406.0,38935.0,195352.0,38930.0,74231.0,38630.0,60248.0,39360.0,48712.0,39965.0,78483.0
472150,TIGER 배당커버드콜액티브,14980.0,616079.0,15130.0,827493.0,15290.0,1021363.0,15510.0,1107911.0,15740.0,1578403.0,15610.0,1531352.0,15725.0,1092814.0,15910.0,1405241.0,16000.0,1186774.0,15855.0,1523391.0,16300.0,1147235.0,16565.0,2329596.0,16315.0,1255628.0,16510.0,1489062.0,15585.0,1655092.0,16580.0,1590149.0,16765.0,1240237.0,16230.0,1676404.0,16055.0,1247244.0,16665.0,799299.0,16750.0,762131.0,16860.0,635128.0,17275.0,1358231.0,17400.0,1994560.0,17855.0,3909815.0,18220.0,3288488.0,18330.0,5755171.0,18670.0,4370125.0,18985.0,6117484.0,19140.0,4315566.0
138520,TIGER 삼성그룹,20710.0,49891.0,20840.0,49850.0,21175.0,54059.0,21550.0,40459.0,21690.0,58043.0,21765.0,65127.0,21845.0,74455.0,22380.0,74243.0,22440.0,93799.0,22435.0,84197.0,22890.0,60567.0,23355.0,107642.0,23240.0,135433.0,23175.0,115929.0,21980.0,179579.0,23555.0,198018.0,23950.0,73036.0,23090.0,273608.0,22680.0,237997.0,23680.0,64271.0,23865.0,46651.0,23990.0,28152.0,24860.0,79188.0,24835.0,116963.0,25730.0,102150.0,26335.0,167700.0,26615.0,192278.0,27100.0,116242.0,27785.0,202715.0,28800.0,203812.0
157490,TIGER 소프트웨어,9850.0,534615.0,9780.0,323995.0,9685.0,420666.0,9620.0,1535897.0,9625.0,523212.0,9760.0,1719754.0,9555.0,571650.0,9625.0,392009.0,10060.0,2716828.0,10280.0,4006050.0,10435.0,3634905.0,10455.0,951041.0,10650.0,1238983.0,10430.0,1182790.0,9935.0,1638934.0,10115.0,828527.0,10050.0,662033.0,9830.0,622982.0,9595.0,731536.0,9700.0,356147.0,9835.0,381168.0,9980.0,228625.0,9960.0,317859.0,9795.0,270984.0,9980.0,242500.0,9985.0,586108.0,10100.0,377992.0,10065.0,862027.0,10150.0,519588.0,10435.0,1302018.0
0000D0,TIGER 엔비디아미국채커버드콜밸런스(합성),10085.0,83635.0,10160.0,69538.0,10135.0,73373.0,10255.0,55425.0,10165.0,107566.0,10020.0,132321.0,9970.0,105916.0,10055.0,79922.0,10055.0,63957.0,9880.0,148129.0,9995.0,64347.0,9855.0,162271.0,9715.0,87874.0,9695.0,113740.0,9630.0,184374.0,9765.0,70978.0,9655.0,123113.0,9695.0,98548.0,9645.0,75786.0,9880.0,50456.0,9940.0,51176.0,9945.0,60712.0,9885.0,42247.0,9910.0,49458.0,9960.0,37168.0,9980.0,60691.0,9885.0,78725.0,10060.0,84687.0,10015.0,80942.0,9890.0,144515.0
228800,TIGER 여행레저,3315.0,419141.0,3340.0,718662.0,3350.0,358999.0,3370.0,951850.0,3380.0,555430.0,3395.0,537190.0,3365.0,393315.0,3390.0,754852.0,3395.0,811112.0,3375.0,696817.0,3355.0,914010.0,3380.0,903677.0,3460.0,1683374.0,3465.0,1294608.0,3400.0,1123996.0,3480.0,700753.0,3595.0,1136997.0,3720.0,3659002.0,3670.0,2053721.0,3735.0,1750283.0,3810.0,1623844.0,3785.0,1096867.0,3760.0,684972.0,3750.0,658954.0,3720.0,945743.0,3720.0,511239.0,3780.0,1261839.0,3730.0,514247.0,3745.0,671224.0,3665.0,712134.0
227570,TIGER 우량가치,16170.0,5793.0,16485.0,7675.0,16515.0,6377.0,16685.0,1689.0,16710.0,3647.0,17000.0,7496.0,16915.0,1444.0,17060.0,4758.0,17375.0,16419.0,17245.0,6293.0,17355.0,13525.0,17560.0,14329.0,17920.0,2998.0,17975.0,6227.0,17435.0,6890.0,17995.0,15463.0,18485.0,3027.0,18470.0,2248.0,18020.0,6733.0,18780.0,1968.0,19385.0,19585.0,19645.0,17177.0,19900.0,5263.0,19970.0,8023.0,20250.0,23775.0,20730.0,24645.0,20630.0,6001.0,20580.0,16096.0,20740.0,5860.0,20910.0,13942.0
438330,TIGER 우량회사채액티브,115950.0,29594.0,116010.0,34440.0,115630.0,31735.0,115745.0,26171.0,115515.0,45266.0,115305.0,37067.0,115495.0,31343.0,115595.0,23177.0,115420.0,21241.0,115625.0,36529.0,115630.0,28070.0,115695.0,49701.0,115550.0,43869.0,115345.0,38449.0,115350.0,35112.0,115155.0,32400.0,115065.0,57730.0,115150.0,39404.0,115080.0,20171.0,114910.0,18358.0,115135.0,28966.0,115165.0,32261.0,115365.0,18993.0,115470.0,15001.0,115400.0,22619.0,115570.0,32106.0,115510.0,26057.0,115495.0,16158.0,115710.0,44271.0,115965.0,41227.0
261140,TIGER 우선주,19690.0,80029.0,20000.0,23263.0,20595.0,38190.0,20980.0,151289.0,21395.0,89124.0,21170.0,96607.0,21510.0,51868.0,21350.0,59394.0,21455.0,35356.0,21230.0,56426.0,21450.0,41887.0,21575.0,32129.0,21925.0,45409.0,21780.0,29374.0,20655.0,53574.0,21960.0,100157.0,22220.0,19568.0,21460.0,21624.0,20980.0,67009.0,21625.0,258140.0,21690.0,37792.0,22135.0,61548.0,22675.0,51372.0,23305.0,213001.0,24610.0,188399.0,24935.0,188346.0,24945.0,115301.0,25195.0,65361.0,25875.0,94166.0,26670.0,112325.0
130680,TIGER 원유선물Enhanced(H),3950.0,284246.0,4025.0,606003.0,3975.0,296986.0,3880.0,158919.0,3915.0,102267.0,3945.0,54647.0,3960.0,87945.0,4000.0,143640.0,3975.0,45134.0,4080.0,257436.0,4020.0,92427.0,4165.0,295619.0,4240.0,376661.0,4250.0,445344.0,4090.0,234831.0,4110.0,154281.0,4220.0,160304.0,4215.0,100088.0,4195.0,85005.0,4180.0,69433.0,4240.0,63403.0,4275.0,61378.0,4290.0,106229.0,4170.0,64391.0,4340.0,105725.0,4450.0,212168.0,4365.0,133587.0,4430.0,180862.0,4380.0,98868.0,4355.0,77053.0
217770,TIGER 원유선물인버스(H),2665.0,55732.0,2610.0,118688.0,2640.0,116317.0,2700.0,127357.0,2685.0,39948.0,2660.0,24481.0,2650.0,44331.0,2620.0,100733.0,2630.0,24120.0,2570.0,163054.0,2610.0,12938.0,2515.0,216567.0,2465.0,128231.0,2465.0,98990.0,2545.0,92681.0,2550.0,61571.0,2470.0,82402.0,2465.0,78742.0,2460.0,56975.0,2500.0,16830.0,2450.0,29905.0,2440.0,38932.0,2425.0,54246.0,2490.0,57772.0,2405.0,121379.0,2335.0,111731.0,2380.0,32563.0,2345.0,61048.0,2365.0,28887.0,2380.0,28259.0
195930,TIGER 유로스탁스50(합성 H),21840.0,9096.0,21830.0,6857.0,21815.0,7123.0,21965.0,22440.0,21530.0,13972.0,21500.0,6454.0,21440.0,7380.0,21590.0,9757.0,21620.0,4125.0,21365.0,9347.0,21570.0,7432.0,21785.0,9433.0,21420.0,14938.0,21470.0,6898.0,21275.0,211452.0,21705.0,28092.0,21705.0,10227.0,21660.0,8337.0,21400.0,6241.0,21870.0,7670.0,21920.0,4248.0,21990.0,1631.0,22035.0,2859.0,21855.0,4187.0,22110.0,5557.0,22015.0,6688.0,22105.0,7053.0,22300.0,120867.0,22235.0,11583.0,22415.0,11495.0
225050,TIGER 유로스탁스레버리지(합성 H),15210.0,1357.0,15180.0,413.0,15135.0,65.0,15320.0,10660.0,14860.0,80974.0,14700.0,900.0,14685.0,905.0,14815.0,51727.0,14890.0,255.0,14685.0,729.0,14900.0,765.0,15085.0,258.0,14840.0,647.0,14650.0,947.0,14380.0,80.0,15090.0,925.0,15020.0,312.0,14860.0,167.0,14740.0,1558.0,15095.0,401.0,15350.0,503.0,15360.0,1729.0,15385.0,853.0,15155.0,1080.0,15565.0,405.0,15390.0,115.0,15560.0,527.0,15565.0,1306.0,15700.0,158.0,15845.0,364.0
245350,TIGER 유로스탁스배당30,18905.0,9579.0,18835.0,10797.0,18865.0,5733.0,18810.0,4865.0,18755.0,11747.0,18695.0,7541.0,18695.0,6146.0,18695.0,14059.0,18830.0,6077.0,18540.0,15015.0,18625.0,8000.0,18800.0,13535.0,18750.0,6257.0,18645.0,6186.0,18630.0,9355.0,18815.0,7086.0,19020.0,9259.0,19380.0,9800.0,19210.0,9748.0,19305.0,10431.0,19555.0,8360.0,19440.0,17703.0,19305.0,7711.0,19100.0,13004.0,19140.0,9223.0,19210.0,36937.0,19185.0,13416.0,19290.0,12396.0,19020.0,31316.0,19075.0,14814.0
091220,TIGER 은행,13200.0,21100.0,13350.0,44924.0,13370.0,45247.0,13380.0,37743.0,13325.0,21800.0,13650.0,77919.0,13720.0,21493.0,13840.0,25665.0,14020.0,89533.0,14005.0,42750.0,14555.0,73177.0,14245.0,62146.0,14335.0,58703.0,14120.0,35498.0,13950.0,113996.0,14710.0,71975.0,15160.0,159514.0,15170.0,113951.0,15565.0,132748.0,15995.0,173536.0,16535.0,393326.0,17265.0,330449.0,18130.0,369376.0,17695.0,419649.0,17685.0,238334.0,18145.0,177010.0,17930.0,135735.0,17575.0,102245.0,17565.0,100077.0,17440.0,77730.0
466940,TIGER 은행고배당플러스TOP10,21200.0,456072.0,21395.0,557973.0,21445.0,726632.0,21415.0,551270.0,21295.0,765455.0,21800.0,1073540.0,21955.0,904725.0,22140.0,658896.0,22355.0,553612.0,22340.0,1210912.0,23065.0,677076.0,22870.0,662721.0,23115.0,1146413.0,22945.0,1030261.0,22555.0,1206960.0,23820.0,1204858.0,24295.0,1427471.0,24280.0,1398507.0,24810.0,1732177.0,25680.0,1271032.0,26430.0,2389005.0,27410.0,2382931.0,28625.0,2758475.0,28660.0,3710955.0,28885.0,2844756.0,29860.0,2156878.0,29255.0,2398516.0,28550.0,2111695.0,28530.0,1619187.0,28255.0,1627600.0
307510,TIGER 의료기기,18500.0,11931.0,18400.0,4301.0,18440.0,5832.0,18530.0,9942.0,18575.0,8962.0,18850.0,26462.0,18780.0,8923.0,19360.0,16795.0,19800.0,10384.0,20705.0,42728.0,20705.0,64045.0,21150.0,19731.0,21980.0,51537.0,21495.0,25480.0,20655.0,20870.0,21400.0,3738.0,21535.0,8911.0,20450.0,25302.0,19900.0,24319.0,20255.0,19182.0,20390.0,8628.0,20550.0,15359.0,20490.0,7071.0,20270.0,3470.0,20990.0,25448.0,20735.0,26074.0,20650.0,5207.0,20705.0,22357.0,20305.0,26303.0,20050.0,15115.0
225060,TIGER 이머징마켓MSCI레버리지(합성 H),12850.0,1053.0,13140.0,3067.0,13075.0,466.0,13300.0,509.0,13155.0,586.0,13220.0,352.0,12835.0,573.0,13175.0,755.0,13445.0,640.0,13665.0,2740.0,13985.0,1070.0,14175.0,1844.0,14575.0,1579.0,13905.0,1279.0,13275.0,3240.0,13810.0,2513.0,13825.0,824.0,13255.0,1391.0,13130.0,1876.0,13790.0,389.0,14150.0,744.0,14645.0,1594.0,14435.0,1320.0,14605.0,917.0,14625.0,454.0,14320.0,998.0,14840.0,1343.0,14965.0,1237.0,15565.0,629.0,15385.0,1694.0
453870,TIGER 인도니프티50,14070.0,328519.0,14100.0,201484.0,14000.0,149878.0,13975.0,283113.0,13845.0,268006.0,13855.0,211873.0,13540.0,239150.0,13555.0,212455.0,13540.0,211894.0,13210.0,375931.0,13200.0,470292.0,13110.0,791482.0,12995.0,472255.0,13155.0,536554.0,13120.0,320945.0,13815.0,897694.0,13700.0,239902.0,13850.0,291649.0,13865.0,277437.0,13970.0,242938.0,13900.0,127804.0,13850.0,136102.0,13675.0,162683.0,13495.0,168418.0,13570.0,242502.0,13575.0,269859.0,13565.0,236682.0,13490.0,181912.0,13425.0,195843.0,13320.0,205838.0
236350,TIGER 인도니프티50레버리지(합성),43160.0,1018.0,43135.0,597.0,42300.0,1867.0,42820.0,2094.0,41850.0,3056.0,41750.0,1947.0,40020.0,9574.0,39795.0,5364.0,39895.0,2902.0,38080.0,16969.0,37680.0,8383.0,37690.0,4556.0,36845.0,8887.0,37500.0,6040.0,37345.0,2453.0,41270.0,11320.0,40565.0,2854.0,41045.0,5776.0,40880.0,6945.0,41275.0,2684.0,41210.0,2160.0,41165.0,1090.0,40595.0,1215.0,39575.0,1240.0,40175.0,4122.0,39390.0,2128.0,39585.0,1893.0,39325.0,1262.0,38925.0,2324.0,38130.0,3694.0
479730,TIGER 인도빌리언컨슈머,11365.0,49877.0,11390.0,33786.0,11370.0,18086.0,11320.0,23883.0,11145.0,31106.0,11160.0,31492.0,10860.0,57644.0,10900.0,51344.0,10865.0,23868.0,10600.0,107651.0,10500.0,50967.0,10200.0,103399.0,10175.0,74603.0,10290.0,238963.0,10450.0,200387.0,10800.0,37911.0,10965.0,139773.0,11000.0,32712.0,11020.0,64164.0,11095.0,33296.0,11195.0,61682.0,11280.0,35427.0,11115.0,24930.0,11085.0,18151.0,10945.0,63385.0,10875.0,46041.0,10900.0,45685.0,10865.0,42452.0,10845.0,91478.0,10810.0,98914.0
123310,TIGER 인버스,2420.0,911082.0,2400.0,1327942.0,2355.0,1187870.0,2340.0,1703404.0,2300.0,2113991.0,2330.0,2259533.0,2295.0,2661112.0,2270.0,2825402.0,2260.0,1452225.0,2285.0,1780464.0,2220.0,2713756.0,2165.0,2879385.0,2145.0,4367848.0,2135.0,5359855.0,2265.0,7357131.0,2085.0,5529764.0,2070.0,5072103.0,2145.0,5595899.0,2170.0,6653011.0,2085.0,3865319.0,2080.0,3200451.0,2060.0,2954899.0,1992.0,4771279.0,1989.0,7221882.0,1931.0,5264175.0,1885.0,6727181.0,1873.0,8301515.0,1826.0,9026649.0,1790.0,12272409.0,1712.0,7392425.0
365000,TIGER 인터넷TOP10,4770.0,453061.0,4800.0,722607.0,4695.0,697673.0,4640.0,526773.0,4665.0,662858.0,4760.0,815200.0,4680.0,551646.0,4795.0,498802.0,4990.0,2356401.0,5020.0,1487980.0,5060.0,1540068.0,5075.0,945126.0,5170.0,1048491.0,5180.0,1101867.0,4920.0,1153651.0,5025.0,577089.0,4925.0,836466.0,4835.0,599302.0,4640.0,707101.0,4740.0,462661.0,4775.0,441679.0,4870.0,331279.0,4845.0,470140.0,4825.0,607921.0,4930.0,808298.0,4960.0,1104773.0,5245.0,2195649.0,5255.0,438392.0,5230.0,252866.0,5380.0,1047482.0
195920,TIGER 일본TOPIX(합성 H),30840.0,2892.0,31285.0,695.0,31325.0,546.0,31420.0,1712.0,31215.0,4313.0,30880.0,326.0,30985.0,205.0,30830.0,823.0,30925.0,1146.0,30295.0,774.0,30580.0,1450.0,30055.0,1950.0,30395.0,6690.0,30355.0,3174.0,30265.0,5085.0,31275.0,10672.0,31365.0,2814.0,31305.0,1370.0,31450.0,600.0,32555.0,3427.0,33130.0,3398.0,33225.0,3363.0,33130.0,1078.0,32805.0,1704.0,33025.0,1787.0,32660.0,676.0,32420.0,1481.0,32690.0,425.0,32835.0,626.0,33250.0,1126.0
241180,TIGER 일본니케이225,30390.0,109848.0,30465.0,127490.0,30395.0,69900.0,30450.0,54134.0,30095.0,53937.0,30000.0,42396.0,29515.0,63905.0,29905.0,220607.0,30070.0,36393.0,29730.0,51790.0,29865.0,58240.0,29975.0,132066.0,30095.0,85000.0,30140.0,139194.0,29940.0,80135.0,30680.0,128538.0,30445.0,43266.0,30505.0,103016.0,30560.0,62639.0,31890.0,269397.0,32610.0,490426.0,32915.0,389970.0,32535.0,270640.0,32490.0,215265.0,32250.0,151835.0,31900.0,168898.0,31590.0,119463.0,32095.0,116516.0,32295.0,100983.0,32150.0,127674.0
465660,TIGER 일본반도체FACTSET,19100.0,15348.0,19560.0,22315.0,19895.0,27964.0,19850.0,75602.0,19840.0,29775.0,19510.0,16107.0,19685.0,56519.0,20750.0,102514.0,20730.0,87642.0,20320.0,32708.0,20890.0,25446.0,21275.0,34579.0,21105.0,59473.0,20485.0,32124.0,19955.0,20326.0,20650.0,61126.0,20440.0,6598.0,20180.0,7362.0,20550.0,24369.0,21795.0,92820.0,22260.0,58145.0,22355.0,46014.0,22075.0,25079.0,22205.0,39281.0,21980.0,35631.0,22110.0,35441.0,22045.0,77822.0,22210.0,46740.0,22840.0,28612.0,22760.0,24004.0
292560,TIGER 일본엔선물,8595.0,75103.0,8595.0,114577.0,8595.0,59943.0,8620.0,245704.0,8640.0,70679.0,8650.0,136873.0,8615.0,120568.0,8585.0,161679.0,8570.0,124754.0,8640.0,250713.0,8685.0,141713.0,8650.0,125972.0,8635.0,98418.0,8660.0,105629.0,8730.0,194069.0,8635.0,100751.0,8615.0,78736.0,8650.0,157157.0,8665.0,153725.0,8655.0,218193.0,8675.0,129864.0,8755.0,174549.0,8710.0,74679.0,8715.0,197938.0,8660.0,92750.0,8645.0,55830.0,8645.0,44961.0,8630.0,57255.0,8505.0,442039.0,8450.0,787697.0
494670,TIGER 조선TOP10,31705.0,1966684.0,30275.0,2578802.0,31270.0,1764216.0,31030.0,1085622.0,31940.0,1740301.0,31580.0,1506519.0,30875.0,1313966.0,30215.0,1693618.0,30770.0,1471365.0,30255.0,1325096.0,30200.0,1948526.0,30340.0,1752315.0,30265.0,1967012.0,29590.0,2332620.0,28300.0,2038857.0,29740.0,937686.0,30275.0,1520355.0,28810.0,1476736.0,27980.0,1358613.0,28155.0,927894.0,27860.0,1295650.0,27950.0,672233.0,28195.0,894687.0,28155.0,979877.0,29800.0,2011387.0,31290.0,2622369.0,31535.0,1815665.0,30920.0,1802794.0,30950.0,1070159.0,30650.0,1349788.0
451540,TIGER 종합채권(AA-이상)액티브,55095.0,9387.0,55115.0,15792.0,54890.0,18434.0,54955.0,6261.0,54765.0,10179.0,54375.0,189787.0,54515.0,154701.0,54680.0,14083.0,54535.0,12220.0,54660.0,9612.0,54680.0,4793.0,54745.0,16288.0,54615.0,18469.0,54460.0,27760.0,54395.0,108260.0,54270.0,76980.0,54210.0,25959.0,54250.0,16357.0,54220.0,17290.0,54035.0,8087.0,54230.0,20368.0,54300.0,6243.0,54425.0,32744.0,54515.0,13279.0,54535.0,11165.0,54675.0,5628.0,54605.0,15250.0,54500.0,3320.0,54675.0,21473.0,54885.0,16356.0
150460,TIGER 중국소비테마,7290.0,37942.0,7385.0,64506.0,7390.0,31496.0,7395.0,115347.0,7330.0,67454.0,7470.0,40155.0,7435.0,39105.0,7620.0,91053.0,7745.0,80135.0,7750.0,54715.0,7755.0,49657.0,7935.0,80095.0,8095.0,85424.0,8115.0,117817.0,7830.0,69494.0,7985.0,25948.0,8060.0,66034.0,8015.0,63724.0,7870.0,122864.0,8215.0,103980.0,8360.0,89812.0,8360.0,47365.0,8330.0,74841.0,8270.0,38238.0,8320.0,45885.0,8225.0,50711.0,8345.0,71907.0,8285.0,35819.0,8235.0,54325.0,8145.0,96581.0
302190,TIGER 중장기국채,51120.0,35483.0,51120.0,18015.0,50890.0,24429.0,50985.0,16690.0,50795.0,37465.0,50580.0,27947.0,50710.0,16359.0,50815.0,18084.0,50735.0,11670.0,50905.0,25147.0,50915.0,55579.0,50970.0,16811.0,50865.0,21605.0,50730.0,21824.0,50715.0,180418.0,50635.0,10921.0,50550.0,13755.0,50600.0,11050.0,50560.0,6965.0,50465.0,17785.0,50650.0,9740.0,50745.0,8126.0,50870.0,20530.0,50945.0,14906.0,50965.0,14441.0,51045.0,10040.0,50995.0,23247.0,50935.0,19570.0,51070.0,30580.0,51260.0,35447.0
157500,TIGER 증권,11310.0,676974.0,11585.0,742791.0,11880.0,1216617.0,12090.0,758660.0,12080.0,791209.0,11990.0,872594.0,11705.0,605282.0,11970.0,898849.0,12935.0,3883151.0,12840.0,1337335.0,13350.0,1637065.0,13435.0,2287538.0,14750.0,3330232.0,14905.0,4818276.0,13955.0,2672127.0,15895.0,4134893.0,15825.0,4034318.0,15395.0,2560121.0,14940.0,2847251.0,16170.0,3365991.0,16470.0,2611989.0,16265.0,2172138.0,16915.0,3117783.0,18400.0,7252036.0,20565.0,6995052.0,21025.0,8599774.0,20110.0,4896202.0,19570.0,5265873.0,20310.0,4507634.0,20520.0,3985002.0
307520,TIGER 지주회사,17075.0,547537.0,17810.0,1454482.0,18060.0,1061944.0,18000.0,827050.0,18100.0,530436.0,18440.0,1143697.0,18180.0,707957.0,18330.0,542245.0,18900.0,1320952.0,18410.0,1006852.0,18410.0,700310.0,18550.0,744832.0,18865.0,886330.0,18660.0,925603.0,17725.0,1404479.0,18910.0,891507.0,19460.0,1229270.0,19065.0,1104213.0,18570.0,763196.0,19340.0,582053.0,19500.0,670227.0,19785.0,668510.0,20525.0,1321242.0,20345.0,1016839.0,20765.0,867258.0,21485.0,1337616.0,21705.0,1499045.0,22460.0,1545750.0,22800.0,1375742.0,23135.0,1149014.0
0067Y0,TIGER 차이나AI소프트웨어,15005.0,171236.0,15365.0,90515.0,15040.0,54225.0,15050.0,57659.0,14610.0,55453.0,14350.0,44140.0,14415.0,79465.0,14700.0,22969.0,14900.0,14051.0,14510.0,28317.0,14725.0,14228.0,14500.0,17749.0,14640.0,34294.0,14300.0,48361.0,14125.0,29007.0,14010.0,20261.0,13610.0,31017.0,13580.0,29134.0,13570.0,17059.0,13700.0,15888.0,13840.0,17512.0,13775.0,7333.0,13845.0,7547.0,13620.0,28450.0,13745.0,12232.0,13515.0,20599.0,13600.0,27658.0,13100.0,41136.0,12860.0,21354.0,12675.0,26980.0
192090,TIGER 차이나CSI300,13200.0,101995.0,13230.0,712409.0,13170.0,111697.0,13150.0,628008.0,13115.0,103949.0,13125.0,663890.0,13115.0,134135.0,13070.0,550799.0,13030.0,738365.0,12820.0,635010.0,12855.0,95340.0,12695.0,417303.0,12745.0,105827.0,12725.0,140187.0,12760.0,142957.0,12700.0,190471.0,12835.0,115383.0,12870.0,100521.0,12950.0,136005.0,13025.0,87758.0,13015.0,108181.0,12930.0,77254.0,12890.0,73396.0,12705.0,87004.0,12815.0,73572.0,12750.0,88523.0,12970.0,97966.0,12905.0,116632.0,12890.0,100035.0,12865.0,112221.0
204480,TIGER 차이나CSI300레버리지(합성),29650.0,40078.0,29695.0,69359.0,29275.0,8789.0,29330.0,13283.0,29360.0,10624.0,29320.0,14475.0,29125.0,5982.0,29095.0,8818.0,28910.0,8098.0,27940.0,44629.0,28240.0,9190.0,27545.0,65602.0,27755.0,36631.0,27615.0,17089.0,27600.0,61024.0,27495.0,12082.0,28095.0,8358.0,28380.0,29914.0,28450.0,12768.0,28835.0,18861.0,28920.0,3166.0,28585.0,7188.0,28195.0,3911.0,27880.0,9446.0,27960.0,8341.0,27625.0,18607.0,28215.0,32204.0,28115.0,47064.0,28000.0,11674.0,28115.0,9323.0
217780,TIGER 차이나CSI300인버스(합성),5340.0,1687.0,5325.0,2393.0,5360.0,3090.0,5335.0,588.0,5350.0,16.0,5360.0,1130.0,5360.0,15.0,5325.0,476.0,5365.0,138.0,5460.0,2869.0,5420.0,233.0,5505.0,2775.0,5435.0,282.0,5450.0,2760.0,5425.0,846.0,5480.0,568.0,5425.0,696.0,5380.0,153.0,5375.0,329.0,5380.0,6354.0,5300.0,13920.0,5320.0,173.0,5370.0,294.0,5415.0,523.0,5450.0,2687.0,5405.0,446.0,5475.0,3479.0,5400.0,2270.0,5465.0,181.0,5402.0,2776.0
245360,TIGER 차이나HSCEI,14425.0,13550.0,14570.0,8137.0,14445.0,31083.0,14400.0,12039.0,14210.0,9450.0,14245.0,7279.0,14075.0,46588.0,14155.0,5173.0,14240.0,19582.0,13900.0,22135.0,14150.0,39295.0,14285.0,22917.0,14320.0,18432.0,14165.0,16556.0,13950.0,8894.0,13820.0,14568.0,13805.0,15855.0,13940.0,11868.0,13940.0,24740.0,14115.0,33368.0,14170.0,4512.0,14160.0,5640.0,13910.0,9436.0,13715.0,9269.0,13845.0,8116.0,13690.0,9761.0,13955.0,23886.0,13630.0,10294.0,13590.0,38275.0,13320.0,9764.0
414780,TIGER 차이나과창판STAR50(합성),12725.0,423379.0,13070.0,769764.0,12810.0,359144.0,13115.0,383223.0,13060.0,280844.0,12835.0,311881.0,13290.0,849694.0,13265.0,481831.0,13345.0,245069.0,13025.0,317382.0,13285.0,246147.0,13055.0,298689.0,12750.0,132152.0,12850.0,330803.0,12585.0,478999.0,12600.0,290905.0,12425.0,245726.0,12470.0,116224.0,12410.0,162804.0,12545.0,332288.0,12755.0,162179.0,12565.0,224218.0,12615.0,137094.0,12695.0,244517.0,12700.0,79113.0,12630.0,63624.0,12705.0,220847.0,12620.0,489108.0,12580.0,319376.0,12670.0,687177.0
0067V0,TIGER 차이나글로벌리더스TOP3+,11970.0,32962.0,11985.0,40875.0,11895.0,18509.0,12010.0,35185.0,11930.0,27850.0,11895.0,39407.0,11895.0,37211.0,11790.0,56658.0,11955.0,48894.0,11530.0,38440.0,11625.0,27943.0,11690.0,30694.0,11540.0,29972.0,11400.0,20381.0,11190.0,22529.0,11080.0,74105.0,11180.0,26026.0,11270.0,55557.0,11375.0,61704.0,11350.0,5276.0,11425.0,13152.0,11480.0,11121.0,11345.0,7247.0,11365.0,5106.0,11475.0,57998.0,11200.0,12020.0,11420.0,13214.0,11335.0,30041.0,11100.0,15603.0,10935.0,42254.0
371470,TIGER 차이나바이오테크SOLACTIVE,9395.0,255629.0,9505.0,277398.0,9445.0,114717.0,9370.0,115393.0,9170.0,95991.0,9085.0,61467.0,9040.0,69410.0,9020.0,37192.0,9055.0,72526.0,8840.0,131739.0,8800.0,87062.0,8610.0,130640.0,8630.0,134603.0,8670.0,119352.0,8505.0,74239.0,8475.0,62869.0,8605.0,97667.0,8610.0,134011.0,8740.0,115630.0,8750.0,134402.0,8985.0,95857.0,8980.0,36260.0,8860.0,44245.0,8685.0,64823.0,8835.0,60799.0,8845.0,100669.0,8920.0,90255.0,8720.0,114734.0,8625.0,67332.0,8415.0,99493.0
396520,TIGER 차이나반도체FACTSET,10960.0,401960.0,11115.0,1835165.0,11170.0,485936.0,11720.0,1204537.0,11750.0,653742.0,11620.0,778068.0,11920.0,1437934.0,11795.0,859037.0,11915.0,320887.0,11455.0,656267.0,11730.0,1209733.0,11690.0,581570.0,11285.0,353952.0,11465.0,579467.0,11135.0,448585.0,11170.0,509727.0,10950.0,343180.0,10905.0,232485.0,10970.0,239959.0,11240.0,408762.0,11270.0,279547.0,11085.0,363479.0,11145.0,134482.0,11160.0,132149.0,11425.0,248488.0,11270.0,238614.0,11355.0,320511.0,11280.0,1556831.0,11260.0,242133.0,11375.0,547931.0
371460,TIGER 차이나전기차SOLACTIVE,13215.0,1388043.0,13035.0,1069620.0,13010.0,773024.0,13115.0,1265394.0,13080.0,988817.0,13050.0,1109726.0,13065.0,1191236.0,12895.0,984888.0,13095.0,983478.0,12645.0,1012486.0,12570.0,1029936.0,12290.0,2130273.0,12155.0,1589866.0,12095.0,2444131.0,12100.0,1368934.0,12100.0,947630.0,12350.0,949821.0,12360.0,876711.0,12580.0,1494755.0,12580.0,637676.0,12520.0,647696.0,12625.0,541100.0,12590.0,644536.0,12500.0,794751.0,12570.0,585171.0,12560.0,890763.0,12610.0,1447435.0,12600.0,1802154.0,12600.0,1635842.0,12310.0,1731535.0
456680,TIGER 차이나전기차레버리지(합성),10720.0,12197.0,10355.0,10074.0,10480.0,9566.0,10480.0,13246.0,10530.0,40821.0,10535.0,17465.0,10545.0,9109.0,10395.0,12826.0,10500.0,48507.0,9800.0,51509.0,9790.0,18011.0,9430.0,59394.0,9200.0,10208.0,9200.0,22137.0,9045.0,25888.0,9100.0,4604.0,9460.0,15993.0,9395.0,13341.0,9865.0,28922.0,9710.0,6756.0,9760.0,12948.0,9950.0,11386.0,9795.0,8780.0,9630.0,24588.0,9640.0,7044.0,9650.0,23769.0,9670.0,8803.0,9710.0,6492.0,9800.0,11603.0,9300.0,19050.0
396510,TIGER 차이나클린에너지SOLACTIVE,8465.0,32241.0,8495.0,23002.0,8470.0,8719.0,8690.0,18976.0,8900.0,16932.0,8840.0,14046.0,8810.0,14731.0,8710.0,8699.0,8995.0,14771.0,8820.0,15699.0,8800.0,10601.0,8575.0,16180.0,8470.0,12232.0,8380.0,30788.0,8550.0,19927.0,8695.0,16085.0,8920.0,22898.0,8685.0,46106.0,8790.0,23263.0,8920.0,17412.0,8900.0,4697.0,8810.0,4414.0,8855.0,12187.0,8735.0,3552.0,8740.0,8976.0,8680.0,17037.0,8785.0,12849.0,8915.0,9999.0,8950.0,13129.0,8940.0,25043.0
0047A0,TIGER 차이나테크TOP10,12695.0,558103.0,12805.0,1369527.0,12710.0,572896.0,12835.0,603014.0,12680.0,456491.0,12465.0,481031.0,12525.0,366491.0,12465.0,423021.0,12530.0,323789.0,12095.0,546831.0,12220.0,510811.0,12200.0,577109.0,12105.0,586860.0,12000.0,487974.0,11860.0,589157.0,11605.0,627728.0,11475.0,532796.0,11425.0,507942.0,11570.0,916063.0,11715.0,354297.0,11790.0,200194.0,11750.0,194146.0,11750.0,170282.0,11650.0,427155.0,11750.0,204618.0,11465.0,347294.0,11710.0,361203.0,11515.0,659929.0,11430.0,344502.0,11210.0,762622.0
117690,TIGER 차이나항셍30,23300.0,5676.0,23570.0,25958.0,23260.0,7944.0,23285.0,13370.0,23020.0,7356.0,22995.0,3240.0,22800.0,4631.0,22790.0,4337.0,22940.0,5657.0,22515.0,3930.0,22800.0,7135.0,23175.0,10492.0,23350.0,9378.0,23135.0,5262.0,22645.0,9598.0,22420.0,4088.0,22400.0,5270.0,22565.0,16254.0,22640.0,7672.0,22750.0,33006.0,22840.0,1283.0,22895.0,5819.0,22485.0,8367.0,22145.0,4970.0,22150.0,7454.0,22110.0,4513.0,22315.0,64883.0,22030.0,4914.0,21845.0,8627.0,21440.0,17926.0
371160,TIGER 차이나항셍테크,9515.0,2462637.0,9615.0,1965744.0,9440.0,1298796.0,9455.0,1343327.0,9355.0,1467043.0,9305.0,1484495.0,9255.0,1329974.0,9310.0,1194759.0,9365.0,1467344.0,9080.0,2192671.0,9150.0,1609810.0,9220.0,2249179.0,9150.0,1856736.0,9035.0,2002681.0,8830.0,2061238.0,8710.0,2480289.0,8615.0,2285015.0,8625.0,1618048.0,8670.0,1280102.0,8735.0,1137277.0,8745.0,1098802.0,8760.0,823304.0,8600.0,1026189.0,8475.0,1376048.0,8595.0,932605.0,8345.0,2431788.0,8545.0,1693542.0,8345.0,2019011.0,8265.0,1897970.0,8055.0,2585908.0
438320,TIGER 차이나항셍테크레버리지(합성 H),9400.0,179252.0,9535.0,113007.0,9255.0,79193.0,9245.0,64504.0,9055.0,84120.0,8905.0,83053.0,8870.0,62024.0,8895.0,56269.0,9080.0,95804.0,8865.0,84171.0,8945.0,67435.0,9375.0,190710.0,9235.0,59770.0,8910.0,47553.0,8195.0,223424.0,8145.0,227152.0,7940.0,217271.0,7750.0,187785.0,7740.0,110868.0,7930.0,98176.0,7970.0,62115.0,8130.0,28252.0,7935.0,44141.0,7710.0,71827.0,7830.0,38488.0,7450.0,242254.0,7840.0,159391.0,7440.0,188257.0,7455.0,29468.0,7100.0,157078.0
0053L0,TIGER 차이나휴머노이드로봇,14600.0,2093194.0,14335.0,1711979.0,14250.0,1545245.0,14740.0,1694074.0,14840.0,2044528.0,14555.0,1886386.0,14735.0,1448415.0,14590.0,1368941.0,14545.0,1467652.0,13890.0,2348024.0,13875.0,1681888.0,13635.0,2203859.0,13410.0,1538761.0,13350.0,1767309.0,13120.0,1588908.0,13355.0,1254078.0,13325.0,954278.0,13270.0,815410.0,13395.0,1418124.0,13480.0,979199.0,13675.0,993158.0,13510.0,680677.0,13500.0,630633.0,13650.0,852027.0,13900.0,769606.0,14170.0,1266011.0,14120.0,988086.0,13530.0,3280399.0,13425.0,1289970.0,13260.0,1511079.0
0117V0,TIGER 코리아AI전력기기TOP3플러스,13485.0,2682355.0,14130.0,5007256.0,14105.0,3224335.0,14305.0,2236085.0,14460.0,2455782.0,14415.0,2716429.0,14100.0,2345626.0,14190.0,1989905.0,14190.0,1938046.0,14110.0,2194970.0,14525.0,2434748.0,15005.0,3002806.0,15050.0,2383419.0,15200.0,2334648.0,13875.0,4621251.0,15030.0,2374234.0,15735.0,2716498.0,15245.0,2830276.0,14550.0,4196510.0,15750.0,3506542.0,15550.0,2799805.0,16095.0,2627598.0,16050.0,2270535.0,15900.0,1797031.0,16185.0,2282966.0,16800.0,2984383.0,17700.0,6512001.0,17940.0,5559659.0,18160.0,7645876.0,19000.0,8037558.0
292150,TIGER 코리아TOP10,24310.0,1568793.0,24500.0,2049993.0,24865.0,1499242.0,25215.0,2027205.0,25675.0,2892743.0,25270.0,2265565.0,25710.0,2049381.0,25905.0,3359544.0,26100.0,2215848.0,25625.0,2624096.0,26785.0,2630000.0,27515.0,3545396.0,27865.0,2960093.0,28225.0,3242003.0,26520.0,3624948.0,28590.0,2429606.0,28755.0,2206780.0,27400.0,3157422.0,27250.0,3898355.0,28290.0,2606084.0,28250.0,2073452.0,28460.0,1319742.0,29355.0,3187922.0,29455.0,4302710.0,30115.0,2913889.0,31010.0,3707523.0,31230.0,4336871.0,32170.0,3875205.0,32870.0,5273463.0,34780.0,7395979.0
0052D0,TIGER 코리아배당다우존스,13465.0,485522.0,13585.0,487206.0,13715.0,361417.0,13745.0,405724.0,13965.0,517425.0,14220.0,739154.0,14520.0,971149.0,14445.0,751771.0,14520.0,482964.0,14345.0,681481.0,14490.0,396255.0,14625.0,287092.0,14970.0,876124.0,14830.0,557731.0,14485.0,873898.0,14990.0,415976.0,15400.0,505637.0,15295.0,1359414.0,15150.0,754786.0,15640.0,1210102.0,16035.0,826895.0,16370.0,574821.0,16660.0,777092.0,16705.0,504266.0,17020.0,897745.0,17530.0,831991.0,17550.0,849851.0,17305.0,729763.0,17580.0,703461.0,17710.0,596180.0
0104P0,TIGER 코리아배당다우존스위클리커버드콜,10155.0,52852.0,10350.0,50520.0,10400.0,25950.0,10475.0,35024.0,10595.0,52075.0,10795.0,54770.0,11030.0,74991.0,11000.0,43878.0,11000.0,18851.0,10860.0,27051.0,11025.0,11149.0,11075.0,37283.0,11180.0,54836.0,11160.0,28654.0,10860.0,72691.0,11210.0,32497.0,11530.0,56609.0,11515.0,45442.0,11370.0,26921.0,11720.0,54274.0,11990.0,41670.0,12230.0,43283.0,12490.0,42843.0,12535.0,39422.0,12795.0,41794.0,13165.0,53507.0,13175.0,42070.0,12895.0,49885.0,13255.0,45341.0,13130.0,43737.0
496080,TIGER 코리아밸류업,19875.0,372724.0,20175.0,448508.0,20365.0,413126.0,20675.0,902375.0,20990.0,481125.0,20865.0,397265.0,21150.0,595697.0,21220.0,793279.0,21240.0,534676.0,21045.0,766198.0,21845.0,537903.0,22285.0,701426.0,22580.0,550044.0,23015.0,546641.0,21700.0,1109204.0,23240.0,1047616.0,23400.0,878302.0,22530.0,1621155.0,22355.0,2080179.0,23260.0,1061012.0,23295.0,370190.0,23545.0,453024.0,24200.0,712360.0,24290.0,1957730.0,24875.0,628680.0,25600.0,912505.0,25700.0,1739478.0,26175.0,696091.0,26690.0,1484409.0,28000.0,1570404.0
0091P0,TIGER 코리아원자력,12195.0,1736439.0,12525.0,4360723.0,12710.0,1935813.0,13485.0,7076680.0,14005.0,5159953.0,14805.0,6102263.0,14445.0,4029030.0,14140.0,3765787.0,14460.0,5868791.0,14335.0,2841434.0,14550.0,5920666.0,14525.0,3261604.0,14960.0,4116710.0,14290.0,2529332.0,13700.0,2810019.0,14580.0,1466093.0,15400.0,6208326.0,14985.0,4125804.0,14835.0,2629574.0,15575.0,4138923.0,15515.0,2686126.0,16220.0,4111053.0,16300.0,2687728.0,16240.0,3498577.0,17110.0,3349861.0,17935.0,11741506.0,18370.0,8642483.0,18550.0,4916768.0,19400.0,8239277.0,19790.0,6404469.0
471780,TIGER 코리아테크액티브,18785.0,89587.0,18970.0,65484.0,19150.0,37381.0,19255.0,16295.0,19410.0,13082.0,19075.0,87441.0,19060.0,182055.0,19345.0,43750.0,19395.0,57043.0,19890.0,29238.0,20605.0,93916.0,21500.0,84940.0,21790.0,75324.0,22205.0,109495.0,20920.0,233510.0,22365.0,208208.0,22465.0,137298.0,21445.0,117810.0,21190.0,163018.0,22260.0,189434.0,21860.0,141326.0,21790.0,109641.0,22385.0,245292.0,22205.0,121723.0,23220.0,272881.0,23475.0,188148.0,23745.0,217267.0,24770.0,236768.0,25220.0,275507.0,26710.0,271542.0
0148J0,TIGER 코리아휴머노이드로봇산업,10435.0,5074418.0,10770.0,6724023.0,11620.0,12488463.0,11820.0,16736104.0,13805.0,16399832.0,13750.0,22805007.0,14300.0,21677075.0,14035.0,16427845.0,13455.0,12739901.0,14410.0,19666502.0,14125.0,9538479.0,15060.0,15486505.0,15580.0,14219311.0,15200.0,11727358.0,14330.0,9816678.0,14930.0,5448368.0,14930.0,4633655.0,14300.0,4755488.0,13440.0,6816791.0,13970.0,4242675.0,14075.0,4558360.0,13980.0,2962995.0,13870.0,3165053.0,13535.0,3031239.0,13885.0,6131492.0,13595.0,4065559.0,13350.0,4940319.0,13910.0,6486373.0,14755.0,11647456.0,15000.0,13932912.0
232080,TIGER 코스닥150,16170.0,1625617.0,16015.0,1800933.0,16140.0,1530493.0,16320.0,2063818.0,16480.0,1447264.0,16530.0,2566394.0,15755.0,3738859.0,16210.0,2129620.0,16885.0,4338409.0,18810.0,18769625.0,19320.0,23170277.0,20750.0,28506947.0,21355.0,32430853.0,20900.0,32030754.0,19705.0,20993054.0,20550.0,13136573.0,20440.0,10430409.0,19550.0,11985203.0,18930.0,12604371.0,19980.0,7079726.0,19465.0,6446238.0,19505.0,4685111.0,19710.0,4494389.0,19330.0,5810198.0,20745.0,10628615.0,20630.0,9005053.0,20375.0,10747694.0,20570.0,5294958.0,20570.0,5721601.0,21430.0,12893971.0
233160,TIGER 코스닥150 레버리지,13465.0,252942.0,13175.0,219682.0,13385.0,262286.0,13680.0,253350.0,13920.0,528500.0,14030.0,692234.0,12740.0,900674.0,13455.0,505974.0,14605.0,839363.0,17945.0,3768111.0,18835.0,3846469.0,21670.0,3864279.0,22945.0,7577229.0,21925.0,7188723.0,19380.0,6948715.0,21065.0,3877059.0,20820.0,2916429.0,19005.0,3548574.0,17755.0,3637505.0,19775.0,2869048.0,18810.0,1897572.0,18805.0,1231587.0,19250.0,1349506.0,18490.0,1430483.0,21195.0,3318283.0,20935.0,1661467.0,20440.0,2328483.0,20800.0,1251110.0,20835.0,1187283.0,22560.0,3190438.0
261060,TIGER 코스닥150IT,17350.0,11729.0,17495.0,6198.0,17540.0,8140.0,17605.0,11282.0,17925.0,9257.0,17745.0,19529.0,17700.0,9647.0,17775.0,18748.0,18105.0,18774.0,19545.0,146555.0,20605.0,292907.0,22505.0,446486.0,23000.0,780784.0,23950.0,625664.0,22080.0,599113.0,23520.0,306164.0,23300.0,218577.0,22200.0,135978.0,22315.0,222509.0,23700.0,150222.0,22805.0,142886.0,22830.0,89555.0,23305.0,86682.0,22875.0,129635.0,24115.0,253148.0,24070.0,162980.0,23650.0,131441.0,23885.0,113546.0,23690.0,249466.0,25210.0,257541.0
261070,TIGER 코스닥150바이오테크,18265.0,193097.0,17785.0,153173.0,17825.0,95357.0,18370.0,326831.0,18255.0,179910.0,18215.0,368727.0,16620.0,1098658.0,17165.0,479233.0,18465.0,626786.0,20585.0,2206920.0,20915.0,1918063.0,21825.0,1465276.0,22465.0,1571293.0,21050.0,1668766.0,19995.0,1180253.0,20765.0,476251.0,20500.0,372944.0,19570.0,479105.0,18685.0,601420.0,19710.0,399322.0,19370.0,249959.0,19460.0,400528.0,19575.0,299629.0,19380.0,197368.0,20950.0,914875.0,20615.0,378040.0,20600.0,744422.0,20595.0,389895.0,20415.0,283443.0,21405.0,1088760.0
250780,TIGER 코스닥150선물인버스,2890.0,265855.0,2920.0,168188.0,2885.0,361267.0,2870.0,395539.0,2835.0,74673.0,2830.0,272640.0,2960.0,517592.0,2865.0,342255.0,2745.0,439678.0,2435.0,1248769.0,2375.0,1026848.0,2200.0,1583335.0,2130.0,1956367.0,2170.0,1349473.0,2290.0,2241640.0,2205.0,1522866.0,2210.0,807465.0,2305.0,919141.0,2385.0,2016660.0,2265.0,949582.0,2310.0,1004520.0,2300.0,1004084.0,2285.0,334944.0,2325.0,596354.0,2160.0,788178.0,2175.0,359157.0,2195.0,789504.0,2175.0,455145.0,2175.0,576712.0,2090.0,620916.0
461580,TIGER 코스닥글로벌,15660.0,2040.0,15575.0,7157.0,15550.0,2534.0,15820.0,2414.0,15930.0,20764.0,15755.0,8977.0,14730.0,11627.0,15225.0,4317.0,15780.0,6261.0,17405.0,113877.0,17765.0,82995.0,19475.0,755900.0,19995.0,260112.0,19800.0,143172.0,18555.0,104858.0,19365.0,89547.0,19325.0,61696.0,18515.0,35312.0,17895.0,60656.0,18840.0,44175.0,18390.0,51060.0,18240.0,46982.0,18410.0,32220.0,18125.0,587058.0,19400.0,76000.0,19125.0,580408.0,19015.0,62087.0,19220.0,22700.0,19190.0,39160.0,19770.0,54073.0
277630,TIGER 코스피,48820.0,102854.0,49145.0,91597.0,49945.0,103842.0,50420.0,167933.0,51130.0,104322.0,50860.0,96812.0,51145.0,129809.0,51590.0,99868.0,51980.0,165860.0,51550.0,266095.0,52850.0,160422.0,53780.0,119429.0,54355.0,175901.0,54435.0,156553.0,51525.0,214665.0,54880.0,170611.0,55875.0,116290.0,53865.0,175399.0,53015.0,225570.0,55000.0,128202.0,55215.0,117574.0,55610.0,104162.0,57310.0,93856.0,57355.0,89960.0,58940.0,125731.0,60590.0,104283.0,60805.0,159565.0,62105.0,119192.0,63440.0,198193.0,65755.0,201869.0
210780,TIGER 코스피고배당,20920.0,31911.0,21135.0,42703.0,21320.0,23278.0,21385.0,40925.0,21665.0,41849.0,22045.0,41898.0,22160.0,36859.0,22130.0,48059.0,22450.0,41532.0,22255.0,37740.0,22650.0,45901.0,22795.0,41960.0,23375.0,58277.0,23290.0,51456.0,22500.0,109787.0,23460.0,55711.0,24225.0,59948.0,23890.0,96523.0,23770.0,101779.0,24480.0,45968.0,25000.0,50794.0,25330.0,46181.0,25800.0,55662.0,26370.0,85079.0,27185.0,105229.0,27980.0,144182.0,27615.0,123099.0,27300.0,111156.0,27615.0,82550.0,27600.0,85365.0
277640,TIGER 코스피대형주,24750.0,38563.0,24925.0,29934.0,25410.0,27906.0,25585.0,53557.0,26005.0,66278.0,25835.0,57044.0,25870.0,59175.0,26160.0,50359.0,26365.0,45392.0,26170.0,50456.0,27005.0,47810.0,27390.0,53543.0,27730.0,91220.0,27790.0,88685.0,26210.0,101466.0,27990.0,67159.0,28470.0,76427.0,27320.0,69051.0,26975.0,96315.0,27960.0,80437.0,28000.0,50638.0,28250.0,74424.0,29100.0,77477.0,29235.0,65526.0,30100.0,69513.0,30800.0,67469.0,30980.0,110262.0,31655.0,92003.0,32475.0,123349.0,33805.0,139506.0
277650,TIGER 코스피중형주,19615.0,827.0,19860.0,3200.0,19970.0,864.0,20050.0,309.0,20230.0,1584.0,20500.0,1234.0,20360.0,491.0,20595.0,1135.0,20870.0,4912.0,20725.0,7503.0,20835.0,1402.0,21130.0,2935.0,21365.0,2128.0,21230.0,10093.0,20535.0,3480.0,21470.0,1900.0,22085.0,2970.0,21700.0,1820.0,21320.0,1639.0,22060.0,432.0,22555.0,918.0,22625.0,1055.0,23170.0,2752.0,22845.0,3615.0,23500.0,1623.0,23640.0,2336.0,23880.0,2566.0,24140.0,929.0,24265.0,2817.0,24280.0,1520.0
376410,TIGER 탄소효율그린뉴딜,16015.0,11397.0,16105.0,6163.0,16365.0,5182.0,16645.0,9608.0,16830.0,8855.0,16725.0,2343.0,16830.0,8600.0,16980.0,3162.0,17150.0,8873.0,17205.0,5980.0,17675.0,16558.0,18050.0,3665.0,18190.0,5574.0,18290.0,13983.0,17320.0,19632.0,18410.0,13574.0,18710.0,5206.0,17910.0,8901.0,17700.0,22865.0,18455.0,9666.0,18480.0,3118.0,18710.0,3352.0,19185.0,7648.0,19205.0,7210.0,19795.0,6697.0,20240.0,5270.0,20315.0,5485.0,20865.0,9123.0,21180.0,8238.0,22185.0,6523.0
447770,TIGER 테슬라채권혼합Fn,15230.0,634572.0,15210.0,497351.0,15095.0,683144.0,15095.0,623364.0,15015.0,649873.0,14940.0,655651.0,14855.0,688547.0,15030.0,547381.0,15270.0,749256.0,15045.0,658164.0,15000.0,639233.0,14900.0,706172.0,14920.0,697429.0,14710.0,829788.0,14755.0,898915.0,14815.0,723130.0,14720.0,527703.0,14610.0,564995.0,14530.0,642191.0,14690.0,502517.0,14730.0,412743.0,14855.0,359882.0,14860.0,366890.0,14665.0,693193.0,14680.0,799956.0,14650.0,651910.0,14570.0,738592.0,14495.0,639866.0,14590.0,477992.0,14660.0,640021.0
0060H0,TIGER 토탈월드스탁액티브,12365.0,135419.0,12390.0,195332.0,12345.0,178596.0,12425.0,267400.0,12310.0,171439.0,12255.0,871789.0,12200.0,197054.0,12245.0,137499.0,12335.0,159471.0,12085.0,361219.0,12265.0,160929.0,12125.0,431759.0,12095.0,470715.0,12060.0,201781.0,12035.0,239540.0,12165.0,273120.0,12285.0,348718.0,12270.0,278805.0,12125.0,549930.0,12315.0,652251.0,12430.0,124322.0,12400.0,84767.0,12315.0,109859.0,12140.0,136782.0,12235.0,227509.0,12245.0,178590.0,12175.0,135030.0,12205.0,154654.0,12140.0,175894.0,12210.0,241678.0
387280,TIGER 퓨처모빌리티액티브,10585.0,52690.0,10410.0,30224.0,10810.0,37893.0,10565.0,31880.0,11095.0,41252.0,10825.0,27829.0,11250.0,52299.0,11310.0,49080.0,11230.0,15925.0,11390.0,31839.0,11485.0,62075.0,11940.0,53222.0,12195.0,76327.0,12215.0,48939.0,11555.0,35982.0,12200.0,18506.0,12185.0,13727.0,11640.0,24847.0,11165.0,20157.0,11640.0,15023.0,11590.0,17354.0,11675.0,36123.0,11770.0,15757.0,11560.0,15127.0,11990.0,16476.0,12065.0,18614.0,12100.0,17493.0,12390.0,56961.0,13260.0,122085.0,13855.0,66910.0
449690,TIGER 한중반도체(합성),30775.0,1071.0,31215.0,682.0,31130.0,516.0,32195.0,2566.0,32260.0,1558.0,31660.0,1119.0,32280.0,788.0,32485.0,897.0,32335.0,985.0,32235.0,1101.0,33675.0,1489.0,34600.0,1226.0,34380.0,1109.0,35540.0,1951.0,33415.0,1892.0,35105.0,776.0,34630.0,735.0,33595.0,385.0,33495.0,268.0,34835.0,847.0,34645.0,141.0,34150.0,270.0,34785.0,284.0,35235.0,735.0,35760.0,4419.0,36065.0,838.0,36015.0,1236.0,36750.0,354.0,36900.0,285.0,39020.0,1851.0
449680,TIGER 한중전기차(합성),12100.0,1463.0,11920.0,1915.0,12195.0,113.0,12025.0,514.0,12555.0,1981.0,12660.0,1308.0,12930.0,600.0,12900.0,753.0,12945.0,285.0,12860.0,210.0,12705.0,344.0,12735.0,625.0,12890.0,2770.0,12720.0,88.0,12435.0,49.0,12500.0,978.0,12825.0,1143.0,12825.0,65.0,12530.0,26.0,12660.0,20.0,12795.0,10.0,12915.0,37.0,12950.0,9.0,12875.0,311.0,13200.0,3813.0,13075.0,1494.0,13210.0,58.0,13405.0,68.0,13775.0,2017.0,13995.0,37.0
143860,TIGER 헬스케어,50660.0,149710.0,49650.0,179000.0,49825.0,114089.0,50485.0,222592.0,49850.0,113319.0,50075.0,145033.0,46975.0,547545.0,47655.0,251031.0,49865.0,297153.0,52365.0,807255.0,52815.0,466096.0,54240.0,535290.0,54970.0,431031.0,52635.0,326546.0,50550.0,333697.0,52425.0,107330.0,52495.0,114554.0,51150.0,161203.0,49565.0,182882.0,51735.0,89412.0,51625.0,91590.0,52495.0,80344.0,52675.0,77281.0,52055.0,58256.0,54700.0,323599.0,54245.0,195006.0,54355.0,249557.0,54895.0,284421.0,54410.0,124258.0,55520.0,297780.0
138540,TIGER 현대차그룹플러스,52035.0,1656979.0,52700.0,1062662.0,54300.0,1007670.0,53325.0,1209884.0,58310.0,1933640.0,57470.0,2115625.0,61245.0,2614449.0,59490.0,2493564.0,58560.0,1633014.0,57240.0,1154144.0,56600.0,1556936.0,56010.0,1508988.0,58320.0,2450784.0,56530.0,1206697.0,54480.0,1271055.0,56610.0,954282.0,57415.0,849652.0,56175.0,767834.0,54710.0,567851.0,55730.0,403389.0,56005.0,560820.0,58500.0,1059603.0,58800.0,613764.0,58200.0,574182.0,59920.0,755841.0,61005.0,727719.0,61630.0,1254303.0,61880.0,1033679.0,66810.0,3000700.0,70545.0,2015463.0
228790,TIGER 화장품,3305.0,6533426.0,3365.0,4879636.0,3350.0,3624571.0,3350.0,5509593.0,3310.0,3966518.0,3405.0,10327235.0,3440.0,7928334.0,3620.0,14079220.0,3655.0,8586656.0,3725.0,10281918.0,3710.0,10938815.0,3780.0,10050548.0,3865.0,10859332.0,3810.0,6116451.0,3710.0,8221127.0,3735.0,7519734.0,3705.0,9203192.0,3650.0,9604294.0,3590.0,6828436.0,3800.0,7933859.0,3810.0,4022083.0,3790.0,2897810.0,3785.0,3792553.0,3760.0,3803386.0,3800.0,4335848.0,3750.0,4886257.0,3720.0,4581202.0,3720.0,3669088.0,3715.0,4256982.0,3720.0,5853616.0
441800,TIME Korea플러스배당액티브,21280.0,258386.0,21555.0,212051.0,21900.0,323985.0,22130.0,422525.0,22295.0,399025.0,22120.0,394868.0,22235.0,274361.0,22510.0,371153.0,22890.0,388825.0,22575.0,411513.0,23485.0,489159.0,23880.0,546634.0,24495.0,658482.0,24940.0,766922.0,23550.0,983212.0,25340.0,726148.0,25590.0,625178.0,24805.0,687418.0,24480.0,782215.0,25755.0,515597.0,25975.0,618158.0,26145.0,570402.0,27105.0,688958.0,27785.0,1300793.0,29170.0,1888535.0,29895.0,1430694.0,29555.0,1749486.0,29525.0,1269395.0,30065.0,898812.0,30790.0,867746.0
463050,TIME K바이오액티브,19625.0,1454803.0,19135.0,1371835.0,19200.0,1024980.0,19600.0,3670647.0,19360.0,1655947.0,19190.0,3012162.0,17435.0,8013908.0,17705.0,3245174.0,18600.0,3598967.0,19810.0,5612530.0,19855.0,2774687.0,20350.0,3586039.0,20615.0,2581617.0,19550.0,2729271.0,18585.0,1535657.0,19550.0,924964.0,19500.0,1180442.0,18875.0,1071661.0,18130.0,919297.0,19070.0,843389.0,18840.0,714622.0,19225.0,1242757.0,19225.0,673606.0,18900.0,510504.0,19915.0,1387925.0,19570.0,591049.0,20020.0,1209588.0,20020.0,1223769.0,19850.0,843623.0,20735.0,2378096.0
404120,TIME K신재생에너지액티브,19450.0,5904.0,19990.0,6159.0,20400.0,6908.0,20540.0,3798.0,21065.0,12424.0,21170.0,8221.0,21210.0,7632.0,21445.0,6167.0,21485.0,6852.0,21470.0,4244.0,21925.0,7329.0,22335.0,6640.0,22915.0,4194.0,22630.0,7573.0,21140.0,8031.0,22455.0,16289.0,23400.0,7615.0,22435.0,17685.0,21925.0,16848.0,22925.0,14675.0,22670.0,10467.0,22840.0,5057.0,23320.0,6057.0,22965.0,3155.0,24540.0,9957.0,24650.0,10841.0,24660.0,13111.0,25125.0,8196.0,25985.0,14046.0,26840.0,22731.0
385710,TIME K이노베이션액티브,11130.0,13159.0,11040.0,15872.0,11395.0,17926.0,11260.0,6526.0,11770.0,31566.0,12095.0,120703.0,12005.0,35150.0,12205.0,119778.0,11765.0,74965.0,12225.0,128523.0,12220.0,37456.0,12640.0,60692.0,13150.0,115672.0,12870.0,57024.0,12405.0,80700.0,13100.0,45393.0,13375.0,154141.0,12715.0,62184.0,12600.0,57230.0,12875.0,51480.0,12705.0,47466.0,12685.0,6242.0,12860.0,108545.0,12880.0,15308.0,13300.0,28259.0,13110.0,14262.0,12900.0,28907.0,13145.0,72151.0,13390.0,14056.0,13660.0,85030.0
410870,TIME K컬처액티브,11315.0,49595.0,11450.0,56538.0,11500.0,266405.0,11510.0,83344.0,11490.0,99877.0,11650.0,97953.0,11590.0,66041.0,12040.0,158413.0,12200.0,310336.0,12550.0,279296.0,12465.0,363786.0,12810.0,94351.0,13010.0,120202.0,12970.0,138177.0,12355.0,196970.0,12520.0,92274.0,12530.0,156548.0,12190.0,78113.0,11945.0,82139.0,12340.0,167705.0,12535.0,83982.0,12660.0,71665.0,12530.0,46669.0,12420.0,35405.0,12785.0,124453.0,12755.0,46866.0,12555.0,70772.0,12490.0,48752.0,12525.0,39555.0,12480.0,81219.0
456600,TIME 글로벌AI인공지능액티브,39330.0,551698.0,39740.0,471363.0,39730.0,505966.0,40325.0,572096.0,40000.0,522516.0,39550.0,395619.0,40105.0,631541.0,41150.0,564511.0,40930.0,584441.0,39595.0,497405.0,40115.0,389853.0,40900.0,560871.0,42445.0,613456.0,42040.0,651219.0,39900.0,544350.0,42300.0,557817.0,42780.0,647095.0,40270.0,875970.0,38870.0,549379.0,40515.0,393948.0,41075.0,262653.0,39945.0,228065.0,40410.0,332043.0,39845.0,422151.0,40710.0,266865.0,40935.0,452664.0,40540.0,436746.0,41645.0,410944.0,41765.0,551147.0,42600.0,723234.0
485810,TIME 글로벌바이오액티브,11450.0,30232.0,11395.0,30328.0,11435.0,31067.0,11385.0,43135.0,11260.0,29341.0,11215.0,24350.0,11145.0,41396.0,11360.0,18236.0,11435.0,18501.0,11025.0,31240.0,11190.0,14429.0,10835.0,35310.0,10700.0,31108.0,10775.0,27610.0,10890.0,26132.0,11120.0,19966.0,10830.0,16226.0,10970.0,20168.0,10620.0,18164.0,10765.0,58287.0,10785.0,9741.0,10630.0,16912.0,10545.0,10515.0,10420.0,12160.0,10570.0,14814.0,10665.0,11899.0,10525.0,15152.0,10620.0,9506.0,10535.0,13141.0,10390.0,15187.0
494180,TIME 글로벌소비트렌드액티브,13740.0,7015.0,13810.0,2166.0,13830.0,1136.0,13750.0,8583.0,13645.0,3343.0,13640.0,4938.0,13800.0,4850.0,14015.0,3952.0,13950.0,1284.0,13680.0,21687.0,13895.0,7869.0,13745.0,4761.0,13820.0,2984.0,13590.0,12846.0,13560.0,7915.0,13705.0,45825.0,13560.0,12352.0,13775.0,3431.0,13550.0,3109.0,14065.0,10251.0,13950.0,949.0,13955.0,7551.0,13940.0,633.0,13710.0,2043.0,14015.0,612.0,13860.0,1614.0,13860.0,2314.0,13905.0,6264.0,13910.0,759.0,13960.0,3114.0
478150,TIME 글로벌우주테크&방산액티브,23065.0,927383.0,23285.0,642252.0,23340.0,741836.0,23510.0,685757.0,23695.0,1396994.0,23670.0,701839.0,23300.0,723231.0,23300.0,568229.0,23015.0,423064.0,22565.0,429054.0,22425.0,450279.0,22705.0,467509.0,22530.0,783778.0,22540.0,378064.0,22105.0,354354.0,22290.0,402680.0,23065.0,478102.0,22160.0,394277.0,21435.0,410407.0,22335.0,269919.0,22555.0,211790.0,22305.0,232355.0,21865.0,323200.0,21645.0,192263.0,22720.0,220072.0,23120.0,337987.0,22675.0,294151.0,22620.0,319339.0,22515.0,409681.0,22115.0,772310.0
0113D0,TIME 글로벌탑픽액티브,10840.0,156665.0,10875.0,172080.0,10860.0,140021.0,10965.0,145351.0,11000.0,234323.0,10950.0,173728.0,10920.0,236743.0,11020.0,173292.0,11035.0,269490.0,10875.0,225385.0,11005.0,137084.0,11125.0,154701.0,11330.0,314698.0,11290.0,445451.0,10845.0,387641.0,11170.0,363372.0,11260.0,311090.0,10990.0,263816.0,10770.0,206930.0,11110.0,203052.0,11185.0,328059.0,11070.0,168561.0,11125.0,175392.0,11000.0,208912.0,11225.0,166903.0,11250.0,193108.0,11255.0,151732.0,11400.0,132705.0,11420.0,189898.0,11505.0,252637.0
426020,TIME 미국S&P500액티브,28665.0,180603.0,28790.0,96298.0,28525.0,194657.0,28885.0,144205.0,28680.0,152728.0,28385.0,120804.0,28330.0,127366.0,28810.0,253979.0,28775.0,158496.0,28110.0,125361.0,28390.0,108566.0,28335.0,215304.0,28550.0,188447.0,28520.0,200348.0,28300.0,100921.0,29015.0,221430.0,29050.0,199543.0,28720.0,216521.0,28200.0,141779.0,28885.0,189831.0,29020.0,138050.0,28755.0,149306.0,28890.0,106513.0,28485.0,151439.0,28795.0,113180.0,28875.0,121786.0,28625.0,181847.0,28990.0,140929.0,29040.0,155906.0,29150.0,162548.0
426030,TIME 미국나스닥100액티브,37430.0,785473.0,37875.0,692718.0,37675.0,589160.0,37995.0,468922.0,37480.0,530801.0,37185.0,487623.0,37350.0,675064.0,37850.0,623572.0,37635.0,302839.0,36455.0,614192.0,36750.0,893763.0,37355.0,625905.0,38180.0,820065.0,37920.0,906150.0,36485.0,785718.0,38410.0,634869.0,38545.0,596721.0,36600.0,971347.0,35785.0,889672.0,37170.0,619007.0,37720.0,357716.0,36830.0,486451.0,37180.0,435259.0,36525.0,467910.0,37080.0,452792.0,37225.0,509998.0,37060.0,505269.0,37825.0,577667.0,37820.0,494405.0,38335.0,697906.0
0019K0,TIME 미국나스닥100채권혼합50액티브,11820.0,175131.0,11890.0,211910.0,11800.0,225869.0,11870.0,181519.0,11795.0,213466.0,11780.0,230140.0,11785.0,206253.0,11885.0,219998.0,11920.0,209806.0,11740.0,320452.0,11795.0,210998.0,11820.0,263380.0,11910.0,320618.0,11815.0,281796.0,11730.0,215406.0,11945.0,212327.0,11935.0,186178.0,11730.0,247548.0,11645.0,310210.0,11800.0,217519.0,11855.0,129253.0,11780.0,154669.0,11795.0,175531.0,11705.0,250598.0,11785.0,286509.0,11825.0,263609.0,11750.0,277010.0,11850.0,157037.0,11870.0,213674.0,11935.0,363076.0
0036D0,TIME 미국배당다우존스액티브,10840.0,14603.0,10820.0,15521.0,10835.0,29601.0,10880.0,27507.0,10725.0,77095.0,10740.0,31956.0,10635.0,20136.0,10735.0,25284.0,10780.0,19183.0,10585.0,31786.0,10620.0,26429.0,10525.0,40156.0,10560.0,38209.0,10600.0,75964.0,10730.0,44673.0,10815.0,35290.0,10895.0,25072.0,10860.0,37042.0,10895.0,29847.0,11090.0,44437.0,11130.0,28494.0,10985.0,60747.0,11010.0,149294.0,10830.0,28916.0,10960.0,37774.0,11040.0,66112.0,10945.0,38027.0,10950.0,40507.0,10925.0,76718.0,10935.0,41968.0
0043Y0,TIME 차이나AI테크액티브,15475.0,616820.0,15540.0,248080.0,15580.0,290671.0,16080.0,277536.0,16265.0,408685.0,16030.0,381114.0,15935.0,287965.0,16135.0,403662.0,16170.0,326858.0,15865.0,291891.0,15980.0,246213.0,16100.0,349267.0,15860.0,507489.0,15975.0,407754.0,15505.0,307918.0,15435.0,328859.0,15435.0,979431.0,15100.0,623992.0,15065.0,380775.0,15545.0,248283.0,15635.0,234887.0,15655.0,180265.0,15630.0,132482.0,15550.0,133506.0,15785.0,113905.0,15685.0,202808.0,15945.0,547866.0,16080.0,298899.0,15970.0,302316.0,15975.0,349567.0
495060,TIME 코리아밸류업액티브,18450.0,70273.0,18500.0,53020.0,18740.0,55586.0,18925.0,88791.0,19300.0,114876.0,19025.0,90282.0,19290.0,96986.0,19315.0,163346.0,19525.0,79681.0,19260.0,309413.0,19965.0,122536.0,20345.0,198476.0,21055.0,195807.0,21240.0,215460.0,19840.0,272631.0,21765.0,169491.0,22060.0,334476.0,21000.0,311361.0,20680.0,217813.0,21610.0,152015.0,21580.0,219431.0,21585.0,186526.0,22180.0,179594.0,22525.0,225915.0,23470.0,433368.0,23920.0,397088.0,23860.0,334706.0,24200.0,219095.0,24875.0,382091.0,26080.0,313582.0
385720,TIME 코스피액티브,17325.0,578715.0,17415.0,193313.0,17700.0,207630.0,17850.0,197545.0,18235.0,757653.0,17970.0,268471.0,18250.0,736945.0,18250.0,246378.0,18310.0,262655.0,18075.0,194918.0,18610.0,295497.0,19135.0,631490.0,19650.0,501516.0,19750.0,280013.0,18510.0,463323.0,19825.0,172399.0,20100.0,249202.0,19060.0,404766.0,18610.0,419237.0,19505.0,249441.0,19350.0,175607.0,19365.0,208293.0,19900.0,191406.0,20035.0,192595.0,20490.0,301340.0,20900.0,202919.0,20920.0,302065.0,21605.0,231157.0,22190.0,601075.0,23320.0,463850.0
108590,TREX 200,68530.0,171.0,68875.0,342.0,70030.0,496.0,70820.0,228.0,71815.0,2001.0,71240.0,1447.0,71770.0,270.0,72610.0,167.0,73010.0,192.0,72310.0,276.0,74840.0,302.0,76110.0,512.0,76900.0,1877.0,77235.0,349.0,72665.0,1272.0,78210.0,287.0,79305.0,139.0,76040.0,6359.0,75130.0,315.0,78355.0,194.0,78365.0,188.0,79080.0,176.0,81920.0,234.0,81820.0,1145.0,84335.0,385.0,86215.0,444.0,86905.0,893.0,89005.0,2623.0,90825.0,1027.0,94915.0,1225.0
145850,TREX 펀더멘탈 200,72440.0,306.0,73360.0,109.0,74595.0,102.0,75410.0,102.0,76895.0,237.0,76665.0,232.0,78150.0,84.0,78715.0,212.0,78955.0,237.0,78205.0,281.0,80365.0,428.0,81395.0,310.0,82100.0,210.0,81820.0,117.0,77955.0,34.0,83125.0,67.0,84660.0,53.0,81895.0,96.0,80830.0,17.0,83900.0,32.0,84545.0,206.0,86055.0,18.0,88990.0,51.0,89070.0,316.0,91830.0,146.0,93015.0,396.0,94290.0,197.0,96160.0,159.0,98570.0,103.0,102905.0,188.0
472720,TRUSTON 주주가치액티브,19305.0,57844.0,19780.0,8701.0,19880.0,1132.0,19845.0,5310.0,20060.0,14131.0,20265.0,8372.0,20325.0,2455.0,20280.0,4512.0,20695.0,4825.0,20465.0,4347.0,20755.0,4193.0,21040.0,5625.0,21555.0,5005.0,21590.0,2372.0,20485.0,10387.0,21790.0,5316.0,21915.0,4573.0,21425.0,3088.0,21170.0,7226.0,21935.0,9167.0,22215.0,8617.0,22770.0,5095.0,23200.0,8290.0,23325.0,5796.0,24020.0,9755.0,24680.0,7154.0,24765.0,11027.0,24750.0,4346.0,25550.0,10985.0,26240.0,7465.0
496130,TRUSTON 코리아밸류업액티브,17510.0,120.0,17970.0,1165.0,18105.0,580.0,18350.0,212.0,18375.0,128.0,18385.0,1226.0,18530.0,776.0,18660.0,1258.0,18880.0,53680.0,18640.0,1974.0,19130.0,969.0,19480.0,1050.0,19770.0,1750.0,20065.0,2082.0,18810.0,4053.0,20050.0,612.0,20495.0,754.0,19700.0,4024.0,19355.0,5914.0,20165.0,1240.0,20460.0,1031.0,20740.0,1210.0,21350.0,1509.0,21245.0,992.0,21780.0,947.0,22170.0,1844.0,22390.0,2955.0,22845.0,2097.0,23480.0,1578.0,24305.0,1634.0
433250,UNICORN R&D 액티브,19535.0,32.0,19490.0,165.0,19670.0,14.0,19670.0,410.0,20015.0,92.0,19945.0,55.0,20065.0,406.0,20230.0,53.0,20380.0,25.0,20365.0,24.0,20620.0,11.0,20840.0,184.0,21165.0,8.0,21080.0,60.0,20150.0,16.0,21240.0,14.0,21310.0,34.0,20490.0,7.0,20155.0,7570.0,20735.0,5.0,20685.0,4.0,20905.0,26.0,21070.0,18.0,20970.0,1027.0,21510.0,37.0,21790.0,13.0,22045.0,34.0,22430.0,387.0,22845.0,218.0,23935.0,142.0
494220,UNICORN SK하이닉스밸류체인액티브,23680.0,281244.0,24120.0,196202.0,23950.0,204263.0,24370.0,400207.0,24305.0,321935.0,23850.0,266735.0,23815.0,226505.0,24340.0,301241.0,24460.0,279372.0,24985.0,298949.0,26600.0,469627.0,28410.0,505098.0,28950.0,690725.0,30400.0,744636.0,27875.0,643031.0,30080.0,397571.0,29850.0,363263.0,28380.0,407085.0,28140.0,387875.0,29995.0,368295.0,29400.0,229062.0,29200.0,128332.0,29800.0,290956.0,29765.0,268033.0,31065.0,264723.0,31775.0,586244.0,31450.0,311741.0,33095.0,625434.0,33370.0,413756.0,35300.0,630348.0
470310,UNICORN 생성형AI강소기업액티브,12185.0,654.0,12140.0,732.0,12110.0,286.0,12210.0,1182.0,12300.0,953.0,12250.0,14259.0,12170.0,8340.0,12255.0,3550.0,12455.0,673.0,12625.0,3103.0,12950.0,1319.0,13520.0,1600.0,13705.0,2653.0,13720.0,1944.0,13005.0,12868.0,13715.0,6035.0,13750.0,1961.0,13080.0,586.0,12855.0,1731.0,13415.0,2014.0,13160.0,509.0,13345.0,1662.0,13385.0,219.0,13150.0,333.0,13585.0,2612.0,13710.0,9105.0,13820.0,9331.0,14220.0,1771.0,14250.0,1347.0,14875.0,759.0
476000,UNICORN 포스트IPO액티브,11735.0,3625.0,11715.0,1842.0,11920.0,3142.0,11910.0,744.0,11950.0,1011.0,12275.0,1325.0,11825.0,917.0,12200.0,5643.0,12230.0,898.0,12750.0,742.0,12670.0,1171.0,12685.0,904.0,12605.0,371.0,12765.0,674.0,12340.0,1225.0,13020.0,830.0,12985.0,887.0,12550.0,324.0,11750.0,646.0,12245.0,772.0,12310.0,192.0,12375.0,279.0,12525.0,840.0,12295.0,752.0,12215.0,20313.0,11940.0,809.0,12225.0,525.0,12500.0,542.0,12500.0,1102.0,12470.0,1032.0
422260,VITA MZ소비액티브,9795.0,80.0,10010.0,541.0,9910.0,783.0,9955.0,19934.0,9830.0,1511.0,10095.0,2054.0,10085.0,463.0,10345.0,2762.0,10400.0,1513.0,10430.0,1865.0,10400.0,5587.0,10490.0,10470.0,10880.0,3941.0,10885.0,4668.0,10565.0,3009.0,10820.0,3778.0,11030.0,10512.0,10880.0,157.0,10690.0,6769.0,11180.0,7714.0,11595.0,3446.0,11385.0,3288.0,11335.0,215.0,11290.0,2774.0,11175.0,638.0,11035.0,425.0,11320.0,2454.0,11225.0,826.0,11150.0,5981.0,10970.0,2481.0
452440,VITA 밸류알파액티브,16850.0,307.0,17140.0,113.0,17175.0,330.0,17305.0,203.0,17180.0,406.0,17440.0,1818.0,17225.0,248.0,17815.0,454.0,17845.0,857.0,18055.0,198.0,17930.0,35978.0,18170.0,8.0,18510.0,51.0,18285.0,342.0,17945.0,130.0,18065.0,24.0,18480.0,26.0,18510.0,1023.0,18225.0,121.0,19015.0,274.0,19525.0,2217.0,19635.0,846.0,19630.0,67.0,19410.0,2414.0,19460.0,37.0,19420.0,1387.0,19655.0,14.0,19655.0,0.0,19660.0,3.0,19615.0,9.0
448100,WON 200,70520.0,2265.0,70915.0,4471.0,71890.0,3699.0,72905.0,11176.0,73920.0,7029.0,73380.0,26443.0,73920.0,4820.0,74775.0,6518.0,75250.0,12628.0,74495.0,6080.0,77045.0,11963.0,78445.0,18928.0,79390.0,83122.0,79510.0,37750.0,74980.0,179308.0,80650.0,132089.0,81790.0,19181.0,78400.0,27071.0,77460.0,38931.0,80690.0,48113.0,80805.0,51621.0,81440.0,12627.0,84370.0,15038.0,84285.0,11303.0,86830.0,23506.0,88890.0,9008.0,89560.0,26657.0,91780.0,44356.0,93635.0,29911.0,97820.0,42156.0
413930,WON AI ESG액티브,18450.0,689.0,18555.0,482.0,18695.0,7984.0,18900.0,1793.0,19160.0,1491.0,19085.0,6706.0,19155.0,12599.0,19270.0,2472.0,19370.0,6994.0,19345.0,2707.0,19845.0,716.0,20235.0,7650.0,20405.0,876.0,20515.0,8134.0,19365.0,1716.0,20660.0,7693.0,20985.0,1557.0,20055.0,813.0,19910.0,2593.0,20730.0,723.0,20630.0,653.0,20955.0,2500.0,21495.0,5057.0,21500.0,1220.0,22160.0,2614.0,22645.0,1412.0,22815.0,6613.0,23355.0,1029.0,23815.0,7689.0,24900.0,9660.0
0088N0,WON K-글로벌수급상위,11515.0,89292.0,11625.0,250016.0,11745.0,283480.0,11685.0,82534.0,11835.0,76060.0,11780.0,242241.0,11635.0,67638.0,11825.0,82575.0,11960.0,282640.0,12070.0,403238.0,12070.0,63657.0,12345.0,389882.0,12400.0,160115.0,12760.0,373644.0,12195.0,187779.0,12690.0,148565.0,12875.0,191415.0,12505.0,73445.0,12235.0,128035.0,12580.0,43131.0,12550.0,37096.0,12515.0,45460.0,12580.0,64141.0,12480.0,101036.0,12865.0,118651.0,12960.0,87330.0,13270.0,187199.0,13335.0,193630.0,13280.0,83108.0,13485.0,122383.0
458030,WON 국공채머니마켓액티브,54105.0,554.0,54100.0,994.0,54130.0,440.0,54130.0,10278.0,54130.0,13221.0,54130.0,1611.0,54130.0,228.0,54150.0,1385.0,54150.0,1037.0,54150.0,1120.0,54150.0,361.0,54140.0,3116.0,54145.0,833.0,54150.0,1585.0,54160.0,1354.0,54160.0,380.0,54165.0,268.0,54177.0,303.0,54190.0,1447.0,54190.0,758.0,54195.0,682.0,54195.0,119.0,54225.0,161.0,54220.0,1070.0,54240.0,2139.0,54235.0,4302.0,54235.0,1138.0,54235.0,1484.0,54240.0,267.0,54260.0,239.0
426150,WON 대한민국국고채액티브,55520.0,3941.0,55485.0,771.0,55140.0,8158.0,55210.0,3460.0,54905.0,9779.0,54465.0,8903.0,54470.0,1390.0,54715.0,7058.0,54540.0,936.0,54650.0,3117.0,54650.0,10380.0,54745.0,3268.0,54585.0,5093.0,54375.0,3006.0,54405.0,9422.0,54050.0,9934.0,53945.0,3880.0,54010.0,2512.0,54015.0,1337.0,53700.0,2933.0,54005.0,64.0,54125.0,2686.0,54330.0,336.0,54440.0,8885.0,54535.0,2859.0,54700.0,565.0,54595.0,1743.0,54520.0,156.0,54475.0,173.0,55000.0,847.0
444490,WON 미국S&P500,19465.0,29484.0,19445.0,27930.0,19315.0,46015.0,19445.0,28283.0,19220.0,44815.0,19205.0,44014.0,19010.0,167455.0,19160.0,28617.0,19235.0,22150.0,18870.0,48274.0,19050.0,12655.0,18875.0,45989.0,18890.0,28086.0,18875.0,89662.0,19015.0,39148.0,19165.0,22524.0,19035.0,17766.0,19150.0,109576.0,18890.0,24542.0,19175.0,31692.0,19225.0,158712.0,19100.0,25258.0,18985.0,20722.0,18645.0,21442.0,18865.0,27567.0,18870.0,53047.0,18720.0,60063.0,18740.0,30523.0,18670.0,43687.0,18750.0,30128.0
489290,WON 미국빌리어네어,16085.0,28166.0,16085.0,61124.0,15875.0,67916.0,15920.0,30141.0,15685.0,20560.0,15665.0,32452.0,15470.0,71937.0,15515.0,49095.0,15620.0,17783.0,15335.0,56816.0,15535.0,18054.0,15395.0,18548.0,15225.0,30314.0,15180.0,31005.0,15260.0,91663.0,15475.0,43019.0,15235.0,13073.0,15215.0,25768.0,14820.0,84110.0,15110.0,5154.0,15220.0,64531.0,15125.0,6107.0,14960.0,5749.0,14730.0,32587.0,14780.0,18460.0,14765.0,15349.0,14585.0,17516.0,14550.0,34765.0,14510.0,15673.0,14625.0,32469.0
440910,WON 미국우주항공방산,28425.0,178222.0,28490.0,122815.0,28770.0,145922.0,29210.0,165448.0,29430.0,278654.0,29385.0,114045.0,28600.0,129327.0,28780.0,153447.0,28515.0,99717.0,27730.0,143100.0,27630.0,81282.0,27825.0,101098.0,27255.0,117090.0,27020.0,90695.0,26660.0,78753.0,26755.0,89980.0,27285.0,59712.0,26315.0,85163.0,25535.0,148764.0,26870.0,66069.0,27185.0,55156.0,26855.0,36132.0,26150.0,66730.0,26070.0,53877.0,27130.0,72631.0,27735.0,87232.0,27330.0,54111.0,27165.0,73071.0,27245.0,66944.0,26770.0,89801.0
474590,WON 반도체밸류체인액티브,21320.0,34585.0,21545.0,24716.0,21820.0,42500.0,22155.0,35861.0,22225.0,37942.0,21555.0,70956.0,21680.0,43118.0,22060.0,34056.0,22125.0,38551.0,22445.0,42504.0,23755.0,66224.0,25000.0,82476.0,25170.0,123449.0,26250.0,128913.0,24155.0,157153.0,26355.0,71075.0,26305.0,61486.0,24990.0,60810.0,24800.0,150726.0,26180.0,57833.0,25650.0,41420.0,25500.0,35302.0,26290.0,47573.0,26155.0,62808.0,27310.0,53975.0,27710.0,52454.0,28045.0,69472.0,29605.0,112318.0,29605.0,139807.0,31400.0,113079.0
496020,WON 전단채플러스액티브,51380.0,75921.0,51385.0,1311.0,51400.0,1786.0,51405.0,3373.0,51410.0,765.0,51415.0,3885.0,51420.0,10571.0,51425.0,1779.0,51425.0,15241.0,51430.0,2649.0,51430.0,1965.0,51420.0,2657.0,51440.0,2369.0,51435.0,3221.0,51440.0,1545.0,51450.0,2425.0,51455.0,4516.0,51465.0,3490.0,51480.0,4396.0,51480.0,2695.0,51485.0,3094.0,51480.0,1855.0,51500.0,1721.0,51510.0,2080.0,51535.0,5499.0,51540.0,2794.0,51540.0,2886.0,51545.0,1654.0,51545.0,1340.0,51560.0,1948.0
488720,WON 종합채권(AA-이상)액티브,50565.0,733.0,50565.0,247.0,50345.0,4206.0,50415.0,1049.0,50260.0,1034.0,50005.0,5319.0,50050.0,2961.0,50145.0,1219.0,50040.0,778.0,50135.0,2718.0,50125.0,463.0,50180.0,2600.0,50025.0,1760.0,49940.0,7786.0,49960.0,3113.0,49760.0,13506.0,49700.0,7950.0,49760.0,3094.0,49725.0,2652.0,49595.0,285.0,49765.0,4517.0,49775.0,964.0,49910.0,5319.0,49995.0,1251.0,50020.0,5940.0,50180.0,14.0,50120.0,715.0,49990.0,2350.0,50115.0,13219.0,50350.0,5947.0
480460,WON 한국부동산TOP3플러스,10155.0,2728.0,10125.0,12611.0,10150.0,1003.0,10180.0,525.0,10225.0,1414.0,10255.0,820.0,10245.0,4507.0,10220.0,4112.0,10230.0,1431.0,10240.0,1840.0,10370.0,1893.0,10275.0,4175.0,10250.0,2351.0,10230.0,1266.0,10170.0,3651.0,10195.0,1751.0,10265.0,1951.0,10255.0,1156.0,10180.0,2829.0,10255.0,380.0,10220.0,1868.0,10300.0,335.0,10380.0,3755.0,10470.0,1317.0,10485.0,1511.0,10465.0,2627.0,10485.0,1586.0,10500.0,2924.0,10500.0,2858.0,10405.0,1755.0
0053M0,더제이 중소형포커스액티브,11060.0,2625.0,11320.0,1948.0,11505.0,20178.0,11525.0,1154.0,11560.0,2594.0,11625.0,9792.0,11785.0,972.0,12105.0,729.0,12170.0,45613.0,12320.0,59274.0,12445.0,51681.0,12680.0,25735.0,13145.0,13928.0,13165.0,13689.0,12260.0,4053.0,12905.0,28608.0,12815.0,3199.0,12540.0,31467.0,12265.0,2648.0,12720.0,2078.0,12815.0,31145.0,12845.0,4757.0,13135.0,6128.0,13165.0,52389.0,13610.0,3950.0,14090.0,9657.0,13905.0,2934.0,13985.0,10742.0,14360.0,1609.0,14565.0,4396.0
488290,마이다스 일본테크액티브,32365.0,4353.0,33265.0,51932.0,32865.0,15930.0,33295.0,1550.0,33420.0,247.0,32945.0,738.0,33195.0,1564.0,33495.0,325.0,33775.0,161.0,32950.0,7401.0,33365.0,194.0,33805.0,488.0,33560.0,729.0,33580.0,554.0,33290.0,3464.0,34875.0,2058.0,34030.0,1344.0,33420.0,357.0,34045.0,327.0,35685.0,21292.0,36470.0,2198.0,36470.0,1146.0,36545.0,877.0,35660.0,4685.0,36285.0,1210.0,35755.0,937.0,35830.0,368.0,36645.0,1151.0,37100.0,1314.0,36720.0,1949.0
438740,마이다스 중소형액티브,31985.0,110.0,32315.0,54.0,32435.0,40.0,32410.0,13.0,32480.0,40.0,32710.0,507.0,32210.0,380.0,32605.0,61.0,33050.0,221.0,33825.0,108.0,34210.0,18.0,35025.0,1457.0,35490.0,275.0,35930.0,75.0,34200.0,257.0,35560.0,120.0,35835.0,31.0,35050.0,40.0,34130.0,5024.0,35665.0,21.0,35645.0,185.0,35840.0,135.0,35955.0,274.0,36000.0,62.0,37010.0,95.0,37740.0,174.0,38040.0,204.0,38200.0,509.0,38170.0,106.0,38815.0,82.0
403790,마이다스 코스피액티브,38820.0,6860.0,39085.0,397.0,39685.0,6050.0,40080.0,5083.0,40760.0,4350.0,40495.0,38882.0,40800.0,768.0,41260.0,7361.0,41375.0,760.0,41140.0,3776.0,42200.0,31719.0,42810.0,235106.0,43515.0,21049.0,43485.0,1774.0,41145.0,129362.0,43875.0,845.0,44785.0,822.0,43025.0,12328.0,42640.0,7756.0,44100.0,171058.0,44380.0,500.0,44725.0,15359.0,46195.0,11559.0,46220.0,327.0,47480.0,7622.0,48505.0,7193.0,48985.0,7228.0,49930.0,9559.0,50850.0,4992.0,52630.0,41163.0
0112X0,마이티 200TR,25585.0,8838.0,25775.0,70460.0,26100.0,7575.0,26485.0,11339.0,26810.0,3376.0,26605.0,6478.0,26870.0,6148.0,27145.0,14874.0,27335.0,1498.0,27060.0,5619.0,28000.0,4198.0,28515.0,24506.0,28725.0,30051.0,28890.0,11210.0,27305.0,41029.0,29300.0,27609.0,29635.0,41248.0,28350.0,123132.0,28125.0,30719.0,29210.0,10660.0,29350.0,26412.0,29650.0,10406.0,30640.0,40567.0,30515.0,6868.0,31355.0,44612.0,32265.0,78804.0,32540.0,39635.0,33300.0,28580.0,34050.0,57972.0,35340.0,52231.0
465780,마이티 26-09 특수채(AAA)액티브,104695.0,0.0,104725.0,110.0,104720.0,6.0,104740.0,2.0,104740.0,105.0,104740.0,0.0,104745.0,30.0,104755.0,1.0,104755.0,0.0,104735.0,0.0,104735.0,5.0,104720.0,6.0,104740.0,963.0,104760.0,5.0,104755.0,3.0,104735.0,17.0,104735.0,450.0,104780.0,59.0,104780.0,0.0,104780.0,0.0,104780.0,14.0,104790.0,0.0,104865.0,2.0,104865.0,0.0,104925.0,20.0,104935.0,118.0,104935.0,0.0,104935.0,0.0,104935.0,1.0,104995.0,10.0
442260,마이티 다이나믹퀀트액티브,23820.0,67.0,24020.0,14352.0,24240.0,15207.0,24660.0,5635.0,24855.0,609.0,24600.0,2227.0,24855.0,3175.0,25115.0,7515.0,25325.0,353.0,25020.0,1245.0,25920.0,455.0,26420.0,5395.0,26500.0,7234.0,26930.0,3266.0,25355.0,1693.0,27315.0,2351.0,27750.0,2291.0,26415.0,103835.0,26175.0,718.0,27225.0,933.0,27365.0,20188.0,27635.0,279.0,28330.0,14240.0,28455.0,3370.0,29350.0,28301.0,30000.0,4125.0,30170.0,18598.0,31020.0,14513.0,31515.0,1538.0,32925.0,17720.0
0001P0,마이티 바이오시밀러&CDMO액티브,12125.0,7449.0,12025.0,7040.0,12145.0,1509.0,12155.0,12861.0,12015.0,3378.0,12110.0,3909.0,11550.0,7096.0,11860.0,23293.0,12545.0,11014.0,13300.0,85362.0,13335.0,42935.0,13600.0,40900.0,13920.0,38122.0,13610.0,56333.0,13180.0,37222.0,13770.0,20863.0,13790.0,29634.0,13370.0,25493.0,12990.0,16134.0,13710.0,11711.0,13570.0,10610.0,13790.0,7527.0,13990.0,6597.0,13880.0,5905.0,14735.0,33589.0,14545.0,10707.0,14765.0,25288.0,14785.0,24714.0,14475.0,15569.0,14685.0,34149.0
159800,마이티 코스피100,53615.0,21.0,54210.0,337.0,54695.0,367.0,55600.0,989.0,56435.0,208.0,56090.0,107.0,56305.0,339.0,56940.0,2480.0,57240.0,528.0,56900.0,227.0,58840.0,267.0,60060.0,1808.0,60550.0,296.0,60830.0,921.0,57255.0,424.0,61730.0,4017.0,62500.0,881.0,59645.0,409.0,58995.0,466.0,61505.0,856.0,61495.0,295.0,62300.0,75.0,64235.0,5089.0,64410.0,3288.0,66470.0,7867.0,67950.0,459.0,68335.0,6368.0,70190.0,3989.0,71550.0,432.0,75220.0,6410.0
0007N0,아이엠에셋 200,69250.0,437.0,69605.0,168.0,70780.0,275.0,71550.0,989.0,72555.0,1145.0,71970.0,306.0,72560.0,290.0,73330.0,549.0,73800.0,510.0,73045.0,340.0,76035.0,1644.0,77375.0,1255.0,78045.0,552.0,78265.0,15159.0,73755.0,577.0,79140.0,591.0,80405.0,245.0,77035.0,474.0,76180.0,742.0,79470.0,340.0,79450.0,71.0,80165.0,2065.0,83055.0,150.0,82870.0,855.0,85270.0,460.0,87310.0,905.0,87890.0,670.0,90420.0,383.0,92270.0,479.0,96545.0,1057.0
462340,에셋플러스 글로벌다이나믹시니어액티브,17600.0,73.0,17535.0,686.0,17535.0,7.0,17390.0,28.0,17190.0,28.0,17185.0,152.0,17195.0,88.0,17395.0,11872.0,17550.0,50.0,17095.0,272.0,17330.0,363.0,17055.0,183.0,16870.0,20.0,16855.0,32.0,16890.0,185.0,17060.0,20.0,16710.0,126.0,16750.0,293.0,16185.0,187.0,16785.0,1326.0,16815.0,22.0,16820.0,22.0,16615.0,128.0,16405.0,69.0,16715.0,101.0,16655.0,106.0,16095.0,141.0,16100.0,234.0,16090.0,232.0,16070.0,238.0
433220,에셋플러스 글로벌대장장이액티브,26955.0,2322.0,27015.0,1773.0,26785.0,576.0,27400.0,485.0,27380.0,1649.0,27230.0,484.0,27130.0,1674.0,27130.0,1600.0,27190.0,1972.0,26595.0,3551.0,26900.0,1885.0,27220.0,2993.0,27510.0,2302.0,27515.0,1052.0,27265.0,2131.0,28050.0,1063.0,28160.0,887.0,27285.0,1631.0,27115.0,32063.0,28020.0,2960.0,28455.0,21202.0,28140.0,1136.0,28320.0,869.0,27930.0,1985.0,28465.0,1936.0,28690.0,4376.0,28720.0,1208.0,29105.0,4201.0,29320.0,1832.0,29680.0,7086.0
451150,에셋플러스 글로벌영에이지액티브,19945.0,24.0,20165.0,1060.0,19985.0,129.0,19765.0,57.0,19470.0,48.0,19505.0,148.0,19510.0,134.0,19780.0,11714.0,19795.0,34.0,19460.0,35.0,19575.0,283.0,19135.0,296.0,19080.0,145.0,19095.0,129.0,18905.0,174.0,19045.0,165.0,18865.0,23.0,19020.0,32.0,18335.0,40032.0,19090.0,202.0,19185.0,145.0,19300.0,174.0,18845.0,38.0,18475.0,3502.0,18895.0,692.0,18870.0,118.0,18845.0,28.0,18800.0,45.0,18790.0,556.0,18775.0,65.0
477490,에셋플러스 글로벌일등기업포커스10액티브,19835.0,4483.0,19855.0,1957.0,19650.0,1024.0,19530.0,430.0,19265.0,3347.0,19265.0,2450.0,19215.0,25292.0,19170.0,39117.0,19445.0,27050.0,18895.0,26874.0,19045.0,1486.0,18840.0,14811.0,18720.0,4778.0,18550.0,2423.0,18690.0,23035.0,18865.0,2092.0,18530.0,4036.0,18470.0,2438.0,17980.0,12322.0,18475.0,649.0,18490.0,553.0,18450.0,343.0,18310.0,1752.0,17950.0,1374.0,18160.0,273.0,18205.0,2413.0,17710.0,1964.0,17775.0,27816.0,17860.0,2802.0,18020.0,1281.0
407830,에셋플러스 글로벌플랫폼액티브,17275.0,9979.0,17380.0,9199.0,17220.0,2159.0,17015.0,3653.0,16635.0,9259.0,16630.0,12124.0,16480.0,8692.0,16560.0,6136.0,16845.0,10546.0,16460.0,11675.0,16500.0,3758.0,16285.0,12800.0,16115.0,16672.0,15835.0,30662.0,15810.0,7734.0,15955.0,4024.0,15720.0,12001.0,15480.0,9345.0,15025.0,6210.0,15450.0,14250.0,15535.0,8196.0,15580.0,7587.0,15330.0,9715.0,14925.0,20053.0,15095.0,8800.0,15020.0,8140.0,14640.0,9867.0,14490.0,15798.0,14575.0,20976.0,14755.0,17829.0
0002C0,에셋플러스 인도일등기업포커스20액티브,10285.0,2465.0,10280.0,3037.0,10220.0,1438.0,10255.0,447.0,10080.0,5008.0,9995.0,3285.0,9700.0,2855.0,9745.0,2634.0,9650.0,6537.0,9400.0,10886.0,9380.0,10212.0,9335.0,4684.0,9340.0,7753.0,9480.0,3435.0,9475.0,5380.0,9965.0,14965.0,9860.0,10141.0,9850.0,4626.0,9910.0,3454.0,9890.0,7584.0,9990.0,23649.0,10010.0,4678.0,9870.0,2591.0,9705.0,4257.0,9700.0,2994.0,9590.0,2185.0,9610.0,4592.0,9485.0,4429.0,9425.0,1667.0,9350.0,6389.0
474920,에셋플러스 차이나일등기업포커스10액티브,18350.0,3698.0,18410.0,1438.0,17960.0,2158.0,17820.0,7579.0,17880.0,6661.0,17910.0,4170.0,17775.0,2197.0,17810.0,5802.0,17975.0,20899.0,17790.0,1793.0,17745.0,5892.0,17525.0,3880.0,17560.0,8874.0,17585.0,27117.0,17315.0,2489.0,17220.0,3504.0,17140.0,6883.0,17055.0,2077.0,17420.0,9322.0,17510.0,33716.0,17740.0,24401.0,17655.0,1152.0,17590.0,5363.0,17330.0,636.0,17580.0,1532.0,17210.0,6049.0,17165.0,5488.0,16995.0,3082.0,17180.0,16780.0,16785.0,5768.0
442090,에셋플러스 코리아대장장이액티브,21225.0,1458.0,21015.0,2675.0,21440.0,919.0,21310.0,7643.0,21690.0,6514.0,21570.0,7496.0,21685.0,9272.0,22150.0,4701.0,22110.0,1748.0,22210.0,2943.0,22510.0,1127.0,23120.0,901.0,23185.0,5180.0,23480.0,2282.0,22320.0,3025.0,23165.0,12480.0,23500.0,2009.0,22615.0,5843.0,22240.0,3166.0,23000.0,9144.0,23100.0,20846.0,22920.0,2128.0,23295.0,1950.0,23115.0,467.0,24040.0,1096.0,24515.0,1985.0,24540.0,4902.0,25365.0,3593.0,25580.0,11581.0,26395.0,11270.0
407820,에셋플러스 코리아플랫폼액티브,8050.0,1732.0,8095.0,3178.0,8085.0,2130.0,8035.0,1342.0,8055.0,2543.0,8150.0,5330.0,7940.0,435.0,8100.0,1894.0,8345.0,4288.0,8410.0,2321.0,8400.0,10441.0,8560.0,4018.0,8855.0,5576.0,8750.0,5859.0,8470.0,6430.0,8785.0,1628.0,8840.0,1751.0,8810.0,10170.0,8585.0,4890.0,8880.0,1069.0,9130.0,11493.0,9135.0,3357.0,9180.0,1782.0,9225.0,8238.0,9385.0,6431.0,9465.0,3407.0,9445.0,12489.0,9425.0,16135.0,9430.0,5102.0,9435.0,13973.0
152870,파워 200,69210.0,111.0,69540.0,459.0,70750.0,4736.0,71560.0,9606.0,72530.0,10896.0,72005.0,3229.0,72535.0,886.0,73420.0,14488.0,73795.0,1362.0,73155.0,302.0,75650.0,3182.0,77100.0,23213.0,77910.0,21225.0,78575.0,9128.0,73670.0,7706.0,79275.0,12603.0,80395.0,9545.0,76915.0,6531.0,76155.0,9210.0,79445.0,19710.0,79375.0,12881.0,80050.0,2862.0,83035.0,7277.0,82850.0,4180.0,85390.0,11703.0,87370.0,10032.0,88070.0,14778.0,90115.0,5701.0,92075.0,1666.0,96155.0,9922.0
491510,파워 K-주주가치액티브,14890.0,558.0,15110.0,112.0,15175.0,67.0,15170.0,208.0,15310.0,189.0,15510.0,247.0,15690.0,1317.0,15715.0,102.0,15780.0,467.0,15625.0,257.0,15880.0,168.0,15970.0,1089.0,16445.0,172.0,16335.0,168.0,15850.0,530.0,16580.0,2120.0,17040.0,263.0,16775.0,143.0,16580.0,351.0,17100.0,202.0,17610.0,836.0,17885.0,181.0,18250.0,175.0,18370.0,241.0,18640.0,322.0,19075.0,1401.0,18950.0,505.0,18825.0,1293.0,19045.0,2591.0,19135.0,334.0
192720,파워 고배당저변동성,48115.0,747.0,48850.0,444.0,49100.0,288.0,49475.0,3417.0,49960.0,1757.0,50995.0,1944.0,51455.0,833.0,51805.0,472.0,51730.0,473.0,51285.0,2981.0,52270.0,5903.0,52560.0,10986.0,53570.0,7776.0,53545.0,11851.0,52340.0,25951.0,53905.0,20524.0,55545.0,23084.0,55050.0,19568.0,54745.0,16060.0,56215.0,13810.0,57495.0,15174.0,59070.0,20171.0,59240.0,18789.0,59630.0,18614.0,60955.0,25037.0,61730.0,20369.0,61790.0,17918.0,60780.0,21662.0,62110.0,21045.0,63055.0,23308.0
498180,파워 종합채권(AA-이상)액티브,97440.0,0.0,97430.0,91.0,97430.0,35.0,97195.0,0.0,96805.0,0.0,96705.0,210.0,96480.0,804.0,96515.0,325.0,96445.0,0.0,96715.0,306.0,96580.0,598.0,96630.0,202.0,96400.0,1.0,96285.0,3.0,96255.0,3.0,95915.0,29.0,95755.0,0.0,95755.0,304.0,95710.0,0.0,95610.0,1.0,95760.0,0.0,95910.0,0.0,96125.0,1.0,96210.0,0.0,96305.0,1.0,96525.0,0.0,96480.0,24.0,96305.0,14.0,96435.0,1.0,96905.0,0.0
140950,파워 코스피100,52980.0,1136.0,53270.0,865.0,54190.0,1150.0,54800.0,3146.0,55635.0,3265.0,55205.0,898.0,55540.0,6126.0,56245.0,1642.0,56535.0,2647.0,55975.0,3112.0,57920.0,1767.0,58995.0,2124.0,59790.0,2877.0,60015.0,4584.0,56500.0,5592.0,60715.0,12482.0,61615.0,2563.0,59075.0,5936.0,58275.0,23663.0,60770.0,3748.0,60850.0,1359.0,61265.0,1798.0,63505.0,3329.0,63495.0,1906.0,65455.0,2921.0,66990.0,3412.0,67595.0,3997.0,69165.0,1946.0,70735.0,3109.0,73980.0,4143.0
0153P0,ACE 리츠부동산인프라액티브,,,,,,,,,,,10220.0,631869.0,10155.0,658359.0,10170.0,599744.0,10185.0,622730.0,10250.0,576895.0,10270.0,633536.0,10200.0,614904.0,10240.0,578295.0,10205.0,553939.0,10155.0,526934.0,10180.0,574766.0,10225.0,685307.0,10225.0,596117.0,10205.0,631914.0,10220.0,402268.0,10275.0,445971.0,10345.0,417838.0,10435.0,435059.0,10425.0,417298.0,10500.0,642787.0,10525.0,605182.0,10550.0,128066.0,10540.0,164718.0,10560.0,137286.0,10485.0,126797.0
0153K0,KODEX 주주환원고배당주,,,,,,,,,,,10420.0,7495032.0,10370.0,3472109.0,10390.0,1915260.0,10555.0,1517784.0,10465.0,1633005.0,10600.0,877512.0,10665.0,1332160.0,10870.0,1078535.0,10835.0,1084731.0,10500.0,1584626.0,10920.0,965191.0,11230.0,1106013.0,11160.0,1608553.0,11040.0,1095999.0,11475.0,1317632.0,11695.0,1242506.0,11955.0,1694408.0,12245.0,1580017.0,12400.0,2488484.0,12825.0,4120943.0,13130.0,4585362.0,13025.0,4377668.0,12830.0,2604856.0,13090.0,2021663.0,12990.0,2395620.0
0151P0,RISE 코리아전략산업액티브,,,,,,,,,,,10690.0,1862476.0,10690.0,789658.0,10930.0,922323.0,11050.0,862279.0,11215.0,947413.0,11490.0,724775.0,12030.0,1154935.0,12100.0,848029.0,12355.0,1057460.0,11755.0,988666.0,12415.0,595757.0,12600.0,632639.0,12085.0,863292.0,11910.0,679874.0,12445.0,490913.0,12360.0,450676.0,12460.0,407102.0,12710.0,639825.0,12690.0,483218.0,13220.0,748084.0,13465.0,567770.0,13450.0,653837.0,13840.0,553794.0,14095.0,646999.0,14660.0,719254.0
0154F0,WON 초대형IB&금융지주,,,,,,,,,,,10315.0,589261.0,10225.0,56561.0,10395.0,25373.0,10890.0,172134.0,10790.0,153473.0,11170.0,166957.0,11180.0,265817.0,11720.0,241397.0,11805.0,309945.0,11450.0,313465.0,12525.0,404545.0,12700.0,232791.0,12420.0,309306.0,12415.0,437805.0,13125.0,478434.0,13410.0,584279.0,13635.0,527629.0,14155.0,1019207.0,14720.0,3317598.0,15630.0,2851860.0,16035.0,2078264.0,15540.0,1671281.0,15160.0,1268750.0,15400.0,752627.0,15355.0,856133.0
0154H0,KoAct 차이나바이오헬스케어액티브,,,,,,,,,,,,,,,,,,,,,9620.0,86641.0,9520.0,65871.0,9525.0,112013.0,9370.0,60678.0,9255.0,47052.0,9245.0,28294.0,9390.0,31618.0,9410.0,6915.0,9605.0,20334.0,9715.0,31049.0,9980.0,38312.0,9890.0,25766.0,9720.0,21213.0,9635.0,14807.0,9745.0,13932.0,9780.0,28633.0,9870.0,32540.0,9495.0,34756.0,9480.0,15991.0,9200.0,25209.0
0153X0,PLUS 미국고배당주액티브,,,,,,,,,,,,,,,,,,,,,10015.0,276259.0,9890.0,244286.0,9910.0,250031.0,10050.0,180967.0,10315.0,216299.0,10350.0,108785.0,10560.0,146856.0,10805.0,165171.0,10860.0,221584.0,10905.0,184659.0,10955.0,105126.0,10955.0,140145.0,11000.0,258177.0,10930.0,175488.0,11005.0,130071.0,11005.0,136951.0,10975.0,184595.0,10945.0,98479.0,10850.0,131017.0,10700.0,225393.0
0155M0,ACE 미국SMR원자력TOP10,,,,,,,,,,,,,,,,,,,,,,,,,,,,,,,9710.0,1041564.0,10050.0,584890.0,9275.0,885462.0,8700.0,444119.0,9555.0,500674.0,9855.0,308191.0,9500.0,369473.0,9120.0,420227.0,8790.0,458708.0,9040.0,332727.0,9180.0,240211.0,8800.0,427020.0,8780.0,332790.0,9050.0,306681.0,9035.0,281510.0
0133E0,TIGER 차이나증권,,,,,,,,,,,,,,,,,,,,,,,,,,,,,,,9610.0,216924.0,9925.0,164548.0,9950.0,232291.0,9890.0,91983.0,9980.0,102327.0,9920.0,35868.0,9920.0,30070.0,9765.0,135117.0,9705.0,81657.0,9740.0,94367.0,9840.0,96858.0,9935.0,113045.0,9620.0,253118.0,9570.0,91398.0,9295.0,184120.0
0155N0,HANARO K휴머노이드테마TOP10,,,,,,,,,,,,,,,,,,,,,,,,,,,,,,,,,,,,,,,,,,,,,,,,,,,,,,,,,,,11290.0,1238123.0
0162M0,KODEX 금융채1~2년(AA-이상)PLUS액티브,,,,,,,,,,,,,,,,,,,,,,,,,,,,,,,,,,,,,,,,,,,,,,,,,,,,,,,,,,,10025.0,17017.0
0162L0,KODEX 차이나AI반도체TOP10,,,,,,,,,,,,,,,,,,,,,,,,,,,,,,,,,,,,,,,,,,,,,,,,,,,,,,,,,,,10225.0,835763.0
0162Z0,RISE 삼성전자SK하이닉스채권혼합50,,,,,,,,,,,,,,,,,,,,,,,,,,,,,,,,,,,,,,,,,,,,,,,,,,,,,,,,,,,10765.0,13314102.0
