ticker,name,price_curr,change_1d,return_1w,alpha_1m,rvol,grade_score,description,macro_json,sentiment_json,combined_at
488080,TIGER 반도체TOP10레버리지,31190,-17.8,20.17,90.48,313.5,S10,천하무적: 시장의 주도주,"{""Ticker"": ""^SOX"", ""2025-12-18"": 6863.6298828125, ""2025-12-19"": 7067.8701171875, ""2025-12-22"": 7145.56982421875, ""2025-12-23"": 7184.5400390625, ""2025-12-24"": 7204.3701171875, ""2025-12-26"": 7207.64013671875, ""2025-12-29"": 7178.27001953125, ""2025-12-30"": 7169.10009765625, ""2025-12-31"": 7083.1298828125, ""2026-01-02"": 7367.47021484375, ""2026-01-05"": 7446.4501953125, ""2026-01-06"": 7650.93017578125, ""2026-01-07"": 7574.8701171875, ""2026-01-08"": 7436.10009765625, ""2026-01-09"": 7638.77978515625, ""2026-01-12"": 7674.83984375, ""2026-01-13"": 7747.990234375, ""2026-01-14"": 7701.47021484375, ""2026-01-15"": 7837.2998046875, ""2026-01-16"": 7927.41015625, ""2026-01-19"": NaN, ""2026-01-20"": 7794.18994140625, ""2026-01-21"": 8042.06982421875, ""2026-01-22"": 8055.169921875, ""2026-01-23"": 7957.93017578125, ""2026-01-26"": 7927.0400390625, ""2026-01-27"": 8117.18017578125, ""2026-01-28"": 8306.740234375, ""2026-01-29"": 8320.3896484375, ""2026-01-30"": 7998.47021484375, ""2026-02-02"": 8134.48828125}","{""metric"": ""Market_ADR"", ""2025-12-18"": 61.7, ""2025-12-19"": 131.39, ""2025-12-22"": 97.41, ""2025-12-23"": 32.29, ""2025-12-24"": 60.54, ""2025-12-26"": 37.91, ""2025-12-29"": 88.09, ""2025-12-30"": 74.29, ""2026-01-02"": 71.11, ""2026-01-05"": 89.71, ""2026-01-06"": 63.36, ""2026-01-07"": 33.14, ""2026-01-08"": 30.17, ""2026-01-09"": 121.26, ""2026-01-12"": 131.65, ""2026-01-13"": 81.94, ""2026-01-14"": 138.21, ""2026-01-15"": 106.74, ""2026-01-16"": 60.28, ""2026-01-19"": 82.11, ""2026-01-20"": 282.72, ""2026-01-21"": 54.03, ""2026-01-22"": 136.53, ""2026-01-23"": 212.46, ""2026-01-26"": 107.47, ""2026-01-27"": 93.31, ""2026-01-28"": 71.24, ""2026-01-29"": 193.49, ""2026-01-30"": 52.94, ""2026-02-02"": 19.67}",2026-02-02 23:54
494310,KODEX 반도체레버리지,50220,-15.88,20.43,78.57,257.3,S10,천하무적: 시장의 주도주,"{""Ticker"": ""^SOX"", ""2025-12-18"": 6863.6298828125, ""2025-12-19"": 7067.8701171875, ""2025-12-22"": 7145.56982421875, ""2025-12-23"": 7184.5400390625, ""2025-12-24"": 7204.3701171875, ""2025-12-26"": 7207.64013671875, ""2025-12-29"": 7178.27001953125, ""2025-12-30"": 7169.10009765625, ""2025-12-31"": 7083.1298828125, ""2026-01-02"": 7367.47021484375, ""2026-01-05"": 7446.4501953125, ""2026-01-06"": 7650.93017578125, ""2026-01-07"": 7574.8701171875, ""2026-01-08"": 7436.10009765625, ""2026-01-09"": 7638.77978515625, ""2026-01-12"": 7674.83984375, ""2026-01-13"": 7747.990234375, ""2026-01-14"": 7701.47021484375, ""2026-01-15"": 7837.2998046875, ""2026-01-16"": 7927.41015625, ""2026-01-19"": NaN, ""2026-01-20"": 7794.18994140625, ""2026-01-21"": 8042.06982421875, ""2026-01-22"": 8055.169921875, ""2026-01-23"": 7957.93017578125, ""2026-01-26"": 7927.0400390625, ""2026-01-27"": 8117.18017578125, ""2026-01-28"": 8306.740234375, ""2026-01-29"": 8320.3896484375, ""2026-01-30"": 7998.47021484375, ""2026-02-02"": 8134.48828125}","{""metric"": ""Market_ADR"", ""2025-12-18"": 61.7, ""2025-12-19"": 131.39, ""2025-12-22"": 97.41, ""2025-12-23"": 32.29, ""2025-12-24"": 60.54, ""2025-12-26"": 37.91, ""2025-12-29"": 88.09, ""2025-12-30"": 74.29, ""2026-01-02"": 71.11, ""2026-01-05"": 89.71, ""2026-01-06"": 63.36, ""2026-01-07"": 33.14, ""2026-01-08"": 30.17, ""2026-01-09"": 121.26, ""2026-01-12"": 131.65, ""2026-01-13"": 81.94, ""2026-01-14"": 138.21, ""2026-01-15"": 106.74, ""2026-01-16"": 60.28, ""2026-01-19"": 82.11, ""2026-01-20"": 282.72, ""2026-01-21"": 54.03, ""2026-01-22"": 136.53, ""2026-01-23"": 212.46, ""2026-01-26"": 107.47, ""2026-01-27"": 93.31, ""2026-01-28"": 71.24, ""2026-01-29"": 193.49, ""2026-01-30"": 52.94, ""2026-02-02"": 19.67}",2026-02-02 23:54
0100K0,KODEX K방산TOP10레버리지,12640,-9.75,-6.75,51.45,109.2,B7,황금 눌림목: 최적 매수 타점,"{""Ticker"": ""^SOX"", ""2025-12-18"": 6863.6298828125, ""2025-12-19"": 7067.8701171875, ""2025-12-22"": 7145.56982421875, ""2025-12-23"": 7184.5400390625, ""2025-12-24"": 7204.3701171875, ""2025-12-26"": 7207.64013671875, ""2025-12-29"": 7178.27001953125, ""2025-12-30"": 7169.10009765625, ""2025-12-31"": 7083.1298828125, ""2026-01-02"": 7367.47021484375, ""2026-01-05"": 7446.4501953125, ""2026-01-06"": 7650.93017578125, ""2026-01-07"": 7574.8701171875, ""2026-01-08"": 7436.10009765625, ""2026-01-09"": 7638.77978515625, ""2026-01-12"": 7674.83984375, ""2026-01-13"": 7747.990234375, ""2026-01-14"": 7701.47021484375, ""2026-01-15"": 7837.2998046875, ""2026-01-16"": 7927.41015625, ""2026-01-19"": NaN, ""2026-01-20"": 7794.18994140625, ""2026-01-21"": 8042.06982421875, ""2026-01-22"": 8055.169921875, ""2026-01-23"": 7957.93017578125, ""2026-01-26"": 7927.0400390625, ""2026-01-27"": 8117.18017578125, ""2026-01-28"": 8306.740234375, ""2026-01-29"": 8320.3896484375, ""2026-01-30"": 7998.47021484375, ""2026-02-02"": 8134.48828125}","{""metric"": ""Market_ADR"", ""2025-12-18"": 61.7, ""2025-12-19"": 131.39, ""2025-12-22"": 97.41, ""2025-12-23"": 32.29, ""2025-12-24"": 60.54, ""2025-12-26"": 37.91, ""2025-12-29"": 88.09, ""2025-12-30"": 74.29, ""2026-01-02"": 71.11, ""2026-01-05"": 89.71, ""2026-01-06"": 63.36, ""2026-01-07"": 33.14, ""2026-01-08"": 30.17, ""2026-01-09"": 121.26, ""2026-01-12"": 131.65, ""2026-01-13"": 81.94, ""2026-01-14"": 138.21, ""2026-01-15"": 106.74, ""2026-01-16"": 60.28, ""2026-01-19"": 82.11, ""2026-01-20"": 282.72, ""2026-01-21"": 54.03, ""2026-01-22"": 136.53, ""2026-01-23"": 212.46, ""2026-01-26"": 107.47, ""2026-01-27"": 93.31, ""2026-01-28"": 71.24, ""2026-01-29"": 193.49, ""2026-01-30"": 52.94, ""2026-02-02"": 19.67}",2026-02-02 23:54
243880,TIGER 200IT레버리지,141310,-14.91,6.77,51.4,162.5,S9,천하무적: 시장의 주도주,"{""Ticker"": ""^SOX"", ""2025-12-18"": 6863.6298828125, ""2025-12-19"": 7067.8701171875, ""2025-12-22"": 7145.56982421875, ""2025-12-23"": 7184.5400390625, ""2025-12-24"": 7204.3701171875, ""2025-12-26"": 7207.64013671875, ""2025-12-29"": 7178.27001953125, ""2025-12-30"": 7169.10009765625, ""2025-12-31"": 7083.1298828125, ""2026-01-02"": 7367.47021484375, ""2026-01-05"": 7446.4501953125, ""2026-01-06"": 7650.93017578125, ""2026-01-07"": 7574.8701171875, ""2026-01-08"": 7436.10009765625, ""2026-01-09"": 7638.77978515625, ""2026-01-12"": 7674.83984375, ""2026-01-13"": 7747.990234375, ""2026-01-14"": 7701.47021484375, ""2026-01-15"": 7837.2998046875, ""2026-01-16"": 7927.41015625, ""2026-01-19"": NaN, ""2026-01-20"": 7794.18994140625, ""2026-01-21"": 8042.06982421875, ""2026-01-22"": 8055.169921875, ""2026-01-23"": 7957.93017578125, ""2026-01-26"": 7927.0400390625, ""2026-01-27"": 8117.18017578125, ""2026-01-28"": 8306.740234375, ""2026-01-29"": 8320.3896484375, ""2026-01-30"": 7998.47021484375, ""2026-02-02"": 8134.48828125}","{""metric"": ""Market_ADR"", ""2025-12-18"": 61.7, ""2025-12-19"": 131.39, ""2025-12-22"": 97.41, ""2025-12-23"": 32.29, ""2025-12-24"": 60.54, ""2025-12-26"": 37.91, ""2025-12-29"": 88.09, ""2025-12-30"": 74.29, ""2026-01-02"": 71.11, ""2026-01-05"": 89.71, ""2026-01-06"": 63.36, ""2026-01-07"": 33.14, ""2026-01-08"": 30.17, ""2026-01-09"": 121.26, ""2026-01-12"": 131.65, ""2026-01-13"": 81.94, ""2026-01-14"": 138.21, ""2026-01-15"": 106.74, ""2026-01-16"": 60.28, ""2026-01-19"": 82.11, ""2026-01-20"": 282.72, ""2026-01-21"": 54.03, ""2026-01-22"": 136.53, ""2026-01-23"": 212.46, ""2026-01-26"": 107.47, ""2026-01-27"": 93.31, ""2026-01-28"": 71.24, ""2026-01-29"": 193.49, ""2026-01-30"": 52.94, ""2026-02-02"": 19.67}",2026-02-02 23:54
421320,PLUS 우주항공&UAM,41450,-3.38,6.75,50.68,194.2,S8,천하무적: 시장의 주도주,"{""Ticker"": ""^SOX"", ""2025-12-18"": 6863.6298828125, ""2025-12-19"": 7067.8701171875, ""2025-12-22"": 7145.56982421875, ""2025-12-23"": 7184.5400390625, ""2025-12-24"": 7204.3701171875, ""2025-12-26"": 7207.64013671875, ""2025-12-29"": 7178.27001953125, ""2025-12-30"": 7169.10009765625, ""2025-12-31"": 7083.1298828125, ""2026-01-02"": 7367.47021484375, ""2026-01-05"": 7446.4501953125, ""2026-01-06"": 7650.93017578125, ""2026-01-07"": 7574.8701171875, ""2026-01-08"": 7436.10009765625, ""2026-01-09"": 7638.77978515625, ""2026-01-12"": 7674.83984375, ""2026-01-13"": 7747.990234375, ""2026-01-14"": 7701.47021484375, ""2026-01-15"": 7837.2998046875, ""2026-01-16"": 7927.41015625, ""2026-01-19"": NaN, ""2026-01-20"": 7794.18994140625, ""2026-01-21"": 8042.06982421875, ""2026-01-22"": 8055.169921875, ""2026-01-23"": 7957.93017578125, ""2026-01-26"": 7927.0400390625, ""2026-01-27"": 8117.18017578125, ""2026-01-28"": 8306.740234375, ""2026-01-29"": 8320.3896484375, ""2026-01-30"": 7998.47021484375, ""2026-02-02"": 8134.48828125}","{""metric"": ""Market_ADR"", ""2025-12-18"": 61.7, ""2025-12-19"": 131.39, ""2025-12-22"": 97.41, ""2025-12-23"": 32.29, ""2025-12-24"": 60.54, ""2025-12-26"": 37.91, ""2025-12-29"": 88.09, ""2025-12-30"": 74.29, ""2026-01-02"": 71.11, ""2026-01-05"": 89.71, ""2026-01-06"": 63.36, ""2026-01-07"": 33.14, ""2026-01-08"": 30.17, ""2026-01-09"": 121.26, ""2026-01-12"": 131.65, ""2026-01-13"": 81.94, ""2026-01-14"": 138.21, ""2026-01-15"": 106.74, ""2026-01-16"": 60.28, ""2026-01-19"": 82.11, ""2026-01-20"": 282.72, ""2026-01-21"": 54.03, ""2026-01-22"": 136.53, ""2026-01-23"": 212.46, ""2026-01-26"": 107.47, ""2026-01-27"": 93.31, ""2026-01-28"": 71.24, ""2026-01-29"": 193.49, ""2026-01-30"": 52.94, ""2026-02-02"": 19.67}",2026-02-02 23:54
0104G0,PLUS K방산레버리지,12460,-10.39,-7.6,48.66,140.8,B8,황금 눌림목: 최적 매수 타점,"{""Ticker"": ""^SOX"", ""2025-12-18"": 6863.6298828125, ""2025-12-19"": 7067.8701171875, ""2025-12-22"": 7145.56982421875, ""2025-12-23"": 7184.5400390625, ""2025-12-24"": 7204.3701171875, ""2025-12-26"": 7207.64013671875, ""2025-12-29"": 7178.27001953125, ""2025-12-30"": 7169.10009765625, ""2025-12-31"": 7083.1298828125, ""2026-01-02"": 7367.47021484375, ""2026-01-05"": 7446.4501953125, ""2026-01-06"": 7650.93017578125, ""2026-01-07"": 7574.8701171875, ""2026-01-08"": 7436.10009765625, ""2026-01-09"": 7638.77978515625, ""2026-01-12"": 7674.83984375, ""2026-01-13"": 7747.990234375, ""2026-01-14"": 7701.47021484375, ""2026-01-15"": 7837.2998046875, ""2026-01-16"": 7927.41015625, ""2026-01-19"": NaN, ""2026-01-20"": 7794.18994140625, ""2026-01-21"": 8042.06982421875, ""2026-01-22"": 8055.169921875, ""2026-01-23"": 7957.93017578125, ""2026-01-26"": 7927.0400390625, ""2026-01-27"": 8117.18017578125, ""2026-01-28"": 8306.740234375, ""2026-01-29"": 8320.3896484375, ""2026-01-30"": 7998.47021484375, ""2026-02-02"": 8134.48828125}","{""metric"": ""Market_ADR"", ""2025-12-18"": 61.7, ""2025-12-19"": 131.39, ""2025-12-22"": 97.41, ""2025-12-23"": 32.29, ""2025-12-24"": 60.54, ""2025-12-26"": 37.91, ""2025-12-29"": 88.09, ""2025-12-30"": 74.29, ""2026-01-02"": 71.11, ""2026-01-05"": 89.71, ""2026-01-06"": 63.36, ""2026-01-07"": 33.14, ""2026-01-08"": 30.17, ""2026-01-09"": 121.26, ""2026-01-12"": 131.65, ""2026-01-13"": 81.94, ""2026-01-14"": 138.21, ""2026-01-15"": 106.74, ""2026-01-16"": 60.28, ""2026-01-19"": 82.11, ""2026-01-20"": 282.72, ""2026-01-21"": 54.03, ""2026-01-22"": 136.53, ""2026-01-23"": 212.46, ""2026-01-26"": 107.47, ""2026-01-27"": 93.31, ""2026-01-28"": 71.24, ""2026-01-29"": 193.49, ""2026-01-30"": 52.94, ""2026-02-02"": 19.67}",2026-02-02 23:54
306950,KODEX KRX300레버리지,51240,-13.03,1.13,34.82,282.7,S10,천하무적: 시장의 주도주,"{""Ticker"": ""^SOX"", ""2025-12-18"": 6863.6298828125, ""2025-12-19"": 7067.8701171875, ""2025-12-22"": 7145.56982421875, ""2025-12-23"": 7184.5400390625, ""2025-12-24"": 7204.3701171875, ""2025-12-26"": 7207.64013671875, ""2025-12-29"": 7178.27001953125, ""2025-12-30"": 7169.10009765625, ""2025-12-31"": 7083.1298828125, ""2026-01-02"": 7367.47021484375, ""2026-01-05"": 7446.4501953125, ""2026-01-06"": 7650.93017578125, ""2026-01-07"": 7574.8701171875, ""2026-01-08"": 7436.10009765625, ""2026-01-09"": 7638.77978515625, ""2026-01-12"": 7674.83984375, ""2026-01-13"": 7747.990234375, ""2026-01-14"": 7701.47021484375, ""2026-01-15"": 7837.2998046875, ""2026-01-16"": 7927.41015625, ""2026-01-19"": NaN, ""2026-01-20"": 7794.18994140625, ""2026-01-21"": 8042.06982421875, ""2026-01-22"": 8055.169921875, ""2026-01-23"": 7957.93017578125, ""2026-01-26"": 7927.0400390625, ""2026-01-27"": 8117.18017578125, ""2026-01-28"": 8306.740234375, ""2026-01-29"": 8320.3896484375, ""2026-01-30"": 7998.47021484375, ""2026-02-02"": 8134.48828125}","{""metric"": ""Market_ADR"", ""2025-12-18"": 61.7, ""2025-12-19"": 131.39, ""2025-12-22"": 97.41, ""2025-12-23"": 32.29, ""2025-12-24"": 60.54, ""2025-12-26"": 37.91, ""2025-12-29"": 88.09, ""2025-12-30"": 74.29, ""2026-01-02"": 71.11, ""2026-01-05"": 89.71, ""2026-01-06"": 63.36, ""2026-01-07"": 33.14, ""2026-01-08"": 30.17, ""2026-01-09"": 121.26, ""2026-01-12"": 131.65, ""2026-01-13"": 81.94, ""2026-01-14"": 138.21, ""2026-01-15"": 106.74, ""2026-01-16"": 60.28, ""2026-01-19"": 82.11, ""2026-01-20"": 282.72, ""2026-01-21"": 54.03, ""2026-01-22"": 136.53, ""2026-01-23"": 212.46, ""2026-01-26"": 107.47, ""2026-01-27"": 93.31, ""2026-01-28"": 71.24, ""2026-01-29"": 193.49, ""2026-01-30"": 52.94, ""2026-02-02"": 19.67}",2026-02-02 23:54
122630,KODEX 레버리지,67460,-11.68,0.69,34.54,162.4,B9,황금 눌림목: 최적 매수 타점,"{""Ticker"": ""^SOX"", ""2025-12-18"": 6863.6298828125, ""2025-12-19"": 7067.8701171875, ""2025-12-22"": 7145.56982421875, ""2025-12-23"": 7184.5400390625, ""2025-12-24"": 7204.3701171875, ""2025-12-26"": 7207.64013671875, ""2025-12-29"": 7178.27001953125, ""2025-12-30"": 7169.10009765625, ""2025-12-31"": 7083.1298828125, ""2026-01-02"": 7367.47021484375, ""2026-01-05"": 7446.4501953125, ""2026-01-06"": 7650.93017578125, ""2026-01-07"": 7574.8701171875, ""2026-01-08"": 7436.10009765625, ""2026-01-09"": 7638.77978515625, ""2026-01-12"": 7674.83984375, ""2026-01-13"": 7747.990234375, ""2026-01-14"": 7701.47021484375, ""2026-01-15"": 7837.2998046875, ""2026-01-16"": 7927.41015625, ""2026-01-19"": NaN, ""2026-01-20"": 7794.18994140625, ""2026-01-21"": 8042.06982421875, ""2026-01-22"": 8055.169921875, ""2026-01-23"": 7957.93017578125, ""2026-01-26"": 7927.0400390625, ""2026-01-27"": 8117.18017578125, ""2026-01-28"": 8306.740234375, ""2026-01-29"": 8320.3896484375, ""2026-01-30"": 7998.47021484375, ""2026-02-02"": 8134.48828125}","{""metric"": ""Market_ADR"", ""2025-12-18"": 61.7, ""2025-12-19"": 131.39, ""2025-12-22"": 97.41, ""2025-12-23"": 32.29, ""2025-12-24"": 60.54, ""2025-12-26"": 37.91, ""2025-12-29"": 88.09, ""2025-12-30"": 74.29, ""2026-01-02"": 71.11, ""2026-01-05"": 89.71, ""2026-01-06"": 63.36, ""2026-01-07"": 33.14, ""2026-01-08"": 30.17, ""2026-01-09"": 121.26, ""2026-01-12"": 131.65, ""2026-01-13"": 81.94, ""2026-01-14"": 138.21, ""2026-01-15"": 106.74, ""2026-01-16"": 60.28, ""2026-01-19"": 82.11, ""2026-01-20"": 282.72, ""2026-01-21"": 54.03, ""2026-01-22"": 136.53, ""2026-01-23"": 212.46, ""2026-01-26"": 107.47, ""2026-01-27"": 93.31, ""2026-01-28"": 71.24, ""2026-01-29"": 193.49, ""2026-01-30"": 52.94, ""2026-02-02"": 19.67}",2026-02-02 23:54
304780,HANARO 200선물레버리지,74940,-12.03,0.13,33.76,62.6,B10,황금 눌림목: 최적 매수 타점,"{""Ticker"": ""^SOX"", ""2025-12-18"": 6863.6298828125, ""2025-12-19"": 7067.8701171875, ""2025-12-22"": 7145.56982421875, ""2025-12-23"": 7184.5400390625, ""2025-12-24"": 7204.3701171875, ""2025-12-26"": 7207.64013671875, ""2025-12-29"": 7178.27001953125, ""2025-12-30"": 7169.10009765625, ""2025-12-31"": 7083.1298828125, ""2026-01-02"": 7367.47021484375, ""2026-01-05"": 7446.4501953125, ""2026-01-06"": 7650.93017578125, ""2026-01-07"": 7574.8701171875, ""2026-01-08"": 7436.10009765625, ""2026-01-09"": 7638.77978515625, ""2026-01-12"": 7674.83984375, ""2026-01-13"": 7747.990234375, ""2026-01-14"": 7701.47021484375, ""2026-01-15"": 7837.2998046875, ""2026-01-16"": 7927.41015625, ""2026-01-19"": NaN, ""2026-01-20"": 7794.18994140625, ""2026-01-21"": 8042.06982421875, ""2026-01-22"": 8055.169921875, ""2026-01-23"": 7957.93017578125, ""2026-01-26"": 7927.0400390625, ""2026-01-27"": 8117.18017578125, ""2026-01-28"": 8306.740234375, ""2026-01-29"": 8320.3896484375, ""2026-01-30"": 7998.47021484375, ""2026-02-02"": 8134.48828125}","{""metric"": ""Market_ADR"", ""2025-12-18"": 61.7, ""2025-12-19"": 131.39, ""2025-12-22"": 97.41, ""2025-12-23"": 32.29, ""2025-12-24"": 60.54, ""2025-12-26"": 37.91, ""2025-12-29"": 88.09, ""2025-12-30"": 74.29, ""2026-01-02"": 71.11, ""2026-01-05"": 89.71, ""2026-01-06"": 63.36, ""2026-01-07"": 33.14, ""2026-01-08"": 30.17, ""2026-01-09"": 121.26, ""2026-01-12"": 131.65, ""2026-01-13"": 81.94, ""2026-01-14"": 138.21, ""2026-01-15"": 106.74, ""2026-01-16"": 60.28, ""2026-01-19"": 82.11, ""2026-01-20"": 282.72, ""2026-01-21"": 54.03, ""2026-01-22"": 136.53, ""2026-01-23"": 212.46, ""2026-01-26"": 107.47, ""2026-01-27"": 93.31, ""2026-01-28"": 71.24, ""2026-01-29"": 193.49, ""2026-01-30"": 52.94, ""2026-02-02"": 19.67}",2026-02-02 23:54
267770,TIGER 200선물레버리지,51385,-11.68,0.84,33.5,525.9,S10,천하무적: 시장의 주도주,"{""Ticker"": ""^SOX"", ""2025-12-18"": 6863.6298828125, ""2025-12-19"": 7067.8701171875, ""2025-12-22"": 7145.56982421875, ""2025-12-23"": 7184.5400390625, ""2025-12-24"": 7204.3701171875, ""2025-12-26"": 7207.64013671875, ""2025-12-29"": 7178.27001953125, ""2025-12-30"": 7169.10009765625, ""2025-12-31"": 7083.1298828125, ""2026-01-02"": 7367.47021484375, ""2026-01-05"": 7446.4501953125, ""2026-01-06"": 7650.93017578125, ""2026-01-07"": 7574.8701171875, ""2026-01-08"": 7436.10009765625, ""2026-01-09"": 7638.77978515625, ""2026-01-12"": 7674.83984375, ""2026-01-13"": 7747.990234375, ""2026-01-14"": 7701.47021484375, ""2026-01-15"": 7837.2998046875, ""2026-01-16"": 7927.41015625, ""2026-01-19"": NaN, ""2026-01-20"": 7794.18994140625, ""2026-01-21"": 8042.06982421875, ""2026-01-22"": 8055.169921875, ""2026-01-23"": 7957.93017578125, ""2026-01-26"": 7927.0400390625, ""2026-01-27"": 8117.18017578125, ""2026-01-28"": 8306.740234375, ""2026-01-29"": 8320.3896484375, ""2026-01-30"": 7998.47021484375, ""2026-02-02"": 8134.48828125}","{""metric"": ""Market_ADR"", ""2025-12-18"": 61.7, ""2025-12-19"": 131.39, ""2025-12-22"": 97.41, ""2025-12-23"": 32.29, ""2025-12-24"": 60.54, ""2025-12-26"": 37.91, ""2025-12-29"": 88.09, ""2025-12-30"": 74.29, ""2026-01-02"": 71.11, ""2026-01-05"": 89.71, ""2026-01-06"": 63.36, ""2026-01-07"": 33.14, ""2026-01-08"": 30.17, ""2026-01-09"": 121.26, ""2026-01-12"": 131.65, ""2026-01-13"": 81.94, ""2026-01-14"": 138.21, ""2026-01-15"": 106.74, ""2026-01-16"": 60.28, ""2026-01-19"": 82.11, ""2026-01-20"": 282.72, ""2026-01-21"": 54.03, ""2026-01-22"": 136.53, ""2026-01-23"": 212.46, ""2026-01-26"": 107.47, ""2026-01-27"": 93.31, ""2026-01-28"": 71.24, ""2026-01-29"": 193.49, ""2026-01-30"": 52.94, ""2026-02-02"": 19.67}",2026-02-02 23:54
306530,HANARO 코스닥150선물레버리지,17535,-11.88,8.54,33.03,401.9,S9,천하무적: 시장의 주도주,"{""Ticker"": ""^SOX"", ""2025-12-18"": 6863.6298828125, ""2025-12-19"": 7067.8701171875, ""2025-12-22"": 7145.56982421875, ""2025-12-23"": 7184.5400390625, ""2025-12-24"": 7204.3701171875, ""2025-12-26"": 7207.64013671875, ""2025-12-29"": 7178.27001953125, ""2025-12-30"": 7169.10009765625, ""2025-12-31"": 7083.1298828125, ""2026-01-02"": 7367.47021484375, ""2026-01-05"": 7446.4501953125, ""2026-01-06"": 7650.93017578125, ""2026-01-07"": 7574.8701171875, ""2026-01-08"": 7436.10009765625, ""2026-01-09"": 7638.77978515625, ""2026-01-12"": 7674.83984375, ""2026-01-13"": 7747.990234375, ""2026-01-14"": 7701.47021484375, ""2026-01-15"": 7837.2998046875, ""2026-01-16"": 7927.41015625, ""2026-01-19"": NaN, ""2026-01-20"": 7794.18994140625, ""2026-01-21"": 8042.06982421875, ""2026-01-22"": 8055.169921875, ""2026-01-23"": 7957.93017578125, ""2026-01-26"": 7927.0400390625, ""2026-01-27"": 8117.18017578125, ""2026-01-28"": 8306.740234375, ""2026-01-29"": 8320.3896484375, ""2026-01-30"": 7998.47021484375, ""2026-02-02"": 8134.48828125}","{""metric"": ""Market_ADR"", ""2025-12-18"": 61.7, ""2025-12-19"": 131.39, ""2025-12-22"": 97.41, ""2025-12-23"": 32.29, ""2025-12-24"": 60.54, ""2025-12-26"": 37.91, ""2025-12-29"": 88.09, ""2025-12-30"": 74.29, ""2026-01-02"": 71.11, ""2026-01-05"": 89.71, ""2026-01-06"": 63.36, ""2026-01-07"": 33.14, ""2026-01-08"": 30.17, ""2026-01-09"": 121.26, ""2026-01-12"": 131.65, ""2026-01-13"": 81.94, ""2026-01-14"": 138.21, ""2026-01-15"": 106.74, ""2026-01-16"": 60.28, ""2026-01-19"": 82.11, ""2026-01-20"": 282.72, ""2026-01-21"": 54.03, ""2026-01-22"": 136.53, ""2026-01-23"": 212.46, ""2026-01-26"": 107.47, ""2026-01-27"": 93.31, ""2026-01-28"": 71.24, ""2026-01-29"": 193.49, ""2026-01-30"": 52.94, ""2026-02-02"": 19.67}",2026-02-02 23:54
252400,RISE 200선물레버리지,61520,-11.94,0.42,33.02,561.5,B10,황금 눌림목: 최적 매수 타점,"{""Ticker"": ""^SOX"", ""2025-12-18"": 6863.6298828125, ""2025-12-19"": 7067.8701171875, ""2025-12-22"": 7145.56982421875, ""2025-12-23"": 7184.5400390625, ""2025-12-24"": 7204.3701171875, ""2025-12-26"": 7207.64013671875, ""2025-12-29"": 7178.27001953125, ""2025-12-30"": 7169.10009765625, ""2025-12-31"": 7083.1298828125, ""2026-01-02"": 7367.47021484375, ""2026-01-05"": 7446.4501953125, ""2026-01-06"": 7650.93017578125, ""2026-01-07"": 7574.8701171875, ""2026-01-08"": 7436.10009765625, ""2026-01-09"": 7638.77978515625, ""2026-01-12"": 7674.83984375, ""2026-01-13"": 7747.990234375, ""2026-01-14"": 7701.47021484375, ""2026-01-15"": 7837.2998046875, ""2026-01-16"": 7927.41015625, ""2026-01-19"": NaN, ""2026-01-20"": 7794.18994140625, ""2026-01-21"": 8042.06982421875, ""2026-01-22"": 8055.169921875, ""2026-01-23"": 7957.93017578125, ""2026-01-26"": 7927.0400390625, ""2026-01-27"": 8117.18017578125, ""2026-01-28"": 8306.740234375, ""2026-01-29"": 8320.3896484375, ""2026-01-30"": 7998.47021484375, ""2026-02-02"": 8134.48828125}","{""metric"": ""Market_ADR"", ""2025-12-18"": 61.7, ""2025-12-19"": 131.39, ""2025-12-22"": 97.41, ""2025-12-23"": 32.29, ""2025-12-24"": 60.54, ""2025-12-26"": 37.91, ""2025-12-29"": 88.09, ""2025-12-30"": 74.29, ""2026-01-02"": 71.11, ""2026-01-05"": 89.71, ""2026-01-06"": 63.36, ""2026-01-07"": 33.14, ""2026-01-08"": 30.17, ""2026-01-09"": 121.26, ""2026-01-12"": 131.65, ""2026-01-13"": 81.94, ""2026-01-14"": 138.21, ""2026-01-15"": 106.74, ""2026-01-16"": 60.28, ""2026-01-19"": 82.11, ""2026-01-20"": 282.72, ""2026-01-21"": 54.03, ""2026-01-22"": 136.53, ""2026-01-23"": 212.46, ""2026-01-26"": 107.47, ""2026-01-27"": 93.31, ""2026-01-28"": 71.24, ""2026-01-29"": 193.49, ""2026-01-30"": 52.94, ""2026-02-02"": 19.67}",2026-02-02 23:54
291630,KIWOOM 코스닥150선물레버리지,8725,-12.4,8.39,32.91,263.8,S9,천하무적: 시장의 주도주,"{""Ticker"": ""^SOX"", ""2025-12-18"": 6863.6298828125, ""2025-12-19"": 7067.8701171875, ""2025-12-22"": 7145.56982421875, ""2025-12-23"": 7184.5400390625, ""2025-12-24"": 7204.3701171875, ""2025-12-26"": 7207.64013671875, ""2025-12-29"": 7178.27001953125, ""2025-12-30"": 7169.10009765625, ""2025-12-31"": 7083.1298828125, ""2026-01-02"": 7367.47021484375, ""2026-01-05"": 7446.4501953125, ""2026-01-06"": 7650.93017578125, ""2026-01-07"": 7574.8701171875, ""2026-01-08"": 7436.10009765625, ""2026-01-09"": 7638.77978515625, ""2026-01-12"": 7674.83984375, ""2026-01-13"": 7747.990234375, ""2026-01-14"": 7701.47021484375, ""2026-01-15"": 7837.2998046875, ""2026-01-16"": 7927.41015625, ""2026-01-19"": NaN, ""2026-01-20"": 7794.18994140625, ""2026-01-21"": 8042.06982421875, ""2026-01-22"": 8055.169921875, ""2026-01-23"": 7957.93017578125, ""2026-01-26"": 7927.0400390625, ""2026-01-27"": 8117.18017578125, ""2026-01-28"": 8306.740234375, ""2026-01-29"": 8320.3896484375, ""2026-01-30"": 7998.47021484375, ""2026-02-02"": 8134.48828125}","{""metric"": ""Market_ADR"", ""2025-12-18"": 61.7, ""2025-12-19"": 131.39, ""2025-12-22"": 97.41, ""2025-12-23"": 32.29, ""2025-12-24"": 60.54, ""2025-12-26"": 37.91, ""2025-12-29"": 88.09, ""2025-12-30"": 74.29, ""2026-01-02"": 71.11, ""2026-01-05"": 89.71, ""2026-01-06"": 63.36, ""2026-01-07"": 33.14, ""2026-01-08"": 30.17, ""2026-01-09"": 121.26, ""2026-01-12"": 131.65, ""2026-01-13"": 81.94, ""2026-01-14"": 138.21, ""2026-01-15"": 106.74, ""2026-01-16"": 60.28, ""2026-01-19"": 82.11, ""2026-01-20"": 282.72, ""2026-01-21"": 54.03, ""2026-01-22"": 136.53, ""2026-01-23"": 212.46, ""2026-01-26"": 107.47, ""2026-01-27"": 93.31, ""2026-01-28"": 71.24, ""2026-01-29"": 193.49, ""2026-01-30"": 52.94, ""2026-02-02"": 19.67}",2026-02-02 23:54
123320,TIGER 레버리지,66650,-11.87,0.47,32.87,572.8,B10,황금 눌림목: 최적 매수 타점,"{""Ticker"": ""^SOX"", ""2025-12-18"": 6863.6298828125, ""2025-12-19"": 7067.8701171875, ""2025-12-22"": 7145.56982421875, ""2025-12-23"": 7184.5400390625, ""2025-12-24"": 7204.3701171875, ""2025-12-26"": 7207.64013671875, ""2025-12-29"": 7178.27001953125, ""2025-12-30"": 7169.10009765625, ""2025-12-31"": 7083.1298828125, ""2026-01-02"": 7367.47021484375, ""2026-01-05"": 7446.4501953125, ""2026-01-06"": 7650.93017578125, ""2026-01-07"": 7574.8701171875, ""2026-01-08"": 7436.10009765625, ""2026-01-09"": 7638.77978515625, ""2026-01-12"": 7674.83984375, ""2026-01-13"": 7747.990234375, ""2026-01-14"": 7701.47021484375, ""2026-01-15"": 7837.2998046875, ""2026-01-16"": 7927.41015625, ""2026-01-19"": NaN, ""2026-01-20"": 7794.18994140625, ""2026-01-21"": 8042.06982421875, ""2026-01-22"": 8055.169921875, ""2026-01-23"": 7957.93017578125, ""2026-01-26"": 7927.0400390625, ""2026-01-27"": 8117.18017578125, ""2026-01-28"": 8306.740234375, ""2026-01-29"": 8320.3896484375, ""2026-01-30"": 7998.47021484375, ""2026-02-02"": 8134.48828125}","{""metric"": ""Market_ADR"", ""2025-12-18"": 61.7, ""2025-12-19"": 131.39, ""2025-12-22"": 97.41, ""2025-12-23"": 32.29, ""2025-12-24"": 60.54, ""2025-12-26"": 37.91, ""2025-12-29"": 88.09, ""2025-12-30"": 74.29, ""2026-01-02"": 71.11, ""2026-01-05"": 89.71, ""2026-01-06"": 63.36, ""2026-01-07"": 33.14, ""2026-01-08"": 30.17, ""2026-01-09"": 121.26, ""2026-01-12"": 131.65, ""2026-01-13"": 81.94, ""2026-01-14"": 138.21, ""2026-01-15"": 106.74, ""2026-01-16"": 60.28, ""2026-01-19"": 82.11, ""2026-01-20"": 282.72, ""2026-01-21"": 54.03, ""2026-01-22"": 136.53, ""2026-01-23"": 212.46, ""2026-01-26"": 107.47, ""2026-01-27"": 93.31, ""2026-01-28"": 71.24, ""2026-01-29"": 193.49, ""2026-01-30"": 52.94, ""2026-02-02"": 19.67}",2026-02-02 23:54
278240,RISE 코스닥150선물레버리지,19735,-11.6,9.34,32.79,354.1,S9,천하무적: 시장의 주도주,"{""Ticker"": ""^SOX"", ""2025-12-18"": 6863.6298828125, ""2025-12-19"": 7067.8701171875, ""2025-12-22"": 7145.56982421875, ""2025-12-23"": 7184.5400390625, ""2025-12-24"": 7204.3701171875, ""2025-12-26"": 7207.64013671875, ""2025-12-29"": 7178.27001953125, ""2025-12-30"": 7169.10009765625, ""2025-12-31"": 7083.1298828125, ""2026-01-02"": 7367.47021484375, ""2026-01-05"": 7446.4501953125, ""2026-01-06"": 7650.93017578125, ""2026-01-07"": 7574.8701171875, ""2026-01-08"": 7436.10009765625, ""2026-01-09"": 7638.77978515625, ""2026-01-12"": 7674.83984375, ""2026-01-13"": 7747.990234375, ""2026-01-14"": 7701.47021484375, ""2026-01-15"": 7837.2998046875, ""2026-01-16"": 7927.41015625, ""2026-01-19"": NaN, ""2026-01-20"": 7794.18994140625, ""2026-01-21"": 8042.06982421875, ""2026-01-22"": 8055.169921875, ""2026-01-23"": 7957.93017578125, ""2026-01-26"": 7927.0400390625, ""2026-01-27"": 8117.18017578125, ""2026-01-28"": 8306.740234375, ""2026-01-29"": 8320.3896484375, ""2026-01-30"": 7998.47021484375, ""2026-02-02"": 8134.48828125}","{""metric"": ""Market_ADR"", ""2025-12-18"": 61.7, ""2025-12-19"": 131.39, ""2025-12-22"": 97.41, ""2025-12-23"": 32.29, ""2025-12-24"": 60.54, ""2025-12-26"": 37.91, ""2025-12-29"": 88.09, ""2025-12-30"": 74.29, ""2026-01-02"": 71.11, ""2026-01-05"": 89.71, ""2026-01-06"": 63.36, ""2026-01-07"": 33.14, ""2026-01-08"": 30.17, ""2026-01-09"": 121.26, ""2026-01-12"": 131.65, ""2026-01-13"": 81.94, ""2026-01-14"": 138.21, ""2026-01-15"": 106.74, ""2026-01-16"": 60.28, ""2026-01-19"": 82.11, ""2026-01-20"": 282.72, ""2026-01-21"": 54.03, ""2026-01-22"": 136.53, ""2026-01-23"": 212.46, ""2026-01-26"": 107.47, ""2026-01-27"": 93.31, ""2026-01-28"": 71.24, ""2026-01-29"": 193.49, ""2026-01-30"": 52.94, ""2026-02-02"": 19.67}",2026-02-02 23:54
253250,KIWOOM 200선물레버리지,60580,-12.0,0.4,32.7,320.8,B10,황금 눌림목: 최적 매수 타점,"{""Ticker"": ""^SOX"", ""2025-12-18"": 6863.6298828125, ""2025-12-19"": 7067.8701171875, ""2025-12-22"": 7145.56982421875, ""2025-12-23"": 7184.5400390625, ""2025-12-24"": 7204.3701171875, ""2025-12-26"": 7207.64013671875, ""2025-12-29"": 7178.27001953125, ""2025-12-30"": 7169.10009765625, ""2025-12-31"": 7083.1298828125, ""2026-01-02"": 7367.47021484375, ""2026-01-05"": 7446.4501953125, ""2026-01-06"": 7650.93017578125, ""2026-01-07"": 7574.8701171875, ""2026-01-08"": 7436.10009765625, ""2026-01-09"": 7638.77978515625, ""2026-01-12"": 7674.83984375, ""2026-01-13"": 7747.990234375, ""2026-01-14"": 7701.47021484375, ""2026-01-15"": 7837.2998046875, ""2026-01-16"": 7927.41015625, ""2026-01-19"": NaN, ""2026-01-20"": 7794.18994140625, ""2026-01-21"": 8042.06982421875, ""2026-01-22"": 8055.169921875, ""2026-01-23"": 7957.93017578125, ""2026-01-26"": 7927.0400390625, ""2026-01-27"": 8117.18017578125, ""2026-01-28"": 8306.740234375, ""2026-01-29"": 8320.3896484375, ""2026-01-30"": 7998.47021484375, ""2026-02-02"": 8134.48828125}","{""metric"": ""Market_ADR"", ""2025-12-18"": 61.7, ""2025-12-19"": 131.39, ""2025-12-22"": 97.41, ""2025-12-23"": 32.29, ""2025-12-24"": 60.54, ""2025-12-26"": 37.91, ""2025-12-29"": 88.09, ""2025-12-30"": 74.29, ""2026-01-02"": 71.11, ""2026-01-05"": 89.71, ""2026-01-06"": 63.36, ""2026-01-07"": 33.14, ""2026-01-08"": 30.17, ""2026-01-09"": 121.26, ""2026-01-12"": 131.65, ""2026-01-13"": 81.94, ""2026-01-14"": 138.21, ""2026-01-15"": 106.74, ""2026-01-16"": 60.28, ""2026-01-19"": 82.11, ""2026-01-20"": 282.72, ""2026-01-21"": 54.03, ""2026-01-22"": 136.53, ""2026-01-23"": 212.46, ""2026-01-26"": 107.47, ""2026-01-27"": 93.31, ""2026-01-28"": 71.24, ""2026-01-29"": 193.49, ""2026-01-30"": 52.94, ""2026-02-02"": 19.67}",2026-02-02 23:54
233740,KODEX 코스닥150레버리지,17460,-11.46,8.28,32.63,341.1,S9,천하무적: 시장의 주도주,"{""Ticker"": ""^SOX"", ""2025-12-18"": 6863.6298828125, ""2025-12-19"": 7067.8701171875, ""2025-12-22"": 7145.56982421875, ""2025-12-23"": 7184.5400390625, ""2025-12-24"": 7204.3701171875, ""2025-12-26"": 7207.64013671875, ""2025-12-29"": 7178.27001953125, ""2025-12-30"": 7169.10009765625, ""2025-12-31"": 7083.1298828125, ""2026-01-02"": 7367.47021484375, ""2026-01-05"": 7446.4501953125, ""2026-01-06"": 7650.93017578125, ""2026-01-07"": 7574.8701171875, ""2026-01-08"": 7436.10009765625, ""2026-01-09"": 7638.77978515625, ""2026-01-12"": 7674.83984375, ""2026-01-13"": 7747.990234375, ""2026-01-14"": 7701.47021484375, ""2026-01-15"": 7837.2998046875, ""2026-01-16"": 7927.41015625, ""2026-01-19"": NaN, ""2026-01-20"": 7794.18994140625, ""2026-01-21"": 8042.06982421875, ""2026-01-22"": 8055.169921875, ""2026-01-23"": 7957.93017578125, ""2026-01-26"": 7927.0400390625, ""2026-01-27"": 8117.18017578125, ""2026-01-28"": 8306.740234375, ""2026-01-29"": 8320.3896484375, ""2026-01-30"": 7998.47021484375, ""2026-02-02"": 8134.48828125}","{""metric"": ""Market_ADR"", ""2025-12-18"": 61.7, ""2025-12-19"": 131.39, ""2025-12-22"": 97.41, ""2025-12-23"": 32.29, ""2025-12-24"": 60.54, ""2025-12-26"": 37.91, ""2025-12-29"": 88.09, ""2025-12-30"": 74.29, ""2026-01-02"": 71.11, ""2026-01-05"": 89.71, ""2026-01-06"": 63.36, ""2026-01-07"": 33.14, ""2026-01-08"": 30.17, ""2026-01-09"": 121.26, ""2026-01-12"": 131.65, ""2026-01-13"": 81.94, ""2026-01-14"": 138.21, ""2026-01-15"": 106.74, ""2026-01-16"": 60.28, ""2026-01-19"": 82.11, ""2026-01-20"": 282.72, ""2026-01-21"": 54.03, ""2026-01-22"": 136.53, ""2026-01-23"": 212.46, ""2026-01-26"": 107.47, ""2026-01-27"": 93.31, ""2026-01-28"": 71.24, ""2026-01-29"": 193.49, ""2026-01-30"": 52.94, ""2026-02-02"": 19.67}",2026-02-02 23:54
253150,PLUS 200선물레버리지,123795,-11.87,0.49,32.63,831.9,B10,황금 눌림목: 최적 매수 타점,"{""Ticker"": ""^SOX"", ""2025-12-18"": 6863.6298828125, ""2025-12-19"": 7067.8701171875, ""2025-12-22"": 7145.56982421875, ""2025-12-23"": 7184.5400390625, ""2025-12-24"": 7204.3701171875, ""2025-12-26"": 7207.64013671875, ""2025-12-29"": 7178.27001953125, ""2025-12-30"": 7169.10009765625, ""2025-12-31"": 7083.1298828125, ""2026-01-02"": 7367.47021484375, ""2026-01-05"": 7446.4501953125, ""2026-01-06"": 7650.93017578125, ""2026-01-07"": 7574.8701171875, ""2026-01-08"": 7436.10009765625, ""2026-01-09"": 7638.77978515625, ""2026-01-12"": 7674.83984375, ""2026-01-13"": 7747.990234375, ""2026-01-14"": 7701.47021484375, ""2026-01-15"": 7837.2998046875, ""2026-01-16"": 7927.41015625, ""2026-01-19"": NaN, ""2026-01-20"": 7794.18994140625, ""2026-01-21"": 8042.06982421875, ""2026-01-22"": 8055.169921875, ""2026-01-23"": 7957.93017578125, ""2026-01-26"": 7927.0400390625, ""2026-01-27"": 8117.18017578125, ""2026-01-28"": 8306.740234375, ""2026-01-29"": 8320.3896484375, ""2026-01-30"": 7998.47021484375, ""2026-02-02"": 8134.48828125}","{""metric"": ""Market_ADR"", ""2025-12-18"": 61.7, ""2025-12-19"": 131.39, ""2025-12-22"": 97.41, ""2025-12-23"": 32.29, ""2025-12-24"": 60.54, ""2025-12-26"": 37.91, ""2025-12-29"": 88.09, ""2025-12-30"": 74.29, ""2026-01-02"": 71.11, ""2026-01-05"": 89.71, ""2026-01-06"": 63.36, ""2026-01-07"": 33.14, ""2026-01-08"": 30.17, ""2026-01-09"": 121.26, ""2026-01-12"": 131.65, ""2026-01-13"": 81.94, ""2026-01-14"": 138.21, ""2026-01-15"": 106.74, ""2026-01-16"": 60.28, ""2026-01-19"": 82.11, ""2026-01-20"": 282.72, ""2026-01-21"": 54.03, ""2026-01-22"": 136.53, ""2026-01-23"": 212.46, ""2026-01-26"": 107.47, ""2026-01-27"": 93.31, ""2026-01-28"": 71.24, ""2026-01-29"": 193.49, ""2026-01-30"": 52.94, ""2026-02-02"": 19.67}",2026-02-02 23:54
152500,ACE 레버리지,27325,-11.6,0.79,32.47,457.6,S10,천하무적: 시장의 주도주,"{""Ticker"": ""^SOX"", ""2025-12-18"": 6863.6298828125, ""2025-12-19"": 7067.8701171875, ""2025-12-22"": 7145.56982421875, ""2025-12-23"": 7184.5400390625, ""2025-12-24"": 7204.3701171875, ""2025-12-26"": 7207.64013671875, ""2025-12-29"": 7178.27001953125, ""2025-12-30"": 7169.10009765625, ""2025-12-31"": 7083.1298828125, ""2026-01-02"": 7367.47021484375, ""2026-01-05"": 7446.4501953125, ""2026-01-06"": 7650.93017578125, ""2026-01-07"": 7574.8701171875, ""2026-01-08"": 7436.10009765625, ""2026-01-09"": 7638.77978515625, ""2026-01-12"": 7674.83984375, ""2026-01-13"": 7747.990234375, ""2026-01-14"": 7701.47021484375, ""2026-01-15"": 7837.2998046875, ""2026-01-16"": 7927.41015625, ""2026-01-19"": NaN, ""2026-01-20"": 7794.18994140625, ""2026-01-21"": 8042.06982421875, ""2026-01-22"": 8055.169921875, ""2026-01-23"": 7957.93017578125, ""2026-01-26"": 7927.0400390625, ""2026-01-27"": 8117.18017578125, ""2026-01-28"": 8306.740234375, ""2026-01-29"": 8320.3896484375, ""2026-01-30"": 7998.47021484375, ""2026-02-02"": 8134.48828125}","{""metric"": ""Market_ADR"", ""2025-12-18"": 61.7, ""2025-12-19"": 131.39, ""2025-12-22"": 97.41, ""2025-12-23"": 32.29, ""2025-12-24"": 60.54, ""2025-12-26"": 37.91, ""2025-12-29"": 88.09, ""2025-12-30"": 74.29, ""2026-01-02"": 71.11, ""2026-01-05"": 89.71, ""2026-01-06"": 63.36, ""2026-01-07"": 33.14, ""2026-01-08"": 30.17, ""2026-01-09"": 121.26, ""2026-01-12"": 131.65, ""2026-01-13"": 81.94, ""2026-01-14"": 138.21, ""2026-01-15"": 106.74, ""2026-01-16"": 60.28, ""2026-01-19"": 82.11, ""2026-01-20"": 282.72, ""2026-01-21"": 54.03, ""2026-01-22"": 136.53, ""2026-01-23"": 212.46, ""2026-01-26"": 107.47, ""2026-01-27"": 93.31, ""2026-01-28"": 71.24, ""2026-01-29"": 193.49, ""2026-01-30"": 52.94, ""2026-02-02"": 19.67}",2026-02-02 23:54
233160,TIGER 코스닥150 레버리지,19380,-11.61,8.0,31.0,491.5,S9,천하무적: 시장의 주도주,"{""Ticker"": ""^SOX"", ""2025-12-18"": 6863.6298828125, ""2025-12-19"": 7067.8701171875, ""2025-12-22"": 7145.56982421875, ""2025-12-23"": 7184.5400390625, ""2025-12-24"": 7204.3701171875, ""2025-12-26"": 7207.64013671875, ""2025-12-29"": 7178.27001953125, ""2025-12-30"": 7169.10009765625, ""2025-12-31"": 7083.1298828125, ""2026-01-02"": 7367.47021484375, ""2026-01-05"": 7446.4501953125, ""2026-01-06"": 7650.93017578125, ""2026-01-07"": 7574.8701171875, ""2026-01-08"": 7436.10009765625, ""2026-01-09"": 7638.77978515625, ""2026-01-12"": 7674.83984375, ""2026-01-13"": 7747.990234375, ""2026-01-14"": 7701.47021484375, ""2026-01-15"": 7837.2998046875, ""2026-01-16"": 7927.41015625, ""2026-01-19"": NaN, ""2026-01-20"": 7794.18994140625, ""2026-01-21"": 8042.06982421875, ""2026-01-22"": 8055.169921875, ""2026-01-23"": 7957.93017578125, ""2026-01-26"": 7927.0400390625, ""2026-01-27"": 8117.18017578125, ""2026-01-28"": 8306.740234375, ""2026-01-29"": 8320.3896484375, ""2026-01-30"": 7998.47021484375, ""2026-02-02"": 8134.48828125}","{""metric"": ""Market_ADR"", ""2025-12-18"": 61.7, ""2025-12-19"": 131.39, ""2025-12-22"": 97.41, ""2025-12-23"": 32.29, ""2025-12-24"": 60.54, ""2025-12-26"": 37.91, ""2025-12-29"": 88.09, ""2025-12-30"": 74.29, ""2026-01-02"": 71.11, ""2026-01-05"": 89.71, ""2026-01-06"": 63.36, ""2026-01-07"": 33.14, ""2026-01-08"": 30.17, ""2026-01-09"": 121.26, ""2026-01-12"": 131.65, ""2026-01-13"": 81.94, ""2026-01-14"": 138.21, ""2026-01-15"": 106.74, ""2026-01-16"": 60.28, ""2026-01-19"": 82.11, ""2026-01-20"": 282.72, ""2026-01-21"": 54.03, ""2026-01-22"": 136.53, ""2026-01-23"": 212.46, ""2026-01-26"": 107.47, ""2026-01-27"": 93.31, ""2026-01-28"": 71.24, ""2026-01-29"": 193.49, ""2026-01-30"": 52.94, ""2026-02-02"": 19.67}",2026-02-02 23:54
396500,TIGER 반도체TOP10,27235,-8.48,10.82,24.31,306.0,S10,천하무적: 시장의 주도주,"{""Ticker"": ""^SOX"", ""2025-12-18"": 6863.6298828125, ""2025-12-19"": 7067.8701171875, ""2025-12-22"": 7145.56982421875, ""2025-12-23"": 7184.5400390625, ""2025-12-24"": 7204.3701171875, ""2025-12-26"": 7207.64013671875, ""2025-12-29"": 7178.27001953125, ""2025-12-30"": 7169.10009765625, ""2025-12-31"": 7083.1298828125, ""2026-01-02"": 7367.47021484375, ""2026-01-05"": 7446.4501953125, ""2026-01-06"": 7650.93017578125, ""2026-01-07"": 7574.8701171875, ""2026-01-08"": 7436.10009765625, ""2026-01-09"": 7638.77978515625, ""2026-01-12"": 7674.83984375, ""2026-01-13"": 7747.990234375, ""2026-01-14"": 7701.47021484375, ""2026-01-15"": 7837.2998046875, ""2026-01-16"": 7927.41015625, ""2026-01-19"": NaN, ""2026-01-20"": 7794.18994140625, ""2026-01-21"": 8042.06982421875, ""2026-01-22"": 8055.169921875, ""2026-01-23"": 7957.93017578125, ""2026-01-26"": 7927.0400390625, ""2026-01-27"": 8117.18017578125, ""2026-01-28"": 8306.740234375, ""2026-01-29"": 8320.3896484375, ""2026-01-30"": 7998.47021484375, ""2026-02-02"": 8134.48828125}","{""metric"": ""Market_ADR"", ""2025-12-18"": 61.7, ""2025-12-19"": 131.39, ""2025-12-22"": 97.41, ""2025-12-23"": 32.29, ""2025-12-24"": 60.54, ""2025-12-26"": 37.91, ""2025-12-29"": 88.09, ""2025-12-30"": 74.29, ""2026-01-02"": 71.11, ""2026-01-05"": 89.71, ""2026-01-06"": 63.36, ""2026-01-07"": 33.14, ""2026-01-08"": 30.17, ""2026-01-09"": 121.26, ""2026-01-12"": 131.65, ""2026-01-13"": 81.94, ""2026-01-14"": 138.21, ""2026-01-15"": 106.74, ""2026-01-16"": 60.28, ""2026-01-19"": 82.11, ""2026-01-20"": 282.72, ""2026-01-21"": 54.03, ""2026-01-22"": 136.53, ""2026-01-23"": 212.46, ""2026-01-26"": 107.47, ""2026-01-27"": 93.31, ""2026-01-28"": 71.24, ""2026-01-29"": 193.49, ""2026-01-30"": 52.94, ""2026-02-02"": 19.67}",2026-02-02 23:54
091230,TIGER 반도체,86015,-7.29,12.16,20.45,241.8,S10,천하무적: 시장의 주도주,"{""Ticker"": ""^SOX"", ""2025-12-18"": 6863.6298828125, ""2025-12-19"": 7067.8701171875, ""2025-12-22"": 7145.56982421875, ""2025-12-23"": 7184.5400390625, ""2025-12-24"": 7204.3701171875, ""2025-12-26"": 7207.64013671875, ""2025-12-29"": 7178.27001953125, ""2025-12-30"": 7169.10009765625, ""2025-12-31"": 7083.1298828125, ""2026-01-02"": 7367.47021484375, ""2026-01-05"": 7446.4501953125, ""2026-01-06"": 7650.93017578125, ""2026-01-07"": 7574.8701171875, ""2026-01-08"": 7436.10009765625, ""2026-01-09"": 7638.77978515625, ""2026-01-12"": 7674.83984375, ""2026-01-13"": 7747.990234375, ""2026-01-14"": 7701.47021484375, ""2026-01-15"": 7837.2998046875, ""2026-01-16"": 7927.41015625, ""2026-01-19"": NaN, ""2026-01-20"": 7794.18994140625, ""2026-01-21"": 8042.06982421875, ""2026-01-22"": 8055.169921875, ""2026-01-23"": 7957.93017578125, ""2026-01-26"": 7927.0400390625, ""2026-01-27"": 8117.18017578125, ""2026-01-28"": 8306.740234375, ""2026-01-29"": 8320.3896484375, ""2026-01-30"": 7998.47021484375, ""2026-02-02"": 8134.48828125}","{""metric"": ""Market_ADR"", ""2025-12-18"": 61.7, ""2025-12-19"": 131.39, ""2025-12-22"": 97.41, ""2025-12-23"": 32.29, ""2025-12-24"": 60.54, ""2025-12-26"": 37.91, ""2025-12-29"": 88.09, ""2025-12-30"": 74.29, ""2026-01-02"": 71.11, ""2026-01-05"": 89.71, ""2026-01-06"": 63.36, ""2026-01-07"": 33.14, ""2026-01-08"": 30.17, ""2026-01-09"": 121.26, ""2026-01-12"": 131.65, ""2026-01-13"": 81.94, ""2026-01-14"": 138.21, ""2026-01-15"": 106.74, ""2026-01-16"": 60.28, ""2026-01-19"": 82.11, ""2026-01-20"": 282.72, ""2026-01-21"": 54.03, ""2026-01-22"": 136.53, ""2026-01-23"": 212.46, ""2026-01-26"": 107.47, ""2026-01-27"": 93.31, ""2026-01-28"": 71.24, ""2026-01-29"": 193.49, ""2026-01-30"": 52.94, ""2026-02-02"": 19.67}",2026-02-02 23:54
494220,UNICORN SK하이닉스밸류체인액티브,27875,-8.31,11.57,19.77,179.3,S9,천하무적: 시장의 주도주,"{""Ticker"": ""^SOX"", ""2025-12-18"": 6863.6298828125, ""2025-12-19"": 7067.8701171875, ""2025-12-22"": 7145.56982421875, ""2025-12-23"": 7184.5400390625, ""2025-12-24"": 7204.3701171875, ""2025-12-26"": 7207.64013671875, ""2025-12-29"": 7178.27001953125, ""2025-12-30"": 7169.10009765625, ""2025-12-31"": 7083.1298828125, ""2026-01-02"": 7367.47021484375, ""2026-01-05"": 7446.4501953125, ""2026-01-06"": 7650.93017578125, ""2026-01-07"": 7574.8701171875, ""2026-01-08"": 7436.10009765625, ""2026-01-09"": 7638.77978515625, ""2026-01-12"": 7674.83984375, ""2026-01-13"": 7747.990234375, ""2026-01-14"": 7701.47021484375, ""2026-01-15"": 7837.2998046875, ""2026-01-16"": 7927.41015625, ""2026-01-19"": NaN, ""2026-01-20"": 7794.18994140625, ""2026-01-21"": 8042.06982421875, ""2026-01-22"": 8055.169921875, ""2026-01-23"": 7957.93017578125, ""2026-01-26"": 7927.0400390625, ""2026-01-27"": 8117.18017578125, ""2026-01-28"": 8306.740234375, ""2026-01-29"": 8320.3896484375, ""2026-01-30"": 7998.47021484375, ""2026-02-02"": 8134.48828125}","{""metric"": ""Market_ADR"", ""2025-12-18"": 61.7, ""2025-12-19"": 131.39, ""2025-12-22"": 97.41, ""2025-12-23"": 32.29, ""2025-12-24"": 60.54, ""2025-12-26"": 37.91, ""2025-12-29"": 88.09, ""2025-12-30"": 74.29, ""2026-01-02"": 71.11, ""2026-01-05"": 89.71, ""2026-01-06"": 63.36, ""2026-01-07"": 33.14, ""2026-01-08"": 30.17, ""2026-01-09"": 121.26, ""2026-01-12"": 131.65, ""2026-01-13"": 81.94, ""2026-01-14"": 138.21, ""2026-01-15"": 106.74, ""2026-01-16"": 60.28, ""2026-01-19"": 82.11, ""2026-01-20"": 282.72, ""2026-01-21"": 54.03, ""2026-01-22"": 136.53, ""2026-01-23"": 212.46, ""2026-01-26"": 107.47, ""2026-01-27"": 93.31, ""2026-01-28"": 71.24, ""2026-01-29"": 193.49, ""2026-01-30"": 52.94, ""2026-02-02"": 19.67}",2026-02-02 23:54
475300,SOL 반도체전공정,15570,-9.27,15.25,19.56,355.0,S10,천하무적: 시장의 주도주,"{""Ticker"": ""^SOX"", ""2025-12-18"": 6863.6298828125, ""2025-12-19"": 7067.8701171875, ""2025-12-22"": 7145.56982421875, ""2025-12-23"": 7184.5400390625, ""2025-12-24"": 7204.3701171875, ""2025-12-26"": 7207.64013671875, ""2025-12-29"": 7178.27001953125, ""2025-12-30"": 7169.10009765625, ""2025-12-31"": 7083.1298828125, ""2026-01-02"": 7367.47021484375, ""2026-01-05"": 7446.4501953125, ""2026-01-06"": 7650.93017578125, ""2026-01-07"": 7574.8701171875, ""2026-01-08"": 7436.10009765625, ""2026-01-09"": 7638.77978515625, ""2026-01-12"": 7674.83984375, ""2026-01-13"": 7747.990234375, ""2026-01-14"": 7701.47021484375, ""2026-01-15"": 7837.2998046875, ""2026-01-16"": 7927.41015625, ""2026-01-19"": NaN, ""2026-01-20"": 7794.18994140625, ""2026-01-21"": 8042.06982421875, ""2026-01-22"": 8055.169921875, ""2026-01-23"": 7957.93017578125, ""2026-01-26"": 7927.0400390625, ""2026-01-27"": 8117.18017578125, ""2026-01-28"": 8306.740234375, ""2026-01-29"": 8320.3896484375, ""2026-01-30"": 7998.47021484375, ""2026-02-02"": 8134.48828125}","{""metric"": ""Market_ADR"", ""2025-12-18"": 61.7, ""2025-12-19"": 131.39, ""2025-12-22"": 97.41, ""2025-12-23"": 32.29, ""2025-12-24"": 60.54, ""2025-12-26"": 37.91, ""2025-12-29"": 88.09, ""2025-12-30"": 74.29, ""2026-01-02"": 71.11, ""2026-01-05"": 89.71, ""2026-01-06"": 63.36, ""2026-01-07"": 33.14, ""2026-01-08"": 30.17, ""2026-01-09"": 121.26, ""2026-01-12"": 131.65, ""2026-01-13"": 81.94, ""2026-01-14"": 138.21, ""2026-01-15"": 106.74, ""2026-01-16"": 60.28, ""2026-01-19"": 82.11, ""2026-01-20"": 282.72, ""2026-01-21"": 54.03, ""2026-01-22"": 136.53, ""2026-01-23"": 212.46, ""2026-01-26"": 107.47, ""2026-01-27"": 93.31, ""2026-01-28"": 71.24, ""2026-01-29"": 193.49, ""2026-01-30"": 52.94, ""2026-02-02"": 19.67}",2026-02-02 23:54
469150,ACE AI반도체포커스,35590,-8.61,8.41,19.13,154.4,S9,천하무적: 시장의 주도주,"{""Ticker"": ""^SOX"", ""2025-12-18"": 6863.6298828125, ""2025-12-19"": 7067.8701171875, ""2025-12-22"": 7145.56982421875, ""2025-12-23"": 7184.5400390625, ""2025-12-24"": 7204.3701171875, ""2025-12-26"": 7207.64013671875, ""2025-12-29"": 7178.27001953125, ""2025-12-30"": 7169.10009765625, ""2025-12-31"": 7083.1298828125, ""2026-01-02"": 7367.47021484375, ""2026-01-05"": 7446.4501953125, ""2026-01-06"": 7650.93017578125, ""2026-01-07"": 7574.8701171875, ""2026-01-08"": 7436.10009765625, ""2026-01-09"": 7638.77978515625, ""2026-01-12"": 7674.83984375, ""2026-01-13"": 7747.990234375, ""2026-01-14"": 7701.47021484375, ""2026-01-15"": 7837.2998046875, ""2026-01-16"": 7927.41015625, ""2026-01-19"": NaN, ""2026-01-20"": 7794.18994140625, ""2026-01-21"": 8042.06982421875, ""2026-01-22"": 8055.169921875, ""2026-01-23"": 7957.93017578125, ""2026-01-26"": 7927.0400390625, ""2026-01-27"": 8117.18017578125, ""2026-01-28"": 8306.740234375, ""2026-01-29"": 8320.3896484375, ""2026-01-30"": 7998.47021484375, ""2026-02-02"": 8134.48828125}","{""metric"": ""Market_ADR"", ""2025-12-18"": 61.7, ""2025-12-19"": 131.39, ""2025-12-22"": 97.41, ""2025-12-23"": 32.29, ""2025-12-24"": 60.54, ""2025-12-26"": 37.91, ""2025-12-29"": 88.09, ""2025-12-30"": 74.29, ""2026-01-02"": 71.11, ""2026-01-05"": 89.71, ""2026-01-06"": 63.36, ""2026-01-07"": 33.14, ""2026-01-08"": 30.17, ""2026-01-09"": 121.26, ""2026-01-12"": 131.65, ""2026-01-13"": 81.94, ""2026-01-14"": 138.21, ""2026-01-15"": 106.74, ""2026-01-16"": 60.28, ""2026-01-19"": 82.11, ""2026-01-20"": 282.72, ""2026-01-21"": 54.03, ""2026-01-22"": 136.53, ""2026-01-23"": 212.46, ""2026-01-26"": 107.47, ""2026-01-27"": 93.31, ""2026-01-28"": 71.24, ""2026-01-29"": 193.49, ""2026-01-30"": 52.94, ""2026-02-02"": 19.67}",2026-02-02 23:54
091160,KODEX 반도체,81250,-7.88,10.63,18.83,254.2,S10,천하무적: 시장의 주도주,"{""Ticker"": ""^SOX"", ""2025-12-18"": 6863.6298828125, ""2025-12-19"": 7067.8701171875, ""2025-12-22"": 7145.56982421875, ""2025-12-23"": 7184.5400390625, ""2025-12-24"": 7204.3701171875, ""2025-12-26"": 7207.64013671875, ""2025-12-29"": 7178.27001953125, ""2025-12-30"": 7169.10009765625, ""2025-12-31"": 7083.1298828125, ""2026-01-02"": 7367.47021484375, ""2026-01-05"": 7446.4501953125, ""2026-01-06"": 7650.93017578125, ""2026-01-07"": 7574.8701171875, ""2026-01-08"": 7436.10009765625, ""2026-01-09"": 7638.77978515625, ""2026-01-12"": 7674.83984375, ""2026-01-13"": 7747.990234375, ""2026-01-14"": 7701.47021484375, ""2026-01-15"": 7837.2998046875, ""2026-01-16"": 7927.41015625, ""2026-01-19"": NaN, ""2026-01-20"": 7794.18994140625, ""2026-01-21"": 8042.06982421875, ""2026-01-22"": 8055.169921875, ""2026-01-23"": 7957.93017578125, ""2026-01-26"": 7927.0400390625, ""2026-01-27"": 8117.18017578125, ""2026-01-28"": 8306.740234375, ""2026-01-29"": 8320.3896484375, ""2026-01-30"": 7998.47021484375, ""2026-02-02"": 8134.48828125}","{""metric"": ""Market_ADR"", ""2025-12-18"": 61.7, ""2025-12-19"": 131.39, ""2025-12-22"": 97.41, ""2025-12-23"": 32.29, ""2025-12-24"": 60.54, ""2025-12-26"": 37.91, ""2025-12-29"": 88.09, ""2025-12-30"": 74.29, ""2026-01-02"": 71.11, ""2026-01-05"": 89.71, ""2026-01-06"": 63.36, ""2026-01-07"": 33.14, ""2026-01-08"": 30.17, ""2026-01-09"": 121.26, ""2026-01-12"": 131.65, ""2026-01-13"": 81.94, ""2026-01-14"": 138.21, ""2026-01-15"": 106.74, ""2026-01-16"": 60.28, ""2026-01-19"": 82.11, ""2026-01-20"": 282.72, ""2026-01-21"": 54.03, ""2026-01-22"": 136.53, ""2026-01-23"": 212.46, ""2026-01-26"": 107.47, ""2026-01-27"": 93.31, ""2026-01-28"": 71.24, ""2026-01-29"": 193.49, ""2026-01-30"": 52.94, ""2026-02-02"": 19.67}",2026-02-02 23:54
471760,TIGER AI반도체핵심공정,15565,-9.03,10.7,18.41,358.6,S10,천하무적: 시장의 주도주,"{""Ticker"": ""^SOX"", ""2025-12-18"": 6863.6298828125, ""2025-12-19"": 7067.8701171875, ""2025-12-22"": 7145.56982421875, ""2025-12-23"": 7184.5400390625, ""2025-12-24"": 7204.3701171875, ""2025-12-26"": 7207.64013671875, ""2025-12-29"": 7178.27001953125, ""2025-12-30"": 7169.10009765625, ""2025-12-31"": 7083.1298828125, ""2026-01-02"": 7367.47021484375, ""2026-01-05"": 7446.4501953125, ""2026-01-06"": 7650.93017578125, ""2026-01-07"": 7574.8701171875, ""2026-01-08"": 7436.10009765625, ""2026-01-09"": 7638.77978515625, ""2026-01-12"": 7674.83984375, ""2026-01-13"": 7747.990234375, ""2026-01-14"": 7701.47021484375, ""2026-01-15"": 7837.2998046875, ""2026-01-16"": 7927.41015625, ""2026-01-19"": NaN, ""2026-01-20"": 7794.18994140625, ""2026-01-21"": 8042.06982421875, ""2026-01-22"": 8055.169921875, ""2026-01-23"": 7957.93017578125, ""2026-01-26"": 7927.0400390625, ""2026-01-27"": 8117.18017578125, ""2026-01-28"": 8306.740234375, ""2026-01-29"": 8320.3896484375, ""2026-01-30"": 7998.47021484375, ""2026-02-02"": 8134.48828125}","{""metric"": ""Market_ADR"", ""2025-12-18"": 61.7, ""2025-12-19"": 131.39, ""2025-12-22"": 97.41, ""2025-12-23"": 32.29, ""2025-12-24"": 60.54, ""2025-12-26"": 37.91, ""2025-12-29"": 88.09, ""2025-12-30"": 74.29, ""2026-01-02"": 71.11, ""2026-01-05"": 89.71, ""2026-01-06"": 63.36, ""2026-01-07"": 33.14, ""2026-01-08"": 30.17, ""2026-01-09"": 121.26, ""2026-01-12"": 131.65, ""2026-01-13"": 81.94, ""2026-01-14"": 138.21, ""2026-01-15"": 106.74, ""2026-01-16"": 60.28, ""2026-01-19"": 82.11, ""2026-01-20"": 282.72, ""2026-01-21"": 54.03, ""2026-01-22"": 136.53, ""2026-01-23"": 212.46, ""2026-01-26"": 107.47, ""2026-01-27"": 93.31, ""2026-01-28"": 71.24, ""2026-01-29"": 193.49, ""2026-01-30"": 52.94, ""2026-02-02"": 19.67}",2026-02-02 23:54
0093A0,RISE AI반도체TOP10,22430,-9.47,13.86,17.57,154.9,S9,천하무적: 시장의 주도주,"{""Ticker"": ""^SOX"", ""2025-12-18"": 6863.6298828125, ""2025-12-19"": 7067.8701171875, ""2025-12-22"": 7145.56982421875, ""2025-12-23"": 7184.5400390625, ""2025-12-24"": 7204.3701171875, ""2025-12-26"": 7207.64013671875, ""2025-12-29"": 7178.27001953125, ""2025-12-30"": 7169.10009765625, ""2025-12-31"": 7083.1298828125, ""2026-01-02"": 7367.47021484375, ""2026-01-05"": 7446.4501953125, ""2026-01-06"": 7650.93017578125, ""2026-01-07"": 7574.8701171875, ""2026-01-08"": 7436.10009765625, ""2026-01-09"": 7638.77978515625, ""2026-01-12"": 7674.83984375, ""2026-01-13"": 7747.990234375, ""2026-01-14"": 7701.47021484375, ""2026-01-15"": 7837.2998046875, ""2026-01-16"": 7927.41015625, ""2026-01-19"": NaN, ""2026-01-20"": 7794.18994140625, ""2026-01-21"": 8042.06982421875, ""2026-01-22"": 8055.169921875, ""2026-01-23"": 7957.93017578125, ""2026-01-26"": 7927.0400390625, ""2026-01-27"": 8117.18017578125, ""2026-01-28"": 8306.740234375, ""2026-01-29"": 8320.3896484375, ""2026-01-30"": 7998.47021484375, ""2026-02-02"": 8134.48828125}","{""metric"": ""Market_ADR"", ""2025-12-18"": 61.7, ""2025-12-19"": 131.39, ""2025-12-22"": 97.41, ""2025-12-23"": 32.29, ""2025-12-24"": 60.54, ""2025-12-26"": 37.91, ""2025-12-29"": 88.09, ""2025-12-30"": 74.29, ""2026-01-02"": 71.11, ""2026-01-05"": 89.71, ""2026-01-06"": 63.36, ""2026-01-07"": 33.14, ""2026-01-08"": 30.17, ""2026-01-09"": 121.26, ""2026-01-12"": 131.65, ""2026-01-13"": 81.94, ""2026-01-14"": 138.21, ""2026-01-15"": 106.74, ""2026-01-16"": 60.28, ""2026-01-19"": 82.11, ""2026-01-20"": 282.72, ""2026-01-21"": 54.03, ""2026-01-22"": 136.53, ""2026-01-23"": 212.46, ""2026-01-26"": 107.47, ""2026-01-27"": 93.31, ""2026-01-28"": 71.24, ""2026-01-29"": 193.49, ""2026-01-30"": 52.94, ""2026-02-02"": 19.67}",2026-02-02 23:54
463250,TIGER K방산&우주,39640,-5.51,-1.38,17.0,140.8,B8,황금 눌림목: 최적 매수 타점,"{""Ticker"": ""^SOX"", ""2025-12-18"": 6863.6298828125, ""2025-12-19"": 7067.8701171875, ""2025-12-22"": 7145.56982421875, ""2025-12-23"": 7184.5400390625, ""2025-12-24"": 7204.3701171875, ""2025-12-26"": 7207.64013671875, ""2025-12-29"": 7178.27001953125, ""2025-12-30"": 7169.10009765625, ""2025-12-31"": 7083.1298828125, ""2026-01-02"": 7367.47021484375, ""2026-01-05"": 7446.4501953125, ""2026-01-06"": 7650.93017578125, ""2026-01-07"": 7574.8701171875, ""2026-01-08"": 7436.10009765625, ""2026-01-09"": 7638.77978515625, ""2026-01-12"": 7674.83984375, ""2026-01-13"": 7747.990234375, ""2026-01-14"": 7701.47021484375, ""2026-01-15"": 7837.2998046875, ""2026-01-16"": 7927.41015625, ""2026-01-19"": NaN, ""2026-01-20"": 7794.18994140625, ""2026-01-21"": 8042.06982421875, ""2026-01-22"": 8055.169921875, ""2026-01-23"": 7957.93017578125, ""2026-01-26"": 7927.0400390625, ""2026-01-27"": 8117.18017578125, ""2026-01-28"": 8306.740234375, ""2026-01-29"": 8320.3896484375, ""2026-01-30"": 7998.47021484375, ""2026-02-02"": 8134.48828125}","{""metric"": ""Market_ADR"", ""2025-12-18"": 61.7, ""2025-12-19"": 131.39, ""2025-12-22"": 97.41, ""2025-12-23"": 32.29, ""2025-12-24"": 60.54, ""2025-12-26"": 37.91, ""2025-12-29"": 88.09, ""2025-12-30"": 74.29, ""2026-01-02"": 71.11, ""2026-01-05"": 89.71, ""2026-01-06"": 63.36, ""2026-01-07"": 33.14, ""2026-01-08"": 30.17, ""2026-01-09"": 121.26, ""2026-01-12"": 131.65, ""2026-01-13"": 81.94, ""2026-01-14"": 138.21, ""2026-01-15"": 106.74, ""2026-01-16"": 60.28, ""2026-01-19"": 82.11, ""2026-01-20"": 282.72, ""2026-01-21"": 54.03, ""2026-01-22"": 136.53, ""2026-01-23"": 212.46, ""2026-01-26"": 107.47, ""2026-01-27"": 93.31, ""2026-01-28"": 71.24, ""2026-01-29"": 193.49, ""2026-01-30"": 52.94, ""2026-02-02"": 19.67}",2026-02-02 23:54
442580,PLUS 글로벌HBM반도체,54795,-7.81,2.93,15.96,221.6,S10,천하무적: 시장의 주도주,"{""Ticker"": ""^SOX"", ""2025-12-18"": 6863.6298828125, ""2025-12-19"": 7067.8701171875, ""2025-12-22"": 7145.56982421875, ""2025-12-23"": 7184.5400390625, ""2025-12-24"": 7204.3701171875, ""2025-12-26"": 7207.64013671875, ""2025-12-29"": 7178.27001953125, ""2025-12-30"": 7169.10009765625, ""2025-12-31"": 7083.1298828125, ""2026-01-02"": 7367.47021484375, ""2026-01-05"": 7446.4501953125, ""2026-01-06"": 7650.93017578125, ""2026-01-07"": 7574.8701171875, ""2026-01-08"": 7436.10009765625, ""2026-01-09"": 7638.77978515625, ""2026-01-12"": 7674.83984375, ""2026-01-13"": 7747.990234375, ""2026-01-14"": 7701.47021484375, ""2026-01-15"": 7837.2998046875, ""2026-01-16"": 7927.41015625, ""2026-01-19"": NaN, ""2026-01-20"": 7794.18994140625, ""2026-01-21"": 8042.06982421875, ""2026-01-22"": 8055.169921875, ""2026-01-23"": 7957.93017578125, ""2026-01-26"": 7927.0400390625, ""2026-01-27"": 8117.18017578125, ""2026-01-28"": 8306.740234375, ""2026-01-29"": 8320.3896484375, ""2026-01-30"": 7998.47021484375, ""2026-02-02"": 8134.48828125}","{""metric"": ""Market_ADR"", ""2025-12-18"": 61.7, ""2025-12-19"": 131.39, ""2025-12-22"": 97.41, ""2025-12-23"": 32.29, ""2025-12-24"": 60.54, ""2025-12-26"": 37.91, ""2025-12-29"": 88.09, ""2025-12-30"": 74.29, ""2026-01-02"": 71.11, ""2026-01-05"": 89.71, ""2026-01-06"": 63.36, ""2026-01-07"": 33.14, ""2026-01-08"": 30.17, ""2026-01-09"": 121.26, ""2026-01-12"": 131.65, ""2026-01-13"": 81.94, ""2026-01-14"": 138.21, ""2026-01-15"": 106.74, ""2026-01-16"": 60.28, ""2026-01-19"": 82.11, ""2026-01-20"": 282.72, ""2026-01-21"": 54.03, ""2026-01-22"": 136.53, ""2026-01-23"": 212.46, ""2026-01-26"": 107.47, ""2026-01-27"": 93.31, ""2026-01-28"": 71.24, ""2026-01-29"": 193.49, ""2026-01-30"": 52.94, ""2026-02-02"": 19.67}",2026-02-02 23:54
395270,HANARO Fn K-반도체,27130,-7.06,8.43,15.16,213.6,S10,천하무적: 시장의 주도주,"{""Ticker"": ""^SOX"", ""2025-12-18"": 6863.6298828125, ""2025-12-19"": 7067.8701171875, ""2025-12-22"": 7145.56982421875, ""2025-12-23"": 7184.5400390625, ""2025-12-24"": 7204.3701171875, ""2025-12-26"": 7207.64013671875, ""2025-12-29"": 7178.27001953125, ""2025-12-30"": 7169.10009765625, ""2025-12-31"": 7083.1298828125, ""2026-01-02"": 7367.47021484375, ""2026-01-05"": 7446.4501953125, ""2026-01-06"": 7650.93017578125, ""2026-01-07"": 7574.8701171875, ""2026-01-08"": 7436.10009765625, ""2026-01-09"": 7638.77978515625, ""2026-01-12"": 7674.83984375, ""2026-01-13"": 7747.990234375, ""2026-01-14"": 7701.47021484375, ""2026-01-15"": 7837.2998046875, ""2026-01-16"": 7927.41015625, ""2026-01-19"": NaN, ""2026-01-20"": 7794.18994140625, ""2026-01-21"": 8042.06982421875, ""2026-01-22"": 8055.169921875, ""2026-01-23"": 7957.93017578125, ""2026-01-26"": 7927.0400390625, ""2026-01-27"": 8117.18017578125, ""2026-01-28"": 8306.740234375, ""2026-01-29"": 8320.3896484375, ""2026-01-30"": 7998.47021484375, ""2026-02-02"": 8134.48828125}","{""metric"": ""Market_ADR"", ""2025-12-18"": 61.7, ""2025-12-19"": 131.39, ""2025-12-22"": 97.41, ""2025-12-23"": 32.29, ""2025-12-24"": 60.54, ""2025-12-26"": 37.91, ""2025-12-29"": 88.09, ""2025-12-30"": 74.29, ""2026-01-02"": 71.11, ""2026-01-05"": 89.71, ""2026-01-06"": 63.36, ""2026-01-07"": 33.14, ""2026-01-08"": 30.17, ""2026-01-09"": 121.26, ""2026-01-12"": 131.65, ""2026-01-13"": 81.94, ""2026-01-14"": 138.21, ""2026-01-15"": 106.74, ""2026-01-16"": 60.28, ""2026-01-19"": 82.11, ""2026-01-20"": 282.72, ""2026-01-21"": 54.03, ""2026-01-22"": 136.53, ""2026-01-23"": 212.46, ""2026-01-26"": 107.47, ""2026-01-27"": 93.31, ""2026-01-28"": 71.24, ""2026-01-29"": 193.49, ""2026-01-30"": 52.94, ""2026-02-02"": 19.67}",2026-02-02 23:54
476260,HANARO 반도체핵심공정주도주,11115,-9.38,11.43,14.44,333.7,S10,천하무적: 시장의 주도주,"{""Ticker"": ""^SOX"", ""2025-12-18"": 6863.6298828125, ""2025-12-19"": 7067.8701171875, ""2025-12-22"": 7145.56982421875, ""2025-12-23"": 7184.5400390625, ""2025-12-24"": 7204.3701171875, ""2025-12-26"": 7207.64013671875, ""2025-12-29"": 7178.27001953125, ""2025-12-30"": 7169.10009765625, ""2025-12-31"": 7083.1298828125, ""2026-01-02"": 7367.47021484375, ""2026-01-05"": 7446.4501953125, ""2026-01-06"": 7650.93017578125, ""2026-01-07"": 7574.8701171875, ""2026-01-08"": 7436.10009765625, ""2026-01-09"": 7638.77978515625, ""2026-01-12"": 7674.83984375, ""2026-01-13"": 7747.990234375, ""2026-01-14"": 7701.47021484375, ""2026-01-15"": 7837.2998046875, ""2026-01-16"": 7927.41015625, ""2026-01-19"": NaN, ""2026-01-20"": 7794.18994140625, ""2026-01-21"": 8042.06982421875, ""2026-01-22"": 8055.169921875, ""2026-01-23"": 7957.93017578125, ""2026-01-26"": 7927.0400390625, ""2026-01-27"": 8117.18017578125, ""2026-01-28"": 8306.740234375, ""2026-01-29"": 8320.3896484375, ""2026-01-30"": 7998.47021484375, ""2026-02-02"": 8134.48828125}","{""metric"": ""Market_ADR"", ""2025-12-18"": 61.7, ""2025-12-19"": 131.39, ""2025-12-22"": 97.41, ""2025-12-23"": 32.29, ""2025-12-24"": 60.54, ""2025-12-26"": 37.91, ""2025-12-29"": 88.09, ""2025-12-30"": 74.29, ""2026-01-02"": 71.11, ""2026-01-05"": 89.71, ""2026-01-06"": 63.36, ""2026-01-07"": 33.14, ""2026-01-08"": 30.17, ""2026-01-09"": 121.26, ""2026-01-12"": 131.65, ""2026-01-13"": 81.94, ""2026-01-14"": 138.21, ""2026-01-15"": 106.74, ""2026-01-16"": 60.28, ""2026-01-19"": 82.11, ""2026-01-20"": 282.72, ""2026-01-21"": 54.03, ""2026-01-22"": 136.53, ""2026-01-23"": 212.46, ""2026-01-26"": 107.47, ""2026-01-27"": 93.31, ""2026-01-28"": 71.24, ""2026-01-29"": 193.49, ""2026-01-30"": 52.94, ""2026-02-02"": 19.67}",2026-02-02 23:54
395160,KODEX AI반도체,23065,-8.13,8.39,14.13,256.2,S10,천하무적: 시장의 주도주,"{""Ticker"": ""^SOX"", ""2025-12-18"": 6863.6298828125, ""2025-12-19"": 7067.8701171875, ""2025-12-22"": 7145.56982421875, ""2025-12-23"": 7184.5400390625, ""2025-12-24"": 7204.3701171875, ""2025-12-26"": 7207.64013671875, ""2025-12-29"": 7178.27001953125, ""2025-12-30"": 7169.10009765625, ""2025-12-31"": 7083.1298828125, ""2026-01-02"": 7367.47021484375, ""2026-01-05"": 7446.4501953125, ""2026-01-06"": 7650.93017578125, ""2026-01-07"": 7574.8701171875, ""2026-01-08"": 7436.10009765625, ""2026-01-09"": 7638.77978515625, ""2026-01-12"": 7674.83984375, ""2026-01-13"": 7747.990234375, ""2026-01-14"": 7701.47021484375, ""2026-01-15"": 7837.2998046875, ""2026-01-16"": 7927.41015625, ""2026-01-19"": NaN, ""2026-01-20"": 7794.18994140625, ""2026-01-21"": 8042.06982421875, ""2026-01-22"": 8055.169921875, ""2026-01-23"": 7957.93017578125, ""2026-01-26"": 7927.0400390625, ""2026-01-27"": 8117.18017578125, ""2026-01-28"": 8306.740234375, ""2026-01-29"": 8320.3896484375, ""2026-01-30"": 7998.47021484375, ""2026-02-02"": 8134.48828125}","{""metric"": ""Market_ADR"", ""2025-12-18"": 61.7, ""2025-12-19"": 131.39, ""2025-12-22"": 97.41, ""2025-12-23"": 32.29, ""2025-12-24"": 60.54, ""2025-12-26"": 37.91, ""2025-12-29"": 88.09, ""2025-12-30"": 74.29, ""2026-01-02"": 71.11, ""2026-01-05"": 89.71, ""2026-01-06"": 63.36, ""2026-01-07"": 33.14, ""2026-01-08"": 30.17, ""2026-01-09"": 121.26, ""2026-01-12"": 131.65, ""2026-01-13"": 81.94, ""2026-01-14"": 138.21, ""2026-01-15"": 106.74, ""2026-01-16"": 60.28, ""2026-01-19"": 82.11, ""2026-01-20"": 282.72, ""2026-01-21"": 54.03, ""2026-01-22"": 136.53, ""2026-01-23"": 212.46, ""2026-01-26"": 107.47, ""2026-01-27"": 93.31, ""2026-01-28"": 71.24, ""2026-01-29"": 193.49, ""2026-01-30"": 52.94, ""2026-02-02"": 19.67}",2026-02-02 23:54
488210,KIWOOM K-반도체북미공급망,16875,-8.71,10.62,13.0,39.7,S7,천하무적: 시장의 주도주,"{""Ticker"": ""^SOX"", ""2025-12-18"": 6863.6298828125, ""2025-12-19"": 7067.8701171875, ""2025-12-22"": 7145.56982421875, ""2025-12-23"": 7184.5400390625, ""2025-12-24"": 7204.3701171875, ""2025-12-26"": 7207.64013671875, ""2025-12-29"": 7178.27001953125, ""2025-12-30"": 7169.10009765625, ""2025-12-31"": 7083.1298828125, ""2026-01-02"": 7367.47021484375, ""2026-01-05"": 7446.4501953125, ""2026-01-06"": 7650.93017578125, ""2026-01-07"": 7574.8701171875, ""2026-01-08"": 7436.10009765625, ""2026-01-09"": 7638.77978515625, ""2026-01-12"": 7674.83984375, ""2026-01-13"": 7747.990234375, ""2026-01-14"": 7701.47021484375, ""2026-01-15"": 7837.2998046875, ""2026-01-16"": 7927.41015625, ""2026-01-19"": NaN, ""2026-01-20"": 7794.18994140625, ""2026-01-21"": 8042.06982421875, ""2026-01-22"": 8055.169921875, ""2026-01-23"": 7957.93017578125, ""2026-01-26"": 7927.0400390625, ""2026-01-27"": 8117.18017578125, ""2026-01-28"": 8306.740234375, ""2026-01-29"": 8320.3896484375, ""2026-01-30"": 7998.47021484375, ""2026-02-02"": 8134.48828125}","{""metric"": ""Market_ADR"", ""2025-12-18"": 61.7, ""2025-12-19"": 131.39, ""2025-12-22"": 97.41, ""2025-12-23"": 32.29, ""2025-12-24"": 60.54, ""2025-12-26"": 37.91, ""2025-12-29"": 88.09, ""2025-12-30"": 74.29, ""2026-01-02"": 71.11, ""2026-01-05"": 89.71, ""2026-01-06"": 63.36, ""2026-01-07"": 33.14, ""2026-01-08"": 30.17, ""2026-01-09"": 121.26, ""2026-01-12"": 131.65, ""2026-01-13"": 81.94, ""2026-01-14"": 138.21, ""2026-01-15"": 106.74, ""2026-01-16"": 60.28, ""2026-01-19"": 82.11, ""2026-01-20"": 282.72, ""2026-01-21"": 54.03, ""2026-01-22"": 136.53, ""2026-01-23"": 212.46, ""2026-01-26"": 107.47, ""2026-01-27"": 93.31, ""2026-01-28"": 71.24, ""2026-01-29"": 193.49, ""2026-01-30"": 52.94, ""2026-02-02"": 19.67}",2026-02-02 23:54
445290,KODEX 로봇액티브,34280,-5.56,-1.61,12.82,160.9,B8,황금 눌림목: 최적 매수 타점,"{""Ticker"": ""^SOX"", ""2025-12-18"": 6863.6298828125, ""2025-12-19"": 7067.8701171875, ""2025-12-22"": 7145.56982421875, ""2025-12-23"": 7184.5400390625, ""2025-12-24"": 7204.3701171875, ""2025-12-26"": 7207.64013671875, ""2025-12-29"": 7178.27001953125, ""2025-12-30"": 7169.10009765625, ""2025-12-31"": 7083.1298828125, ""2026-01-02"": 7367.47021484375, ""2026-01-05"": 7446.4501953125, ""2026-01-06"": 7650.93017578125, ""2026-01-07"": 7574.8701171875, ""2026-01-08"": 7436.10009765625, ""2026-01-09"": 7638.77978515625, ""2026-01-12"": 7674.83984375, ""2026-01-13"": 7747.990234375, ""2026-01-14"": 7701.47021484375, ""2026-01-15"": 7837.2998046875, ""2026-01-16"": 7927.41015625, ""2026-01-19"": NaN, ""2026-01-20"": 7794.18994140625, ""2026-01-21"": 8042.06982421875, ""2026-01-22"": 8055.169921875, ""2026-01-23"": 7957.93017578125, ""2026-01-26"": 7927.0400390625, ""2026-01-27"": 8117.18017578125, ""2026-01-28"": 8306.740234375, ""2026-01-29"": 8320.3896484375, ""2026-01-30"": 7998.47021484375, ""2026-02-02"": 8134.48828125}","{""metric"": ""Market_ADR"", ""2025-12-18"": 61.7, ""2025-12-19"": 131.39, ""2025-12-22"": 97.41, ""2025-12-23"": 32.29, ""2025-12-24"": 60.54, ""2025-12-26"": 37.91, ""2025-12-29"": 88.09, ""2025-12-30"": 74.29, ""2026-01-02"": 71.11, ""2026-01-05"": 89.71, ""2026-01-06"": 63.36, ""2026-01-07"": 33.14, ""2026-01-08"": 30.17, ""2026-01-09"": 121.26, ""2026-01-12"": 131.65, ""2026-01-13"": 81.94, ""2026-01-14"": 138.21, ""2026-01-15"": 106.74, ""2026-01-16"": 60.28, ""2026-01-19"": 82.11, ""2026-01-20"": 282.72, ""2026-01-21"": 54.03, ""2026-01-22"": 136.53, ""2026-01-23"": 212.46, ""2026-01-26"": 107.47, ""2026-01-27"": 93.31, ""2026-01-28"": 71.24, ""2026-01-29"": 193.49, ""2026-01-30"": 52.94, ""2026-02-02"": 19.67}",2026-02-02 23:54
490480,SOL K방산,33210,-5.11,-2.62,12.8,196.5,B8,황금 눌림목: 최적 매수 타점,"{""Ticker"": ""^SOX"", ""2025-12-18"": 6863.6298828125, ""2025-12-19"": 7067.8701171875, ""2025-12-22"": 7145.56982421875, ""2025-12-23"": 7184.5400390625, ""2025-12-24"": 7204.3701171875, ""2025-12-26"": 7207.64013671875, ""2025-12-29"": 7178.27001953125, ""2025-12-30"": 7169.10009765625, ""2025-12-31"": 7083.1298828125, ""2026-01-02"": 7367.47021484375, ""2026-01-05"": 7446.4501953125, ""2026-01-06"": 7650.93017578125, ""2026-01-07"": 7574.8701171875, ""2026-01-08"": 7436.10009765625, ""2026-01-09"": 7638.77978515625, ""2026-01-12"": 7674.83984375, ""2026-01-13"": 7747.990234375, ""2026-01-14"": 7701.47021484375, ""2026-01-15"": 7837.2998046875, ""2026-01-16"": 7927.41015625, ""2026-01-19"": NaN, ""2026-01-20"": 7794.18994140625, ""2026-01-21"": 8042.06982421875, ""2026-01-22"": 8055.169921875, ""2026-01-23"": 7957.93017578125, ""2026-01-26"": 7927.0400390625, ""2026-01-27"": 8117.18017578125, ""2026-01-28"": 8306.740234375, ""2026-01-29"": 8320.3896484375, ""2026-01-30"": 7998.47021484375, ""2026-02-02"": 8134.48828125}","{""metric"": ""Market_ADR"", ""2025-12-18"": 61.7, ""2025-12-19"": 131.39, ""2025-12-22"": 97.41, ""2025-12-23"": 32.29, ""2025-12-24"": 60.54, ""2025-12-26"": 37.91, ""2025-12-29"": 88.09, ""2025-12-30"": 74.29, ""2026-01-02"": 71.11, ""2026-01-05"": 89.71, ""2026-01-06"": 63.36, ""2026-01-07"": 33.14, ""2026-01-08"": 30.17, ""2026-01-09"": 121.26, ""2026-01-12"": 131.65, ""2026-01-13"": 81.94, ""2026-01-14"": 138.21, ""2026-01-15"": 106.74, ""2026-01-16"": 60.28, ""2026-01-19"": 82.11, ""2026-01-20"": 282.72, ""2026-01-21"": 54.03, ""2026-01-22"": 136.53, ""2026-01-23"": 212.46, ""2026-01-26"": 107.47, ""2026-01-27"": 93.31, ""2026-01-28"": 71.24, ""2026-01-29"": 193.49, ""2026-01-30"": 52.94, ""2026-02-02"": 19.67}",2026-02-02 23:54
261060,TIGER 코스닥150IT,22080,-7.81,12.97,12.51,560.4,S10,천하무적: 시장의 주도주,"{""Ticker"": ""^SOX"", ""2025-12-18"": 6863.6298828125, ""2025-12-19"": 7067.8701171875, ""2025-12-22"": 7145.56982421875, ""2025-12-23"": 7184.5400390625, ""2025-12-24"": 7204.3701171875, ""2025-12-26"": 7207.64013671875, ""2025-12-29"": 7178.27001953125, ""2025-12-30"": 7169.10009765625, ""2025-12-31"": 7083.1298828125, ""2026-01-02"": 7367.47021484375, ""2026-01-05"": 7446.4501953125, ""2026-01-06"": 7650.93017578125, ""2026-01-07"": 7574.8701171875, ""2026-01-08"": 7436.10009765625, ""2026-01-09"": 7638.77978515625, ""2026-01-12"": 7674.83984375, ""2026-01-13"": 7747.990234375, ""2026-01-14"": 7701.47021484375, ""2026-01-15"": 7837.2998046875, ""2026-01-16"": 7927.41015625, ""2026-01-19"": NaN, ""2026-01-20"": 7794.18994140625, ""2026-01-21"": 8042.06982421875, ""2026-01-22"": 8055.169921875, ""2026-01-23"": 7957.93017578125, ""2026-01-26"": 7927.0400390625, ""2026-01-27"": 8117.18017578125, ""2026-01-28"": 8306.740234375, ""2026-01-29"": 8320.3896484375, ""2026-01-30"": 7998.47021484375, ""2026-02-02"": 8134.48828125}","{""metric"": ""Market_ADR"", ""2025-12-18"": 61.7, ""2025-12-19"": 131.39, ""2025-12-22"": 97.41, ""2025-12-23"": 32.29, ""2025-12-24"": 60.54, ""2025-12-26"": 37.91, ""2025-12-29"": 88.09, ""2025-12-30"": 74.29, ""2026-01-02"": 71.11, ""2026-01-05"": 89.71, ""2026-01-06"": 63.36, ""2026-01-07"": 33.14, ""2026-01-08"": 30.17, ""2026-01-09"": 121.26, ""2026-01-12"": 131.65, ""2026-01-13"": 81.94, ""2026-01-14"": 138.21, ""2026-01-15"": 106.74, ""2026-01-16"": 60.28, ""2026-01-19"": 82.11, ""2026-01-20"": 282.72, ""2026-01-21"": 54.03, ""2026-01-22"": 136.53, ""2026-01-23"": 212.46, ""2026-01-26"": 107.47, ""2026-01-27"": 93.31, ""2026-01-28"": 71.24, ""2026-01-29"": 193.49, ""2026-01-30"": 52.94, ""2026-02-02"": 19.67}",2026-02-02 23:54
469070,RISE AI&로봇,17450,-5.34,-3.96,12.27,115.6,B7,황금 눌림목: 최적 매수 타점,"{""Ticker"": ""^SOX"", ""2025-12-18"": 6863.6298828125, ""2025-12-19"": 7067.8701171875, ""2025-12-22"": 7145.56982421875, ""2025-12-23"": 7184.5400390625, ""2025-12-24"": 7204.3701171875, ""2025-12-26"": 7207.64013671875, ""2025-12-29"": 7178.27001953125, ""2025-12-30"": 7169.10009765625, ""2025-12-31"": 7083.1298828125, ""2026-01-02"": 7367.47021484375, ""2026-01-05"": 7446.4501953125, ""2026-01-06"": 7650.93017578125, ""2026-01-07"": 7574.8701171875, ""2026-01-08"": 7436.10009765625, ""2026-01-09"": 7638.77978515625, ""2026-01-12"": 7674.83984375, ""2026-01-13"": 7747.990234375, ""2026-01-14"": 7701.47021484375, ""2026-01-15"": 7837.2998046875, ""2026-01-16"": 7927.41015625, ""2026-01-19"": NaN, ""2026-01-20"": 7794.18994140625, ""2026-01-21"": 8042.06982421875, ""2026-01-22"": 8055.169921875, ""2026-01-23"": 7957.93017578125, ""2026-01-26"": 7927.0400390625, ""2026-01-27"": 8117.18017578125, ""2026-01-28"": 8306.740234375, ""2026-01-29"": 8320.3896484375, ""2026-01-30"": 7998.47021484375, ""2026-02-02"": 8134.48828125}","{""metric"": ""Market_ADR"", ""2025-12-18"": 61.7, ""2025-12-19"": 131.39, ""2025-12-22"": 97.41, ""2025-12-23"": 32.29, ""2025-12-24"": 60.54, ""2025-12-26"": 37.91, ""2025-12-29"": 88.09, ""2025-12-30"": 74.29, ""2026-01-02"": 71.11, ""2026-01-05"": 89.71, ""2026-01-06"": 63.36, ""2026-01-07"": 33.14, ""2026-01-08"": 30.17, ""2026-01-09"": 121.26, ""2026-01-12"": 131.65, ""2026-01-13"": 81.94, ""2026-01-14"": 138.21, ""2026-01-15"": 106.74, ""2026-01-16"": 60.28, ""2026-01-19"": 82.11, ""2026-01-20"": 282.72, ""2026-01-21"": 54.03, ""2026-01-22"": 136.53, ""2026-01-23"": 212.46, ""2026-01-26"": 107.47, ""2026-01-27"": 93.31, ""2026-01-28"": 71.24, ""2026-01-29"": 193.49, ""2026-01-30"": 52.94, ""2026-02-02"": 19.67}",2026-02-02 23:54
0000J0,PLUS 한화그룹주,31770,-3.86,-1.21,11.95,112.3,B7,황금 눌림목: 최적 매수 타점,"{""Ticker"": ""^SOX"", ""2025-12-18"": 6863.6298828125, ""2025-12-19"": 7067.8701171875, ""2025-12-22"": 7145.56982421875, ""2025-12-23"": 7184.5400390625, ""2025-12-24"": 7204.3701171875, ""2025-12-26"": 7207.64013671875, ""2025-12-29"": 7178.27001953125, ""2025-12-30"": 7169.10009765625, ""2025-12-31"": 7083.1298828125, ""2026-01-02"": 7367.47021484375, ""2026-01-05"": 7446.4501953125, ""2026-01-06"": 7650.93017578125, ""2026-01-07"": 7574.8701171875, ""2026-01-08"": 7436.10009765625, ""2026-01-09"": 7638.77978515625, ""2026-01-12"": 7674.83984375, ""2026-01-13"": 7747.990234375, ""2026-01-14"": 7701.47021484375, ""2026-01-15"": 7837.2998046875, ""2026-01-16"": 7927.41015625, ""2026-01-19"": NaN, ""2026-01-20"": 7794.18994140625, ""2026-01-21"": 8042.06982421875, ""2026-01-22"": 8055.169921875, ""2026-01-23"": 7957.93017578125, ""2026-01-26"": 7927.0400390625, ""2026-01-27"": 8117.18017578125, ""2026-01-28"": 8306.740234375, ""2026-01-29"": 8320.3896484375, ""2026-01-30"": 7998.47021484375, ""2026-02-02"": 8134.48828125}","{""metric"": ""Market_ADR"", ""2025-12-18"": 61.7, ""2025-12-19"": 131.39, ""2025-12-22"": 97.41, ""2025-12-23"": 32.29, ""2025-12-24"": 60.54, ""2025-12-26"": 37.91, ""2025-12-29"": 88.09, ""2025-12-30"": 74.29, ""2026-01-02"": 71.11, ""2026-01-05"": 89.71, ""2026-01-06"": 63.36, ""2026-01-07"": 33.14, ""2026-01-08"": 30.17, ""2026-01-09"": 121.26, ""2026-01-12"": 131.65, ""2026-01-13"": 81.94, ""2026-01-14"": 138.21, ""2026-01-15"": 106.74, ""2026-01-16"": 60.28, ""2026-01-19"": 82.11, ""2026-01-20"": 282.72, ""2026-01-21"": 54.03, ""2026-01-22"": 136.53, ""2026-01-23"": 212.46, ""2026-01-26"": 107.47, ""2026-01-27"": 93.31, ""2026-01-28"": 71.24, ""2026-01-29"": 193.49, ""2026-01-30"": 52.94, ""2026-02-02"": 19.67}",2026-02-02 23:54
292150,TIGER 코리아TOP10,26520,-6.04,3.49,11.3,183.1,S9,천하무적: 시장의 주도주,"{""Ticker"": ""^SOX"", ""2025-12-18"": 6863.6298828125, ""2025-12-19"": 7067.8701171875, ""2025-12-22"": 7145.56982421875, ""2025-12-23"": 7184.5400390625, ""2025-12-24"": 7204.3701171875, ""2025-12-26"": 7207.64013671875, ""2025-12-29"": 7178.27001953125, ""2025-12-30"": 7169.10009765625, ""2025-12-31"": 7083.1298828125, ""2026-01-02"": 7367.47021484375, ""2026-01-05"": 7446.4501953125, ""2026-01-06"": 7650.93017578125, ""2026-01-07"": 7574.8701171875, ""2026-01-08"": 7436.10009765625, ""2026-01-09"": 7638.77978515625, ""2026-01-12"": 7674.83984375, ""2026-01-13"": 7747.990234375, ""2026-01-14"": 7701.47021484375, ""2026-01-15"": 7837.2998046875, ""2026-01-16"": 7927.41015625, ""2026-01-19"": NaN, ""2026-01-20"": 7794.18994140625, ""2026-01-21"": 8042.06982421875, ""2026-01-22"": 8055.169921875, ""2026-01-23"": 7957.93017578125, ""2026-01-26"": 7927.0400390625, ""2026-01-27"": 8117.18017578125, ""2026-01-28"": 8306.740234375, ""2026-01-29"": 8320.3896484375, ""2026-01-30"": 7998.47021484375, ""2026-02-02"": 8134.48828125}","{""metric"": ""Market_ADR"", ""2025-12-18"": 61.7, ""2025-12-19"": 131.39, ""2025-12-22"": 97.41, ""2025-12-23"": 32.29, ""2025-12-24"": 60.54, ""2025-12-26"": 37.91, ""2025-12-29"": 88.09, ""2025-12-30"": 74.29, ""2026-01-02"": 71.11, ""2026-01-05"": 89.71, ""2026-01-06"": 63.36, ""2026-01-07"": 33.14, ""2026-01-08"": 30.17, ""2026-01-09"": 121.26, ""2026-01-12"": 131.65, ""2026-01-13"": 81.94, ""2026-01-14"": 138.21, ""2026-01-15"": 106.74, ""2026-01-16"": 60.28, ""2026-01-19"": 82.11, ""2026-01-20"": 282.72, ""2026-01-21"": 54.03, ""2026-01-22"": 136.53, ""2026-01-23"": 212.46, ""2026-01-26"": 107.47, ""2026-01-27"": 93.31, ""2026-01-28"": 71.24, ""2026-01-29"": 193.49, ""2026-01-30"": 52.94, ""2026-02-02"": 19.67}",2026-02-02 23:54
157500,TIGER 증권,13955,-6.37,8.68,10.77,221.9,S10,천하무적: 시장의 주도주,"{""Ticker"": ""^SOX"", ""2025-12-18"": 6863.6298828125, ""2025-12-19"": 7067.8701171875, ""2025-12-22"": 7145.56982421875, ""2025-12-23"": 7184.5400390625, ""2025-12-24"": 7204.3701171875, ""2025-12-26"": 7207.64013671875, ""2025-12-29"": 7178.27001953125, ""2025-12-30"": 7169.10009765625, ""2025-12-31"": 7083.1298828125, ""2026-01-02"": 7367.47021484375, ""2026-01-05"": 7446.4501953125, ""2026-01-06"": 7650.93017578125, ""2026-01-07"": 7574.8701171875, ""2026-01-08"": 7436.10009765625, ""2026-01-09"": 7638.77978515625, ""2026-01-12"": 7674.83984375, ""2026-01-13"": 7747.990234375, ""2026-01-14"": 7701.47021484375, ""2026-01-15"": 7837.2998046875, ""2026-01-16"": 7927.41015625, ""2026-01-19"": NaN, ""2026-01-20"": 7794.18994140625, ""2026-01-21"": 8042.06982421875, ""2026-01-22"": 8055.169921875, ""2026-01-23"": 7957.93017578125, ""2026-01-26"": 7927.0400390625, ""2026-01-27"": 8117.18017578125, ""2026-01-28"": 8306.740234375, ""2026-01-29"": 8320.3896484375, ""2026-01-30"": 7998.47021484375, ""2026-02-02"": 8134.48828125}","{""metric"": ""Market_ADR"", ""2025-12-18"": 61.7, ""2025-12-19"": 131.39, ""2025-12-22"": 97.41, ""2025-12-23"": 32.29, ""2025-12-24"": 60.54, ""2025-12-26"": 37.91, ""2025-12-29"": 88.09, ""2025-12-30"": 74.29, ""2026-01-02"": 71.11, ""2026-01-05"": 89.71, ""2026-01-06"": 63.36, ""2026-01-07"": 33.14, ""2026-01-08"": 30.17, ""2026-01-09"": 121.26, ""2026-01-12"": 131.65, ""2026-01-13"": 81.94, ""2026-01-14"": 138.21, ""2026-01-15"": 106.74, ""2026-01-16"": 60.28, ""2026-01-19"": 82.11, ""2026-01-20"": 282.72, ""2026-01-21"": 54.03, ""2026-01-22"": 136.53, ""2026-01-23"": 212.46, ""2026-01-26"": 107.47, ""2026-01-27"": 93.31, ""2026-01-28"": 71.24, ""2026-01-29"": 193.49, ""2026-01-30"": 52.94, ""2026-02-02"": 19.67}",2026-02-02 23:54
102970,KODEX 증권,20410,-6.46,9.03,10.58,207.0,S10,천하무적: 시장의 주도주,"{""Ticker"": ""^SOX"", ""2025-12-18"": 6863.6298828125, ""2025-12-19"": 7067.8701171875, ""2025-12-22"": 7145.56982421875, ""2025-12-23"": 7184.5400390625, ""2025-12-24"": 7204.3701171875, ""2025-12-26"": 7207.64013671875, ""2025-12-29"": 7178.27001953125, ""2025-12-30"": 7169.10009765625, ""2025-12-31"": 7083.1298828125, ""2026-01-02"": 7367.47021484375, ""2026-01-05"": 7446.4501953125, ""2026-01-06"": 7650.93017578125, ""2026-01-07"": 7574.8701171875, ""2026-01-08"": 7436.10009765625, ""2026-01-09"": 7638.77978515625, ""2026-01-12"": 7674.83984375, ""2026-01-13"": 7747.990234375, ""2026-01-14"": 7701.47021484375, ""2026-01-15"": 7837.2998046875, ""2026-01-16"": 7927.41015625, ""2026-01-19"": NaN, ""2026-01-20"": 7794.18994140625, ""2026-01-21"": 8042.06982421875, ""2026-01-22"": 8055.169921875, ""2026-01-23"": 7957.93017578125, ""2026-01-26"": 7927.0400390625, ""2026-01-27"": 8117.18017578125, ""2026-01-28"": 8306.740234375, ""2026-01-29"": 8320.3896484375, ""2026-01-30"": 7998.47021484375, ""2026-02-02"": 8134.48828125}","{""metric"": ""Market_ADR"", ""2025-12-18"": 61.7, ""2025-12-19"": 131.39, ""2025-12-22"": 97.41, ""2025-12-23"": 32.29, ""2025-12-24"": 60.54, ""2025-12-26"": 37.91, ""2025-12-29"": 88.09, ""2025-12-30"": 74.29, ""2026-01-02"": 71.11, ""2026-01-05"": 89.71, ""2026-01-06"": 63.36, ""2026-01-07"": 33.14, ""2026-01-08"": 30.17, ""2026-01-09"": 121.26, ""2026-01-12"": 131.65, ""2026-01-13"": 81.94, ""2026-01-14"": 138.21, ""2026-01-15"": 106.74, ""2026-01-16"": 60.28, ""2026-01-19"": 82.11, ""2026-01-20"": 282.72, ""2026-01-21"": 54.03, ""2026-01-22"": 136.53, ""2026-01-23"": 212.46, ""2026-01-26"": 107.47, ""2026-01-27"": 93.31, ""2026-01-28"": 71.24, ""2026-01-29"": 193.49, ""2026-01-30"": 52.94, ""2026-02-02"": 19.67}",2026-02-02 23:54
0005D0,SOL 전고체배터리&실리콘음극재,17570,-3.91,-0.85,10.37,191.2,B8,황금 눌림목: 최적 매수 타점,"{""Ticker"": ""^SOX"", ""2025-12-18"": 6863.6298828125, ""2025-12-19"": 7067.8701171875, ""2025-12-22"": 7145.56982421875, ""2025-12-23"": 7184.5400390625, ""2025-12-24"": 7204.3701171875, ""2025-12-26"": 7207.64013671875, ""2025-12-29"": 7178.27001953125, ""2025-12-30"": 7169.10009765625, ""2025-12-31"": 7083.1298828125, ""2026-01-02"": 7367.47021484375, ""2026-01-05"": 7446.4501953125, ""2026-01-06"": 7650.93017578125, ""2026-01-07"": 7574.8701171875, ""2026-01-08"": 7436.10009765625, ""2026-01-09"": 7638.77978515625, ""2026-01-12"": 7674.83984375, ""2026-01-13"": 7747.990234375, ""2026-01-14"": 7701.47021484375, ""2026-01-15"": 7837.2998046875, ""2026-01-16"": 7927.41015625, ""2026-01-19"": NaN, ""2026-01-20"": 7794.18994140625, ""2026-01-21"": 8042.06982421875, ""2026-01-22"": 8055.169921875, ""2026-01-23"": 7957.93017578125, ""2026-01-26"": 7927.0400390625, ""2026-01-27"": 8117.18017578125, ""2026-01-28"": 8306.740234375, ""2026-01-29"": 8320.3896484375, ""2026-01-30"": 7998.47021484375, ""2026-02-02"": 8134.48828125}","{""metric"": ""Market_ADR"", ""2025-12-18"": 61.7, ""2025-12-19"": 131.39, ""2025-12-22"": 97.41, ""2025-12-23"": 32.29, ""2025-12-24"": 60.54, ""2025-12-26"": 37.91, ""2025-12-29"": 88.09, ""2025-12-30"": 74.29, ""2026-01-02"": 71.11, ""2026-01-05"": 89.71, ""2026-01-06"": 63.36, ""2026-01-07"": 33.14, ""2026-01-08"": 30.17, ""2026-01-09"": 121.26, ""2026-01-12"": 131.65, ""2026-01-13"": 81.94, ""2026-01-14"": 138.21, ""2026-01-15"": 106.74, ""2026-01-16"": 60.28, ""2026-01-19"": 82.11, ""2026-01-20"": 282.72, ""2026-01-21"": 54.03, ""2026-01-22"": 136.53, ""2026-01-23"": 212.46, ""2026-01-26"": 107.47, ""2026-01-27"": 93.31, ""2026-01-28"": 71.24, ""2026-01-29"": 193.49, ""2026-01-30"": 52.94, ""2026-02-02"": 19.67}",2026-02-02 23:54
315960,RISE 대형고배당10TR,49610,-5.65,2.95,10.15,171.2,S9,천하무적: 시장의 주도주,"{""Ticker"": ""^SOX"", ""2025-12-18"": 6863.6298828125, ""2025-12-19"": 7067.8701171875, ""2025-12-22"": 7145.56982421875, ""2025-12-23"": 7184.5400390625, ""2025-12-24"": 7204.3701171875, ""2025-12-26"": 7207.64013671875, ""2025-12-29"": 7178.27001953125, ""2025-12-30"": 7169.10009765625, ""2025-12-31"": 7083.1298828125, ""2026-01-02"": 7367.47021484375, ""2026-01-05"": 7446.4501953125, ""2026-01-06"": 7650.93017578125, ""2026-01-07"": 7574.8701171875, ""2026-01-08"": 7436.10009765625, ""2026-01-09"": 7638.77978515625, ""2026-01-12"": 7674.83984375, ""2026-01-13"": 7747.990234375, ""2026-01-14"": 7701.47021484375, ""2026-01-15"": 7837.2998046875, ""2026-01-16"": 7927.41015625, ""2026-01-19"": NaN, ""2026-01-20"": 7794.18994140625, ""2026-01-21"": 8042.06982421875, ""2026-01-22"": 8055.169921875, ""2026-01-23"": 7957.93017578125, ""2026-01-26"": 7927.0400390625, ""2026-01-27"": 8117.18017578125, ""2026-01-28"": 8306.740234375, ""2026-01-29"": 8320.3896484375, ""2026-01-30"": 7998.47021484375, ""2026-02-02"": 8134.48828125}","{""metric"": ""Market_ADR"", ""2025-12-18"": 61.7, ""2025-12-19"": 131.39, ""2025-12-22"": 97.41, ""2025-12-23"": 32.29, ""2025-12-24"": 60.54, ""2025-12-26"": 37.91, ""2025-12-29"": 88.09, ""2025-12-30"": 74.29, ""2026-01-02"": 71.11, ""2026-01-05"": 89.71, ""2026-01-06"": 63.36, ""2026-01-07"": 33.14, ""2026-01-08"": 30.17, ""2026-01-09"": 121.26, ""2026-01-12"": 131.65, ""2026-01-13"": 81.94, ""2026-01-14"": 138.21, ""2026-01-15"": 106.74, ""2026-01-16"": 60.28, ""2026-01-19"": 82.11, ""2026-01-20"": 282.72, ""2026-01-21"": 54.03, ""2026-01-22"": 136.53, ""2026-01-23"": 212.46, ""2026-01-26"": 107.47, ""2026-01-27"": 93.31, ""2026-01-28"": 71.24, ""2026-01-29"": 193.49, ""2026-01-30"": 52.94, ""2026-02-02"": 19.67}",2026-02-02 23:54
0111J0,HANARO 증권고배당TOP3플러스,13380,-6.47,9.0,9.97,205.4,S9,천하무적: 시장의 주도주,"{""Ticker"": ""^SOX"", ""2025-12-18"": 6863.6298828125, ""2025-12-19"": 7067.8701171875, ""2025-12-22"": 7145.56982421875, ""2025-12-23"": 7184.5400390625, ""2025-12-24"": 7204.3701171875, ""2025-12-26"": 7207.64013671875, ""2025-12-29"": 7178.27001953125, ""2025-12-30"": 7169.10009765625, ""2025-12-31"": 7083.1298828125, ""2026-01-02"": 7367.47021484375, ""2026-01-05"": 7446.4501953125, ""2026-01-06"": 7650.93017578125, ""2026-01-07"": 7574.8701171875, ""2026-01-08"": 7436.10009765625, ""2026-01-09"": 7638.77978515625, ""2026-01-12"": 7674.83984375, ""2026-01-13"": 7747.990234375, ""2026-01-14"": 7701.47021484375, ""2026-01-15"": 7837.2998046875, ""2026-01-16"": 7927.41015625, ""2026-01-19"": NaN, ""2026-01-20"": 7794.18994140625, ""2026-01-21"": 8042.06982421875, ""2026-01-22"": 8055.169921875, ""2026-01-23"": 7957.93017578125, ""2026-01-26"": 7927.0400390625, ""2026-01-27"": 8117.18017578125, ""2026-01-28"": 8306.740234375, ""2026-01-29"": 8320.3896484375, ""2026-01-30"": 7998.47021484375, ""2026-02-02"": 8134.48828125}","{""metric"": ""Market_ADR"", ""2025-12-18"": 61.7, ""2025-12-19"": 131.39, ""2025-12-22"": 97.41, ""2025-12-23"": 32.29, ""2025-12-24"": 60.54, ""2025-12-26"": 37.91, ""2025-12-29"": 88.09, ""2025-12-30"": 74.29, ""2026-01-02"": 71.11, ""2026-01-05"": 89.71, ""2026-01-06"": 63.36, ""2026-01-07"": 33.14, ""2026-01-08"": 30.17, ""2026-01-09"": 121.26, ""2026-01-12"": 131.65, ""2026-01-13"": 81.94, ""2026-01-14"": 138.21, ""2026-01-15"": 106.74, ""2026-01-16"": 60.28, ""2026-01-19"": 82.11, ""2026-01-20"": 282.72, ""2026-01-21"": 54.03, ""2026-01-22"": 136.53, ""2026-01-23"": 212.46, ""2026-01-26"": 107.47, ""2026-01-27"": 93.31, ""2026-01-28"": 71.24, ""2026-01-29"": 193.49, ""2026-01-30"": 52.94, ""2026-02-02"": 19.67}",2026-02-02 23:54
475310,SOL 반도체후공정,23005,-8.58,12.03,9.0,411.4,S9,천하무적: 시장의 주도주,"{""Ticker"": ""^SOX"", ""2025-12-18"": 6863.6298828125, ""2025-12-19"": 7067.8701171875, ""2025-12-22"": 7145.56982421875, ""2025-12-23"": 7184.5400390625, ""2025-12-24"": 7204.3701171875, ""2025-12-26"": 7207.64013671875, ""2025-12-29"": 7178.27001953125, ""2025-12-30"": 7169.10009765625, ""2025-12-31"": 7083.1298828125, ""2026-01-02"": 7367.47021484375, ""2026-01-05"": 7446.4501953125, ""2026-01-06"": 7650.93017578125, ""2026-01-07"": 7574.8701171875, ""2026-01-08"": 7436.10009765625, ""2026-01-09"": 7638.77978515625, ""2026-01-12"": 7674.83984375, ""2026-01-13"": 7747.990234375, ""2026-01-14"": 7701.47021484375, ""2026-01-15"": 7837.2998046875, ""2026-01-16"": 7927.41015625, ""2026-01-19"": NaN, ""2026-01-20"": 7794.18994140625, ""2026-01-21"": 8042.06982421875, ""2026-01-22"": 8055.169921875, ""2026-01-23"": 7957.93017578125, ""2026-01-26"": 7927.0400390625, ""2026-01-27"": 8117.18017578125, ""2026-01-28"": 8306.740234375, ""2026-01-29"": 8320.3896484375, ""2026-01-30"": 7998.47021484375, ""2026-02-02"": 8134.48828125}","{""metric"": ""Market_ADR"", ""2025-12-18"": 61.7, ""2025-12-19"": 131.39, ""2025-12-22"": 97.41, ""2025-12-23"": 32.29, ""2025-12-24"": 60.54, ""2025-12-26"": 37.91, ""2025-12-29"": 88.09, ""2025-12-30"": 74.29, ""2026-01-02"": 71.11, ""2026-01-05"": 89.71, ""2026-01-06"": 63.36, ""2026-01-07"": 33.14, ""2026-01-08"": 30.17, ""2026-01-09"": 121.26, ""2026-01-12"": 131.65, ""2026-01-13"": 81.94, ""2026-01-14"": 138.21, ""2026-01-15"": 106.74, ""2026-01-16"": 60.28, ""2026-01-19"": 82.11, ""2026-01-20"": 282.72, ""2026-01-21"": 54.03, ""2026-01-22"": 136.53, ""2026-01-23"": 212.46, ""2026-01-26"": 107.47, ""2026-01-27"": 93.31, ""2026-01-28"": 71.24, ""2026-01-29"": 193.49, ""2026-01-30"": 52.94, ""2026-02-02"": 19.67}",2026-02-02 23:54
474590,WON 반도체밸류체인액티브,24155,-7.98,7.62,8.83,186.9,S8,천하무적: 시장의 주도주,"{""Ticker"": ""^SOX"", ""2025-12-18"": 6863.6298828125, ""2025-12-19"": 7067.8701171875, ""2025-12-22"": 7145.56982421875, ""2025-12-23"": 7184.5400390625, ""2025-12-24"": 7204.3701171875, ""2025-12-26"": 7207.64013671875, ""2025-12-29"": 7178.27001953125, ""2025-12-30"": 7169.10009765625, ""2025-12-31"": 7083.1298828125, ""2026-01-02"": 7367.47021484375, ""2026-01-05"": 7446.4501953125, ""2026-01-06"": 7650.93017578125, ""2026-01-07"": 7574.8701171875, ""2026-01-08"": 7436.10009765625, ""2026-01-09"": 7638.77978515625, ""2026-01-12"": 7674.83984375, ""2026-01-13"": 7747.990234375, ""2026-01-14"": 7701.47021484375, ""2026-01-15"": 7837.2998046875, ""2026-01-16"": 7927.41015625, ""2026-01-19"": NaN, ""2026-01-20"": 7794.18994140625, ""2026-01-21"": 8042.06982421875, ""2026-01-22"": 8055.169921875, ""2026-01-23"": 7957.93017578125, ""2026-01-26"": 7927.0400390625, ""2026-01-27"": 8117.18017578125, ""2026-01-28"": 8306.740234375, ""2026-01-29"": 8320.3896484375, ""2026-01-30"": 7998.47021484375, ""2026-02-02"": 8134.48828125}","{""metric"": ""Market_ADR"", ""2025-12-18"": 61.7, ""2025-12-19"": 131.39, ""2025-12-22"": 97.41, ""2025-12-23"": 32.29, ""2025-12-24"": 60.54, ""2025-12-26"": 37.91, ""2025-12-29"": 88.09, ""2025-12-30"": 74.29, ""2026-01-02"": 71.11, ""2026-01-05"": 89.71, ""2026-01-06"": 63.36, ""2026-01-07"": 33.14, ""2026-01-08"": 30.17, ""2026-01-09"": 121.26, ""2026-01-12"": 131.65, ""2026-01-13"": 81.94, ""2026-01-14"": 138.21, ""2026-01-15"": 106.74, ""2026-01-16"": 60.28, ""2026-01-19"": 82.11, ""2026-01-20"": 282.72, ""2026-01-21"": 54.03, ""2026-01-22"": 136.53, ""2026-01-23"": 212.46, ""2026-01-26"": 107.47, ""2026-01-27"": 93.31, ""2026-01-28"": 71.24, ""2026-01-29"": 193.49, ""2026-01-30"": 52.94, ""2026-02-02"": 19.67}",2026-02-02 23:54
487750,BNK 온디바이스AI,18140,-7.33,6.39,8.75,55.2,S6,천하무적: 시장의 주도주,"{""Ticker"": ""^SOX"", ""2025-12-18"": 6863.6298828125, ""2025-12-19"": 7067.8701171875, ""2025-12-22"": 7145.56982421875, ""2025-12-23"": 7184.5400390625, ""2025-12-24"": 7204.3701171875, ""2025-12-26"": 7207.64013671875, ""2025-12-29"": 7178.27001953125, ""2025-12-30"": 7169.10009765625, ""2025-12-31"": 7083.1298828125, ""2026-01-02"": 7367.47021484375, ""2026-01-05"": 7446.4501953125, ""2026-01-06"": 7650.93017578125, ""2026-01-07"": 7574.8701171875, ""2026-01-08"": 7436.10009765625, ""2026-01-09"": 7638.77978515625, ""2026-01-12"": 7674.83984375, ""2026-01-13"": 7747.990234375, ""2026-01-14"": 7701.47021484375, ""2026-01-15"": 7837.2998046875, ""2026-01-16"": 7927.41015625, ""2026-01-19"": NaN, ""2026-01-20"": 7794.18994140625, ""2026-01-21"": 8042.06982421875, ""2026-01-22"": 8055.169921875, ""2026-01-23"": 7957.93017578125, ""2026-01-26"": 7927.0400390625, ""2026-01-27"": 8117.18017578125, ""2026-01-28"": 8306.740234375, ""2026-01-29"": 8320.3896484375, ""2026-01-30"": 7998.47021484375, ""2026-02-02"": 8134.48828125}","{""metric"": ""Market_ADR"", ""2025-12-18"": 61.7, ""2025-12-19"": 131.39, ""2025-12-22"": 97.41, ""2025-12-23"": 32.29, ""2025-12-24"": 60.54, ""2025-12-26"": 37.91, ""2025-12-29"": 88.09, ""2025-12-30"": 74.29, ""2026-01-02"": 71.11, ""2026-01-05"": 89.71, ""2026-01-06"": 63.36, ""2026-01-07"": 33.14, ""2026-01-08"": 30.17, ""2026-01-09"": 121.26, ""2026-01-12"": 131.65, ""2026-01-13"": 81.94, ""2026-01-14"": 138.21, ""2026-01-15"": 106.74, ""2026-01-16"": 60.28, ""2026-01-19"": 82.11, ""2026-01-20"": 282.72, ""2026-01-21"": 54.03, ""2026-01-22"": 136.53, ""2026-01-23"": 212.46, ""2026-01-26"": 107.47, ""2026-01-27"": 93.31, ""2026-01-28"": 71.24, ""2026-01-29"": 193.49, ""2026-01-30"": 52.94, ""2026-02-02"": 19.67}",2026-02-02 23:54
0080G0,KODEX K방산TOP10,12450,-5.36,-3.41,8.59,150.5,B7,황금 눌림목: 최적 매수 타점,"{""Ticker"": ""^SOX"", ""2025-12-18"": 6863.6298828125, ""2025-12-19"": 7067.8701171875, ""2025-12-22"": 7145.56982421875, ""2025-12-23"": 7184.5400390625, ""2025-12-24"": 7204.3701171875, ""2025-12-26"": 7207.64013671875, ""2025-12-29"": 7178.27001953125, ""2025-12-30"": 7169.10009765625, ""2025-12-31"": 7083.1298828125, ""2026-01-02"": 7367.47021484375, ""2026-01-05"": 7446.4501953125, ""2026-01-06"": 7650.93017578125, ""2026-01-07"": 7574.8701171875, ""2026-01-08"": 7436.10009765625, ""2026-01-09"": 7638.77978515625, ""2026-01-12"": 7674.83984375, ""2026-01-13"": 7747.990234375, ""2026-01-14"": 7701.47021484375, ""2026-01-15"": 7837.2998046875, ""2026-01-16"": 7927.41015625, ""2026-01-19"": NaN, ""2026-01-20"": 7794.18994140625, ""2026-01-21"": 8042.06982421875, ""2026-01-22"": 8055.169921875, ""2026-01-23"": 7957.93017578125, ""2026-01-26"": 7927.0400390625, ""2026-01-27"": 8117.18017578125, ""2026-01-28"": 8306.740234375, ""2026-01-29"": 8320.3896484375, ""2026-01-30"": 7998.47021484375, ""2026-02-02"": 8134.48828125}","{""metric"": ""Market_ADR"", ""2025-12-18"": 61.7, ""2025-12-19"": 131.39, ""2025-12-22"": 97.41, ""2025-12-23"": 32.29, ""2025-12-24"": 60.54, ""2025-12-26"": 37.91, ""2025-12-29"": 88.09, ""2025-12-30"": 74.29, ""2026-01-02"": 71.11, ""2026-01-05"": 89.71, ""2026-01-06"": 63.36, ""2026-01-07"": 33.14, ""2026-01-08"": 30.17, ""2026-01-09"": 121.26, ""2026-01-12"": 131.65, ""2026-01-13"": 81.94, ""2026-01-14"": 138.21, ""2026-01-15"": 106.74, ""2026-01-16"": 60.28, ""2026-01-19"": 82.11, ""2026-01-20"": 282.72, ""2026-01-21"": 54.03, ""2026-01-22"": 136.53, ""2026-01-23"": 212.46, ""2026-01-26"": 107.47, ""2026-01-27"": 93.31, ""2026-01-28"": 71.24, ""2026-01-29"": 193.49, ""2026-01-30"": 52.94, ""2026-02-02"": 19.67}",2026-02-02 23:54
139260,TIGER 200 IT,69735,-7.48,3.56,8.43,157.1,S8,천하무적: 시장의 주도주,"{""Ticker"": ""^SOX"", ""2025-12-18"": 6863.6298828125, ""2025-12-19"": 7067.8701171875, ""2025-12-22"": 7145.56982421875, ""2025-12-23"": 7184.5400390625, ""2025-12-24"": 7204.3701171875, ""2025-12-26"": 7207.64013671875, ""2025-12-29"": 7178.27001953125, ""2025-12-30"": 7169.10009765625, ""2025-12-31"": 7083.1298828125, ""2026-01-02"": 7367.47021484375, ""2026-01-05"": 7446.4501953125, ""2026-01-06"": 7650.93017578125, ""2026-01-07"": 7574.8701171875, ""2026-01-08"": 7436.10009765625, ""2026-01-09"": 7638.77978515625, ""2026-01-12"": 7674.83984375, ""2026-01-13"": 7747.990234375, ""2026-01-14"": 7701.47021484375, ""2026-01-15"": 7837.2998046875, ""2026-01-16"": 7927.41015625, ""2026-01-19"": NaN, ""2026-01-20"": 7794.18994140625, ""2026-01-21"": 8042.06982421875, ""2026-01-22"": 8055.169921875, ""2026-01-23"": 7957.93017578125, ""2026-01-26"": 7927.0400390625, ""2026-01-27"": 8117.18017578125, ""2026-01-28"": 8306.740234375, ""2026-01-29"": 8320.3896484375, ""2026-01-30"": 7998.47021484375, ""2026-02-02"": 8134.48828125}","{""metric"": ""Market_ADR"", ""2025-12-18"": 61.7, ""2025-12-19"": 131.39, ""2025-12-22"": 97.41, ""2025-12-23"": 32.29, ""2025-12-24"": 60.54, ""2025-12-26"": 37.91, ""2025-12-29"": 88.09, ""2025-12-30"": 74.29, ""2026-01-02"": 71.11, ""2026-01-05"": 89.71, ""2026-01-06"": 63.36, ""2026-01-07"": 33.14, ""2026-01-08"": 30.17, ""2026-01-09"": 121.26, ""2026-01-12"": 131.65, ""2026-01-13"": 81.94, ""2026-01-14"": 138.21, ""2026-01-15"": 106.74, ""2026-01-16"": 60.28, ""2026-01-19"": 82.11, ""2026-01-20"": 282.72, ""2026-01-21"": 54.03, ""2026-01-22"": 136.53, ""2026-01-23"": 212.46, ""2026-01-26"": 107.47, ""2026-01-27"": 93.31, ""2026-01-28"": 71.24, ""2026-01-29"": 193.49, ""2026-01-30"": 52.94, ""2026-02-02"": 19.67}",2026-02-02 23:54
455850,SOL AI반도체소부장,21650,-8.63,10.74,8.36,303.6,S9,천하무적: 시장의 주도주,"{""Ticker"": ""^SOX"", ""2025-12-18"": 6863.6298828125, ""2025-12-19"": 7067.8701171875, ""2025-12-22"": 7145.56982421875, ""2025-12-23"": 7184.5400390625, ""2025-12-24"": 7204.3701171875, ""2025-12-26"": 7207.64013671875, ""2025-12-29"": 7178.27001953125, ""2025-12-30"": 7169.10009765625, ""2025-12-31"": 7083.1298828125, ""2026-01-02"": 7367.47021484375, ""2026-01-05"": 7446.4501953125, ""2026-01-06"": 7650.93017578125, ""2026-01-07"": 7574.8701171875, ""2026-01-08"": 7436.10009765625, ""2026-01-09"": 7638.77978515625, ""2026-01-12"": 7674.83984375, ""2026-01-13"": 7747.990234375, ""2026-01-14"": 7701.47021484375, ""2026-01-15"": 7837.2998046875, ""2026-01-16"": 7927.41015625, ""2026-01-19"": NaN, ""2026-01-20"": 7794.18994140625, ""2026-01-21"": 8042.06982421875, ""2026-01-22"": 8055.169921875, ""2026-01-23"": 7957.93017578125, ""2026-01-26"": 7927.0400390625, ""2026-01-27"": 8117.18017578125, ""2026-01-28"": 8306.740234375, ""2026-01-29"": 8320.3896484375, ""2026-01-30"": 7998.47021484375, ""2026-02-02"": 8134.48828125}","{""metric"": ""Market_ADR"", ""2025-12-18"": 61.7, ""2025-12-19"": 131.39, ""2025-12-22"": 97.41, ""2025-12-23"": 32.29, ""2025-12-24"": 60.54, ""2025-12-26"": 37.91, ""2025-12-29"": 88.09, ""2025-12-30"": 74.29, ""2026-01-02"": 71.11, ""2026-01-05"": 89.71, ""2026-01-06"": 63.36, ""2026-01-07"": 33.14, ""2026-01-08"": 30.17, ""2026-01-09"": 121.26, ""2026-01-12"": 131.65, ""2026-01-13"": 81.94, ""2026-01-14"": 138.21, ""2026-01-15"": 106.74, ""2026-01-16"": 60.28, ""2026-01-19"": 82.11, ""2026-01-20"": 282.72, ""2026-01-21"": 54.03, ""2026-01-22"": 136.53, ""2026-01-23"": 212.46, ""2026-01-26"": 107.47, ""2026-01-27"": 93.31, ""2026-01-28"": 71.24, ""2026-01-29"": 193.49, ""2026-01-30"": 52.94, ""2026-02-02"": 19.67}",2026-02-02 23:54
449450,PLUS K방산,65130,-4.93,-3.81,8.15,172.8,B7,황금 눌림목: 최적 매수 타점,"{""Ticker"": ""^SOX"", ""2025-12-18"": 6863.6298828125, ""2025-12-19"": 7067.8701171875, ""2025-12-22"": 7145.56982421875, ""2025-12-23"": 7184.5400390625, ""2025-12-24"": 7204.3701171875, ""2025-12-26"": 7207.64013671875, ""2025-12-29"": 7178.27001953125, ""2025-12-30"": 7169.10009765625, ""2025-12-31"": 7083.1298828125, ""2026-01-02"": 7367.47021484375, ""2026-01-05"": 7446.4501953125, ""2026-01-06"": 7650.93017578125, ""2026-01-07"": 7574.8701171875, ""2026-01-08"": 7436.10009765625, ""2026-01-09"": 7638.77978515625, ""2026-01-12"": 7674.83984375, ""2026-01-13"": 7747.990234375, ""2026-01-14"": 7701.47021484375, ""2026-01-15"": 7837.2998046875, ""2026-01-16"": 7927.41015625, ""2026-01-19"": NaN, ""2026-01-20"": 7794.18994140625, ""2026-01-21"": 8042.06982421875, ""2026-01-22"": 8055.169921875, ""2026-01-23"": 7957.93017578125, ""2026-01-26"": 7927.0400390625, ""2026-01-27"": 8117.18017578125, ""2026-01-28"": 8306.740234375, ""2026-01-29"": 8320.3896484375, ""2026-01-30"": 7998.47021484375, ""2026-02-02"": 8134.48828125}","{""metric"": ""Market_ADR"", ""2025-12-18"": 61.7, ""2025-12-19"": 131.39, ""2025-12-22"": 97.41, ""2025-12-23"": 32.29, ""2025-12-24"": 60.54, ""2025-12-26"": 37.91, ""2025-12-29"": 88.09, ""2025-12-30"": 74.29, ""2026-01-02"": 71.11, ""2026-01-05"": 89.71, ""2026-01-06"": 63.36, ""2026-01-07"": 33.14, ""2026-01-08"": 30.17, ""2026-01-09"": 121.26, ""2026-01-12"": 131.65, ""2026-01-13"": 81.94, ""2026-01-14"": 138.21, ""2026-01-15"": 106.74, ""2026-01-16"": 60.28, ""2026-01-19"": 82.11, ""2026-01-20"": 282.72, ""2026-01-21"": 54.03, ""2026-01-22"": 136.53, ""2026-01-23"": 212.46, ""2026-01-26"": 107.47, ""2026-01-27"": 93.31, ""2026-01-28"": 71.24, ""2026-01-29"": 193.49, ""2026-01-30"": 52.94, ""2026-02-02"": 19.67}",2026-02-02 23:54
363580,KODEX 200IT TR,27480,-7.89,3.27,8.11,232.4,S9,천하무적: 시장의 주도주,"{""Ticker"": ""^SOX"", ""2025-12-18"": 6863.6298828125, ""2025-12-19"": 7067.8701171875, ""2025-12-22"": 7145.56982421875, ""2025-12-23"": 7184.5400390625, ""2025-12-24"": 7204.3701171875, ""2025-12-26"": 7207.64013671875, ""2025-12-29"": 7178.27001953125, ""2025-12-30"": 7169.10009765625, ""2025-12-31"": 7083.1298828125, ""2026-01-02"": 7367.47021484375, ""2026-01-05"": 7446.4501953125, ""2026-01-06"": 7650.93017578125, ""2026-01-07"": 7574.8701171875, ""2026-01-08"": 7436.10009765625, ""2026-01-09"": 7638.77978515625, ""2026-01-12"": 7674.83984375, ""2026-01-13"": 7747.990234375, ""2026-01-14"": 7701.47021484375, ""2026-01-15"": 7837.2998046875, ""2026-01-16"": 7927.41015625, ""2026-01-19"": NaN, ""2026-01-20"": 7794.18994140625, ""2026-01-21"": 8042.06982421875, ""2026-01-22"": 8055.169921875, ""2026-01-23"": 7957.93017578125, ""2026-01-26"": 7927.0400390625, ""2026-01-27"": 8117.18017578125, ""2026-01-28"": 8306.740234375, ""2026-01-29"": 8320.3896484375, ""2026-01-30"": 7998.47021484375, ""2026-02-02"": 8134.48828125}","{""metric"": ""Market_ADR"", ""2025-12-18"": 61.7, ""2025-12-19"": 131.39, ""2025-12-22"": 97.41, ""2025-12-23"": 32.29, ""2025-12-24"": 60.54, ""2025-12-26"": 37.91, ""2025-12-29"": 88.09, ""2025-12-30"": 74.29, ""2026-01-02"": 71.11, ""2026-01-05"": 89.71, ""2026-01-06"": 63.36, ""2026-01-07"": 33.14, ""2026-01-08"": 30.17, ""2026-01-09"": 121.26, ""2026-01-12"": 131.65, ""2026-01-13"": 81.94, ""2026-01-14"": 138.21, ""2026-01-15"": 106.74, ""2026-01-16"": 60.28, ""2026-01-19"": 82.11, ""2026-01-20"": 282.72, ""2026-01-21"": 54.03, ""2026-01-22"": 136.53, ""2026-01-23"": 212.46, ""2026-01-26"": 107.47, ""2026-01-27"": 93.31, ""2026-01-28"": 71.24, ""2026-01-29"": 193.49, ""2026-01-30"": 52.94, ""2026-02-02"": 19.67}",2026-02-02 23:54
266370,KODEX IT,37520,-6.79,4.47,6.98,236.2,S9,천하무적: 시장의 주도주,"{""Ticker"": ""^SOX"", ""2025-12-18"": 6863.6298828125, ""2025-12-19"": 7067.8701171875, ""2025-12-22"": 7145.56982421875, ""2025-12-23"": 7184.5400390625, ""2025-12-24"": 7204.3701171875, ""2025-12-26"": 7207.64013671875, ""2025-12-29"": 7178.27001953125, ""2025-12-30"": 7169.10009765625, ""2025-12-31"": 7083.1298828125, ""2026-01-02"": 7367.47021484375, ""2026-01-05"": 7446.4501953125, ""2026-01-06"": 7650.93017578125, ""2026-01-07"": 7574.8701171875, ""2026-01-08"": 7436.10009765625, ""2026-01-09"": 7638.77978515625, ""2026-01-12"": 7674.83984375, ""2026-01-13"": 7747.990234375, ""2026-01-14"": 7701.47021484375, ""2026-01-15"": 7837.2998046875, ""2026-01-16"": 7927.41015625, ""2026-01-19"": NaN, ""2026-01-20"": 7794.18994140625, ""2026-01-21"": 8042.06982421875, ""2026-01-22"": 8055.169921875, ""2026-01-23"": 7957.93017578125, ""2026-01-26"": 7927.0400390625, ""2026-01-27"": 8117.18017578125, ""2026-01-28"": 8306.740234375, ""2026-01-29"": 8320.3896484375, ""2026-01-30"": 7998.47021484375, ""2026-02-02"": 8134.48828125}","{""metric"": ""Market_ADR"", ""2025-12-18"": 61.7, ""2025-12-19"": 131.39, ""2025-12-22"": 97.41, ""2025-12-23"": 32.29, ""2025-12-24"": 60.54, ""2025-12-26"": 37.91, ""2025-12-29"": 88.09, ""2025-12-30"": 74.29, ""2026-01-02"": 71.11, ""2026-01-05"": 89.71, ""2026-01-06"": 63.36, ""2026-01-07"": 33.14, ""2026-01-08"": 30.17, ""2026-01-09"": 121.26, ""2026-01-12"": 131.65, ""2026-01-13"": 81.94, ""2026-01-14"": 138.21, ""2026-01-15"": 106.74, ""2026-01-16"": 60.28, ""2026-01-19"": 82.11, ""2026-01-20"": 282.72, ""2026-01-21"": 54.03, ""2026-01-22"": 136.53, ""2026-01-23"": 212.46, ""2026-01-26"": 107.47, ""2026-01-27"": 93.31, ""2026-01-28"": 71.24, ""2026-01-29"": 193.49, ""2026-01-30"": 52.94, ""2026-02-02"": 19.67}",2026-02-02 23:54
486240,DAISHIN343 AI반도체&인프라액티브,18140,-9.14,4.86,6.45,156.2,S8,천하무적: 시장의 주도주,"{""Ticker"": ""^SOX"", ""2025-12-18"": 6863.6298828125, ""2025-12-19"": 7067.8701171875, ""2025-12-22"": 7145.56982421875, ""2025-12-23"": 7184.5400390625, ""2025-12-24"": 7204.3701171875, ""2025-12-26"": 7207.64013671875, ""2025-12-29"": 7178.27001953125, ""2025-12-30"": 7169.10009765625, ""2025-12-31"": 7083.1298828125, ""2026-01-02"": 7367.47021484375, ""2026-01-05"": 7446.4501953125, ""2026-01-06"": 7650.93017578125, ""2026-01-07"": 7574.8701171875, ""2026-01-08"": 7436.10009765625, ""2026-01-09"": 7638.77978515625, ""2026-01-12"": 7674.83984375, ""2026-01-13"": 7747.990234375, ""2026-01-14"": 7701.47021484375, ""2026-01-15"": 7837.2998046875, ""2026-01-16"": 7927.41015625, ""2026-01-19"": NaN, ""2026-01-20"": 7794.18994140625, ""2026-01-21"": 8042.06982421875, ""2026-01-22"": 8055.169921875, ""2026-01-23"": 7957.93017578125, ""2026-01-26"": 7927.0400390625, ""2026-01-27"": 8117.18017578125, ""2026-01-28"": 8306.740234375, ""2026-01-29"": 8320.3896484375, ""2026-01-30"": 7998.47021484375, ""2026-02-02"": 8134.48828125}","{""metric"": ""Market_ADR"", ""2025-12-18"": 61.7, ""2025-12-19"": 131.39, ""2025-12-22"": 97.41, ""2025-12-23"": 32.29, ""2025-12-24"": 60.54, ""2025-12-26"": 37.91, ""2025-12-29"": 88.09, ""2025-12-30"": 74.29, ""2026-01-02"": 71.11, ""2026-01-05"": 89.71, ""2026-01-06"": 63.36, ""2026-01-07"": 33.14, ""2026-01-08"": 30.17, ""2026-01-09"": 121.26, ""2026-01-12"": 131.65, ""2026-01-13"": 81.94, ""2026-01-14"": 138.21, ""2026-01-15"": 106.74, ""2026-01-16"": 60.28, ""2026-01-19"": 82.11, ""2026-01-20"": 282.72, ""2026-01-21"": 54.03, ""2026-01-22"": 136.53, ""2026-01-23"": 212.46, ""2026-01-26"": 107.47, ""2026-01-27"": 93.31, ""2026-01-28"": 71.24, ""2026-01-29"": 193.49, ""2026-01-30"": 52.94, ""2026-02-02"": 19.67}",2026-02-02 23:54
315930,KODEX Top5PlusTR,53150,-5.5,1.54,6.43,166.3,S8,천하무적: 시장의 주도주,"{""Ticker"": ""^SOX"", ""2025-12-18"": 6863.6298828125, ""2025-12-19"": 7067.8701171875, ""2025-12-22"": 7145.56982421875, ""2025-12-23"": 7184.5400390625, ""2025-12-24"": 7204.3701171875, ""2025-12-26"": 7207.64013671875, ""2025-12-29"": 7178.27001953125, ""2025-12-30"": 7169.10009765625, ""2025-12-31"": 7083.1298828125, ""2026-01-02"": 7367.47021484375, ""2026-01-05"": 7446.4501953125, ""2026-01-06"": 7650.93017578125, ""2026-01-07"": 7574.8701171875, ""2026-01-08"": 7436.10009765625, ""2026-01-09"": 7638.77978515625, ""2026-01-12"": 7674.83984375, ""2026-01-13"": 7747.990234375, ""2026-01-14"": 7701.47021484375, ""2026-01-15"": 7837.2998046875, ""2026-01-16"": 7927.41015625, ""2026-01-19"": NaN, ""2026-01-20"": 7794.18994140625, ""2026-01-21"": 8042.06982421875, ""2026-01-22"": 8055.169921875, ""2026-01-23"": 7957.93017578125, ""2026-01-26"": 7927.0400390625, ""2026-01-27"": 8117.18017578125, ""2026-01-28"": 8306.740234375, ""2026-01-29"": 8320.3896484375, ""2026-01-30"": 7998.47021484375, ""2026-02-02"": 8134.48828125}","{""metric"": ""Market_ADR"", ""2025-12-18"": 61.7, ""2025-12-19"": 131.39, ""2025-12-22"": 97.41, ""2025-12-23"": 32.29, ""2025-12-24"": 60.54, ""2025-12-26"": 37.91, ""2025-12-29"": 88.09, ""2025-12-30"": 74.29, ""2026-01-02"": 71.11, ""2026-01-05"": 89.71, ""2026-01-06"": 63.36, ""2026-01-07"": 33.14, ""2026-01-08"": 30.17, ""2026-01-09"": 121.26, ""2026-01-12"": 131.65, ""2026-01-13"": 81.94, ""2026-01-14"": 138.21, ""2026-01-15"": 106.74, ""2026-01-16"": 60.28, ""2026-01-19"": 82.11, ""2026-01-20"": 282.72, ""2026-01-21"": 54.03, ""2026-01-22"": 136.53, ""2026-01-23"": 212.46, ""2026-01-26"": 107.47, ""2026-01-27"": 93.31, ""2026-01-28"": 71.24, ""2026-01-29"": 193.49, ""2026-01-30"": 52.94, ""2026-02-02"": 19.67}",2026-02-02 23:54
446690,KODEX 아시아AI반도체exChina액티브,36200,-5.66,3.52,6.0,147.1,S7,천하무적: 시장의 주도주,"{""Ticker"": ""^SOX"", ""2025-12-18"": 6863.6298828125, ""2025-12-19"": 7067.8701171875, ""2025-12-22"": 7145.56982421875, ""2025-12-23"": 7184.5400390625, ""2025-12-24"": 7204.3701171875, ""2025-12-26"": 7207.64013671875, ""2025-12-29"": 7178.27001953125, ""2025-12-30"": 7169.10009765625, ""2025-12-31"": 7083.1298828125, ""2026-01-02"": 7367.47021484375, ""2026-01-05"": 7446.4501953125, ""2026-01-06"": 7650.93017578125, ""2026-01-07"": 7574.8701171875, ""2026-01-08"": 7436.10009765625, ""2026-01-09"": 7638.77978515625, ""2026-01-12"": 7674.83984375, ""2026-01-13"": 7747.990234375, ""2026-01-14"": 7701.47021484375, ""2026-01-15"": 7837.2998046875, ""2026-01-16"": 7927.41015625, ""2026-01-19"": NaN, ""2026-01-20"": 7794.18994140625, ""2026-01-21"": 8042.06982421875, ""2026-01-22"": 8055.169921875, ""2026-01-23"": 7957.93017578125, ""2026-01-26"": 7927.0400390625, ""2026-01-27"": 8117.18017578125, ""2026-01-28"": 8306.740234375, ""2026-01-29"": 8320.3896484375, ""2026-01-30"": 7998.47021484375, ""2026-02-02"": 8134.48828125}","{""metric"": ""Market_ADR"", ""2025-12-18"": 61.7, ""2025-12-19"": 131.39, ""2025-12-22"": 97.41, ""2025-12-23"": 32.29, ""2025-12-24"": 60.54, ""2025-12-26"": 37.91, ""2025-12-29"": 88.09, ""2025-12-30"": 74.29, ""2026-01-02"": 71.11, ""2026-01-05"": 89.71, ""2026-01-06"": 63.36, ""2026-01-07"": 33.14, ""2026-01-08"": 30.17, ""2026-01-09"": 121.26, ""2026-01-12"": 131.65, ""2026-01-13"": 81.94, ""2026-01-14"": 138.21, ""2026-01-15"": 106.74, ""2026-01-16"": 60.28, ""2026-01-19"": 82.11, ""2026-01-20"": 282.72, ""2026-01-21"": 54.03, ""2026-01-22"": 136.53, ""2026-01-23"": 212.46, ""2026-01-26"": 107.47, ""2026-01-27"": 93.31, ""2026-01-28"": 71.24, ""2026-01-29"": 193.49, ""2026-01-30"": 52.94, ""2026-02-02"": 19.67}",2026-02-02 23:54
487130,KoAct AI인프라액티브,19360,-7.52,4.82,5.96,242.6,S9,천하무적: 시장의 주도주,"{""Ticker"": ""^SOX"", ""2025-12-18"": 6863.6298828125, ""2025-12-19"": 7067.8701171875, ""2025-12-22"": 7145.56982421875, ""2025-12-23"": 7184.5400390625, ""2025-12-24"": 7204.3701171875, ""2025-12-26"": 7207.64013671875, ""2025-12-29"": 7178.27001953125, ""2025-12-30"": 7169.10009765625, ""2025-12-31"": 7083.1298828125, ""2026-01-02"": 7367.47021484375, ""2026-01-05"": 7446.4501953125, ""2026-01-06"": 7650.93017578125, ""2026-01-07"": 7574.8701171875, ""2026-01-08"": 7436.10009765625, ""2026-01-09"": 7638.77978515625, ""2026-01-12"": 7674.83984375, ""2026-01-13"": 7747.990234375, ""2026-01-14"": 7701.47021484375, ""2026-01-15"": 7837.2998046875, ""2026-01-16"": 7927.41015625, ""2026-01-19"": NaN, ""2026-01-20"": 7794.18994140625, ""2026-01-21"": 8042.06982421875, ""2026-01-22"": 8055.169921875, ""2026-01-23"": 7957.93017578125, ""2026-01-26"": 7927.0400390625, ""2026-01-27"": 8117.18017578125, ""2026-01-28"": 8306.740234375, ""2026-01-29"": 8320.3896484375, ""2026-01-30"": 7998.47021484375, ""2026-02-02"": 8134.48828125}","{""metric"": ""Market_ADR"", ""2025-12-18"": 61.7, ""2025-12-19"": 131.39, ""2025-12-22"": 97.41, ""2025-12-23"": 32.29, ""2025-12-24"": 60.54, ""2025-12-26"": 37.91, ""2025-12-29"": 88.09, ""2025-12-30"": 74.29, ""2026-01-02"": 71.11, ""2026-01-05"": 89.71, ""2026-01-06"": 63.36, ""2026-01-07"": 33.14, ""2026-01-08"": 30.17, ""2026-01-09"": 121.26, ""2026-01-12"": 131.65, ""2026-01-13"": 81.94, ""2026-01-14"": 138.21, ""2026-01-15"": 106.74, ""2026-01-16"": 60.28, ""2026-01-19"": 82.11, ""2026-01-20"": 282.72, ""2026-01-21"": 54.03, ""2026-01-22"": 136.53, ""2026-01-23"": 212.46, ""2026-01-26"": 107.47, ""2026-01-27"": 93.31, ""2026-01-28"": 71.24, ""2026-01-29"": 193.49, ""2026-01-30"": 52.94, ""2026-02-02"": 19.67}",2026-02-02 23:54
385720,TIME 코스피액티브,18510,-6.28,2.41,5.36,172.2,S8,천하무적: 시장의 주도주,"{""Ticker"": ""^SOX"", ""2025-12-18"": 6863.6298828125, ""2025-12-19"": 7067.8701171875, ""2025-12-22"": 7145.56982421875, ""2025-12-23"": 7184.5400390625, ""2025-12-24"": 7204.3701171875, ""2025-12-26"": 7207.64013671875, ""2025-12-29"": 7178.27001953125, ""2025-12-30"": 7169.10009765625, ""2025-12-31"": 7083.1298828125, ""2026-01-02"": 7367.47021484375, ""2026-01-05"": 7446.4501953125, ""2026-01-06"": 7650.93017578125, ""2026-01-07"": 7574.8701171875, ""2026-01-08"": 7436.10009765625, ""2026-01-09"": 7638.77978515625, ""2026-01-12"": 7674.83984375, ""2026-01-13"": 7747.990234375, ""2026-01-14"": 7701.47021484375, ""2026-01-15"": 7837.2998046875, ""2026-01-16"": 7927.41015625, ""2026-01-19"": NaN, ""2026-01-20"": 7794.18994140625, ""2026-01-21"": 8042.06982421875, ""2026-01-22"": 8055.169921875, ""2026-01-23"": 7957.93017578125, ""2026-01-26"": 7927.0400390625, ""2026-01-27"": 8117.18017578125, ""2026-01-28"": 8306.740234375, ""2026-01-29"": 8320.3896484375, ""2026-01-30"": 7998.47021484375, ""2026-02-02"": 8134.48828125}","{""metric"": ""Market_ADR"", ""2025-12-18"": 61.7, ""2025-12-19"": 131.39, ""2025-12-22"": 97.41, ""2025-12-23"": 32.29, ""2025-12-24"": 60.54, ""2025-12-26"": 37.91, ""2025-12-29"": 88.09, ""2025-12-30"": 74.29, ""2026-01-02"": 71.11, ""2026-01-05"": 89.71, ""2026-01-06"": 63.36, ""2026-01-07"": 33.14, ""2026-01-08"": 30.17, ""2026-01-09"": 121.26, ""2026-01-12"": 131.65, ""2026-01-13"": 81.94, ""2026-01-14"": 138.21, ""2026-01-15"": 106.74, ""2026-01-16"": 60.28, ""2026-01-19"": 82.11, ""2026-01-20"": 282.72, ""2026-01-21"": 54.03, ""2026-01-22"": 136.53, ""2026-01-23"": 212.46, ""2026-01-26"": 107.47, ""2026-01-27"": 93.31, ""2026-01-28"": 71.24, ""2026-01-29"": 193.49, ""2026-01-30"": 52.94, ""2026-02-02"": 19.67}",2026-02-02 23:54
469790,KIWOOM K-테크TOP10,24190,-6.94,3.64,5.29,182.7,S8,천하무적: 시장의 주도주,"{""Ticker"": ""^SOX"", ""2025-12-18"": 6863.6298828125, ""2025-12-19"": 7067.8701171875, ""2025-12-22"": 7145.56982421875, ""2025-12-23"": 7184.5400390625, ""2025-12-24"": 7204.3701171875, ""2025-12-26"": 7207.64013671875, ""2025-12-29"": 7178.27001953125, ""2025-12-30"": 7169.10009765625, ""2025-12-31"": 7083.1298828125, ""2026-01-02"": 7367.47021484375, ""2026-01-05"": 7446.4501953125, ""2026-01-06"": 7650.93017578125, ""2026-01-07"": 7574.8701171875, ""2026-01-08"": 7436.10009765625, ""2026-01-09"": 7638.77978515625, ""2026-01-12"": 7674.83984375, ""2026-01-13"": 7747.990234375, ""2026-01-14"": 7701.47021484375, ""2026-01-15"": 7837.2998046875, ""2026-01-16"": 7927.41015625, ""2026-01-19"": NaN, ""2026-01-20"": 7794.18994140625, ""2026-01-21"": 8042.06982421875, ""2026-01-22"": 8055.169921875, ""2026-01-23"": 7957.93017578125, ""2026-01-26"": 7927.0400390625, ""2026-01-27"": 8117.18017578125, ""2026-01-28"": 8306.740234375, ""2026-01-29"": 8320.3896484375, ""2026-01-30"": 7998.47021484375, ""2026-02-02"": 8134.48828125}","{""metric"": ""Market_ADR"", ""2025-12-18"": 61.7, ""2025-12-19"": 131.39, ""2025-12-22"": 97.41, ""2025-12-23"": 32.29, ""2025-12-24"": 60.54, ""2025-12-26"": 37.91, ""2025-12-29"": 88.09, ""2025-12-30"": 74.29, ""2026-01-02"": 71.11, ""2026-01-05"": 89.71, ""2026-01-06"": 63.36, ""2026-01-07"": 33.14, ""2026-01-08"": 30.17, ""2026-01-09"": 121.26, ""2026-01-12"": 131.65, ""2026-01-13"": 81.94, ""2026-01-14"": 138.21, ""2026-01-15"": 106.74, ""2026-01-16"": 60.28, ""2026-01-19"": 82.11, ""2026-01-20"": 282.72, ""2026-01-21"": 54.03, ""2026-01-22"": 136.53, ""2026-01-23"": 212.46, ""2026-01-26"": 107.47, ""2026-01-27"": 93.31, ""2026-01-28"": 71.24, ""2026-01-29"": 193.49, ""2026-01-30"": 52.94, ""2026-02-02"": 19.67}",2026-02-02 23:54
466930,SOL 자동차TOP3플러스,19385,-3.65,-3.87,5.26,74.3,B7,황금 눌림목: 최적 매수 타점,"{""Ticker"": ""^SOX"", ""2025-12-18"": 6863.6298828125, ""2025-12-19"": 7067.8701171875, ""2025-12-22"": 7145.56982421875, ""2025-12-23"": 7184.5400390625, ""2025-12-24"": 7204.3701171875, ""2025-12-26"": 7207.64013671875, ""2025-12-29"": 7178.27001953125, ""2025-12-30"": 7169.10009765625, ""2025-12-31"": 7083.1298828125, ""2026-01-02"": 7367.47021484375, ""2026-01-05"": 7446.4501953125, ""2026-01-06"": 7650.93017578125, ""2026-01-07"": 7574.8701171875, ""2026-01-08"": 7436.10009765625, ""2026-01-09"": 7638.77978515625, ""2026-01-12"": 7674.83984375, ""2026-01-13"": 7747.990234375, ""2026-01-14"": 7701.47021484375, ""2026-01-15"": 7837.2998046875, ""2026-01-16"": 7927.41015625, ""2026-01-19"": NaN, ""2026-01-20"": 7794.18994140625, ""2026-01-21"": 8042.06982421875, ""2026-01-22"": 8055.169921875, ""2026-01-23"": 7957.93017578125, ""2026-01-26"": 7927.0400390625, ""2026-01-27"": 8117.18017578125, ""2026-01-28"": 8306.740234375, ""2026-01-29"": 8320.3896484375, ""2026-01-30"": 7998.47021484375, ""2026-02-02"": 8134.48828125}","{""metric"": ""Market_ADR"", ""2025-12-18"": 61.7, ""2025-12-19"": 131.39, ""2025-12-22"": 97.41, ""2025-12-23"": 32.29, ""2025-12-24"": 60.54, ""2025-12-26"": 37.91, ""2025-12-29"": 88.09, ""2025-12-30"": 74.29, ""2026-01-02"": 71.11, ""2026-01-05"": 89.71, ""2026-01-06"": 63.36, ""2026-01-07"": 33.14, ""2026-01-08"": 30.17, ""2026-01-09"": 121.26, ""2026-01-12"": 131.65, ""2026-01-13"": 81.94, ""2026-01-14"": 138.21, ""2026-01-15"": 106.74, ""2026-01-16"": 60.28, ""2026-01-19"": 82.11, ""2026-01-20"": 282.72, ""2026-01-21"": 54.03, ""2026-01-22"": 136.53, ""2026-01-23"": 212.46, ""2026-01-26"": 107.47, ""2026-01-27"": 93.31, ""2026-01-28"": 71.24, ""2026-01-29"": 193.49, ""2026-01-30"": 52.94, ""2026-02-02"": 19.67}",2026-02-02 23:54
495550,SOL 코리아밸류업TR,22105,-5.61,3.29,5.08,244.5,S9,천하무적: 시장의 주도주,"{""Ticker"": ""^SOX"", ""2025-12-18"": 6863.6298828125, ""2025-12-19"": 7067.8701171875, ""2025-12-22"": 7145.56982421875, ""2025-12-23"": 7184.5400390625, ""2025-12-24"": 7204.3701171875, ""2025-12-26"": 7207.64013671875, ""2025-12-29"": 7178.27001953125, ""2025-12-30"": 7169.10009765625, ""2025-12-31"": 7083.1298828125, ""2026-01-02"": 7367.47021484375, ""2026-01-05"": 7446.4501953125, ""2026-01-06"": 7650.93017578125, ""2026-01-07"": 7574.8701171875, ""2026-01-08"": 7436.10009765625, ""2026-01-09"": 7638.77978515625, ""2026-01-12"": 7674.83984375, ""2026-01-13"": 7747.990234375, ""2026-01-14"": 7701.47021484375, ""2026-01-15"": 7837.2998046875, ""2026-01-16"": 7927.41015625, ""2026-01-19"": NaN, ""2026-01-20"": 7794.18994140625, ""2026-01-21"": 8042.06982421875, ""2026-01-22"": 8055.169921875, ""2026-01-23"": 7957.93017578125, ""2026-01-26"": 7927.0400390625, ""2026-01-27"": 8117.18017578125, ""2026-01-28"": 8306.740234375, ""2026-01-29"": 8320.3896484375, ""2026-01-30"": 7998.47021484375, ""2026-02-02"": 8134.48828125}","{""metric"": ""Market_ADR"", ""2025-12-18"": 61.7, ""2025-12-19"": 131.39, ""2025-12-22"": 97.41, ""2025-12-23"": 32.29, ""2025-12-24"": 60.54, ""2025-12-26"": 37.91, ""2025-12-29"": 88.09, ""2025-12-30"": 74.29, ""2026-01-02"": 71.11, ""2026-01-05"": 89.71, ""2026-01-06"": 63.36, ""2026-01-07"": 33.14, ""2026-01-08"": 30.17, ""2026-01-09"": 121.26, ""2026-01-12"": 131.65, ""2026-01-13"": 81.94, ""2026-01-14"": 138.21, ""2026-01-15"": 106.74, ""2026-01-16"": 60.28, ""2026-01-19"": 82.11, ""2026-01-20"": 282.72, ""2026-01-21"": 54.03, ""2026-01-22"": 136.53, ""2026-01-23"": 212.46, ""2026-01-26"": 107.47, ""2026-01-27"": 93.31, ""2026-01-28"": 71.24, ""2026-01-29"": 193.49, ""2026-01-30"": 52.94, ""2026-02-02"": 19.67}",2026-02-02 23:54
495330,1Q 코리아밸류업,21595,-5.95,3.03,4.99,388.9,S8,천하무적: 시장의 주도주,"{""Ticker"": ""^SOX"", ""2025-12-18"": 6863.6298828125, ""2025-12-19"": 7067.8701171875, ""2025-12-22"": 7145.56982421875, ""2025-12-23"": 7184.5400390625, ""2025-12-24"": 7204.3701171875, ""2025-12-26"": 7207.64013671875, ""2025-12-29"": 7178.27001953125, ""2025-12-30"": 7169.10009765625, ""2025-12-31"": 7083.1298828125, ""2026-01-02"": 7367.47021484375, ""2026-01-05"": 7446.4501953125, ""2026-01-06"": 7650.93017578125, ""2026-01-07"": 7574.8701171875, ""2026-01-08"": 7436.10009765625, ""2026-01-09"": 7638.77978515625, ""2026-01-12"": 7674.83984375, ""2026-01-13"": 7747.990234375, ""2026-01-14"": 7701.47021484375, ""2026-01-15"": 7837.2998046875, ""2026-01-16"": 7927.41015625, ""2026-01-19"": NaN, ""2026-01-20"": 7794.18994140625, ""2026-01-21"": 8042.06982421875, ""2026-01-22"": 8055.169921875, ""2026-01-23"": 7957.93017578125, ""2026-01-26"": 7927.0400390625, ""2026-01-27"": 8117.18017578125, ""2026-01-28"": 8306.740234375, ""2026-01-29"": 8320.3896484375, ""2026-01-30"": 7998.47021484375, ""2026-02-02"": 8134.48828125}","{""metric"": ""Market_ADR"", ""2025-12-18"": 61.7, ""2025-12-19"": 131.39, ""2025-12-22"": 97.41, ""2025-12-23"": 32.29, ""2025-12-24"": 60.54, ""2025-12-26"": 37.91, ""2025-12-29"": 88.09, ""2025-12-30"": 74.29, ""2026-01-02"": 71.11, ""2026-01-05"": 89.71, ""2026-01-06"": 63.36, ""2026-01-07"": 33.14, ""2026-01-08"": 30.17, ""2026-01-09"": 121.26, ""2026-01-12"": 131.65, ""2026-01-13"": 81.94, ""2026-01-14"": 138.21, ""2026-01-15"": 106.74, ""2026-01-16"": 60.28, ""2026-01-19"": 82.11, ""2026-01-20"": 282.72, ""2026-01-21"": 54.03, ""2026-01-22"": 136.53, ""2026-01-23"": 212.46, ""2026-01-26"": 107.47, ""2026-01-27"": 93.31, ""2026-01-28"": 71.24, ""2026-01-29"": 193.49, ""2026-01-30"": 52.94, ""2026-02-02"": 19.67}",2026-02-02 23:54
495040,PLUS 코리아밸류업,21545,-5.75,3.14,4.89,117.5,S6,천하무적: 시장의 주도주,"{""Ticker"": ""^SOX"", ""2025-12-18"": 6863.6298828125, ""2025-12-19"": 7067.8701171875, ""2025-12-22"": 7145.56982421875, ""2025-12-23"": 7184.5400390625, ""2025-12-24"": 7204.3701171875, ""2025-12-26"": 7207.64013671875, ""2025-12-29"": 7178.27001953125, ""2025-12-30"": 7169.10009765625, ""2025-12-31"": 7083.1298828125, ""2026-01-02"": 7367.47021484375, ""2026-01-05"": 7446.4501953125, ""2026-01-06"": 7650.93017578125, ""2026-01-07"": 7574.8701171875, ""2026-01-08"": 7436.10009765625, ""2026-01-09"": 7638.77978515625, ""2026-01-12"": 7674.83984375, ""2026-01-13"": 7747.990234375, ""2026-01-14"": 7701.47021484375, ""2026-01-15"": 7837.2998046875, ""2026-01-16"": 7927.41015625, ""2026-01-19"": NaN, ""2026-01-20"": 7794.18994140625, ""2026-01-21"": 8042.06982421875, ""2026-01-22"": 8055.169921875, ""2026-01-23"": 7957.93017578125, ""2026-01-26"": 7927.0400390625, ""2026-01-27"": 8117.18017578125, ""2026-01-28"": 8306.740234375, ""2026-01-29"": 8320.3896484375, ""2026-01-30"": 7998.47021484375, ""2026-02-02"": 8134.48828125}","{""metric"": ""Market_ADR"", ""2025-12-18"": 61.7, ""2025-12-19"": 131.39, ""2025-12-22"": 97.41, ""2025-12-23"": 32.29, ""2025-12-24"": 60.54, ""2025-12-26"": 37.91, ""2025-12-29"": 88.09, ""2025-12-30"": 74.29, ""2026-01-02"": 71.11, ""2026-01-05"": 89.71, ""2026-01-06"": 63.36, ""2026-01-07"": 33.14, ""2026-01-08"": 30.17, ""2026-01-09"": 121.26, ""2026-01-12"": 131.65, ""2026-01-13"": 81.94, ""2026-01-14"": 138.21, ""2026-01-15"": 106.74, ""2026-01-16"": 60.28, ""2026-01-19"": 82.11, ""2026-01-20"": 282.72, ""2026-01-21"": 54.03, ""2026-01-22"": 136.53, ""2026-01-23"": 212.46, ""2026-01-26"": 107.47, ""2026-01-27"": 93.31, ""2026-01-28"": 71.24, ""2026-01-29"": 193.49, ""2026-01-30"": 52.94, ""2026-02-02"": 19.67}",2026-02-02 23:54
495050,RISE 코리아밸류업,21700,-5.88,3.14,4.83,174.6,S7,천하무적: 시장의 주도주,"{""Ticker"": ""^SOX"", ""2025-12-18"": 6863.6298828125, ""2025-12-19"": 7067.8701171875, ""2025-12-22"": 7145.56982421875, ""2025-12-23"": 7184.5400390625, ""2025-12-24"": 7204.3701171875, ""2025-12-26"": 7207.64013671875, ""2025-12-29"": 7178.27001953125, ""2025-12-30"": 7169.10009765625, ""2025-12-31"": 7083.1298828125, ""2026-01-02"": 7367.47021484375, ""2026-01-05"": 7446.4501953125, ""2026-01-06"": 7650.93017578125, ""2026-01-07"": 7574.8701171875, ""2026-01-08"": 7436.10009765625, ""2026-01-09"": 7638.77978515625, ""2026-01-12"": 7674.83984375, ""2026-01-13"": 7747.990234375, ""2026-01-14"": 7701.47021484375, ""2026-01-15"": 7837.2998046875, ""2026-01-16"": 7927.41015625, ""2026-01-19"": NaN, ""2026-01-20"": 7794.18994140625, ""2026-01-21"": 8042.06982421875, ""2026-01-22"": 8055.169921875, ""2026-01-23"": 7957.93017578125, ""2026-01-26"": 7927.0400390625, ""2026-01-27"": 8117.18017578125, ""2026-01-28"": 8306.740234375, ""2026-01-29"": 8320.3896484375, ""2026-01-30"": 7998.47021484375, ""2026-02-02"": 8134.48828125}","{""metric"": ""Market_ADR"", ""2025-12-18"": 61.7, ""2025-12-19"": 131.39, ""2025-12-22"": 97.41, ""2025-12-23"": 32.29, ""2025-12-24"": 60.54, ""2025-12-26"": 37.91, ""2025-12-29"": 88.09, ""2025-12-30"": 74.29, ""2026-01-02"": 71.11, ""2026-01-05"": 89.71, ""2026-01-06"": 63.36, ""2026-01-07"": 33.14, ""2026-01-08"": 30.17, ""2026-01-09"": 121.26, ""2026-01-12"": 131.65, ""2026-01-13"": 81.94, ""2026-01-14"": 138.21, ""2026-01-15"": 106.74, ""2026-01-16"": 60.28, ""2026-01-19"": 82.11, ""2026-01-20"": 282.72, ""2026-01-21"": 54.03, ""2026-01-22"": 136.53, ""2026-01-23"": 212.46, ""2026-01-26"": 107.47, ""2026-01-27"": 93.31, ""2026-01-28"": 71.24, ""2026-01-29"": 193.49, ""2026-01-30"": 52.94, ""2026-02-02"": 19.67}",2026-02-02 23:54
496080,TIGER 코리아밸류업,21700,-5.71,3.11,4.79,256.3,S8,천하무적: 시장의 주도주,"{""Ticker"": ""^SOX"", ""2025-12-18"": 6863.6298828125, ""2025-12-19"": 7067.8701171875, ""2025-12-22"": 7145.56982421875, ""2025-12-23"": 7184.5400390625, ""2025-12-24"": 7204.3701171875, ""2025-12-26"": 7207.64013671875, ""2025-12-29"": 7178.27001953125, ""2025-12-30"": 7169.10009765625, ""2025-12-31"": 7083.1298828125, ""2026-01-02"": 7367.47021484375, ""2026-01-05"": 7446.4501953125, ""2026-01-06"": 7650.93017578125, ""2026-01-07"": 7574.8701171875, ""2026-01-08"": 7436.10009765625, ""2026-01-09"": 7638.77978515625, ""2026-01-12"": 7674.83984375, ""2026-01-13"": 7747.990234375, ""2026-01-14"": 7701.47021484375, ""2026-01-15"": 7837.2998046875, ""2026-01-16"": 7927.41015625, ""2026-01-19"": NaN, ""2026-01-20"": 7794.18994140625, ""2026-01-21"": 8042.06982421875, ""2026-01-22"": 8055.169921875, ""2026-01-23"": 7957.93017578125, ""2026-01-26"": 7927.0400390625, ""2026-01-27"": 8117.18017578125, ""2026-01-28"": 8306.740234375, ""2026-01-29"": 8320.3896484375, ""2026-01-30"": 7998.47021484375, ""2026-02-02"": 8134.48828125}","{""metric"": ""Market_ADR"", ""2025-12-18"": 61.7, ""2025-12-19"": 131.39, ""2025-12-22"": 97.41, ""2025-12-23"": 32.29, ""2025-12-24"": 60.54, ""2025-12-26"": 37.91, ""2025-12-29"": 88.09, ""2025-12-30"": 74.29, ""2026-01-02"": 71.11, ""2026-01-05"": 89.71, ""2026-01-06"": 63.36, ""2026-01-07"": 33.14, ""2026-01-08"": 30.17, ""2026-01-09"": 121.26, ""2026-01-12"": 131.65, ""2026-01-13"": 81.94, ""2026-01-14"": 138.21, ""2026-01-15"": 106.74, ""2026-01-16"": 60.28, ""2026-01-19"": 82.11, ""2026-01-20"": 282.72, ""2026-01-21"": 54.03, ""2026-01-22"": 136.53, ""2026-01-23"": 212.46, ""2026-01-26"": 107.47, ""2026-01-27"": 93.31, ""2026-01-28"": 71.24, ""2026-01-29"": 193.49, ""2026-01-30"": 52.94, ""2026-02-02"": 19.67}",2026-02-02 23:54
138540,TIGER 현대차그룹플러스,54480,-3.63,-4.82,4.76,132.5,B5,박스권 에너지 응축 중,"{""Ticker"": ""^SOX"", ""2025-12-18"": 6863.6298828125, ""2025-12-19"": 7067.8701171875, ""2025-12-22"": 7145.56982421875, ""2025-12-23"": 7184.5400390625, ""2025-12-24"": 7204.3701171875, ""2025-12-26"": 7207.64013671875, ""2025-12-29"": 7178.27001953125, ""2025-12-30"": 7169.10009765625, ""2025-12-31"": 7083.1298828125, ""2026-01-02"": 7367.47021484375, ""2026-01-05"": 7446.4501953125, ""2026-01-06"": 7650.93017578125, ""2026-01-07"": 7574.8701171875, ""2026-01-08"": 7436.10009765625, ""2026-01-09"": 7638.77978515625, ""2026-01-12"": 7674.83984375, ""2026-01-13"": 7747.990234375, ""2026-01-14"": 7701.47021484375, ""2026-01-15"": 7837.2998046875, ""2026-01-16"": 7927.41015625, ""2026-01-19"": NaN, ""2026-01-20"": 7794.18994140625, ""2026-01-21"": 8042.06982421875, ""2026-01-22"": 8055.169921875, ""2026-01-23"": 7957.93017578125, ""2026-01-26"": 7927.0400390625, ""2026-01-27"": 8117.18017578125, ""2026-01-28"": 8306.740234375, ""2026-01-29"": 8320.3896484375, ""2026-01-30"": 7998.47021484375, ""2026-02-02"": 8134.48828125}","{""metric"": ""Market_ADR"", ""2025-12-18"": 61.7, ""2025-12-19"": 131.39, ""2025-12-22"": 97.41, ""2025-12-23"": 32.29, ""2025-12-24"": 60.54, ""2025-12-26"": 37.91, ""2025-12-29"": 88.09, ""2025-12-30"": 74.29, ""2026-01-02"": 71.11, ""2026-01-05"": 89.71, ""2026-01-06"": 63.36, ""2026-01-07"": 33.14, ""2026-01-08"": 30.17, ""2026-01-09"": 121.26, ""2026-01-12"": 131.65, ""2026-01-13"": 81.94, ""2026-01-14"": 138.21, ""2026-01-15"": 106.74, ""2026-01-16"": 60.28, ""2026-01-19"": 82.11, ""2026-01-20"": 282.72, ""2026-01-21"": 54.03, ""2026-01-22"": 136.53, ""2026-01-23"": 212.46, ""2026-01-26"": 107.47, ""2026-01-27"": 93.31, ""2026-01-28"": 71.24, ""2026-01-29"": 193.49, ""2026-01-30"": 52.94, ""2026-02-02"": 19.67}",2026-02-02 23:54
496120,ACE 코리아밸류업,21975,-5.63,3.07,4.73,265.2,S8,천하무적: 시장의 주도주,"{""Ticker"": ""^SOX"", ""2025-12-18"": 6863.6298828125, ""2025-12-19"": 7067.8701171875, ""2025-12-22"": 7145.56982421875, ""2025-12-23"": 7184.5400390625, ""2025-12-24"": 7204.3701171875, ""2025-12-26"": 7207.64013671875, ""2025-12-29"": 7178.27001953125, ""2025-12-30"": 7169.10009765625, ""2025-12-31"": 7083.1298828125, ""2026-01-02"": 7367.47021484375, ""2026-01-05"": 7446.4501953125, ""2026-01-06"": 7650.93017578125, ""2026-01-07"": 7574.8701171875, ""2026-01-08"": 7436.10009765625, ""2026-01-09"": 7638.77978515625, ""2026-01-12"": 7674.83984375, ""2026-01-13"": 7747.990234375, ""2026-01-14"": 7701.47021484375, ""2026-01-15"": 7837.2998046875, ""2026-01-16"": 7927.41015625, ""2026-01-19"": NaN, ""2026-01-20"": 7794.18994140625, ""2026-01-21"": 8042.06982421875, ""2026-01-22"": 8055.169921875, ""2026-01-23"": 7957.93017578125, ""2026-01-26"": 7927.0400390625, ""2026-01-27"": 8117.18017578125, ""2026-01-28"": 8306.740234375, ""2026-01-29"": 8320.3896484375, ""2026-01-30"": 7998.47021484375, ""2026-02-02"": 8134.48828125}","{""metric"": ""Market_ADR"", ""2025-12-18"": 61.7, ""2025-12-19"": 131.39, ""2025-12-22"": 97.41, ""2025-12-23"": 32.29, ""2025-12-24"": 60.54, ""2025-12-26"": 37.91, ""2025-12-29"": 88.09, ""2025-12-30"": 74.29, ""2026-01-02"": 71.11, ""2026-01-05"": 89.71, ""2026-01-06"": 63.36, ""2026-01-07"": 33.14, ""2026-01-08"": 30.17, ""2026-01-09"": 121.26, ""2026-01-12"": 131.65, ""2026-01-13"": 81.94, ""2026-01-14"": 138.21, ""2026-01-15"": 106.74, ""2026-01-16"": 60.28, ""2026-01-19"": 82.11, ""2026-01-20"": 282.72, ""2026-01-21"": 54.03, ""2026-01-22"": 136.53, ""2026-01-23"": 212.46, ""2026-01-26"": 107.47, ""2026-01-27"": 93.31, ""2026-01-28"": 71.24, ""2026-01-29"": 193.49, ""2026-01-30"": 52.94, ""2026-02-02"": 19.67}",2026-02-02 23:54
290130,RISE ESG사회책임투자,29165,-5.98,2.6,4.46,93.5,S6,천하무적: 시장의 주도주,"{""Ticker"": ""^SOX"", ""2025-12-18"": 6863.6298828125, ""2025-12-19"": 7067.8701171875, ""2025-12-22"": 7145.56982421875, ""2025-12-23"": 7184.5400390625, ""2025-12-24"": 7204.3701171875, ""2025-12-26"": 7207.64013671875, ""2025-12-29"": 7178.27001953125, ""2025-12-30"": 7169.10009765625, ""2025-12-31"": 7083.1298828125, ""2026-01-02"": 7367.47021484375, ""2026-01-05"": 7446.4501953125, ""2026-01-06"": 7650.93017578125, ""2026-01-07"": 7574.8701171875, ""2026-01-08"": 7436.10009765625, ""2026-01-09"": 7638.77978515625, ""2026-01-12"": 7674.83984375, ""2026-01-13"": 7747.990234375, ""2026-01-14"": 7701.47021484375, ""2026-01-15"": 7837.2998046875, ""2026-01-16"": 7927.41015625, ""2026-01-19"": NaN, ""2026-01-20"": 7794.18994140625, ""2026-01-21"": 8042.06982421875, ""2026-01-22"": 8055.169921875, ""2026-01-23"": 7957.93017578125, ""2026-01-26"": 7927.0400390625, ""2026-01-27"": 8117.18017578125, ""2026-01-28"": 8306.740234375, ""2026-01-29"": 8320.3896484375, ""2026-01-30"": 7998.47021484375, ""2026-02-02"": 8134.48828125}","{""metric"": ""Market_ADR"", ""2025-12-18"": 61.7, ""2025-12-19"": 131.39, ""2025-12-22"": 97.41, ""2025-12-23"": 32.29, ""2025-12-24"": 60.54, ""2025-12-26"": 37.91, ""2025-12-29"": 88.09, ""2025-12-30"": 74.29, ""2026-01-02"": 71.11, ""2026-01-05"": 89.71, ""2026-01-06"": 63.36, ""2026-01-07"": 33.14, ""2026-01-08"": 30.17, ""2026-01-09"": 121.26, ""2026-01-12"": 131.65, ""2026-01-13"": 81.94, ""2026-01-14"": 138.21, ""2026-01-15"": 106.74, ""2026-01-16"": 60.28, ""2026-01-19"": 82.11, ""2026-01-20"": 282.72, ""2026-01-21"": 54.03, ""2026-01-22"": 136.53, ""2026-01-23"": 212.46, ""2026-01-26"": 107.47, ""2026-01-27"": 93.31, ""2026-01-28"": 71.24, ""2026-01-29"": 193.49, ""2026-01-30"": 52.94, ""2026-02-02"": 19.67}",2026-02-02 23:54
495850,KODEX 코리아밸류업,21620,-5.75,2.71,4.26,206.3,S8,천하무적: 시장의 주도주,"{""Ticker"": ""^SOX"", ""2025-12-18"": 6863.6298828125, ""2025-12-19"": 7067.8701171875, ""2025-12-22"": 7145.56982421875, ""2025-12-23"": 7184.5400390625, ""2025-12-24"": 7204.3701171875, ""2025-12-26"": 7207.64013671875, ""2025-12-29"": 7178.27001953125, ""2025-12-30"": 7169.10009765625, ""2025-12-31"": 7083.1298828125, ""2026-01-02"": 7367.47021484375, ""2026-01-05"": 7446.4501953125, ""2026-01-06"": 7650.93017578125, ""2026-01-07"": 7574.8701171875, ""2026-01-08"": 7436.10009765625, ""2026-01-09"": 7638.77978515625, ""2026-01-12"": 7674.83984375, ""2026-01-13"": 7747.990234375, ""2026-01-14"": 7701.47021484375, ""2026-01-15"": 7837.2998046875, ""2026-01-16"": 7927.41015625, ""2026-01-19"": NaN, ""2026-01-20"": 7794.18994140625, ""2026-01-21"": 8042.06982421875, ""2026-01-22"": 8055.169921875, ""2026-01-23"": 7957.93017578125, ""2026-01-26"": 7927.0400390625, ""2026-01-27"": 8117.18017578125, ""2026-01-28"": 8306.740234375, ""2026-01-29"": 8320.3896484375, ""2026-01-30"": 7998.47021484375, ""2026-02-02"": 8134.48828125}","{""metric"": ""Market_ADR"", ""2025-12-18"": 61.7, ""2025-12-19"": 131.39, ""2025-12-22"": 97.41, ""2025-12-23"": 32.29, ""2025-12-24"": 60.54, ""2025-12-26"": 37.91, ""2025-12-29"": 88.09, ""2025-12-30"": 74.29, ""2026-01-02"": 71.11, ""2026-01-05"": 89.71, ""2026-01-06"": 63.36, ""2026-01-07"": 33.14, ""2026-01-08"": 30.17, ""2026-01-09"": 121.26, ""2026-01-12"": 131.65, ""2026-01-13"": 81.94, ""2026-01-14"": 138.21, ""2026-01-15"": 106.74, ""2026-01-16"": 60.28, ""2026-01-19"": 82.11, ""2026-01-20"": 282.72, ""2026-01-21"": 54.03, ""2026-01-22"": 136.53, ""2026-01-23"": 212.46, ""2026-01-26"": 107.47, ""2026-01-27"": 93.31, ""2026-01-28"": 71.24, ""2026-01-29"": 193.49, ""2026-01-30"": 52.94, ""2026-02-02"": 19.67}",2026-02-02 23:54
496090,KIWOOM 코리아밸류업,21575,-5.95,2.57,4.23,202.7,S8,천하무적: 시장의 주도주,"{""Ticker"": ""^SOX"", ""2025-12-18"": 6863.6298828125, ""2025-12-19"": 7067.8701171875, ""2025-12-22"": 7145.56982421875, ""2025-12-23"": 7184.5400390625, ""2025-12-24"": 7204.3701171875, ""2025-12-26"": 7207.64013671875, ""2025-12-29"": 7178.27001953125, ""2025-12-30"": 7169.10009765625, ""2025-12-31"": 7083.1298828125, ""2026-01-02"": 7367.47021484375, ""2026-01-05"": 7446.4501953125, ""2026-01-06"": 7650.93017578125, ""2026-01-07"": 7574.8701171875, ""2026-01-08"": 7436.10009765625, ""2026-01-09"": 7638.77978515625, ""2026-01-12"": 7674.83984375, ""2026-01-13"": 7747.990234375, ""2026-01-14"": 7701.47021484375, ""2026-01-15"": 7837.2998046875, ""2026-01-16"": 7927.41015625, ""2026-01-19"": NaN, ""2026-01-20"": 7794.18994140625, ""2026-01-21"": 8042.06982421875, ""2026-01-22"": 8055.169921875, ""2026-01-23"": 7957.93017578125, ""2026-01-26"": 7927.0400390625, ""2026-01-27"": 8117.18017578125, ""2026-01-28"": 8306.740234375, ""2026-01-29"": 8320.3896484375, ""2026-01-30"": 7998.47021484375, ""2026-02-02"": 8134.48828125}","{""metric"": ""Market_ADR"", ""2025-12-18"": 61.7, ""2025-12-19"": 131.39, ""2025-12-22"": 97.41, ""2025-12-23"": 32.29, ""2025-12-24"": 60.54, ""2025-12-26"": 37.91, ""2025-12-29"": 88.09, ""2025-12-30"": 74.29, ""2026-01-02"": 71.11, ""2026-01-05"": 89.71, ""2026-01-06"": 63.36, ""2026-01-07"": 33.14, ""2026-01-08"": 30.17, ""2026-01-09"": 121.26, ""2026-01-12"": 131.65, ""2026-01-13"": 81.94, ""2026-01-14"": 138.21, ""2026-01-15"": 106.74, ""2026-01-16"": 60.28, ""2026-01-19"": 82.11, ""2026-01-20"": 282.72, ""2026-01-21"": 54.03, ""2026-01-22"": 136.53, ""2026-01-23"": 212.46, ""2026-01-26"": 107.47, ""2026-01-27"": 93.31, ""2026-01-28"": 71.24, ""2026-01-29"": 193.49, ""2026-01-30"": 52.94, ""2026-02-02"": 19.67}",2026-02-02 23:54
495060,TIME 코리아밸류업액티브,19840,-6.59,3.01,4.15,263.1,S8,천하무적: 시장의 주도주,"{""Ticker"": ""^SOX"", ""2025-12-18"": 6863.6298828125, ""2025-12-19"": 7067.8701171875, ""2025-12-22"": 7145.56982421875, ""2025-12-23"": 7184.5400390625, ""2025-12-24"": 7204.3701171875, ""2025-12-26"": 7207.64013671875, ""2025-12-29"": 7178.27001953125, ""2025-12-30"": 7169.10009765625, ""2025-12-31"": 7083.1298828125, ""2026-01-02"": 7367.47021484375, ""2026-01-05"": 7446.4501953125, ""2026-01-06"": 7650.93017578125, ""2026-01-07"": 7574.8701171875, ""2026-01-08"": 7436.10009765625, ""2026-01-09"": 7638.77978515625, ""2026-01-12"": 7674.83984375, ""2026-01-13"": 7747.990234375, ""2026-01-14"": 7701.47021484375, ""2026-01-15"": 7837.2998046875, ""2026-01-16"": 7927.41015625, ""2026-01-19"": NaN, ""2026-01-20"": 7794.18994140625, ""2026-01-21"": 8042.06982421875, ""2026-01-22"": 8055.169921875, ""2026-01-23"": 7957.93017578125, ""2026-01-26"": 7927.0400390625, ""2026-01-27"": 8117.18017578125, ""2026-01-28"": 8306.740234375, ""2026-01-29"": 8320.3896484375, ""2026-01-30"": 7998.47021484375, ""2026-02-02"": 8134.48828125}","{""metric"": ""Market_ADR"", ""2025-12-18"": 61.7, ""2025-12-19"": 131.39, ""2025-12-22"": 97.41, ""2025-12-23"": 32.29, ""2025-12-24"": 60.54, ""2025-12-26"": 37.91, ""2025-12-29"": 88.09, ""2025-12-30"": 74.29, ""2026-01-02"": 71.11, ""2026-01-05"": 89.71, ""2026-01-06"": 63.36, ""2026-01-07"": 33.14, ""2026-01-08"": 30.17, ""2026-01-09"": 121.26, ""2026-01-12"": 131.65, ""2026-01-13"": 81.94, ""2026-01-14"": 138.21, ""2026-01-15"": 106.74, ""2026-01-16"": 60.28, ""2026-01-19"": 82.11, ""2026-01-20"": 282.72, ""2026-01-21"": 54.03, ""2026-01-22"": 136.53, ""2026-01-23"": 212.46, ""2026-01-26"": 107.47, ""2026-01-27"": 93.31, ""2026-01-28"": 71.24, ""2026-01-29"": 193.49, ""2026-01-30"": 52.94, ""2026-02-02"": 19.67}",2026-02-02 23:54
495230,KoAct 코리아밸류업액티브,22025,-5.59,2.75,4.05,216.9,S8,천하무적: 시장의 주도주,"{""Ticker"": ""^SOX"", ""2025-12-18"": 6863.6298828125, ""2025-12-19"": 7067.8701171875, ""2025-12-22"": 7145.56982421875, ""2025-12-23"": 7184.5400390625, ""2025-12-24"": 7204.3701171875, ""2025-12-26"": 7207.64013671875, ""2025-12-29"": 7178.27001953125, ""2025-12-30"": 7169.10009765625, ""2025-12-31"": 7083.1298828125, ""2026-01-02"": 7367.47021484375, ""2026-01-05"": 7446.4501953125, ""2026-01-06"": 7650.93017578125, ""2026-01-07"": 7574.8701171875, ""2026-01-08"": 7436.10009765625, ""2026-01-09"": 7638.77978515625, ""2026-01-12"": 7674.83984375, ""2026-01-13"": 7747.990234375, ""2026-01-14"": 7701.47021484375, ""2026-01-15"": 7837.2998046875, ""2026-01-16"": 7927.41015625, ""2026-01-19"": NaN, ""2026-01-20"": 7794.18994140625, ""2026-01-21"": 8042.06982421875, ""2026-01-22"": 8055.169921875, ""2026-01-23"": 7957.93017578125, ""2026-01-26"": 7927.0400390625, ""2026-01-27"": 8117.18017578125, ""2026-01-28"": 8306.740234375, ""2026-01-29"": 8320.3896484375, ""2026-01-30"": 7998.47021484375, ""2026-02-02"": 8134.48828125}","{""metric"": ""Market_ADR"", ""2025-12-18"": 61.7, ""2025-12-19"": 131.39, ""2025-12-22"": 97.41, ""2025-12-23"": 32.29, ""2025-12-24"": 60.54, ""2025-12-26"": 37.91, ""2025-12-29"": 88.09, ""2025-12-30"": 74.29, ""2026-01-02"": 71.11, ""2026-01-05"": 89.71, ""2026-01-06"": 63.36, ""2026-01-07"": 33.14, ""2026-01-08"": 30.17, ""2026-01-09"": 121.26, ""2026-01-12"": 131.65, ""2026-01-13"": 81.94, ""2026-01-14"": 138.21, ""2026-01-15"": 106.74, ""2026-01-16"": 60.28, ""2026-01-19"": 82.11, ""2026-01-20"": 282.72, ""2026-01-21"": 54.03, ""2026-01-22"": 136.53, ""2026-01-23"": 212.46, ""2026-01-26"": 107.47, ""2026-01-27"": 93.31, ""2026-01-28"": 71.24, ""2026-01-29"": 193.49, ""2026-01-30"": 52.94, ""2026-02-02"": 19.67}",2026-02-02 23:54
495750,HANARO 코리아밸류업,21495,-6.26,3.17,4.02,237.4,S8,천하무적: 시장의 주도주,"{""Ticker"": ""^SOX"", ""2025-12-18"": 6863.6298828125, ""2025-12-19"": 7067.8701171875, ""2025-12-22"": 7145.56982421875, ""2025-12-23"": 7184.5400390625, ""2025-12-24"": 7204.3701171875, ""2025-12-26"": 7207.64013671875, ""2025-12-29"": 7178.27001953125, ""2025-12-30"": 7169.10009765625, ""2025-12-31"": 7083.1298828125, ""2026-01-02"": 7367.47021484375, ""2026-01-05"": 7446.4501953125, ""2026-01-06"": 7650.93017578125, ""2026-01-07"": 7574.8701171875, ""2026-01-08"": 7436.10009765625, ""2026-01-09"": 7638.77978515625, ""2026-01-12"": 7674.83984375, ""2026-01-13"": 7747.990234375, ""2026-01-14"": 7701.47021484375, ""2026-01-15"": 7837.2998046875, ""2026-01-16"": 7927.41015625, ""2026-01-19"": NaN, ""2026-01-20"": 7794.18994140625, ""2026-01-21"": 8042.06982421875, ""2026-01-22"": 8055.169921875, ""2026-01-23"": 7957.93017578125, ""2026-01-26"": 7927.0400390625, ""2026-01-27"": 8117.18017578125, ""2026-01-28"": 8306.740234375, ""2026-01-29"": 8320.3896484375, ""2026-01-30"": 7998.47021484375, ""2026-02-02"": 8134.48828125}","{""metric"": ""Market_ADR"", ""2025-12-18"": 61.7, ""2025-12-19"": 131.39, ""2025-12-22"": 97.41, ""2025-12-23"": 32.29, ""2025-12-24"": 60.54, ""2025-12-26"": 37.91, ""2025-12-29"": 88.09, ""2025-12-30"": 74.29, ""2026-01-02"": 71.11, ""2026-01-05"": 89.71, ""2026-01-06"": 63.36, ""2026-01-07"": 33.14, ""2026-01-08"": 30.17, ""2026-01-09"": 121.26, ""2026-01-12"": 131.65, ""2026-01-13"": 81.94, ""2026-01-14"": 138.21, ""2026-01-15"": 106.74, ""2026-01-16"": 60.28, ""2026-01-19"": 82.11, ""2026-01-20"": 282.72, ""2026-01-21"": 54.03, ""2026-01-22"": 136.53, ""2026-01-23"": 212.46, ""2026-01-26"": 107.47, ""2026-01-27"": 93.31, ""2026-01-28"": 71.24, ""2026-01-29"": 193.49, ""2026-01-30"": 52.94, ""2026-02-02"": 19.67}",2026-02-02 23:54
122090,PLUS 코스피50,52925,-5.84,0.95,4.01,198.7,S6,천하무적: 시장의 주도주,"{""Ticker"": ""^SOX"", ""2025-12-18"": 6863.6298828125, ""2025-12-19"": 7067.8701171875, ""2025-12-22"": 7145.56982421875, ""2025-12-23"": 7184.5400390625, ""2025-12-24"": 7204.3701171875, ""2025-12-26"": 7207.64013671875, ""2025-12-29"": 7178.27001953125, ""2025-12-30"": 7169.10009765625, ""2025-12-31"": 7083.1298828125, ""2026-01-02"": 7367.47021484375, ""2026-01-05"": 7446.4501953125, ""2026-01-06"": 7650.93017578125, ""2026-01-07"": 7574.8701171875, ""2026-01-08"": 7436.10009765625, ""2026-01-09"": 7638.77978515625, ""2026-01-12"": 7674.83984375, ""2026-01-13"": 7747.990234375, ""2026-01-14"": 7701.47021484375, ""2026-01-15"": 7837.2998046875, ""2026-01-16"": 7927.41015625, ""2026-01-19"": NaN, ""2026-01-20"": 7794.18994140625, ""2026-01-21"": 8042.06982421875, ""2026-01-22"": 8055.169921875, ""2026-01-23"": 7957.93017578125, ""2026-01-26"": 7927.0400390625, ""2026-01-27"": 8117.18017578125, ""2026-01-28"": 8306.740234375, ""2026-01-29"": 8320.3896484375, ""2026-01-30"": 7998.47021484375, ""2026-02-02"": 8134.48828125}","{""metric"": ""Market_ADR"", ""2025-12-18"": 61.7, ""2025-12-19"": 131.39, ""2025-12-22"": 97.41, ""2025-12-23"": 32.29, ""2025-12-24"": 60.54, ""2025-12-26"": 37.91, ""2025-12-29"": 88.09, ""2025-12-30"": 74.29, ""2026-01-02"": 71.11, ""2026-01-05"": 89.71, ""2026-01-06"": 63.36, ""2026-01-07"": 33.14, ""2026-01-08"": 30.17, ""2026-01-09"": 121.26, ""2026-01-12"": 131.65, ""2026-01-13"": 81.94, ""2026-01-14"": 138.21, ""2026-01-15"": 106.74, ""2026-01-16"": 60.28, ""2026-01-19"": 82.11, ""2026-01-20"": 282.72, ""2026-01-21"": 54.03, ""2026-01-22"": 136.53, ""2026-01-23"": 212.46, ""2026-01-26"": 107.47, ""2026-01-27"": 93.31, ""2026-01-28"": 71.24, ""2026-01-29"": 193.49, ""2026-01-30"": 52.94, ""2026-02-02"": 19.67}",2026-02-02 23:54
0138D0,RISE 동학개미,12705,-4.9,0.28,3.85,33.8,B7,황금 눌림목: 최적 매수 타점,"{""Ticker"": ""^SOX"", ""2025-12-18"": 6863.6298828125, ""2025-12-19"": 7067.8701171875, ""2025-12-22"": 7145.56982421875, ""2025-12-23"": 7184.5400390625, ""2025-12-24"": 7204.3701171875, ""2025-12-26"": 7207.64013671875, ""2025-12-29"": 7178.27001953125, ""2025-12-30"": 7169.10009765625, ""2025-12-31"": 7083.1298828125, ""2026-01-02"": 7367.47021484375, ""2026-01-05"": 7446.4501953125, ""2026-01-06"": 7650.93017578125, ""2026-01-07"": 7574.8701171875, ""2026-01-08"": 7436.10009765625, ""2026-01-09"": 7638.77978515625, ""2026-01-12"": 7674.83984375, ""2026-01-13"": 7747.990234375, ""2026-01-14"": 7701.47021484375, ""2026-01-15"": 7837.2998046875, ""2026-01-16"": 7927.41015625, ""2026-01-19"": NaN, ""2026-01-20"": 7794.18994140625, ""2026-01-21"": 8042.06982421875, ""2026-01-22"": 8055.169921875, ""2026-01-23"": 7957.93017578125, ""2026-01-26"": 7927.0400390625, ""2026-01-27"": 8117.18017578125, ""2026-01-28"": 8306.740234375, ""2026-01-29"": 8320.3896484375, ""2026-01-30"": 7998.47021484375, ""2026-02-02"": 8134.48828125}","{""metric"": ""Market_ADR"", ""2025-12-18"": 61.7, ""2025-12-19"": 131.39, ""2025-12-22"": 97.41, ""2025-12-23"": 32.29, ""2025-12-24"": 60.54, ""2025-12-26"": 37.91, ""2025-12-29"": 88.09, ""2025-12-30"": 74.29, ""2026-01-02"": 71.11, ""2026-01-05"": 89.71, ""2026-01-06"": 63.36, ""2026-01-07"": 33.14, ""2026-01-08"": 30.17, ""2026-01-09"": 121.26, ""2026-01-12"": 131.65, ""2026-01-13"": 81.94, ""2026-01-14"": 138.21, ""2026-01-15"": 106.74, ""2026-01-16"": 60.28, ""2026-01-19"": 82.11, ""2026-01-20"": 282.72, ""2026-01-21"": 54.03, ""2026-01-22"": 136.53, ""2026-01-23"": 212.46, ""2026-01-26"": 107.47, ""2026-01-27"": 93.31, ""2026-01-28"": 71.24, ""2026-01-29"": 193.49, ""2026-01-30"": 52.94, ""2026-02-02"": 19.67}",2026-02-02 23:54
275300,KODEX 우량주,19465,-6.12,3.07,3.57,618.7,S8,천하무적: 시장의 주도주,"{""Ticker"": ""^SOX"", ""2025-12-18"": 6863.6298828125, ""2025-12-19"": 7067.8701171875, ""2025-12-22"": 7145.56982421875, ""2025-12-23"": 7184.5400390625, ""2025-12-24"": 7204.3701171875, ""2025-12-26"": 7207.64013671875, ""2025-12-29"": 7178.27001953125, ""2025-12-30"": 7169.10009765625, ""2025-12-31"": 7083.1298828125, ""2026-01-02"": 7367.47021484375, ""2026-01-05"": 7446.4501953125, ""2026-01-06"": 7650.93017578125, ""2026-01-07"": 7574.8701171875, ""2026-01-08"": 7436.10009765625, ""2026-01-09"": 7638.77978515625, ""2026-01-12"": 7674.83984375, ""2026-01-13"": 7747.990234375, ""2026-01-14"": 7701.47021484375, ""2026-01-15"": 7837.2998046875, ""2026-01-16"": 7927.41015625, ""2026-01-19"": NaN, ""2026-01-20"": 7794.18994140625, ""2026-01-21"": 8042.06982421875, ""2026-01-22"": 8055.169921875, ""2026-01-23"": 7957.93017578125, ""2026-01-26"": 7927.0400390625, ""2026-01-27"": 8117.18017578125, ""2026-01-28"": 8306.740234375, ""2026-01-29"": 8320.3896484375, ""2026-01-30"": 7998.47021484375, ""2026-02-02"": 8134.48828125}","{""metric"": ""Market_ADR"", ""2025-12-18"": 61.7, ""2025-12-19"": 131.39, ""2025-12-22"": 97.41, ""2025-12-23"": 32.29, ""2025-12-24"": 60.54, ""2025-12-26"": 37.91, ""2025-12-29"": 88.09, ""2025-12-30"": 74.29, ""2026-01-02"": 71.11, ""2026-01-05"": 89.71, ""2026-01-06"": 63.36, ""2026-01-07"": 33.14, ""2026-01-08"": 30.17, ""2026-01-09"": 121.26, ""2026-01-12"": 131.65, ""2026-01-13"": 81.94, ""2026-01-14"": 138.21, ""2026-01-15"": 106.74, ""2026-01-16"": 60.28, ""2026-01-19"": 82.11, ""2026-01-20"": 282.72, ""2026-01-21"": 54.03, ""2026-01-22"": 136.53, ""2026-01-23"": 212.46, ""2026-01-26"": 107.47, ""2026-01-27"": 93.31, ""2026-01-28"": 71.24, ""2026-01-29"": 193.49, ""2026-01-30"": 52.94, ""2026-02-02"": 19.67}",2026-02-02 23:54
457930,BNK 미래전략기술액티브,24820,-5.18,-0.32,3.23,24.7,B7,황금 눌림목: 최적 매수 타점,"{""Ticker"": ""^SOX"", ""2025-12-18"": 6863.6298828125, ""2025-12-19"": 7067.8701171875, ""2025-12-22"": 7145.56982421875, ""2025-12-23"": 7184.5400390625, ""2025-12-24"": 7204.3701171875, ""2025-12-26"": 7207.64013671875, ""2025-12-29"": 7178.27001953125, ""2025-12-30"": 7169.10009765625, ""2025-12-31"": 7083.1298828125, ""2026-01-02"": 7367.47021484375, ""2026-01-05"": 7446.4501953125, ""2026-01-06"": 7650.93017578125, ""2026-01-07"": 7574.8701171875, ""2026-01-08"": 7436.10009765625, ""2026-01-09"": 7638.77978515625, ""2026-01-12"": 7674.83984375, ""2026-01-13"": 7747.990234375, ""2026-01-14"": 7701.47021484375, ""2026-01-15"": 7837.2998046875, ""2026-01-16"": 7927.41015625, ""2026-01-19"": NaN, ""2026-01-20"": 7794.18994140625, ""2026-01-21"": 8042.06982421875, ""2026-01-22"": 8055.169921875, ""2026-01-23"": 7957.93017578125, ""2026-01-26"": 7927.0400390625, ""2026-01-27"": 8117.18017578125, ""2026-01-28"": 8306.740234375, ""2026-01-29"": 8320.3896484375, ""2026-01-30"": 7998.47021484375, ""2026-02-02"": 8134.48828125}","{""metric"": ""Market_ADR"", ""2025-12-18"": 61.7, ""2025-12-19"": 131.39, ""2025-12-22"": 97.41, ""2025-12-23"": 32.29, ""2025-12-24"": 60.54, ""2025-12-26"": 37.91, ""2025-12-29"": 88.09, ""2025-12-30"": 74.29, ""2026-01-02"": 71.11, ""2026-01-05"": 89.71, ""2026-01-06"": 63.36, ""2026-01-07"": 33.14, ""2026-01-08"": 30.17, ""2026-01-09"": 121.26, ""2026-01-12"": 131.65, ""2026-01-13"": 81.94, ""2026-01-14"": 138.21, ""2026-01-15"": 106.74, ""2026-01-16"": 60.28, ""2026-01-19"": 82.11, ""2026-01-20"": 282.72, ""2026-01-21"": 54.03, ""2026-01-22"": 136.53, ""2026-01-23"": 212.46, ""2026-01-26"": 107.47, ""2026-01-27"": 93.31, ""2026-01-28"": 71.24, ""2026-01-29"": 193.49, ""2026-01-30"": 52.94, ""2026-02-02"": 19.67}",2026-02-02 23:54
310970,TIGER MSCI Korea TR,31940,-5.45,1.14,3.22,215.4,S8,천하무적: 시장의 주도주,"{""Ticker"": ""^SOX"", ""2025-12-18"": 6863.6298828125, ""2025-12-19"": 7067.8701171875, ""2025-12-22"": 7145.56982421875, ""2025-12-23"": 7184.5400390625, ""2025-12-24"": 7204.3701171875, ""2025-12-26"": 7207.64013671875, ""2025-12-29"": 7178.27001953125, ""2025-12-30"": 7169.10009765625, ""2025-12-31"": 7083.1298828125, ""2026-01-02"": 7367.47021484375, ""2026-01-05"": 7446.4501953125, ""2026-01-06"": 7650.93017578125, ""2026-01-07"": 7574.8701171875, ""2026-01-08"": 7436.10009765625, ""2026-01-09"": 7638.77978515625, ""2026-01-12"": 7674.83984375, ""2026-01-13"": 7747.990234375, ""2026-01-14"": 7701.47021484375, ""2026-01-15"": 7837.2998046875, ""2026-01-16"": 7927.41015625, ""2026-01-19"": NaN, ""2026-01-20"": 7794.18994140625, ""2026-01-21"": 8042.06982421875, ""2026-01-22"": 8055.169921875, ""2026-01-23"": 7957.93017578125, ""2026-01-26"": 7927.0400390625, ""2026-01-27"": 8117.18017578125, ""2026-01-28"": 8306.740234375, ""2026-01-29"": 8320.3896484375, ""2026-01-30"": 7998.47021484375, ""2026-02-02"": 8134.48828125}","{""metric"": ""Market_ADR"", ""2025-12-18"": 61.7, ""2025-12-19"": 131.39, ""2025-12-22"": 97.41, ""2025-12-23"": 32.29, ""2025-12-24"": 60.54, ""2025-12-26"": 37.91, ""2025-12-29"": 88.09, ""2025-12-30"": 74.29, ""2026-01-02"": 71.11, ""2026-01-05"": 89.71, ""2026-01-06"": 63.36, ""2026-01-07"": 33.14, ""2026-01-08"": 30.17, ""2026-01-09"": 121.26, ""2026-01-12"": 131.65, ""2026-01-13"": 81.94, ""2026-01-14"": 138.21, ""2026-01-15"": 106.74, ""2026-01-16"": 60.28, ""2026-01-19"": 82.11, ""2026-01-20"": 282.72, ""2026-01-21"": 54.03, ""2026-01-22"": 136.53, ""2026-01-23"": 212.46, ""2026-01-26"": 107.47, ""2026-01-27"": 93.31, ""2026-01-28"": 71.24, ""2026-01-29"": 193.49, ""2026-01-30"": 52.94, ""2026-02-02"": 19.67}",2026-02-02 23:54
0091P0,TIGER 코리아원자력,13700,-4.13,-4.43,3.08,102.1,B5,박스권 에너지 응축 중,"{""Ticker"": ""^SOX"", ""2025-12-18"": 6863.6298828125, ""2025-12-19"": 7067.8701171875, ""2025-12-22"": 7145.56982421875, ""2025-12-23"": 7184.5400390625, ""2025-12-24"": 7204.3701171875, ""2025-12-26"": 7207.64013671875, ""2025-12-29"": 7178.27001953125, ""2025-12-30"": 7169.10009765625, ""2025-12-31"": 7083.1298828125, ""2026-01-02"": 7367.47021484375, ""2026-01-05"": 7446.4501953125, ""2026-01-06"": 7650.93017578125, ""2026-01-07"": 7574.8701171875, ""2026-01-08"": 7436.10009765625, ""2026-01-09"": 7638.77978515625, ""2026-01-12"": 7674.83984375, ""2026-01-13"": 7747.990234375, ""2026-01-14"": 7701.47021484375, ""2026-01-15"": 7837.2998046875, ""2026-01-16"": 7927.41015625, ""2026-01-19"": NaN, ""2026-01-20"": 7794.18994140625, ""2026-01-21"": 8042.06982421875, ""2026-01-22"": 8055.169921875, ""2026-01-23"": 7957.93017578125, ""2026-01-26"": 7927.0400390625, ""2026-01-27"": 8117.18017578125, ""2026-01-28"": 8306.740234375, ""2026-01-29"": 8320.3896484375, ""2026-01-30"": 7998.47021484375, ""2026-02-02"": 8134.48828125}","{""metric"": ""Market_ADR"", ""2025-12-18"": 61.7, ""2025-12-19"": 131.39, ""2025-12-22"": 97.41, ""2025-12-23"": 32.29, ""2025-12-24"": 60.54, ""2025-12-26"": 37.91, ""2025-12-29"": 88.09, ""2025-12-30"": 74.29, ""2026-01-02"": 71.11, ""2026-01-05"": 89.71, ""2026-01-06"": 63.36, ""2026-01-07"": 33.14, ""2026-01-08"": 30.17, ""2026-01-09"": 121.26, ""2026-01-12"": 131.65, ""2026-01-13"": 81.94, ""2026-01-14"": 138.21, ""2026-01-15"": 106.74, ""2026-01-16"": 60.28, ""2026-01-19"": 82.11, ""2026-01-20"": 282.72, ""2026-01-21"": 54.03, ""2026-01-22"": 136.53, ""2026-01-23"": 212.46, ""2026-01-26"": 107.47, ""2026-01-27"": 93.31, ""2026-01-28"": 71.24, ""2026-01-29"": 193.49, ""2026-01-30"": 52.94, ""2026-02-02"": 19.67}",2026-02-02 23:54
278540,KODEX MSCI Korea TR,25305,-5.98,0.6,3.01,174.6,B7,황금 눌림목: 최적 매수 타점,"{""Ticker"": ""^SOX"", ""2025-12-18"": 6863.6298828125, ""2025-12-19"": 7067.8701171875, ""2025-12-22"": 7145.56982421875, ""2025-12-23"": 7184.5400390625, ""2025-12-24"": 7204.3701171875, ""2025-12-26"": 7207.64013671875, ""2025-12-29"": 7178.27001953125, ""2025-12-30"": 7169.10009765625, ""2025-12-31"": 7083.1298828125, ""2026-01-02"": 7367.47021484375, ""2026-01-05"": 7446.4501953125, ""2026-01-06"": 7650.93017578125, ""2026-01-07"": 7574.8701171875, ""2026-01-08"": 7436.10009765625, ""2026-01-09"": 7638.77978515625, ""2026-01-12"": 7674.83984375, ""2026-01-13"": 7747.990234375, ""2026-01-14"": 7701.47021484375, ""2026-01-15"": 7837.2998046875, ""2026-01-16"": 7927.41015625, ""2026-01-19"": NaN, ""2026-01-20"": 7794.18994140625, ""2026-01-21"": 8042.06982421875, ""2026-01-22"": 8055.169921875, ""2026-01-23"": 7957.93017578125, ""2026-01-26"": 7927.0400390625, ""2026-01-27"": 8117.18017578125, ""2026-01-28"": 8306.740234375, ""2026-01-29"": 8320.3896484375, ""2026-01-30"": 7998.47021484375, ""2026-02-02"": 8134.48828125}","{""metric"": ""Market_ADR"", ""2025-12-18"": 61.7, ""2025-12-19"": 131.39, ""2025-12-22"": 97.41, ""2025-12-23"": 32.29, ""2025-12-24"": 60.54, ""2025-12-26"": 37.91, ""2025-12-29"": 88.09, ""2025-12-30"": 74.29, ""2026-01-02"": 71.11, ""2026-01-05"": 89.71, ""2026-01-06"": 63.36, ""2026-01-07"": 33.14, ""2026-01-08"": 30.17, ""2026-01-09"": 121.26, ""2026-01-12"": 131.65, ""2026-01-13"": 81.94, ""2026-01-14"": 138.21, ""2026-01-15"": 106.74, ""2026-01-16"": 60.28, ""2026-01-19"": 82.11, ""2026-01-20"": 282.72, ""2026-01-21"": 54.03, ""2026-01-22"": 136.53, ""2026-01-23"": 212.46, ""2026-01-26"": 107.47, ""2026-01-27"": 93.31, ""2026-01-28"": 71.24, ""2026-01-29"": 193.49, ""2026-01-30"": 52.94, ""2026-02-02"": 19.67}",2026-02-02 23:54
289250,TIGER MSCI KOREA ESG유니버설,21615,-7.07,1.72,2.96,639.1,S7,천하무적: 시장의 주도주,"{""Ticker"": ""^SOX"", ""2025-12-18"": 6863.6298828125, ""2025-12-19"": 7067.8701171875, ""2025-12-22"": 7145.56982421875, ""2025-12-23"": 7184.5400390625, ""2025-12-24"": 7204.3701171875, ""2025-12-26"": 7207.64013671875, ""2025-12-29"": 7178.27001953125, ""2025-12-30"": 7169.10009765625, ""2025-12-31"": 7083.1298828125, ""2026-01-02"": 7367.47021484375, ""2026-01-05"": 7446.4501953125, ""2026-01-06"": 7650.93017578125, ""2026-01-07"": 7574.8701171875, ""2026-01-08"": 7436.10009765625, ""2026-01-09"": 7638.77978515625, ""2026-01-12"": 7674.83984375, ""2026-01-13"": 7747.990234375, ""2026-01-14"": 7701.47021484375, ""2026-01-15"": 7837.2998046875, ""2026-01-16"": 7927.41015625, ""2026-01-19"": NaN, ""2026-01-20"": 7794.18994140625, ""2026-01-21"": 8042.06982421875, ""2026-01-22"": 8055.169921875, ""2026-01-23"": 7957.93017578125, ""2026-01-26"": 7927.0400390625, ""2026-01-27"": 8117.18017578125, ""2026-01-28"": 8306.740234375, ""2026-01-29"": 8320.3896484375, ""2026-01-30"": 7998.47021484375, ""2026-02-02"": 8134.48828125}","{""metric"": ""Market_ADR"", ""2025-12-18"": 61.7, ""2025-12-19"": 131.39, ""2025-12-22"": 97.41, ""2025-12-23"": 32.29, ""2025-12-24"": 60.54, ""2025-12-26"": 37.91, ""2025-12-29"": 88.09, ""2025-12-30"": 74.29, ""2026-01-02"": 71.11, ""2026-01-05"": 89.71, ""2026-01-06"": 63.36, ""2026-01-07"": 33.14, ""2026-01-08"": 30.17, ""2026-01-09"": 121.26, ""2026-01-12"": 131.65, ""2026-01-13"": 81.94, ""2026-01-14"": 138.21, ""2026-01-15"": 106.74, ""2026-01-16"": 60.28, ""2026-01-19"": 82.11, ""2026-01-20"": 282.72, ""2026-01-21"": 54.03, ""2026-01-22"": 136.53, ""2026-01-23"": 212.46, ""2026-01-26"": 107.47, ""2026-01-27"": 93.31, ""2026-01-28"": 71.24, ""2026-01-29"": 193.49, ""2026-01-30"": 52.94, ""2026-02-02"": 19.67}",2026-02-02 23:54
289040,KODEX MSCI KOREA ESG유니버설,21635,-6.44,2.24,2.92,145.6,S6,천하무적: 시장의 주도주,"{""Ticker"": ""^SOX"", ""2025-12-18"": 6863.6298828125, ""2025-12-19"": 7067.8701171875, ""2025-12-22"": 7145.56982421875, ""2025-12-23"": 7184.5400390625, ""2025-12-24"": 7204.3701171875, ""2025-12-26"": 7207.64013671875, ""2025-12-29"": 7178.27001953125, ""2025-12-30"": 7169.10009765625, ""2025-12-31"": 7083.1298828125, ""2026-01-02"": 7367.47021484375, ""2026-01-05"": 7446.4501953125, ""2026-01-06"": 7650.93017578125, ""2026-01-07"": 7574.8701171875, ""2026-01-08"": 7436.10009765625, ""2026-01-09"": 7638.77978515625, ""2026-01-12"": 7674.83984375, ""2026-01-13"": 7747.990234375, ""2026-01-14"": 7701.47021484375, ""2026-01-15"": 7837.2998046875, ""2026-01-16"": 7927.41015625, ""2026-01-19"": NaN, ""2026-01-20"": 7794.18994140625, ""2026-01-21"": 8042.06982421875, ""2026-01-22"": 8055.169921875, ""2026-01-23"": 7957.93017578125, ""2026-01-26"": 7927.0400390625, ""2026-01-27"": 8117.18017578125, ""2026-01-28"": 8306.740234375, ""2026-01-29"": 8320.3896484375, ""2026-01-30"": 7998.47021484375, ""2026-02-02"": 8134.48828125}","{""metric"": ""Market_ADR"", ""2025-12-18"": 61.7, ""2025-12-19"": 131.39, ""2025-12-22"": 97.41, ""2025-12-23"": 32.29, ""2025-12-24"": 60.54, ""2025-12-26"": 37.91, ""2025-12-29"": 88.09, ""2025-12-30"": 74.29, ""2026-01-02"": 71.11, ""2026-01-05"": 89.71, ""2026-01-06"": 63.36, ""2026-01-07"": 33.14, ""2026-01-08"": 30.17, ""2026-01-09"": 121.26, ""2026-01-12"": 131.65, ""2026-01-13"": 81.94, ""2026-01-14"": 138.21, ""2026-01-15"": 106.74, ""2026-01-16"": 60.28, ""2026-01-19"": 82.11, ""2026-01-20"": 282.72, ""2026-01-21"": 54.03, ""2026-01-22"": 136.53, ""2026-01-23"": 212.46, ""2026-01-26"": 107.47, ""2026-01-27"": 93.31, ""2026-01-28"": 71.24, ""2026-01-29"": 193.49, ""2026-01-30"": 52.94, ""2026-02-02"": 19.67}",2026-02-02 23:54
450190,KODEX 한중반도체(합성),33855,-6.02,4.04,2.78,136.5,S5,안정적 추세 유지 중,"{""Ticker"": ""^SOX"", ""2025-12-18"": 6863.6298828125, ""2025-12-19"": 7067.8701171875, ""2025-12-22"": 7145.56982421875, ""2025-12-23"": 7184.5400390625, ""2025-12-24"": 7204.3701171875, ""2025-12-26"": 7207.64013671875, ""2025-12-29"": 7178.27001953125, ""2025-12-30"": 7169.10009765625, ""2025-12-31"": 7083.1298828125, ""2026-01-02"": 7367.47021484375, ""2026-01-05"": 7446.4501953125, ""2026-01-06"": 7650.93017578125, ""2026-01-07"": 7574.8701171875, ""2026-01-08"": 7436.10009765625, ""2026-01-09"": 7638.77978515625, ""2026-01-12"": 7674.83984375, ""2026-01-13"": 7747.990234375, ""2026-01-14"": 7701.47021484375, ""2026-01-15"": 7837.2998046875, ""2026-01-16"": 7927.41015625, ""2026-01-19"": NaN, ""2026-01-20"": 7794.18994140625, ""2026-01-21"": 8042.06982421875, ""2026-01-22"": 8055.169921875, ""2026-01-23"": 7957.93017578125, ""2026-01-26"": 7927.0400390625, ""2026-01-27"": 8117.18017578125, ""2026-01-28"": 8306.740234375, ""2026-01-29"": 8320.3896484375, ""2026-01-30"": 7998.47021484375, ""2026-02-02"": 8134.48828125}","{""metric"": ""Market_ADR"", ""2025-12-18"": 61.7, ""2025-12-19"": 131.39, ""2025-12-22"": 97.41, ""2025-12-23"": 32.29, ""2025-12-24"": 60.54, ""2025-12-26"": 37.91, ""2025-12-29"": 88.09, ""2025-12-30"": 74.29, ""2026-01-02"": 71.11, ""2026-01-05"": 89.71, ""2026-01-06"": 63.36, ""2026-01-07"": 33.14, ""2026-01-08"": 30.17, ""2026-01-09"": 121.26, ""2026-01-12"": 131.65, ""2026-01-13"": 81.94, ""2026-01-14"": 138.21, ""2026-01-15"": 106.74, ""2026-01-16"": 60.28, ""2026-01-19"": 82.11, ""2026-01-20"": 282.72, ""2026-01-21"": 54.03, ""2026-01-22"": 136.53, ""2026-01-23"": 212.46, ""2026-01-26"": 107.47, ""2026-01-27"": 93.31, ""2026-01-28"": 71.24, ""2026-01-29"": 193.49, ""2026-01-30"": 52.94, ""2026-02-02"": 19.67}",2026-02-02 23:54
325010,KODEX 성장주,29605,-6.24,2.46,2.75,105.2,S5,안정적 추세 유지 중,"{""Ticker"": ""^SOX"", ""2025-12-18"": 6863.6298828125, ""2025-12-19"": 7067.8701171875, ""2025-12-22"": 7145.56982421875, ""2025-12-23"": 7184.5400390625, ""2025-12-24"": 7204.3701171875, ""2025-12-26"": 7207.64013671875, ""2025-12-29"": 7178.27001953125, ""2025-12-30"": 7169.10009765625, ""2025-12-31"": 7083.1298828125, ""2026-01-02"": 7367.47021484375, ""2026-01-05"": 7446.4501953125, ""2026-01-06"": 7650.93017578125, ""2026-01-07"": 7574.8701171875, ""2026-01-08"": 7436.10009765625, ""2026-01-09"": 7638.77978515625, ""2026-01-12"": 7674.83984375, ""2026-01-13"": 7747.990234375, ""2026-01-14"": 7701.47021484375, ""2026-01-15"": 7837.2998046875, ""2026-01-16"": 7927.41015625, ""2026-01-19"": NaN, ""2026-01-20"": 7794.18994140625, ""2026-01-21"": 8042.06982421875, ""2026-01-22"": 8055.169921875, ""2026-01-23"": 7957.93017578125, ""2026-01-26"": 7927.0400390625, ""2026-01-27"": 8117.18017578125, ""2026-01-28"": 8306.740234375, ""2026-01-29"": 8320.3896484375, ""2026-01-30"": 7998.47021484375, ""2026-02-02"": 8134.48828125}","{""metric"": ""Market_ADR"", ""2025-12-18"": 61.7, ""2025-12-19"": 131.39, ""2025-12-22"": 97.41, ""2025-12-23"": 32.29, ""2025-12-24"": 60.54, ""2025-12-26"": 37.91, ""2025-12-29"": 88.09, ""2025-12-30"": 74.29, ""2026-01-02"": 71.11, ""2026-01-05"": 89.71, ""2026-01-06"": 63.36, ""2026-01-07"": 33.14, ""2026-01-08"": 30.17, ""2026-01-09"": 121.26, ""2026-01-12"": 131.65, ""2026-01-13"": 81.94, ""2026-01-14"": 138.21, ""2026-01-15"": 106.74, ""2026-01-16"": 60.28, ""2026-01-19"": 82.11, ""2026-01-20"": 282.72, ""2026-01-21"": 54.03, ""2026-01-22"": 136.53, ""2026-01-23"": 212.46, ""2026-01-26"": 107.47, ""2026-01-27"": 93.31, ""2026-01-28"": 71.24, ""2026-01-29"": 193.49, ""2026-01-30"": 52.94, ""2026-02-02"": 19.67}",2026-02-02 23:54
237350,KODEX 코스피100,57735,-5.68,0.96,2.6,229.8,S7,천하무적: 시장의 주도주,"{""Ticker"": ""^SOX"", ""2025-12-18"": 6863.6298828125, ""2025-12-19"": 7067.8701171875, ""2025-12-22"": 7145.56982421875, ""2025-12-23"": 7184.5400390625, ""2025-12-24"": 7204.3701171875, ""2025-12-26"": 7207.64013671875, ""2025-12-29"": 7178.27001953125, ""2025-12-30"": 7169.10009765625, ""2025-12-31"": 7083.1298828125, ""2026-01-02"": 7367.47021484375, ""2026-01-05"": 7446.4501953125, ""2026-01-06"": 7650.93017578125, ""2026-01-07"": 7574.8701171875, ""2026-01-08"": 7436.10009765625, ""2026-01-09"": 7638.77978515625, ""2026-01-12"": 7674.83984375, ""2026-01-13"": 7747.990234375, ""2026-01-14"": 7701.47021484375, ""2026-01-15"": 7837.2998046875, ""2026-01-16"": 7927.41015625, ""2026-01-19"": NaN, ""2026-01-20"": 7794.18994140625, ""2026-01-21"": 8042.06982421875, ""2026-01-22"": 8055.169921875, ""2026-01-23"": 7957.93017578125, ""2026-01-26"": 7927.0400390625, ""2026-01-27"": 8117.18017578125, ""2026-01-28"": 8306.740234375, ""2026-01-29"": 8320.3896484375, ""2026-01-30"": 7998.47021484375, ""2026-02-02"": 8134.48828125}","{""metric"": ""Market_ADR"", ""2025-12-18"": 61.7, ""2025-12-19"": 131.39, ""2025-12-22"": 97.41, ""2025-12-23"": 32.29, ""2025-12-24"": 60.54, ""2025-12-26"": 37.91, ""2025-12-29"": 88.09, ""2025-12-30"": 74.29, ""2026-01-02"": 71.11, ""2026-01-05"": 89.71, ""2026-01-06"": 63.36, ""2026-01-07"": 33.14, ""2026-01-08"": 30.17, ""2026-01-09"": 121.26, ""2026-01-12"": 131.65, ""2026-01-13"": 81.94, ""2026-01-14"": 138.21, ""2026-01-15"": 106.74, ""2026-01-16"": 60.28, ""2026-01-19"": 82.11, ""2026-01-20"": 282.72, ""2026-01-21"": 54.03, ""2026-01-22"": 136.53, ""2026-01-23"": 212.46, ""2026-01-26"": 107.47, ""2026-01-27"": 93.31, ""2026-01-28"": 71.24, ""2026-01-29"": 193.49, ""2026-01-30"": 52.94, ""2026-02-02"": 19.67}",2026-02-02 23:54
140950,파워 코스피100,56500,-5.86,0.94,2.6,222.2,S7,천하무적: 시장의 주도주,"{""Ticker"": ""^SOX"", ""2025-12-18"": 6863.6298828125, ""2025-12-19"": 7067.8701171875, ""2025-12-22"": 7145.56982421875, ""2025-12-23"": 7184.5400390625, ""2025-12-24"": 7204.3701171875, ""2025-12-26"": 7207.64013671875, ""2025-12-29"": 7178.27001953125, ""2025-12-30"": 7169.10009765625, ""2025-12-31"": 7083.1298828125, ""2026-01-02"": 7367.47021484375, ""2026-01-05"": 7446.4501953125, ""2026-01-06"": 7650.93017578125, ""2026-01-07"": 7574.8701171875, ""2026-01-08"": 7436.10009765625, ""2026-01-09"": 7638.77978515625, ""2026-01-12"": 7674.83984375, ""2026-01-13"": 7747.990234375, ""2026-01-14"": 7701.47021484375, ""2026-01-15"": 7837.2998046875, ""2026-01-16"": 7927.41015625, ""2026-01-19"": NaN, ""2026-01-20"": 7794.18994140625, ""2026-01-21"": 8042.06982421875, ""2026-01-22"": 8055.169921875, ""2026-01-23"": 7957.93017578125, ""2026-01-26"": 7927.0400390625, ""2026-01-27"": 8117.18017578125, ""2026-01-28"": 8306.740234375, ""2026-01-29"": 8320.3896484375, ""2026-01-30"": 7998.47021484375, ""2026-02-02"": 8134.48828125}","{""metric"": ""Market_ADR"", ""2025-12-18"": 61.7, ""2025-12-19"": 131.39, ""2025-12-22"": 97.41, ""2025-12-23"": 32.29, ""2025-12-24"": 60.54, ""2025-12-26"": 37.91, ""2025-12-29"": 88.09, ""2025-12-30"": 74.29, ""2026-01-02"": 71.11, ""2026-01-05"": 89.71, ""2026-01-06"": 63.36, ""2026-01-07"": 33.14, ""2026-01-08"": 30.17, ""2026-01-09"": 121.26, ""2026-01-12"": 131.65, ""2026-01-13"": 81.94, ""2026-01-14"": 138.21, ""2026-01-15"": 106.74, ""2026-01-16"": 60.28, ""2026-01-19"": 82.11, ""2026-01-20"": 282.72, ""2026-01-21"": 54.03, ""2026-01-22"": 136.53, ""2026-01-23"": 212.46, ""2026-01-26"": 107.47, ""2026-01-27"": 93.31, ""2026-01-28"": 71.24, ""2026-01-29"": 193.49, ""2026-01-30"": 52.94, ""2026-02-02"": 19.67}",2026-02-02 23:54
471990,KODEX AI반도체핵심장비,19165,-7.64,8.28,2.6,204.3,S7,천하무적: 시장의 주도주,"{""Ticker"": ""^SOX"", ""2025-12-18"": 6863.6298828125, ""2025-12-19"": 7067.8701171875, ""2025-12-22"": 7145.56982421875, ""2025-12-23"": 7184.5400390625, ""2025-12-24"": 7204.3701171875, ""2025-12-26"": 7207.64013671875, ""2025-12-29"": 7178.27001953125, ""2025-12-30"": 7169.10009765625, ""2025-12-31"": 7083.1298828125, ""2026-01-02"": 7367.47021484375, ""2026-01-05"": 7446.4501953125, ""2026-01-06"": 7650.93017578125, ""2026-01-07"": 7574.8701171875, ""2026-01-08"": 7436.10009765625, ""2026-01-09"": 7638.77978515625, ""2026-01-12"": 7674.83984375, ""2026-01-13"": 7747.990234375, ""2026-01-14"": 7701.47021484375, ""2026-01-15"": 7837.2998046875, ""2026-01-16"": 7927.41015625, ""2026-01-19"": NaN, ""2026-01-20"": 7794.18994140625, ""2026-01-21"": 8042.06982421875, ""2026-01-22"": 8055.169921875, ""2026-01-23"": 7957.93017578125, ""2026-01-26"": 7927.0400390625, ""2026-01-27"": 8117.18017578125, ""2026-01-28"": 8306.740234375, ""2026-01-29"": 8320.3896484375, ""2026-01-30"": 7998.47021484375, ""2026-02-02"": 8134.48828125}","{""metric"": ""Market_ADR"", ""2025-12-18"": 61.7, ""2025-12-19"": 131.39, ""2025-12-22"": 97.41, ""2025-12-23"": 32.29, ""2025-12-24"": 60.54, ""2025-12-26"": 37.91, ""2025-12-29"": 88.09, ""2025-12-30"": 74.29, ""2026-01-02"": 71.11, ""2026-01-05"": 89.71, ""2026-01-06"": 63.36, ""2026-01-07"": 33.14, ""2026-01-08"": 30.17, ""2026-01-09"": 121.26, ""2026-01-12"": 131.65, ""2026-01-13"": 81.94, ""2026-01-14"": 138.21, ""2026-01-15"": 106.74, ""2026-01-16"": 60.28, ""2026-01-19"": 82.11, ""2026-01-20"": 282.72, ""2026-01-21"": 54.03, ""2026-01-22"": 136.53, ""2026-01-23"": 212.46, ""2026-01-26"": 107.47, ""2026-01-27"": 93.31, ""2026-01-28"": 71.24, ""2026-01-29"": 193.49, ""2026-01-30"": 52.94, ""2026-02-02"": 19.67}",2026-02-02 23:54
337160,KODEX 200ESG,29725,-5.78,1.42,2.47,140.1,S6,천하무적: 시장의 주도주,"{""Ticker"": ""^SOX"", ""2025-12-18"": 6863.6298828125, ""2025-12-19"": 7067.8701171875, ""2025-12-22"": 7145.56982421875, ""2025-12-23"": 7184.5400390625, ""2025-12-24"": 7204.3701171875, ""2025-12-26"": 7207.64013671875, ""2025-12-29"": 7178.27001953125, ""2025-12-30"": 7169.10009765625, ""2025-12-31"": 7083.1298828125, ""2026-01-02"": 7367.47021484375, ""2026-01-05"": 7446.4501953125, ""2026-01-06"": 7650.93017578125, ""2026-01-07"": 7574.8701171875, ""2026-01-08"": 7436.10009765625, ""2026-01-09"": 7638.77978515625, ""2026-01-12"": 7674.83984375, ""2026-01-13"": 7747.990234375, ""2026-01-14"": 7701.47021484375, ""2026-01-15"": 7837.2998046875, ""2026-01-16"": 7927.41015625, ""2026-01-19"": NaN, ""2026-01-20"": 7794.18994140625, ""2026-01-21"": 8042.06982421875, ""2026-01-22"": 8055.169921875, ""2026-01-23"": 7957.93017578125, ""2026-01-26"": 7927.0400390625, ""2026-01-27"": 8117.18017578125, ""2026-01-28"": 8306.740234375, ""2026-01-29"": 8320.3896484375, ""2026-01-30"": 7998.47021484375, ""2026-02-02"": 8134.48828125}","{""metric"": ""Market_ADR"", ""2025-12-18"": 61.7, ""2025-12-19"": 131.39, ""2025-12-22"": 97.41, ""2025-12-23"": 32.29, ""2025-12-24"": 60.54, ""2025-12-26"": 37.91, ""2025-12-29"": 88.09, ""2025-12-30"": 74.29, ""2026-01-02"": 71.11, ""2026-01-05"": 89.71, ""2026-01-06"": 63.36, ""2026-01-07"": 33.14, ""2026-01-08"": 30.17, ""2026-01-09"": 121.26, ""2026-01-12"": 131.65, ""2026-01-13"": 81.94, ""2026-01-14"": 138.21, ""2026-01-15"": 106.74, ""2026-01-16"": 60.28, ""2026-01-19"": 82.11, ""2026-01-20"": 282.72, ""2026-01-21"": 54.03, ""2026-01-22"": 136.53, ""2026-01-23"": 212.46, ""2026-01-26"": 107.47, ""2026-01-27"": 93.31, ""2026-01-28"": 71.24, ""2026-01-29"": 193.49, ""2026-01-30"": 52.94, ""2026-02-02"": 19.67}",2026-02-02 23:54
156080,KODEX MSCI Korea,34100,-6.24,0.4,2.4,232.2,B7,황금 눌림목: 최적 매수 타점,"{""Ticker"": ""^SOX"", ""2025-12-18"": 6863.6298828125, ""2025-12-19"": 7067.8701171875, ""2025-12-22"": 7145.56982421875, ""2025-12-23"": 7184.5400390625, ""2025-12-24"": 7204.3701171875, ""2025-12-26"": 7207.64013671875, ""2025-12-29"": 7178.27001953125, ""2025-12-30"": 7169.10009765625, ""2025-12-31"": 7083.1298828125, ""2026-01-02"": 7367.47021484375, ""2026-01-05"": 7446.4501953125, ""2026-01-06"": 7650.93017578125, ""2026-01-07"": 7574.8701171875, ""2026-01-08"": 7436.10009765625, ""2026-01-09"": 7638.77978515625, ""2026-01-12"": 7674.83984375, ""2026-01-13"": 7747.990234375, ""2026-01-14"": 7701.47021484375, ""2026-01-15"": 7837.2998046875, ""2026-01-16"": 7927.41015625, ""2026-01-19"": NaN, ""2026-01-20"": 7794.18994140625, ""2026-01-21"": 8042.06982421875, ""2026-01-22"": 8055.169921875, ""2026-01-23"": 7957.93017578125, ""2026-01-26"": 7927.0400390625, ""2026-01-27"": 8117.18017578125, ""2026-01-28"": 8306.740234375, ""2026-01-29"": 8320.3896484375, ""2026-01-30"": 7998.47021484375, ""2026-02-02"": 8134.48828125}","{""metric"": ""Market_ADR"", ""2025-12-18"": 61.7, ""2025-12-19"": 131.39, ""2025-12-22"": 97.41, ""2025-12-23"": 32.29, ""2025-12-24"": 60.54, ""2025-12-26"": 37.91, ""2025-12-29"": 88.09, ""2025-12-30"": 74.29, ""2026-01-02"": 71.11, ""2026-01-05"": 89.71, ""2026-01-06"": 63.36, ""2026-01-07"": 33.14, ""2026-01-08"": 30.17, ""2026-01-09"": 121.26, ""2026-01-12"": 131.65, ""2026-01-13"": 81.94, ""2026-01-14"": 138.21, ""2026-01-15"": 106.74, ""2026-01-16"": 60.28, ""2026-01-19"": 82.11, ""2026-01-20"": 282.72, ""2026-01-21"": 54.03, ""2026-01-22"": 136.53, ""2026-01-23"": 212.46, ""2026-01-26"": 107.47, ""2026-01-27"": 93.31, ""2026-01-28"": 71.24, ""2026-01-29"": 193.49, ""2026-01-30"": 52.94, ""2026-02-02"": 19.67}",2026-02-02 23:54
332940,HANARO MSCI Korea TR,31570,-6.32,0.93,2.35,302.0,S7,천하무적: 시장의 주도주,"{""Ticker"": ""^SOX"", ""2025-12-18"": 6863.6298828125, ""2025-12-19"": 7067.8701171875, ""2025-12-22"": 7145.56982421875, ""2025-12-23"": 7184.5400390625, ""2025-12-24"": 7204.3701171875, ""2025-12-26"": 7207.64013671875, ""2025-12-29"": 7178.27001953125, ""2025-12-30"": 7169.10009765625, ""2025-12-31"": 7083.1298828125, ""2026-01-02"": 7367.47021484375, ""2026-01-05"": 7446.4501953125, ""2026-01-06"": 7650.93017578125, ""2026-01-07"": 7574.8701171875, ""2026-01-08"": 7436.10009765625, ""2026-01-09"": 7638.77978515625, ""2026-01-12"": 7674.83984375, ""2026-01-13"": 7747.990234375, ""2026-01-14"": 7701.47021484375, ""2026-01-15"": 7837.2998046875, ""2026-01-16"": 7927.41015625, ""2026-01-19"": NaN, ""2026-01-20"": 7794.18994140625, ""2026-01-21"": 8042.06982421875, ""2026-01-22"": 8055.169921875, ""2026-01-23"": 7957.93017578125, ""2026-01-26"": 7927.0400390625, ""2026-01-27"": 8117.18017578125, ""2026-01-28"": 8306.740234375, ""2026-01-29"": 8320.3896484375, ""2026-01-30"": 7998.47021484375, ""2026-02-02"": 8134.48828125}","{""metric"": ""Market_ADR"", ""2025-12-18"": 61.7, ""2025-12-19"": 131.39, ""2025-12-22"": 97.41, ""2025-12-23"": 32.29, ""2025-12-24"": 60.54, ""2025-12-26"": 37.91, ""2025-12-29"": 88.09, ""2025-12-30"": 74.29, ""2026-01-02"": 71.11, ""2026-01-05"": 89.71, ""2026-01-06"": 63.36, ""2026-01-07"": 33.14, ""2026-01-08"": 30.17, ""2026-01-09"": 121.26, ""2026-01-12"": 131.65, ""2026-01-13"": 81.94, ""2026-01-14"": 138.21, ""2026-01-15"": 106.74, ""2026-01-16"": 60.28, ""2026-01-19"": 82.11, ""2026-01-20"": 282.72, ""2026-01-21"": 54.03, ""2026-01-22"": 136.53, ""2026-01-23"": 212.46, ""2026-01-26"": 107.47, ""2026-01-27"": 93.31, ""2026-01-28"": 71.24, ""2026-01-29"": 193.49, ""2026-01-30"": 52.94, ""2026-02-02"": 19.67}",2026-02-02 23:54
449690,TIGER 한중반도체(합성),33415,-5.98,3.66,2.34,186.7,S5,안정적 추세 유지 중,"{""Ticker"": ""^SOX"", ""2025-12-18"": 6863.6298828125, ""2025-12-19"": 7067.8701171875, ""2025-12-22"": 7145.56982421875, ""2025-12-23"": 7184.5400390625, ""2025-12-24"": 7204.3701171875, ""2025-12-26"": 7207.64013671875, ""2025-12-29"": 7178.27001953125, ""2025-12-30"": 7169.10009765625, ""2025-12-31"": 7083.1298828125, ""2026-01-02"": 7367.47021484375, ""2026-01-05"": 7446.4501953125, ""2026-01-06"": 7650.93017578125, ""2026-01-07"": 7574.8701171875, ""2026-01-08"": 7436.10009765625, ""2026-01-09"": 7638.77978515625, ""2026-01-12"": 7674.83984375, ""2026-01-13"": 7747.990234375, ""2026-01-14"": 7701.47021484375, ""2026-01-15"": 7837.2998046875, ""2026-01-16"": 7927.41015625, ""2026-01-19"": NaN, ""2026-01-20"": 7794.18994140625, ""2026-01-21"": 8042.06982421875, ""2026-01-22"": 8055.169921875, ""2026-01-23"": 7957.93017578125, ""2026-01-26"": 7927.0400390625, ""2026-01-27"": 8117.18017578125, ""2026-01-28"": 8306.740234375, ""2026-01-29"": 8320.3896484375, ""2026-01-30"": 7998.47021484375, ""2026-02-02"": 8134.48828125}","{""metric"": ""Market_ADR"", ""2025-12-18"": 61.7, ""2025-12-19"": 131.39, ""2025-12-22"": 97.41, ""2025-12-23"": 32.29, ""2025-12-24"": 60.54, ""2025-12-26"": 37.91, ""2025-12-29"": 88.09, ""2025-12-30"": 74.29, ""2026-01-02"": 71.11, ""2026-01-05"": 89.71, ""2026-01-06"": 63.36, ""2026-01-07"": 33.14, ""2026-01-08"": 30.17, ""2026-01-09"": 121.26, ""2026-01-12"": 131.65, ""2026-01-13"": 81.94, ""2026-01-14"": 138.21, ""2026-01-15"": 106.74, ""2026-01-16"": 60.28, ""2026-01-19"": 82.11, ""2026-01-20"": 282.72, ""2026-01-21"": 54.03, ""2026-01-22"": 136.53, ""2026-01-23"": 212.46, ""2026-01-26"": 107.47, ""2026-01-27"": 93.31, ""2026-01-28"": 71.24, ""2026-01-29"": 193.49, ""2026-01-30"": 52.94, ""2026-02-02"": 19.67}",2026-02-02 23:54
326240,RISE IT플러스,30020,-5.79,2.83,2.23,106.1,S5,안정적 추세 유지 중,"{""Ticker"": ""^SOX"", ""2025-12-18"": 6863.6298828125, ""2025-12-19"": 7067.8701171875, ""2025-12-22"": 7145.56982421875, ""2025-12-23"": 7184.5400390625, ""2025-12-24"": 7204.3701171875, ""2025-12-26"": 7207.64013671875, ""2025-12-29"": 7178.27001953125, ""2025-12-30"": 7169.10009765625, ""2025-12-31"": 7083.1298828125, ""2026-01-02"": 7367.47021484375, ""2026-01-05"": 7446.4501953125, ""2026-01-06"": 7650.93017578125, ""2026-01-07"": 7574.8701171875, ""2026-01-08"": 7436.10009765625, ""2026-01-09"": 7638.77978515625, ""2026-01-12"": 7674.83984375, ""2026-01-13"": 7747.990234375, ""2026-01-14"": 7701.47021484375, ""2026-01-15"": 7837.2998046875, ""2026-01-16"": 7927.41015625, ""2026-01-19"": NaN, ""2026-01-20"": 7794.18994140625, ""2026-01-21"": 8042.06982421875, ""2026-01-22"": 8055.169921875, ""2026-01-23"": 7957.93017578125, ""2026-01-26"": 7927.0400390625, ""2026-01-27"": 8117.18017578125, ""2026-01-28"": 8306.740234375, ""2026-01-29"": 8320.3896484375, ""2026-01-30"": 7998.47021484375, ""2026-02-02"": 8134.48828125}","{""metric"": ""Market_ADR"", ""2025-12-18"": 61.7, ""2025-12-19"": 131.39, ""2025-12-22"": 97.41, ""2025-12-23"": 32.29, ""2025-12-24"": 60.54, ""2025-12-26"": 37.91, ""2025-12-29"": 88.09, ""2025-12-30"": 74.29, ""2026-01-02"": 71.11, ""2026-01-05"": 89.71, ""2026-01-06"": 63.36, ""2026-01-07"": 33.14, ""2026-01-08"": 30.17, ""2026-01-09"": 121.26, ""2026-01-12"": 131.65, ""2026-01-13"": 81.94, ""2026-01-14"": 138.21, ""2026-01-15"": 106.74, ""2026-01-16"": 60.28, ""2026-01-19"": 82.11, ""2026-01-20"": 282.72, ""2026-01-21"": 54.03, ""2026-01-22"": 136.53, ""2026-01-23"": 212.46, ""2026-01-26"": 107.47, ""2026-01-27"": 93.31, ""2026-01-28"": 71.24, ""2026-01-29"": 193.49, ""2026-01-30"": 52.94, ""2026-02-02"": 19.67}",2026-02-02 23:54
153270,KIWOOM 코스피100,55505,-5.69,0.49,2.05,218.8,B7,황금 눌림목: 최적 매수 타점,"{""Ticker"": ""^SOX"", ""2025-12-18"": 6863.6298828125, ""2025-12-19"": 7067.8701171875, ""2025-12-22"": 7145.56982421875, ""2025-12-23"": 7184.5400390625, ""2025-12-24"": 7204.3701171875, ""2025-12-26"": 7207.64013671875, ""2025-12-29"": 7178.27001953125, ""2025-12-30"": 7169.10009765625, ""2025-12-31"": 7083.1298828125, ""2026-01-02"": 7367.47021484375, ""2026-01-05"": 7446.4501953125, ""2026-01-06"": 7650.93017578125, ""2026-01-07"": 7574.8701171875, ""2026-01-08"": 7436.10009765625, ""2026-01-09"": 7638.77978515625, ""2026-01-12"": 7674.83984375, ""2026-01-13"": 7747.990234375, ""2026-01-14"": 7701.47021484375, ""2026-01-15"": 7837.2998046875, ""2026-01-16"": 7927.41015625, ""2026-01-19"": NaN, ""2026-01-20"": 7794.18994140625, ""2026-01-21"": 8042.06982421875, ""2026-01-22"": 8055.169921875, ""2026-01-23"": 7957.93017578125, ""2026-01-26"": 7927.0400390625, ""2026-01-27"": 8117.18017578125, ""2026-01-28"": 8306.740234375, ""2026-01-29"": 8320.3896484375, ""2026-01-30"": 7998.47021484375, ""2026-02-02"": 8134.48828125}","{""metric"": ""Market_ADR"", ""2025-12-18"": 61.7, ""2025-12-19"": 131.39, ""2025-12-22"": 97.41, ""2025-12-23"": 32.29, ""2025-12-24"": 60.54, ""2025-12-26"": 37.91, ""2025-12-29"": 88.09, ""2025-12-30"": 74.29, ""2026-01-02"": 71.11, ""2026-01-05"": 89.71, ""2026-01-06"": 63.36, ""2026-01-07"": 33.14, ""2026-01-08"": 30.17, ""2026-01-09"": 121.26, ""2026-01-12"": 131.65, ""2026-01-13"": 81.94, ""2026-01-14"": 138.21, ""2026-01-15"": 106.74, ""2026-01-16"": 60.28, ""2026-01-19"": 82.11, ""2026-01-20"": 282.72, ""2026-01-21"": 54.03, ""2026-01-22"": 136.53, ""2026-01-23"": 212.46, ""2026-01-26"": 107.47, ""2026-01-27"": 93.31, ""2026-01-28"": 71.24, ""2026-01-29"": 193.49, ""2026-01-30"": 52.94, ""2026-02-02"": 19.67}",2026-02-02 23:54
159800,마이티 코스피100,57255,-5.88,0.62,1.89,65.3,B7,황금 눌림목: 최적 매수 타점,"{""Ticker"": ""^SOX"", ""2025-12-18"": 6863.6298828125, ""2025-12-19"": 7067.8701171875, ""2025-12-22"": 7145.56982421875, ""2025-12-23"": 7184.5400390625, ""2025-12-24"": 7204.3701171875, ""2025-12-26"": 7207.64013671875, ""2025-12-29"": 7178.27001953125, ""2025-12-30"": 7169.10009765625, ""2025-12-31"": 7083.1298828125, ""2026-01-02"": 7367.47021484375, ""2026-01-05"": 7446.4501953125, ""2026-01-06"": 7650.93017578125, ""2026-01-07"": 7574.8701171875, ""2026-01-08"": 7436.10009765625, ""2026-01-09"": 7638.77978515625, ""2026-01-12"": 7674.83984375, ""2026-01-13"": 7747.990234375, ""2026-01-14"": 7701.47021484375, ""2026-01-15"": 7837.2998046875, ""2026-01-16"": 7927.41015625, ""2026-01-19"": NaN, ""2026-01-20"": 7794.18994140625, ""2026-01-21"": 8042.06982421875, ""2026-01-22"": 8055.169921875, ""2026-01-23"": 7957.93017578125, ""2026-01-26"": 7927.0400390625, ""2026-01-27"": 8117.18017578125, ""2026-01-28"": 8306.740234375, ""2026-01-29"": 8320.3896484375, ""2026-01-30"": 7998.47021484375, ""2026-02-02"": 8134.48828125}","{""metric"": ""Market_ADR"", ""2025-12-18"": 61.7, ""2025-12-19"": 131.39, ""2025-12-22"": 97.41, ""2025-12-23"": 32.29, ""2025-12-24"": 60.54, ""2025-12-26"": 37.91, ""2025-12-29"": 88.09, ""2025-12-30"": 74.29, ""2026-01-02"": 71.11, ""2026-01-05"": 89.71, ""2026-01-06"": 63.36, ""2026-01-07"": 33.14, ""2026-01-08"": 30.17, ""2026-01-09"": 121.26, ""2026-01-12"": 131.65, ""2026-01-13"": 81.94, ""2026-01-14"": 138.21, ""2026-01-15"": 106.74, ""2026-01-16"": 60.28, ""2026-01-19"": 82.11, ""2026-01-20"": 282.72, ""2026-01-21"": 54.03, ""2026-01-22"": 136.53, ""2026-01-23"": 212.46, ""2026-01-26"": 107.47, ""2026-01-27"": 93.31, ""2026-01-28"": 71.24, ""2026-01-29"": 193.49, ""2026-01-30"": 52.94, ""2026-02-02"": 19.67}",2026-02-02 23:54
482030,KoAct 반도체&2차전지핵심소재액티브,11535,-6.22,2.9,1.77,170.8,S5,안정적 추세 유지 중,"{""Ticker"": ""^SOX"", ""2025-12-18"": 6863.6298828125, ""2025-12-19"": 7067.8701171875, ""2025-12-22"": 7145.56982421875, ""2025-12-23"": 7184.5400390625, ""2025-12-24"": 7204.3701171875, ""2025-12-26"": 7207.64013671875, ""2025-12-29"": 7178.27001953125, ""2025-12-30"": 7169.10009765625, ""2025-12-31"": 7083.1298828125, ""2026-01-02"": 7367.47021484375, ""2026-01-05"": 7446.4501953125, ""2026-01-06"": 7650.93017578125, ""2026-01-07"": 7574.8701171875, ""2026-01-08"": 7436.10009765625, ""2026-01-09"": 7638.77978515625, ""2026-01-12"": 7674.83984375, ""2026-01-13"": 7747.990234375, ""2026-01-14"": 7701.47021484375, ""2026-01-15"": 7837.2998046875, ""2026-01-16"": 7927.41015625, ""2026-01-19"": NaN, ""2026-01-20"": 7794.18994140625, ""2026-01-21"": 8042.06982421875, ""2026-01-22"": 8055.169921875, ""2026-01-23"": 7957.93017578125, ""2026-01-26"": 7927.0400390625, ""2026-01-27"": 8117.18017578125, ""2026-01-28"": 8306.740234375, ""2026-01-29"": 8320.3896484375, ""2026-01-30"": 7998.47021484375, ""2026-02-02"": 8134.48828125}","{""metric"": ""Market_ADR"", ""2025-12-18"": 61.7, ""2025-12-19"": 131.39, ""2025-12-22"": 97.41, ""2025-12-23"": 32.29, ""2025-12-24"": 60.54, ""2025-12-26"": 37.91, ""2025-12-29"": 88.09, ""2025-12-30"": 74.29, ""2026-01-02"": 71.11, ""2026-01-05"": 89.71, ""2026-01-06"": 63.36, ""2026-01-07"": 33.14, ""2026-01-08"": 30.17, ""2026-01-09"": 121.26, ""2026-01-12"": 131.65, ""2026-01-13"": 81.94, ""2026-01-14"": 138.21, ""2026-01-15"": 106.74, ""2026-01-16"": 60.28, ""2026-01-19"": 82.11, ""2026-01-20"": 282.72, ""2026-01-21"": 54.03, ""2026-01-22"": 136.53, ""2026-01-23"": 212.46, ""2026-01-26"": 107.47, ""2026-01-27"": 93.31, ""2026-01-28"": 71.24, ""2026-01-29"": 193.49, ""2026-01-30"": 52.94, ""2026-02-02"": 19.67}",2026-02-02 23:54
387280,TIGER 퓨처모빌리티액티브,11555,-5.4,1.45,1.7,131.4,S6,천하무적: 시장의 주도주,"{""Ticker"": ""^SOX"", ""2025-12-18"": 6863.6298828125, ""2025-12-19"": 7067.8701171875, ""2025-12-22"": 7145.56982421875, ""2025-12-23"": 7184.5400390625, ""2025-12-24"": 7204.3701171875, ""2025-12-26"": 7207.64013671875, ""2025-12-29"": 7178.27001953125, ""2025-12-30"": 7169.10009765625, ""2025-12-31"": 7083.1298828125, ""2026-01-02"": 7367.47021484375, ""2026-01-05"": 7446.4501953125, ""2026-01-06"": 7650.93017578125, ""2026-01-07"": 7574.8701171875, ""2026-01-08"": 7436.10009765625, ""2026-01-09"": 7638.77978515625, ""2026-01-12"": 7674.83984375, ""2026-01-13"": 7747.990234375, ""2026-01-14"": 7701.47021484375, ""2026-01-15"": 7837.2998046875, ""2026-01-16"": 7927.41015625, ""2026-01-19"": NaN, ""2026-01-20"": 7794.18994140625, ""2026-01-21"": 8042.06982421875, ""2026-01-22"": 8055.169921875, ""2026-01-23"": 7957.93017578125, ""2026-01-26"": 7927.0400390625, ""2026-01-27"": 8117.18017578125, ""2026-01-28"": 8306.740234375, ""2026-01-29"": 8320.3896484375, ""2026-01-30"": 7998.47021484375, ""2026-02-02"": 8134.48828125}","{""metric"": ""Market_ADR"", ""2025-12-18"": 61.7, ""2025-12-19"": 131.39, ""2025-12-22"": 97.41, ""2025-12-23"": 32.29, ""2025-12-24"": 60.54, ""2025-12-26"": 37.91, ""2025-12-29"": 88.09, ""2025-12-30"": 74.29, ""2026-01-02"": 71.11, ""2026-01-05"": 89.71, ""2026-01-06"": 63.36, ""2026-01-07"": 33.14, ""2026-01-08"": 30.17, ""2026-01-09"": 121.26, ""2026-01-12"": 131.65, ""2026-01-13"": 81.94, ""2026-01-14"": 138.21, ""2026-01-15"": 106.74, ""2026-01-16"": 60.28, ""2026-01-19"": 82.11, ""2026-01-20"": 282.72, ""2026-01-21"": 54.03, ""2026-01-22"": 136.53, ""2026-01-23"": 212.46, ""2026-01-26"": 107.47, ""2026-01-27"": 93.31, ""2026-01-28"": 71.24, ""2026-01-29"": 193.49, ""2026-01-30"": 52.94, ""2026-02-02"": 19.67}",2026-02-02 23:54
0112X0,마이티 200TR,27305,-5.49,0.91,1.68,184.1,S6,천하무적: 시장의 주도주,"{""Ticker"": ""^SOX"", ""2025-12-18"": 6863.6298828125, ""2025-12-19"": 7067.8701171875, ""2025-12-22"": 7145.56982421875, ""2025-12-23"": 7184.5400390625, ""2025-12-24"": 7204.3701171875, ""2025-12-26"": 7207.64013671875, ""2025-12-29"": 7178.27001953125, ""2025-12-30"": 7169.10009765625, ""2025-12-31"": 7083.1298828125, ""2026-01-02"": 7367.47021484375, ""2026-01-05"": 7446.4501953125, ""2026-01-06"": 7650.93017578125, ""2026-01-07"": 7574.8701171875, ""2026-01-08"": 7436.10009765625, ""2026-01-09"": 7638.77978515625, ""2026-01-12"": 7674.83984375, ""2026-01-13"": 7747.990234375, ""2026-01-14"": 7701.47021484375, ""2026-01-15"": 7837.2998046875, ""2026-01-16"": 7927.41015625, ""2026-01-19"": NaN, ""2026-01-20"": 7794.18994140625, ""2026-01-21"": 8042.06982421875, ""2026-01-22"": 8055.169921875, ""2026-01-23"": 7957.93017578125, ""2026-01-26"": 7927.0400390625, ""2026-01-27"": 8117.18017578125, ""2026-01-28"": 8306.740234375, ""2026-01-29"": 8320.3896484375, ""2026-01-30"": 7998.47021484375, ""2026-02-02"": 8134.48828125}","{""metric"": ""Market_ADR"", ""2025-12-18"": 61.7, ""2025-12-19"": 131.39, ""2025-12-22"": 97.41, ""2025-12-23"": 32.29, ""2025-12-24"": 60.54, ""2025-12-26"": 37.91, ""2025-12-29"": 88.09, ""2025-12-30"": 74.29, ""2026-01-02"": 71.11, ""2026-01-05"": 89.71, ""2026-01-06"": 63.36, ""2026-01-07"": 33.14, ""2026-01-08"": 30.17, ""2026-01-09"": 121.26, ""2026-01-12"": 131.65, ""2026-01-13"": 81.94, ""2026-01-14"": 138.21, ""2026-01-15"": 106.74, ""2026-01-16"": 60.28, ""2026-01-19"": 82.11, ""2026-01-20"": 282.72, ""2026-01-21"": 54.03, ""2026-01-22"": 136.53, ""2026-01-23"": 212.46, ""2026-01-26"": 107.47, ""2026-01-27"": 93.31, ""2026-01-28"": 71.24, ""2026-01-29"": 193.49, ""2026-01-30"": 52.94, ""2026-02-02"": 19.67}",2026-02-02 23:54
100910,KIWOOM KRX100,11445,-6.19,0.22,1.63,343.1,B7,황금 눌림목: 최적 매수 타점,"{""Ticker"": ""^SOX"", ""2025-12-18"": 6863.6298828125, ""2025-12-19"": 7067.8701171875, ""2025-12-22"": 7145.56982421875, ""2025-12-23"": 7184.5400390625, ""2025-12-24"": 7204.3701171875, ""2025-12-26"": 7207.64013671875, ""2025-12-29"": 7178.27001953125, ""2025-12-30"": 7169.10009765625, ""2025-12-31"": 7083.1298828125, ""2026-01-02"": 7367.47021484375, ""2026-01-05"": 7446.4501953125, ""2026-01-06"": 7650.93017578125, ""2026-01-07"": 7574.8701171875, ""2026-01-08"": 7436.10009765625, ""2026-01-09"": 7638.77978515625, ""2026-01-12"": 7674.83984375, ""2026-01-13"": 7747.990234375, ""2026-01-14"": 7701.47021484375, ""2026-01-15"": 7837.2998046875, ""2026-01-16"": 7927.41015625, ""2026-01-19"": NaN, ""2026-01-20"": 7794.18994140625, ""2026-01-21"": 8042.06982421875, ""2026-01-22"": 8055.169921875, ""2026-01-23"": 7957.93017578125, ""2026-01-26"": 7927.0400390625, ""2026-01-27"": 8117.18017578125, ""2026-01-28"": 8306.740234375, ""2026-01-29"": 8320.3896484375, ""2026-01-30"": 7998.47021484375, ""2026-02-02"": 8134.48828125}","{""metric"": ""Market_ADR"", ""2025-12-18"": 61.7, ""2025-12-19"": 131.39, ""2025-12-22"": 97.41, ""2025-12-23"": 32.29, ""2025-12-24"": 60.54, ""2025-12-26"": 37.91, ""2025-12-29"": 88.09, ""2025-12-30"": 74.29, ""2026-01-02"": 71.11, ""2026-01-05"": 89.71, ""2026-01-06"": 63.36, ""2026-01-07"": 33.14, ""2026-01-08"": 30.17, ""2026-01-09"": 121.26, ""2026-01-12"": 131.65, ""2026-01-13"": 81.94, ""2026-01-14"": 138.21, ""2026-01-15"": 106.74, ""2026-01-16"": 60.28, ""2026-01-19"": 82.11, ""2026-01-20"": 282.72, ""2026-01-21"": 54.03, ""2026-01-22"": 136.53, ""2026-01-23"": 212.46, ""2026-01-26"": 107.47, ""2026-01-27"": 93.31, ""2026-01-28"": 71.24, ""2026-01-29"": 193.49, ""2026-01-30"": 52.94, ""2026-02-02"": 19.67}",2026-02-02 23:54
491700,HK 200,73725,-5.75,1.05,1.41,100.7,S5,안정적 추세 유지 중,"{""Ticker"": ""^SOX"", ""2025-12-18"": 6863.6298828125, ""2025-12-19"": 7067.8701171875, ""2025-12-22"": 7145.56982421875, ""2025-12-23"": 7184.5400390625, ""2025-12-24"": 7204.3701171875, ""2025-12-26"": 7207.64013671875, ""2025-12-29"": 7178.27001953125, ""2025-12-30"": 7169.10009765625, ""2025-12-31"": 7083.1298828125, ""2026-01-02"": 7367.47021484375, ""2026-01-05"": 7446.4501953125, ""2026-01-06"": 7650.93017578125, ""2026-01-07"": 7574.8701171875, ""2026-01-08"": 7436.10009765625, ""2026-01-09"": 7638.77978515625, ""2026-01-12"": 7674.83984375, ""2026-01-13"": 7747.990234375, ""2026-01-14"": 7701.47021484375, ""2026-01-15"": 7837.2998046875, ""2026-01-16"": 7927.41015625, ""2026-01-19"": NaN, ""2026-01-20"": 7794.18994140625, ""2026-01-21"": 8042.06982421875, ""2026-01-22"": 8055.169921875, ""2026-01-23"": 7957.93017578125, ""2026-01-26"": 7927.0400390625, ""2026-01-27"": 8117.18017578125, ""2026-01-28"": 8306.740234375, ""2026-01-29"": 8320.3896484375, ""2026-01-30"": 7998.47021484375, ""2026-02-02"": 8134.48828125}","{""metric"": ""Market_ADR"", ""2025-12-18"": 61.7, ""2025-12-19"": 131.39, ""2025-12-22"": 97.41, ""2025-12-23"": 32.29, ""2025-12-24"": 60.54, ""2025-12-26"": 37.91, ""2025-12-29"": 88.09, ""2025-12-30"": 74.29, ""2026-01-02"": 71.11, ""2026-01-05"": 89.71, ""2026-01-06"": 63.36, ""2026-01-07"": 33.14, ""2026-01-08"": 30.17, ""2026-01-09"": 121.26, ""2026-01-12"": 131.65, ""2026-01-13"": 81.94, ""2026-01-14"": 138.21, ""2026-01-15"": 106.74, ""2026-01-16"": 60.28, ""2026-01-19"": 82.11, ""2026-01-20"": 282.72, ""2026-01-21"": 54.03, ""2026-01-22"": 136.53, ""2026-01-23"": 212.46, ""2026-01-26"": 107.47, ""2026-01-27"": 93.31, ""2026-01-28"": 71.24, ""2026-01-29"": 193.49, ""2026-01-30"": 52.94, ""2026-02-02"": 19.67}",2026-02-02 23:54
385520,KODEX 자율주행액티브,14090,-4.51,-0.77,1.35,117.0,B4,박스권 에너지 응축 중,"{""Ticker"": ""^SOX"", ""2025-12-18"": 6863.6298828125, ""2025-12-19"": 7067.8701171875, ""2025-12-22"": 7145.56982421875, ""2025-12-23"": 7184.5400390625, ""2025-12-24"": 7204.3701171875, ""2025-12-26"": 7207.64013671875, ""2025-12-29"": 7178.27001953125, ""2025-12-30"": 7169.10009765625, ""2025-12-31"": 7083.1298828125, ""2026-01-02"": 7367.47021484375, ""2026-01-05"": 7446.4501953125, ""2026-01-06"": 7650.93017578125, ""2026-01-07"": 7574.8701171875, ""2026-01-08"": 7436.10009765625, ""2026-01-09"": 7638.77978515625, ""2026-01-12"": 7674.83984375, ""2026-01-13"": 7747.990234375, ""2026-01-14"": 7701.47021484375, ""2026-01-15"": 7837.2998046875, ""2026-01-16"": 7927.41015625, ""2026-01-19"": NaN, ""2026-01-20"": 7794.18994140625, ""2026-01-21"": 8042.06982421875, ""2026-01-22"": 8055.169921875, ""2026-01-23"": 7957.93017578125, ""2026-01-26"": 7927.0400390625, ""2026-01-27"": 8117.18017578125, ""2026-01-28"": 8306.740234375, ""2026-01-29"": 8320.3896484375, ""2026-01-30"": 7998.47021484375, ""2026-02-02"": 8134.48828125}","{""metric"": ""Market_ADR"", ""2025-12-18"": 61.7, ""2025-12-19"": 131.39, ""2025-12-22"": 97.41, ""2025-12-23"": 32.29, ""2025-12-24"": 60.54, ""2025-12-26"": 37.91, ""2025-12-29"": 88.09, ""2025-12-30"": 74.29, ""2026-01-02"": 71.11, ""2026-01-05"": 89.71, ""2026-01-06"": 63.36, ""2026-01-07"": 33.14, ""2026-01-08"": 30.17, ""2026-01-09"": 121.26, ""2026-01-12"": 131.65, ""2026-01-13"": 81.94, ""2026-01-14"": 138.21, ""2026-01-15"": 106.74, ""2026-01-16"": 60.28, ""2026-01-19"": 82.11, ""2026-01-20"": 282.72, ""2026-01-21"": 54.03, ""2026-01-22"": 136.53, ""2026-01-23"": 212.46, ""2026-01-26"": 107.47, ""2026-01-27"": 93.31, ""2026-01-28"": 71.24, ""2026-01-29"": 193.49, ""2026-01-30"": 52.94, ""2026-02-02"": 19.67}",2026-02-02 23:54
385710,TIME K이노베이션액티브,12405,-3.61,1.47,1.29,209.4,S6,천하무적: 시장의 주도주,"{""Ticker"": ""^SOX"", ""2025-12-18"": 6863.6298828125, ""2025-12-19"": 7067.8701171875, ""2025-12-22"": 7145.56982421875, ""2025-12-23"": 7184.5400390625, ""2025-12-24"": 7204.3701171875, ""2025-12-26"": 7207.64013671875, ""2025-12-29"": 7178.27001953125, ""2025-12-30"": 7169.10009765625, ""2025-12-31"": 7083.1298828125, ""2026-01-02"": 7367.47021484375, ""2026-01-05"": 7446.4501953125, ""2026-01-06"": 7650.93017578125, ""2026-01-07"": 7574.8701171875, ""2026-01-08"": 7436.10009765625, ""2026-01-09"": 7638.77978515625, ""2026-01-12"": 7674.83984375, ""2026-01-13"": 7747.990234375, ""2026-01-14"": 7701.47021484375, ""2026-01-15"": 7837.2998046875, ""2026-01-16"": 7927.41015625, ""2026-01-19"": NaN, ""2026-01-20"": 7794.18994140625, ""2026-01-21"": 8042.06982421875, ""2026-01-22"": 8055.169921875, ""2026-01-23"": 7957.93017578125, ""2026-01-26"": 7927.0400390625, ""2026-01-27"": 8117.18017578125, ""2026-01-28"": 8306.740234375, ""2026-01-29"": 8320.3896484375, ""2026-01-30"": 7998.47021484375, ""2026-02-02"": 8134.48828125}","{""metric"": ""Market_ADR"", ""2025-12-18"": 61.7, ""2025-12-19"": 131.39, ""2025-12-22"": 97.41, ""2025-12-23"": 32.29, ""2025-12-24"": 60.54, ""2025-12-26"": 37.91, ""2025-12-29"": 88.09, ""2025-12-30"": 74.29, ""2026-01-02"": 71.11, ""2026-01-05"": 89.71, ""2026-01-06"": 63.36, ""2026-01-07"": 33.14, ""2026-01-08"": 30.17, ""2026-01-09"": 121.26, ""2026-01-12"": 131.65, ""2026-01-13"": 81.94, ""2026-01-14"": 138.21, ""2026-01-15"": 106.74, ""2026-01-16"": 60.28, ""2026-01-19"": 82.11, ""2026-01-20"": 282.72, ""2026-01-21"": 54.03, ""2026-01-22"": 136.53, ""2026-01-23"": 212.46, ""2026-01-26"": 107.47, ""2026-01-27"": 93.31, ""2026-01-28"": 71.24, ""2026-01-29"": 193.49, ""2026-01-30"": 52.94, ""2026-02-02"": 19.67}",2026-02-02 23:54
448100,WON 200,74980,-5.7,0.65,1.26,887.1,B7,황금 눌림목: 최적 매수 타점,"{""Ticker"": ""^SOX"", ""2025-12-18"": 6863.6298828125, ""2025-12-19"": 7067.8701171875, ""2025-12-22"": 7145.56982421875, ""2025-12-23"": 7184.5400390625, ""2025-12-24"": 7204.3701171875, ""2025-12-26"": 7207.64013671875, ""2025-12-29"": 7178.27001953125, ""2025-12-30"": 7169.10009765625, ""2025-12-31"": 7083.1298828125, ""2026-01-02"": 7367.47021484375, ""2026-01-05"": 7446.4501953125, ""2026-01-06"": 7650.93017578125, ""2026-01-07"": 7574.8701171875, ""2026-01-08"": 7436.10009765625, ""2026-01-09"": 7638.77978515625, ""2026-01-12"": 7674.83984375, ""2026-01-13"": 7747.990234375, ""2026-01-14"": 7701.47021484375, ""2026-01-15"": 7837.2998046875, ""2026-01-16"": 7927.41015625, ""2026-01-19"": NaN, ""2026-01-20"": 7794.18994140625, ""2026-01-21"": 8042.06982421875, ""2026-01-22"": 8055.169921875, ""2026-01-23"": 7957.93017578125, ""2026-01-26"": 7927.0400390625, ""2026-01-27"": 8117.18017578125, ""2026-01-28"": 8306.740234375, ""2026-01-29"": 8320.3896484375, ""2026-01-30"": 7998.47021484375, ""2026-02-02"": 8134.48828125}","{""metric"": ""Market_ADR"", ""2025-12-18"": 61.7, ""2025-12-19"": 131.39, ""2025-12-22"": 97.41, ""2025-12-23"": 32.29, ""2025-12-24"": 60.54, ""2025-12-26"": 37.91, ""2025-12-29"": 88.09, ""2025-12-30"": 74.29, ""2026-01-02"": 71.11, ""2026-01-05"": 89.71, ""2026-01-06"": 63.36, ""2026-01-07"": 33.14, ""2026-01-08"": 30.17, ""2026-01-09"": 121.26, ""2026-01-12"": 131.65, ""2026-01-13"": 81.94, ""2026-01-14"": 138.21, ""2026-01-15"": 106.74, ""2026-01-16"": 60.28, ""2026-01-19"": 82.11, ""2026-01-20"": 282.72, ""2026-01-21"": 54.03, ""2026-01-22"": 136.53, ""2026-01-23"": 212.46, ""2026-01-26"": 107.47, ""2026-01-27"": 93.31, ""2026-01-28"": 71.24, ""2026-01-29"": 193.49, ""2026-01-30"": 52.94, ""2026-02-02"": 19.67}",2026-02-02 23:54
472840,ITF 200,72825,-5.56,0.87,1.17,181.9,S6,천하무적: 시장의 주도주,"{""Ticker"": ""^SOX"", ""2025-12-18"": 6863.6298828125, ""2025-12-19"": 7067.8701171875, ""2025-12-22"": 7145.56982421875, ""2025-12-23"": 7184.5400390625, ""2025-12-24"": 7204.3701171875, ""2025-12-26"": 7207.64013671875, ""2025-12-29"": 7178.27001953125, ""2025-12-30"": 7169.10009765625, ""2025-12-31"": 7083.1298828125, ""2026-01-02"": 7367.47021484375, ""2026-01-05"": 7446.4501953125, ""2026-01-06"": 7650.93017578125, ""2026-01-07"": 7574.8701171875, ""2026-01-08"": 7436.10009765625, ""2026-01-09"": 7638.77978515625, ""2026-01-12"": 7674.83984375, ""2026-01-13"": 7747.990234375, ""2026-01-14"": 7701.47021484375, ""2026-01-15"": 7837.2998046875, ""2026-01-16"": 7927.41015625, ""2026-01-19"": NaN, ""2026-01-20"": 7794.18994140625, ""2026-01-21"": 8042.06982421875, ""2026-01-22"": 8055.169921875, ""2026-01-23"": 7957.93017578125, ""2026-01-26"": 7927.0400390625, ""2026-01-27"": 8117.18017578125, ""2026-01-28"": 8306.740234375, ""2026-01-29"": 8320.3896484375, ""2026-01-30"": 7998.47021484375, ""2026-02-02"": 8134.48828125}","{""metric"": ""Market_ADR"", ""2025-12-18"": 61.7, ""2025-12-19"": 131.39, ""2025-12-22"": 97.41, ""2025-12-23"": 32.29, ""2025-12-24"": 60.54, ""2025-12-26"": 37.91, ""2025-12-29"": 88.09, ""2025-12-30"": 74.29, ""2026-01-02"": 71.11, ""2026-01-05"": 89.71, ""2026-01-06"": 63.36, ""2026-01-07"": 33.14, ""2026-01-08"": 30.17, ""2026-01-09"": 121.26, ""2026-01-12"": 131.65, ""2026-01-13"": 81.94, ""2026-01-14"": 138.21, ""2026-01-15"": 106.74, ""2026-01-16"": 60.28, ""2026-01-19"": 82.11, ""2026-01-20"": 282.72, ""2026-01-21"": 54.03, ""2026-01-22"": 136.53, ""2026-01-23"": 212.46, ""2026-01-26"": 107.47, ""2026-01-27"": 93.31, ""2026-01-28"": 71.24, ""2026-01-29"": 193.49, ""2026-01-30"": 52.94, ""2026-02-02"": 19.67}",2026-02-02 23:54
0098Z0,FOCUS 200,62640,-6.08,1.62,1.14,35.6,S4,안정적 추세 유지 중,"{""Ticker"": ""^SOX"", ""2025-12-18"": 6863.6298828125, ""2025-12-19"": 7067.8701171875, ""2025-12-22"": 7145.56982421875, ""2025-12-23"": 7184.5400390625, ""2025-12-24"": 7204.3701171875, ""2025-12-26"": 7207.64013671875, ""2025-12-29"": 7178.27001953125, ""2025-12-30"": 7169.10009765625, ""2025-12-31"": 7083.1298828125, ""2026-01-02"": 7367.47021484375, ""2026-01-05"": 7446.4501953125, ""2026-01-06"": 7650.93017578125, ""2026-01-07"": 7574.8701171875, ""2026-01-08"": 7436.10009765625, ""2026-01-09"": 7638.77978515625, ""2026-01-12"": 7674.83984375, ""2026-01-13"": 7747.990234375, ""2026-01-14"": 7701.47021484375, ""2026-01-15"": 7837.2998046875, ""2026-01-16"": 7927.41015625, ""2026-01-19"": NaN, ""2026-01-20"": 7794.18994140625, ""2026-01-21"": 8042.06982421875, ""2026-01-22"": 8055.169921875, ""2026-01-23"": 7957.93017578125, ""2026-01-26"": 7927.0400390625, ""2026-01-27"": 8117.18017578125, ""2026-01-28"": 8306.740234375, ""2026-01-29"": 8320.3896484375, ""2026-01-30"": 7998.47021484375, ""2026-02-02"": 8134.48828125}","{""metric"": ""Market_ADR"", ""2025-12-18"": 61.7, ""2025-12-19"": 131.39, ""2025-12-22"": 97.41, ""2025-12-23"": 32.29, ""2025-12-24"": 60.54, ""2025-12-26"": 37.91, ""2025-12-29"": 88.09, ""2025-12-30"": 74.29, ""2026-01-02"": 71.11, ""2026-01-05"": 89.71, ""2026-01-06"": 63.36, ""2026-01-07"": 33.14, ""2026-01-08"": 30.17, ""2026-01-09"": 121.26, ""2026-01-12"": 131.65, ""2026-01-13"": 81.94, ""2026-01-14"": 138.21, ""2026-01-15"": 106.74, ""2026-01-16"": 60.28, ""2026-01-19"": 82.11, ""2026-01-20"": 282.72, ""2026-01-21"": 54.03, ""2026-01-22"": 136.53, ""2026-01-23"": 212.46, ""2026-01-26"": 107.47, ""2026-01-27"": 93.31, ""2026-01-28"": 71.24, ""2026-01-29"": 193.49, ""2026-01-30"": 52.94, ""2026-02-02"": 19.67}",2026-02-02 23:54
294400,KIWOOM 200TR,95100,-5.78,0.97,1.11,315.6,S7,천하무적: 시장의 주도주,"{""Ticker"": ""^SOX"", ""2025-12-18"": 6863.6298828125, ""2025-12-19"": 7067.8701171875, ""2025-12-22"": 7145.56982421875, ""2025-12-23"": 7184.5400390625, ""2025-12-24"": 7204.3701171875, ""2025-12-26"": 7207.64013671875, ""2025-12-29"": 7178.27001953125, ""2025-12-30"": 7169.10009765625, ""2025-12-31"": 7083.1298828125, ""2026-01-02"": 7367.47021484375, ""2026-01-05"": 7446.4501953125, ""2026-01-06"": 7650.93017578125, ""2026-01-07"": 7574.8701171875, ""2026-01-08"": 7436.10009765625, ""2026-01-09"": 7638.77978515625, ""2026-01-12"": 7674.83984375, ""2026-01-13"": 7747.990234375, ""2026-01-14"": 7701.47021484375, ""2026-01-15"": 7837.2998046875, ""2026-01-16"": 7927.41015625, ""2026-01-19"": NaN, ""2026-01-20"": 7794.18994140625, ""2026-01-21"": 8042.06982421875, ""2026-01-22"": 8055.169921875, ""2026-01-23"": 7957.93017578125, ""2026-01-26"": 7927.0400390625, ""2026-01-27"": 8117.18017578125, ""2026-01-28"": 8306.740234375, ""2026-01-29"": 8320.3896484375, ""2026-01-30"": 7998.47021484375, ""2026-02-02"": 8134.48828125}","{""metric"": ""Market_ADR"", ""2025-12-18"": 61.7, ""2025-12-19"": 131.39, ""2025-12-22"": 97.41, ""2025-12-23"": 32.29, ""2025-12-24"": 60.54, ""2025-12-26"": 37.91, ""2025-12-29"": 88.09, ""2025-12-30"": 74.29, ""2026-01-02"": 71.11, ""2026-01-05"": 89.71, ""2026-01-06"": 63.36, ""2026-01-07"": 33.14, ""2026-01-08"": 30.17, ""2026-01-09"": 121.26, ""2026-01-12"": 131.65, ""2026-01-13"": 81.94, ""2026-01-14"": 138.21, ""2026-01-15"": 106.74, ""2026-01-16"": 60.28, ""2026-01-19"": 82.11, ""2026-01-20"": 282.72, ""2026-01-21"": 54.03, ""2026-01-22"": 136.53, ""2026-01-23"": 212.46, ""2026-01-26"": 107.47, ""2026-01-27"": 93.31, ""2026-01-28"": 71.24, ""2026-01-29"": 193.49, ""2026-01-30"": 52.94, ""2026-02-02"": 19.67}",2026-02-02 23:54
278530,KODEX 200TR,26200,-5.74,0.83,1.1,250.7,S7,천하무적: 시장의 주도주,"{""Ticker"": ""^SOX"", ""2025-12-18"": 6863.6298828125, ""2025-12-19"": 7067.8701171875, ""2025-12-22"": 7145.56982421875, ""2025-12-23"": 7184.5400390625, ""2025-12-24"": 7204.3701171875, ""2025-12-26"": 7207.64013671875, ""2025-12-29"": 7178.27001953125, ""2025-12-30"": 7169.10009765625, ""2025-12-31"": 7083.1298828125, ""2026-01-02"": 7367.47021484375, ""2026-01-05"": 7446.4501953125, ""2026-01-06"": 7650.93017578125, ""2026-01-07"": 7574.8701171875, ""2026-01-08"": 7436.10009765625, ""2026-01-09"": 7638.77978515625, ""2026-01-12"": 7674.83984375, ""2026-01-13"": 7747.990234375, ""2026-01-14"": 7701.47021484375, ""2026-01-15"": 7837.2998046875, ""2026-01-16"": 7927.41015625, ""2026-01-19"": NaN, ""2026-01-20"": 7794.18994140625, ""2026-01-21"": 8042.06982421875, ""2026-01-22"": 8055.169921875, ""2026-01-23"": 7957.93017578125, ""2026-01-26"": 7927.0400390625, ""2026-01-27"": 8117.18017578125, ""2026-01-28"": 8306.740234375, ""2026-01-29"": 8320.3896484375, ""2026-01-30"": 7998.47021484375, ""2026-02-02"": 8134.48828125}","{""metric"": ""Market_ADR"", ""2025-12-18"": 61.7, ""2025-12-19"": 131.39, ""2025-12-22"": 97.41, ""2025-12-23"": 32.29, ""2025-12-24"": 60.54, ""2025-12-26"": 37.91, ""2025-12-29"": 88.09, ""2025-12-30"": 74.29, ""2026-01-02"": 71.11, ""2026-01-05"": 89.71, ""2026-01-06"": 63.36, ""2026-01-07"": 33.14, ""2026-01-08"": 30.17, ""2026-01-09"": 121.26, ""2026-01-12"": 131.65, ""2026-01-13"": 81.94, ""2026-01-14"": 138.21, ""2026-01-15"": 106.74, ""2026-01-16"": 60.28, ""2026-01-19"": 82.11, ""2026-01-20"": 282.72, ""2026-01-21"": 54.03, ""2026-01-22"": 136.53, ""2026-01-23"": 212.46, ""2026-01-26"": 107.47, ""2026-01-27"": 93.31, ""2026-01-28"": 71.24, ""2026-01-29"": 193.49, ""2026-01-30"": 52.94, ""2026-02-02"": 19.67}",2026-02-02 23:54
361580,RISE 200TR,41155,-5.9,0.81,1.06,295.8,S7,천하무적: 시장의 주도주,"{""Ticker"": ""^SOX"", ""2025-12-18"": 6863.6298828125, ""2025-12-19"": 7067.8701171875, ""2025-12-22"": 7145.56982421875, ""2025-12-23"": 7184.5400390625, ""2025-12-24"": 7204.3701171875, ""2025-12-26"": 7207.64013671875, ""2025-12-29"": 7178.27001953125, ""2025-12-30"": 7169.10009765625, ""2025-12-31"": 7083.1298828125, ""2026-01-02"": 7367.47021484375, ""2026-01-05"": 7446.4501953125, ""2026-01-06"": 7650.93017578125, ""2026-01-07"": 7574.8701171875, ""2026-01-08"": 7436.10009765625, ""2026-01-09"": 7638.77978515625, ""2026-01-12"": 7674.83984375, ""2026-01-13"": 7747.990234375, ""2026-01-14"": 7701.47021484375, ""2026-01-15"": 7837.2998046875, ""2026-01-16"": 7927.41015625, ""2026-01-19"": NaN, ""2026-01-20"": 7794.18994140625, ""2026-01-21"": 8042.06982421875, ""2026-01-22"": 8055.169921875, ""2026-01-23"": 7957.93017578125, ""2026-01-26"": 7927.0400390625, ""2026-01-27"": 8117.18017578125, ""2026-01-28"": 8306.740234375, ""2026-01-29"": 8320.3896484375, ""2026-01-30"": 7998.47021484375, ""2026-02-02"": 8134.48828125}","{""metric"": ""Market_ADR"", ""2025-12-18"": 61.7, ""2025-12-19"": 131.39, ""2025-12-22"": 97.41, ""2025-12-23"": 32.29, ""2025-12-24"": 60.54, ""2025-12-26"": 37.91, ""2025-12-29"": 88.09, ""2025-12-30"": 74.29, ""2026-01-02"": 71.11, ""2026-01-05"": 89.71, ""2026-01-06"": 63.36, ""2026-01-07"": 33.14, ""2026-01-08"": 30.17, ""2026-01-09"": 121.26, ""2026-01-12"": 131.65, ""2026-01-13"": 81.94, ""2026-01-14"": 138.21, ""2026-01-15"": 106.74, ""2026-01-16"": 60.28, ""2026-01-19"": 82.11, ""2026-01-20"": 282.72, ""2026-01-21"": 54.03, ""2026-01-22"": 136.53, ""2026-01-23"": 212.46, ""2026-01-26"": 107.47, ""2026-01-27"": 93.31, ""2026-01-28"": 71.24, ""2026-01-29"": 193.49, ""2026-01-30"": 52.94, ""2026-02-02"": 19.67}",2026-02-02 23:54
292050,RISE KRX300,34455,-5.85,0.72,1.04,86.8,B5,박스권 에너지 응축 중,"{""Ticker"": ""^SOX"", ""2025-12-18"": 6863.6298828125, ""2025-12-19"": 7067.8701171875, ""2025-12-22"": 7145.56982421875, ""2025-12-23"": 7184.5400390625, ""2025-12-24"": 7204.3701171875, ""2025-12-26"": 7207.64013671875, ""2025-12-29"": 7178.27001953125, ""2025-12-30"": 7169.10009765625, ""2025-12-31"": 7083.1298828125, ""2026-01-02"": 7367.47021484375, ""2026-01-05"": 7446.4501953125, ""2026-01-06"": 7650.93017578125, ""2026-01-07"": 7574.8701171875, ""2026-01-08"": 7436.10009765625, ""2026-01-09"": 7638.77978515625, ""2026-01-12"": 7674.83984375, ""2026-01-13"": 7747.990234375, ""2026-01-14"": 7701.47021484375, ""2026-01-15"": 7837.2998046875, ""2026-01-16"": 7927.41015625, ""2026-01-19"": NaN, ""2026-01-20"": 7794.18994140625, ""2026-01-21"": 8042.06982421875, ""2026-01-22"": 8055.169921875, ""2026-01-23"": 7957.93017578125, ""2026-01-26"": 7927.0400390625, ""2026-01-27"": 8117.18017578125, ""2026-01-28"": 8306.740234375, ""2026-01-29"": 8320.3896484375, ""2026-01-30"": 7998.47021484375, ""2026-02-02"": 8134.48828125}","{""metric"": ""Market_ADR"", ""2025-12-18"": 61.7, ""2025-12-19"": 131.39, ""2025-12-22"": 97.41, ""2025-12-23"": 32.29, ""2025-12-24"": 60.54, ""2025-12-26"": 37.91, ""2025-12-29"": 88.09, ""2025-12-30"": 74.29, ""2026-01-02"": 71.11, ""2026-01-05"": 89.71, ""2026-01-06"": 63.36, ""2026-01-07"": 33.14, ""2026-01-08"": 30.17, ""2026-01-09"": 121.26, ""2026-01-12"": 131.65, ""2026-01-13"": 81.94, ""2026-01-14"": 138.21, ""2026-01-15"": 106.74, ""2026-01-16"": 60.28, ""2026-01-19"": 82.11, ""2026-01-20"": 282.72, ""2026-01-21"": 54.03, ""2026-01-22"": 136.53, ""2026-01-23"": 212.46, ""2026-01-26"": 107.47, ""2026-01-27"": 93.31, ""2026-01-28"": 71.24, ""2026-01-29"": 193.49, ""2026-01-30"": 52.94, ""2026-02-02"": 19.67}",2026-02-02 23:54
232080,TIGER 코스닥150,19705,-5.72,4.76,1.04,311.5,S6,천하무적: 시장의 주도주,"{""Ticker"": ""^SOX"", ""2025-12-18"": 6863.6298828125, ""2025-12-19"": 7067.8701171875, ""2025-12-22"": 7145.56982421875, ""2025-12-23"": 7184.5400390625, ""2025-12-24"": 7204.3701171875, ""2025-12-26"": 7207.64013671875, ""2025-12-29"": 7178.27001953125, ""2025-12-30"": 7169.10009765625, ""2025-12-31"": 7083.1298828125, ""2026-01-02"": 7367.47021484375, ""2026-01-05"": 7446.4501953125, ""2026-01-06"": 7650.93017578125, ""2026-01-07"": 7574.8701171875, ""2026-01-08"": 7436.10009765625, ""2026-01-09"": 7638.77978515625, ""2026-01-12"": 7674.83984375, ""2026-01-13"": 7747.990234375, ""2026-01-14"": 7701.47021484375, ""2026-01-15"": 7837.2998046875, ""2026-01-16"": 7927.41015625, ""2026-01-19"": NaN, ""2026-01-20"": 7794.18994140625, ""2026-01-21"": 8042.06982421875, ""2026-01-22"": 8055.169921875, ""2026-01-23"": 7957.93017578125, ""2026-01-26"": 7927.0400390625, ""2026-01-27"": 8117.18017578125, ""2026-01-28"": 8306.740234375, ""2026-01-29"": 8320.3896484375, ""2026-01-30"": 7998.47021484375, ""2026-02-02"": 8134.48828125}","{""metric"": ""Market_ADR"", ""2025-12-18"": 61.7, ""2025-12-19"": 131.39, ""2025-12-22"": 97.41, ""2025-12-23"": 32.29, ""2025-12-24"": 60.54, ""2025-12-26"": 37.91, ""2025-12-29"": 88.09, ""2025-12-30"": 74.29, ""2026-01-02"": 71.11, ""2026-01-05"": 89.71, ""2026-01-06"": 63.36, ""2026-01-07"": 33.14, ""2026-01-08"": 30.17, ""2026-01-09"": 121.26, ""2026-01-12"": 131.65, ""2026-01-13"": 81.94, ""2026-01-14"": 138.21, ""2026-01-15"": 106.74, ""2026-01-16"": 60.28, ""2026-01-19"": 82.11, ""2026-01-20"": 282.72, ""2026-01-21"": 54.03, ""2026-01-22"": 136.53, ""2026-01-23"": 212.46, ""2026-01-26"": 107.47, ""2026-01-27"": 93.31, ""2026-01-28"": 71.24, ""2026-01-29"": 193.49, ""2026-01-30"": 52.94, ""2026-02-02"": 19.67}",2026-02-02 23:54
152870,파워 200,73670,-6.24,0.7,1.04,108.8,B5,박스권 에너지 응축 중,"{""Ticker"": ""^SOX"", ""2025-12-18"": 6863.6298828125, ""2025-12-19"": 7067.8701171875, ""2025-12-22"": 7145.56982421875, ""2025-12-23"": 7184.5400390625, ""2025-12-24"": 7204.3701171875, ""2025-12-26"": 7207.64013671875, ""2025-12-29"": 7178.27001953125, ""2025-12-30"": 7169.10009765625, ""2025-12-31"": 7083.1298828125, ""2026-01-02"": 7367.47021484375, ""2026-01-05"": 7446.4501953125, ""2026-01-06"": 7650.93017578125, ""2026-01-07"": 7574.8701171875, ""2026-01-08"": 7436.10009765625, ""2026-01-09"": 7638.77978515625, ""2026-01-12"": 7674.83984375, ""2026-01-13"": 7747.990234375, ""2026-01-14"": 7701.47021484375, ""2026-01-15"": 7837.2998046875, ""2026-01-16"": 7927.41015625, ""2026-01-19"": NaN, ""2026-01-20"": 7794.18994140625, ""2026-01-21"": 8042.06982421875, ""2026-01-22"": 8055.169921875, ""2026-01-23"": 7957.93017578125, ""2026-01-26"": 7927.0400390625, ""2026-01-27"": 8117.18017578125, ""2026-01-28"": 8306.740234375, ""2026-01-29"": 8320.3896484375, ""2026-01-30"": 7998.47021484375, ""2026-02-02"": 8134.48828125}","{""metric"": ""Market_ADR"", ""2025-12-18"": 61.7, ""2025-12-19"": 131.39, ""2025-12-22"": 97.41, ""2025-12-23"": 32.29, ""2025-12-24"": 60.54, ""2025-12-26"": 37.91, ""2025-12-29"": 88.09, ""2025-12-30"": 74.29, ""2026-01-02"": 71.11, ""2026-01-05"": 89.71, ""2026-01-06"": 63.36, ""2026-01-07"": 33.14, ""2026-01-08"": 30.17, ""2026-01-09"": 121.26, ""2026-01-12"": 131.65, ""2026-01-13"": 81.94, ""2026-01-14"": 138.21, ""2026-01-15"": 106.74, ""2026-01-16"": 60.28, ""2026-01-19"": 82.11, ""2026-01-20"": 282.72, ""2026-01-21"": 54.03, ""2026-01-22"": 136.53, ""2026-01-23"": 212.46, ""2026-01-26"": 107.47, ""2026-01-27"": 93.31, ""2026-01-28"": 71.24, ""2026-01-29"": 193.49, ""2026-01-30"": 52.94, ""2026-02-02"": 19.67}",2026-02-02 23:54
275280,KODEX 모멘텀주,28810,-6.54,1.12,1.03,478.5,S7,천하무적: 시장의 주도주,"{""Ticker"": ""^SOX"", ""2025-12-18"": 6863.6298828125, ""2025-12-19"": 7067.8701171875, ""2025-12-22"": 7145.56982421875, ""2025-12-23"": 7184.5400390625, ""2025-12-24"": 7204.3701171875, ""2025-12-26"": 7207.64013671875, ""2025-12-29"": 7178.27001953125, ""2025-12-30"": 7169.10009765625, ""2025-12-31"": 7083.1298828125, ""2026-01-02"": 7367.47021484375, ""2026-01-05"": 7446.4501953125, ""2026-01-06"": 7650.93017578125, ""2026-01-07"": 7574.8701171875, ""2026-01-08"": 7436.10009765625, ""2026-01-09"": 7638.77978515625, ""2026-01-12"": 7674.83984375, ""2026-01-13"": 7747.990234375, ""2026-01-14"": 7701.47021484375, ""2026-01-15"": 7837.2998046875, ""2026-01-16"": 7927.41015625, ""2026-01-19"": NaN, ""2026-01-20"": 7794.18994140625, ""2026-01-21"": 8042.06982421875, ""2026-01-22"": 8055.169921875, ""2026-01-23"": 7957.93017578125, ""2026-01-26"": 7927.0400390625, ""2026-01-27"": 8117.18017578125, ""2026-01-28"": 8306.740234375, ""2026-01-29"": 8320.3896484375, ""2026-01-30"": 7998.47021484375, ""2026-02-02"": 8134.48828125}","{""metric"": ""Market_ADR"", ""2025-12-18"": 61.7, ""2025-12-19"": 131.39, ""2025-12-22"": 97.41, ""2025-12-23"": 32.29, ""2025-12-24"": 60.54, ""2025-12-26"": 37.91, ""2025-12-29"": 88.09, ""2025-12-30"": 74.29, ""2026-01-02"": 71.11, ""2026-01-05"": 89.71, ""2026-01-06"": 63.36, ""2026-01-07"": 33.14, ""2026-01-08"": 30.17, ""2026-01-09"": 121.26, ""2026-01-12"": 131.65, ""2026-01-13"": 81.94, ""2026-01-14"": 138.21, ""2026-01-15"": 106.74, ""2026-01-16"": 60.28, ""2026-01-19"": 82.11, ""2026-01-20"": 282.72, ""2026-01-21"": 54.03, ""2026-01-22"": 136.53, ""2026-01-23"": 212.46, ""2026-01-26"": 107.47, ""2026-01-27"": 93.31, ""2026-01-28"": 71.24, ""2026-01-29"": 193.49, ""2026-01-30"": 52.94, ""2026-02-02"": 19.67}",2026-02-02 23:54
0092B0,SOL 한국원자력SMR,13680,-4.27,-3.87,1.0,75.7,B6,황금 눌림목: 최적 매수 타점,"{""Ticker"": ""^SOX"", ""2025-12-18"": 6863.6298828125, ""2025-12-19"": 7067.8701171875, ""2025-12-22"": 7145.56982421875, ""2025-12-23"": 7184.5400390625, ""2025-12-24"": 7204.3701171875, ""2025-12-26"": 7207.64013671875, ""2025-12-29"": 7178.27001953125, ""2025-12-30"": 7169.10009765625, ""2025-12-31"": 7083.1298828125, ""2026-01-02"": 7367.47021484375, ""2026-01-05"": 7446.4501953125, ""2026-01-06"": 7650.93017578125, ""2026-01-07"": 7574.8701171875, ""2026-01-08"": 7436.10009765625, ""2026-01-09"": 7638.77978515625, ""2026-01-12"": 7674.83984375, ""2026-01-13"": 7747.990234375, ""2026-01-14"": 7701.47021484375, ""2026-01-15"": 7837.2998046875, ""2026-01-16"": 7927.41015625, ""2026-01-19"": NaN, ""2026-01-20"": 7794.18994140625, ""2026-01-21"": 8042.06982421875, ""2026-01-22"": 8055.169921875, ""2026-01-23"": 7957.93017578125, ""2026-01-26"": 7927.0400390625, ""2026-01-27"": 8117.18017578125, ""2026-01-28"": 8306.740234375, ""2026-01-29"": 8320.3896484375, ""2026-01-30"": 7998.47021484375, ""2026-02-02"": 8134.48828125}","{""metric"": ""Market_ADR"", ""2025-12-18"": 61.7, ""2025-12-19"": 131.39, ""2025-12-22"": 97.41, ""2025-12-23"": 32.29, ""2025-12-24"": 60.54, ""2025-12-26"": 37.91, ""2025-12-29"": 88.09, ""2025-12-30"": 74.29, ""2026-01-02"": 71.11, ""2026-01-05"": 89.71, ""2026-01-06"": 63.36, ""2026-01-07"": 33.14, ""2026-01-08"": 30.17, ""2026-01-09"": 121.26, ""2026-01-12"": 131.65, ""2026-01-13"": 81.94, ""2026-01-14"": 138.21, ""2026-01-15"": 106.74, ""2026-01-16"": 60.28, ""2026-01-19"": 82.11, ""2026-01-20"": 282.72, ""2026-01-21"": 54.03, ""2026-01-22"": 136.53, ""2026-01-23"": 212.46, ""2026-01-26"": 107.47, ""2026-01-27"": 93.31, ""2026-01-28"": 71.24, ""2026-01-29"": 193.49, ""2026-01-30"": 52.94, ""2026-02-02"": 19.67}",2026-02-02 23:54
494890,KODEX 200액티브,21070,-5.73,0.86,0.95,276.8,S6,천하무적: 시장의 주도주,"{""Ticker"": ""^SOX"", ""2025-12-18"": 6863.6298828125, ""2025-12-19"": 7067.8701171875, ""2025-12-22"": 7145.56982421875, ""2025-12-23"": 7184.5400390625, ""2025-12-24"": 7204.3701171875, ""2025-12-26"": 7207.64013671875, ""2025-12-29"": 7178.27001953125, ""2025-12-30"": 7169.10009765625, ""2025-12-31"": 7083.1298828125, ""2026-01-02"": 7367.47021484375, ""2026-01-05"": 7446.4501953125, ""2026-01-06"": 7650.93017578125, ""2026-01-07"": 7574.8701171875, ""2026-01-08"": 7436.10009765625, ""2026-01-09"": 7638.77978515625, ""2026-01-12"": 7674.83984375, ""2026-01-13"": 7747.990234375, ""2026-01-14"": 7701.47021484375, ""2026-01-15"": 7837.2998046875, ""2026-01-16"": 7927.41015625, ""2026-01-19"": NaN, ""2026-01-20"": 7794.18994140625, ""2026-01-21"": 8042.06982421875, ""2026-01-22"": 8055.169921875, ""2026-01-23"": 7957.93017578125, ""2026-01-26"": 7927.0400390625, ""2026-01-27"": 8117.18017578125, ""2026-01-28"": 8306.740234375, ""2026-01-29"": 8320.3896484375, ""2026-01-30"": 7998.47021484375, ""2026-02-02"": 8134.48828125}","{""metric"": ""Market_ADR"", ""2025-12-18"": 61.7, ""2025-12-19"": 131.39, ""2025-12-22"": 97.41, ""2025-12-23"": 32.29, ""2025-12-24"": 60.54, ""2025-12-26"": 37.91, ""2025-12-29"": 88.09, ""2025-12-30"": 74.29, ""2026-01-02"": 71.11, ""2026-01-05"": 89.71, ""2026-01-06"": 63.36, ""2026-01-07"": 33.14, ""2026-01-08"": 30.17, ""2026-01-09"": 121.26, ""2026-01-12"": 131.65, ""2026-01-13"": 81.94, ""2026-01-14"": 138.21, ""2026-01-15"": 106.74, ""2026-01-16"": 60.28, ""2026-01-19"": 82.11, ""2026-01-20"": 282.72, ""2026-01-21"": 54.03, ""2026-01-22"": 136.53, ""2026-01-23"": 212.46, ""2026-01-26"": 107.47, ""2026-01-27"": 93.31, ""2026-01-28"": 71.24, ""2026-01-29"": 193.49, ""2026-01-30"": 52.94, ""2026-02-02"": 19.67}",2026-02-02 23:54
491220,PLUS 200TR,86090,-6.18,0.9,0.95,605.4,S6,천하무적: 시장의 주도주,"{""Ticker"": ""^SOX"", ""2025-12-18"": 6863.6298828125, ""2025-12-19"": 7067.8701171875, ""2025-12-22"": 7145.56982421875, ""2025-12-23"": 7184.5400390625, ""2025-12-24"": 7204.3701171875, ""2025-12-26"": 7207.64013671875, ""2025-12-29"": 7178.27001953125, ""2025-12-30"": 7169.10009765625, ""2025-12-31"": 7083.1298828125, ""2026-01-02"": 7367.47021484375, ""2026-01-05"": 7446.4501953125, ""2026-01-06"": 7650.93017578125, ""2026-01-07"": 7574.8701171875, ""2026-01-08"": 7436.10009765625, ""2026-01-09"": 7638.77978515625, ""2026-01-12"": 7674.83984375, ""2026-01-13"": 7747.990234375, ""2026-01-14"": 7701.47021484375, ""2026-01-15"": 7837.2998046875, ""2026-01-16"": 7927.41015625, ""2026-01-19"": NaN, ""2026-01-20"": 7794.18994140625, ""2026-01-21"": 8042.06982421875, ""2026-01-22"": 8055.169921875, ""2026-01-23"": 7957.93017578125, ""2026-01-26"": 7927.0400390625, ""2026-01-27"": 8117.18017578125, ""2026-01-28"": 8306.740234375, ""2026-01-29"": 8320.3896484375, ""2026-01-30"": 7998.47021484375, ""2026-02-02"": 8134.48828125}","{""metric"": ""Market_ADR"", ""2025-12-18"": 61.7, ""2025-12-19"": 131.39, ""2025-12-22"": 97.41, ""2025-12-23"": 32.29, ""2025-12-24"": 60.54, ""2025-12-26"": 37.91, ""2025-12-29"": 88.09, ""2025-12-30"": 74.29, ""2026-01-02"": 71.11, ""2026-01-05"": 89.71, ""2026-01-06"": 63.36, ""2026-01-07"": 33.14, ""2026-01-08"": 30.17, ""2026-01-09"": 121.26, ""2026-01-12"": 131.65, ""2026-01-13"": 81.94, ""2026-01-14"": 138.21, ""2026-01-15"": 106.74, ""2026-01-16"": 60.28, ""2026-01-19"": 82.11, ""2026-01-20"": 282.72, ""2026-01-21"": 54.03, ""2026-01-22"": 136.53, ""2026-01-23"": 212.46, ""2026-01-26"": 107.47, ""2026-01-27"": 93.31, ""2026-01-28"": 71.24, ""2026-01-29"": 193.49, ""2026-01-30"": 52.94, ""2026-02-02"": 19.67}",2026-02-02 23:54
229200,KODEX 코스닥150,19295,-5.88,4.67,0.88,323.7,S5,안정적 추세 유지 중,"{""Ticker"": ""^SOX"", ""2025-12-18"": 6863.6298828125, ""2025-12-19"": 7067.8701171875, ""2025-12-22"": 7145.56982421875, ""2025-12-23"": 7184.5400390625, ""2025-12-24"": 7204.3701171875, ""2025-12-26"": 7207.64013671875, ""2025-12-29"": 7178.27001953125, ""2025-12-30"": 7169.10009765625, ""2025-12-31"": 7083.1298828125, ""2026-01-02"": 7367.47021484375, ""2026-01-05"": 7446.4501953125, ""2026-01-06"": 7650.93017578125, ""2026-01-07"": 7574.8701171875, ""2026-01-08"": 7436.10009765625, ""2026-01-09"": 7638.77978515625, ""2026-01-12"": 7674.83984375, ""2026-01-13"": 7747.990234375, ""2026-01-14"": 7701.47021484375, ""2026-01-15"": 7837.2998046875, ""2026-01-16"": 7927.41015625, ""2026-01-19"": NaN, ""2026-01-20"": 7794.18994140625, ""2026-01-21"": 8042.06982421875, ""2026-01-22"": 8055.169921875, ""2026-01-23"": 7957.93017578125, ""2026-01-26"": 7927.0400390625, ""2026-01-27"": 8117.18017578125, ""2026-01-28"": 8306.740234375, ""2026-01-29"": 8320.3896484375, ""2026-01-30"": 7998.47021484375, ""2026-02-02"": 8134.48828125}","{""metric"": ""Market_ADR"", ""2025-12-18"": 61.7, ""2025-12-19"": 131.39, ""2025-12-22"": 97.41, ""2025-12-23"": 32.29, ""2025-12-24"": 60.54, ""2025-12-26"": 37.91, ""2025-12-29"": 88.09, ""2025-12-30"": 74.29, ""2026-01-02"": 71.11, ""2026-01-05"": 89.71, ""2026-01-06"": 63.36, ""2026-01-07"": 33.14, ""2026-01-08"": 30.17, ""2026-01-09"": 121.26, ""2026-01-12"": 131.65, ""2026-01-13"": 81.94, ""2026-01-14"": 138.21, ""2026-01-15"": 106.74, ""2026-01-16"": 60.28, ""2026-01-19"": 82.11, ""2026-01-20"": 282.72, ""2026-01-21"": 54.03, ""2026-01-22"": 136.53, ""2026-01-23"": 212.46, ""2026-01-26"": 107.47, ""2026-01-27"": 93.31, ""2026-01-28"": 71.24, ""2026-01-29"": 193.49, ""2026-01-30"": 52.94, ""2026-02-02"": 19.67}",2026-02-02 23:54
332500,ACE 200TR,48715,-5.9,0.5,0.87,295.4,B6,황금 눌림목: 최적 매수 타점,"{""Ticker"": ""^SOX"", ""2025-12-18"": 6863.6298828125, ""2025-12-19"": 7067.8701171875, ""2025-12-22"": 7145.56982421875, ""2025-12-23"": 7184.5400390625, ""2025-12-24"": 7204.3701171875, ""2025-12-26"": 7207.64013671875, ""2025-12-29"": 7178.27001953125, ""2025-12-30"": 7169.10009765625, ""2025-12-31"": 7083.1298828125, ""2026-01-02"": 7367.47021484375, ""2026-01-05"": 7446.4501953125, ""2026-01-06"": 7650.93017578125, ""2026-01-07"": 7574.8701171875, ""2026-01-08"": 7436.10009765625, ""2026-01-09"": 7638.77978515625, ""2026-01-12"": 7674.83984375, ""2026-01-13"": 7747.990234375, ""2026-01-14"": 7701.47021484375, ""2026-01-15"": 7837.2998046875, ""2026-01-16"": 7927.41015625, ""2026-01-19"": NaN, ""2026-01-20"": 7794.18994140625, ""2026-01-21"": 8042.06982421875, ""2026-01-22"": 8055.169921875, ""2026-01-23"": 7957.93017578125, ""2026-01-26"": 7927.0400390625, ""2026-01-27"": 8117.18017578125, ""2026-01-28"": 8306.740234375, ""2026-01-29"": 8320.3896484375, ""2026-01-30"": 7998.47021484375, ""2026-02-02"": 8134.48828125}","{""metric"": ""Market_ADR"", ""2025-12-18"": 61.7, ""2025-12-19"": 131.39, ""2025-12-22"": 97.41, ""2025-12-23"": 32.29, ""2025-12-24"": 60.54, ""2025-12-26"": 37.91, ""2025-12-29"": 88.09, ""2025-12-30"": 74.29, ""2026-01-02"": 71.11, ""2026-01-05"": 89.71, ""2026-01-06"": 63.36, ""2026-01-07"": 33.14, ""2026-01-08"": 30.17, ""2026-01-09"": 121.26, ""2026-01-12"": 131.65, ""2026-01-13"": 81.94, ""2026-01-14"": 138.21, ""2026-01-15"": 106.74, ""2026-01-16"": 60.28, ""2026-01-19"": 82.11, ""2026-01-20"": 282.72, ""2026-01-21"": 54.03, ""2026-01-22"": 136.53, ""2026-01-23"": 212.46, ""2026-01-26"": 107.47, ""2026-01-27"": 93.31, ""2026-01-28"": 71.24, ""2026-01-29"": 193.49, ""2026-01-30"": 52.94, ""2026-02-02"": 19.67}",2026-02-02 23:54
376410,TIGER 탄소효율그린뉴딜,17320,-5.3,0.67,0.87,277.7,B6,황금 눌림목: 최적 매수 타점,"{""Ticker"": ""^SOX"", ""2025-12-18"": 6863.6298828125, ""2025-12-19"": 7067.8701171875, ""2025-12-22"": 7145.56982421875, ""2025-12-23"": 7184.5400390625, ""2025-12-24"": 7204.3701171875, ""2025-12-26"": 7207.64013671875, ""2025-12-29"": 7178.27001953125, ""2025-12-30"": 7169.10009765625, ""2025-12-31"": 7083.1298828125, ""2026-01-02"": 7367.47021484375, ""2026-01-05"": 7446.4501953125, ""2026-01-06"": 7650.93017578125, ""2026-01-07"": 7574.8701171875, ""2026-01-08"": 7436.10009765625, ""2026-01-09"": 7638.77978515625, ""2026-01-12"": 7674.83984375, ""2026-01-13"": 7747.990234375, ""2026-01-14"": 7701.47021484375, ""2026-01-15"": 7837.2998046875, ""2026-01-16"": 7927.41015625, ""2026-01-19"": NaN, ""2026-01-20"": 7794.18994140625, ""2026-01-21"": 8042.06982421875, ""2026-01-22"": 8055.169921875, ""2026-01-23"": 7957.93017578125, ""2026-01-26"": 7927.0400390625, ""2026-01-27"": 8117.18017578125, ""2026-01-28"": 8306.740234375, ""2026-01-29"": 8320.3896484375, ""2026-01-30"": 7998.47021484375, ""2026-02-02"": 8134.48828125}","{""metric"": ""Market_ADR"", ""2025-12-18"": 61.7, ""2025-12-19"": 131.39, ""2025-12-22"": 97.41, ""2025-12-23"": 32.29, ""2025-12-24"": 60.54, ""2025-12-26"": 37.91, ""2025-12-29"": 88.09, ""2025-12-30"": 74.29, ""2026-01-02"": 71.11, ""2026-01-05"": 89.71, ""2026-01-06"": 63.36, ""2026-01-07"": 33.14, ""2026-01-08"": 30.17, ""2026-01-09"": 121.26, ""2026-01-12"": 131.65, ""2026-01-13"": 81.94, ""2026-01-14"": 138.21, ""2026-01-15"": 106.74, ""2026-01-16"": 60.28, ""2026-01-19"": 82.11, ""2026-01-20"": 282.72, ""2026-01-21"": 54.03, ""2026-01-22"": 136.53, ""2026-01-23"": 212.46, ""2026-01-26"": 107.47, ""2026-01-27"": 93.31, ""2026-01-28"": 71.24, ""2026-01-29"": 193.49, ""2026-01-30"": 52.94, ""2026-02-02"": 19.67}",2026-02-02 23:54
304770,HANARO 코스닥150,19240,-5.82,4.48,0.85,383.3,S5,안정적 추세 유지 중,"{""Ticker"": ""^SOX"", ""2025-12-18"": 6863.6298828125, ""2025-12-19"": 7067.8701171875, ""2025-12-22"": 7145.56982421875, ""2025-12-23"": 7184.5400390625, ""2025-12-24"": 7204.3701171875, ""2025-12-26"": 7207.64013671875, ""2025-12-29"": 7178.27001953125, ""2025-12-30"": 7169.10009765625, ""2025-12-31"": 7083.1298828125, ""2026-01-02"": 7367.47021484375, ""2026-01-05"": 7446.4501953125, ""2026-01-06"": 7650.93017578125, ""2026-01-07"": 7574.8701171875, ""2026-01-08"": 7436.10009765625, ""2026-01-09"": 7638.77978515625, ""2026-01-12"": 7674.83984375, ""2026-01-13"": 7747.990234375, ""2026-01-14"": 7701.47021484375, ""2026-01-15"": 7837.2998046875, ""2026-01-16"": 7927.41015625, ""2026-01-19"": NaN, ""2026-01-20"": 7794.18994140625, ""2026-01-21"": 8042.06982421875, ""2026-01-22"": 8055.169921875, ""2026-01-23"": 7957.93017578125, ""2026-01-26"": 7927.0400390625, ""2026-01-27"": 8117.18017578125, ""2026-01-28"": 8306.740234375, ""2026-01-29"": 8320.3896484375, ""2026-01-30"": 7998.47021484375, ""2026-02-02"": 8134.48828125}","{""metric"": ""Market_ADR"", ""2025-12-18"": 61.7, ""2025-12-19"": 131.39, ""2025-12-22"": 97.41, ""2025-12-23"": 32.29, ""2025-12-24"": 60.54, ""2025-12-26"": 37.91, ""2025-12-29"": 88.09, ""2025-12-30"": 74.29, ""2026-01-02"": 71.11, ""2026-01-05"": 89.71, ""2026-01-06"": 63.36, ""2026-01-07"": 33.14, ""2026-01-08"": 30.17, ""2026-01-09"": 121.26, ""2026-01-12"": 131.65, ""2026-01-13"": 81.94, ""2026-01-14"": 138.21, ""2026-01-15"": 106.74, ""2026-01-16"": 60.28, ""2026-01-19"": 82.11, ""2026-01-20"": 282.72, ""2026-01-21"": 54.03, ""2026-01-22"": 136.53, ""2026-01-23"": 212.46, ""2026-01-26"": 107.47, ""2026-01-27"": 93.31, ""2026-01-28"": 71.24, ""2026-01-29"": 193.49, ""2026-01-30"": 52.94, ""2026-02-02"": 19.67}",2026-02-02 23:54
391670,HK 베스트일레븐액티브,19320,-4.73,-0.28,0.79,536.0,B5,박스권 에너지 응축 중,"{""Ticker"": ""^SOX"", ""2025-12-18"": 6863.6298828125, ""2025-12-19"": 7067.8701171875, ""2025-12-22"": 7145.56982421875, ""2025-12-23"": 7184.5400390625, ""2025-12-24"": 7204.3701171875, ""2025-12-26"": 7207.64013671875, ""2025-12-29"": 7178.27001953125, ""2025-12-30"": 7169.10009765625, ""2025-12-31"": 7083.1298828125, ""2026-01-02"": 7367.47021484375, ""2026-01-05"": 7446.4501953125, ""2026-01-06"": 7650.93017578125, ""2026-01-07"": 7574.8701171875, ""2026-01-08"": 7436.10009765625, ""2026-01-09"": 7638.77978515625, ""2026-01-12"": 7674.83984375, ""2026-01-13"": 7747.990234375, ""2026-01-14"": 7701.47021484375, ""2026-01-15"": 7837.2998046875, ""2026-01-16"": 7927.41015625, ""2026-01-19"": NaN, ""2026-01-20"": 7794.18994140625, ""2026-01-21"": 8042.06982421875, ""2026-01-22"": 8055.169921875, ""2026-01-23"": 7957.93017578125, ""2026-01-26"": 7927.0400390625, ""2026-01-27"": 8117.18017578125, ""2026-01-28"": 8306.740234375, ""2026-01-29"": 8320.3896484375, ""2026-01-30"": 7998.47021484375, ""2026-02-02"": 8134.48828125}","{""metric"": ""Market_ADR"", ""2025-12-18"": 61.7, ""2025-12-19"": 131.39, ""2025-12-22"": 97.41, ""2025-12-23"": 32.29, ""2025-12-24"": 60.54, ""2025-12-26"": 37.91, ""2025-12-29"": 88.09, ""2025-12-30"": 74.29, ""2026-01-02"": 71.11, ""2026-01-05"": 89.71, ""2026-01-06"": 63.36, ""2026-01-07"": 33.14, ""2026-01-08"": 30.17, ""2026-01-09"": 121.26, ""2026-01-12"": 131.65, ""2026-01-13"": 81.94, ""2026-01-14"": 138.21, ""2026-01-15"": 106.74, ""2026-01-16"": 60.28, ""2026-01-19"": 82.11, ""2026-01-20"": 282.72, ""2026-01-21"": 54.03, ""2026-01-22"": 136.53, ""2026-01-23"": 212.46, ""2026-01-26"": 107.47, ""2026-01-27"": 93.31, ""2026-01-28"": 71.24, ""2026-01-29"": 193.49, ""2026-01-30"": 52.94, ""2026-02-02"": 19.67}",2026-02-02 23:54
295040,SOL 200TR,27135,-5.86,0.74,0.79,169.2,B5,박스권 에너지 응축 중,"{""Ticker"": ""^SOX"", ""2025-12-18"": 6863.6298828125, ""2025-12-19"": 7067.8701171875, ""2025-12-22"": 7145.56982421875, ""2025-12-23"": 7184.5400390625, ""2025-12-24"": 7204.3701171875, ""2025-12-26"": 7207.64013671875, ""2025-12-29"": 7178.27001953125, ""2025-12-30"": 7169.10009765625, ""2025-12-31"": 7083.1298828125, ""2026-01-02"": 7367.47021484375, ""2026-01-05"": 7446.4501953125, ""2026-01-06"": 7650.93017578125, ""2026-01-07"": 7574.8701171875, ""2026-01-08"": 7436.10009765625, ""2026-01-09"": 7638.77978515625, ""2026-01-12"": 7674.83984375, ""2026-01-13"": 7747.990234375, ""2026-01-14"": 7701.47021484375, ""2026-01-15"": 7837.2998046875, ""2026-01-16"": 7927.41015625, ""2026-01-19"": NaN, ""2026-01-20"": 7794.18994140625, ""2026-01-21"": 8042.06982421875, ""2026-01-22"": 8055.169921875, ""2026-01-23"": 7957.93017578125, ""2026-01-26"": 7927.0400390625, ""2026-01-27"": 8117.18017578125, ""2026-01-28"": 8306.740234375, ""2026-01-29"": 8320.3896484375, ""2026-01-30"": 7998.47021484375, ""2026-02-02"": 8134.48828125}","{""metric"": ""Market_ADR"", ""2025-12-18"": 61.7, ""2025-12-19"": 131.39, ""2025-12-22"": 97.41, ""2025-12-23"": 32.29, ""2025-12-24"": 60.54, ""2025-12-26"": 37.91, ""2025-12-29"": 88.09, ""2025-12-30"": 74.29, ""2026-01-02"": 71.11, ""2026-01-05"": 89.71, ""2026-01-06"": 63.36, ""2026-01-07"": 33.14, ""2026-01-08"": 30.17, ""2026-01-09"": 121.26, ""2026-01-12"": 131.65, ""2026-01-13"": 81.94, ""2026-01-14"": 138.21, ""2026-01-15"": 106.74, ""2026-01-16"": 60.28, ""2026-01-19"": 82.11, ""2026-01-20"": 282.72, ""2026-01-21"": 54.03, ""2026-01-22"": 136.53, ""2026-01-23"": 212.46, ""2026-01-26"": 107.47, ""2026-01-27"": 93.31, ""2026-01-28"": 71.24, ""2026-01-29"": 193.49, ""2026-01-30"": 52.94, ""2026-02-02"": 19.67}",2026-02-02 23:54
375770,KODEX 탄소효율그린뉴딜,17475,-5.64,0.92,0.79,231.5,S6,천하무적: 시장의 주도주,"{""Ticker"": ""^SOX"", ""2025-12-18"": 6863.6298828125, ""2025-12-19"": 7067.8701171875, ""2025-12-22"": 7145.56982421875, ""2025-12-23"": 7184.5400390625, ""2025-12-24"": 7204.3701171875, ""2025-12-26"": 7207.64013671875, ""2025-12-29"": 7178.27001953125, ""2025-12-30"": 7169.10009765625, ""2025-12-31"": 7083.1298828125, ""2026-01-02"": 7367.47021484375, ""2026-01-05"": 7446.4501953125, ""2026-01-06"": 7650.93017578125, ""2026-01-07"": 7574.8701171875, ""2026-01-08"": 7436.10009765625, ""2026-01-09"": 7638.77978515625, ""2026-01-12"": 7674.83984375, ""2026-01-13"": 7747.990234375, ""2026-01-14"": 7701.47021484375, ""2026-01-15"": 7837.2998046875, ""2026-01-16"": 7927.41015625, ""2026-01-19"": NaN, ""2026-01-20"": 7794.18994140625, ""2026-01-21"": 8042.06982421875, ""2026-01-22"": 8055.169921875, ""2026-01-23"": 7957.93017578125, ""2026-01-26"": 7927.0400390625, ""2026-01-27"": 8117.18017578125, ""2026-01-28"": 8306.740234375, ""2026-01-29"": 8320.3896484375, ""2026-01-30"": 7998.47021484375, ""2026-02-02"": 8134.48828125}","{""metric"": ""Market_ADR"", ""2025-12-18"": 61.7, ""2025-12-19"": 131.39, ""2025-12-22"": 97.41, ""2025-12-23"": 32.29, ""2025-12-24"": 60.54, ""2025-12-26"": 37.91, ""2025-12-29"": 88.09, ""2025-12-30"": 74.29, ""2026-01-02"": 71.11, ""2026-01-05"": 89.71, ""2026-01-06"": 63.36, ""2026-01-07"": 33.14, ""2026-01-08"": 30.17, ""2026-01-09"": 121.26, ""2026-01-12"": 131.65, ""2026-01-13"": 81.94, ""2026-01-14"": 138.21, ""2026-01-15"": 106.74, ""2026-01-16"": 60.28, ""2026-01-19"": 82.11, ""2026-01-20"": 282.72, ""2026-01-21"": 54.03, ""2026-01-22"": 136.53, ""2026-01-23"": 212.46, ""2026-01-26"": 107.47, ""2026-01-27"": 93.31, ""2026-01-28"": 71.24, ""2026-01-29"": 193.49, ""2026-01-30"": 52.94, ""2026-02-02"": 19.67}",2026-02-02 23:54
442260,마이티 다이나믹퀀트액티브,25355,-5.85,1.34,0.76,14.6,S3,안정적 추세 유지 중,"{""Ticker"": ""^SOX"", ""2025-12-18"": 6863.6298828125, ""2025-12-19"": 7067.8701171875, ""2025-12-22"": 7145.56982421875, ""2025-12-23"": 7184.5400390625, ""2025-12-24"": 7204.3701171875, ""2025-12-26"": 7207.64013671875, ""2025-12-29"": 7178.27001953125, ""2025-12-30"": 7169.10009765625, ""2025-12-31"": 7083.1298828125, ""2026-01-02"": 7367.47021484375, ""2026-01-05"": 7446.4501953125, ""2026-01-06"": 7650.93017578125, ""2026-01-07"": 7574.8701171875, ""2026-01-08"": 7436.10009765625, ""2026-01-09"": 7638.77978515625, ""2026-01-12"": 7674.83984375, ""2026-01-13"": 7747.990234375, ""2026-01-14"": 7701.47021484375, ""2026-01-15"": 7837.2998046875, ""2026-01-16"": 7927.41015625, ""2026-01-19"": NaN, ""2026-01-20"": 7794.18994140625, ""2026-01-21"": 8042.06982421875, ""2026-01-22"": 8055.169921875, ""2026-01-23"": 7957.93017578125, ""2026-01-26"": 7927.0400390625, ""2026-01-27"": 8117.18017578125, ""2026-01-28"": 8306.740234375, ""2026-01-29"": 8320.3896484375, ""2026-01-30"": 7998.47021484375, ""2026-02-02"": 8134.48828125}","{""metric"": ""Market_ADR"", ""2025-12-18"": 61.7, ""2025-12-19"": 131.39, ""2025-12-22"": 97.41, ""2025-12-23"": 32.29, ""2025-12-24"": 60.54, ""2025-12-26"": 37.91, ""2025-12-29"": 88.09, ""2025-12-30"": 74.29, ""2026-01-02"": 71.11, ""2026-01-05"": 89.71, ""2026-01-06"": 63.36, ""2026-01-07"": 33.14, ""2026-01-08"": 30.17, ""2026-01-09"": 121.26, ""2026-01-12"": 131.65, ""2026-01-13"": 81.94, ""2026-01-14"": 138.21, ""2026-01-15"": 106.74, ""2026-01-16"": 60.28, ""2026-01-19"": 82.11, ""2026-01-20"": 282.72, ""2026-01-21"": 54.03, ""2026-01-22"": 136.53, ""2026-01-23"": 212.46, ""2026-01-26"": 107.47, ""2026-01-27"": 93.31, ""2026-01-28"": 71.24, ""2026-01-29"": 193.49, ""2026-01-30"": 52.94, ""2026-02-02"": 19.67}",2026-02-02 23:54
444200,SOL 코리아메가테크액티브,38530,-5.24,-1.36,0.74,134.4,B4,박스권 에너지 응축 중,"{""Ticker"": ""^SOX"", ""2025-12-18"": 6863.6298828125, ""2025-12-19"": 7067.8701171875, ""2025-12-22"": 7145.56982421875, ""2025-12-23"": 7184.5400390625, ""2025-12-24"": 7204.3701171875, ""2025-12-26"": 7207.64013671875, ""2025-12-29"": 7178.27001953125, ""2025-12-30"": 7169.10009765625, ""2025-12-31"": 7083.1298828125, ""2026-01-02"": 7367.47021484375, ""2026-01-05"": 7446.4501953125, ""2026-01-06"": 7650.93017578125, ""2026-01-07"": 7574.8701171875, ""2026-01-08"": 7436.10009765625, ""2026-01-09"": 7638.77978515625, ""2026-01-12"": 7674.83984375, ""2026-01-13"": 7747.990234375, ""2026-01-14"": 7701.47021484375, ""2026-01-15"": 7837.2998046875, ""2026-01-16"": 7927.41015625, ""2026-01-19"": NaN, ""2026-01-20"": 7794.18994140625, ""2026-01-21"": 8042.06982421875, ""2026-01-22"": 8055.169921875, ""2026-01-23"": 7957.93017578125, ""2026-01-26"": 7927.0400390625, ""2026-01-27"": 8117.18017578125, ""2026-01-28"": 8306.740234375, ""2026-01-29"": 8320.3896484375, ""2026-01-30"": 7998.47021484375, ""2026-02-02"": 8134.48828125}","{""metric"": ""Market_ADR"", ""2025-12-18"": 61.7, ""2025-12-19"": 131.39, ""2025-12-22"": 97.41, ""2025-12-23"": 32.29, ""2025-12-24"": 60.54, ""2025-12-26"": 37.91, ""2025-12-29"": 88.09, ""2025-12-30"": 74.29, ""2026-01-02"": 71.11, ""2026-01-05"": 89.71, ""2026-01-06"": 63.36, ""2026-01-07"": 33.14, ""2026-01-08"": 30.17, ""2026-01-09"": 121.26, ""2026-01-12"": 131.65, ""2026-01-13"": 81.94, ""2026-01-14"": 138.21, ""2026-01-15"": 106.74, ""2026-01-16"": 60.28, ""2026-01-19"": 82.11, ""2026-01-20"": 282.72, ""2026-01-21"": 54.03, ""2026-01-22"": 136.53, ""2026-01-23"": 212.46, ""2026-01-26"": 107.47, ""2026-01-27"": 93.31, ""2026-01-28"": 71.24, ""2026-01-29"": 193.49, ""2026-01-30"": 52.94, ""2026-02-02"": 19.67}",2026-02-02 23:54
105190,ACE 200,73160,-5.78,0.54,0.74,224.5,B6,황금 눌림목: 최적 매수 타점,"{""Ticker"": ""^SOX"", ""2025-12-18"": 6863.6298828125, ""2025-12-19"": 7067.8701171875, ""2025-12-22"": 7145.56982421875, ""2025-12-23"": 7184.5400390625, ""2025-12-24"": 7204.3701171875, ""2025-12-26"": 7207.64013671875, ""2025-12-29"": 7178.27001953125, ""2025-12-30"": 7169.10009765625, ""2025-12-31"": 7083.1298828125, ""2026-01-02"": 7367.47021484375, ""2026-01-05"": 7446.4501953125, ""2026-01-06"": 7650.93017578125, ""2026-01-07"": 7574.8701171875, ""2026-01-08"": 7436.10009765625, ""2026-01-09"": 7638.77978515625, ""2026-01-12"": 7674.83984375, ""2026-01-13"": 7747.990234375, ""2026-01-14"": 7701.47021484375, ""2026-01-15"": 7837.2998046875, ""2026-01-16"": 7927.41015625, ""2026-01-19"": NaN, ""2026-01-20"": 7794.18994140625, ""2026-01-21"": 8042.06982421875, ""2026-01-22"": 8055.169921875, ""2026-01-23"": 7957.93017578125, ""2026-01-26"": 7927.0400390625, ""2026-01-27"": 8117.18017578125, ""2026-01-28"": 8306.740234375, ""2026-01-29"": 8320.3896484375, ""2026-01-30"": 7998.47021484375, ""2026-02-02"": 8134.48828125}","{""metric"": ""Market_ADR"", ""2025-12-18"": 61.7, ""2025-12-19"": 131.39, ""2025-12-22"": 97.41, ""2025-12-23"": 32.29, ""2025-12-24"": 60.54, ""2025-12-26"": 37.91, ""2025-12-29"": 88.09, ""2025-12-30"": 74.29, ""2026-01-02"": 71.11, ""2026-01-05"": 89.71, ""2026-01-06"": 63.36, ""2026-01-07"": 33.14, ""2026-01-08"": 30.17, ""2026-01-09"": 121.26, ""2026-01-12"": 131.65, ""2026-01-13"": 81.94, ""2026-01-14"": 138.21, ""2026-01-15"": 106.74, ""2026-01-16"": 60.28, ""2026-01-19"": 82.11, ""2026-01-20"": 282.72, ""2026-01-21"": 54.03, ""2026-01-22"": 136.53, ""2026-01-23"": 212.46, ""2026-01-26"": 107.47, ""2026-01-27"": 93.31, ""2026-01-28"": 71.24, ""2026-01-29"": 193.49, ""2026-01-30"": 52.94, ""2026-02-02"": 19.67}",2026-02-02 23:54
148020,RISE 200,73335,-5.78,0.53,0.7,244.9,B6,황금 눌림목: 최적 매수 타점,"{""Ticker"": ""^SOX"", ""2025-12-18"": 6863.6298828125, ""2025-12-19"": 7067.8701171875, ""2025-12-22"": 7145.56982421875, ""2025-12-23"": 7184.5400390625, ""2025-12-24"": 7204.3701171875, ""2025-12-26"": 7207.64013671875, ""2025-12-29"": 7178.27001953125, ""2025-12-30"": 7169.10009765625, ""2025-12-31"": 7083.1298828125, ""2026-01-02"": 7367.47021484375, ""2026-01-05"": 7446.4501953125, ""2026-01-06"": 7650.93017578125, ""2026-01-07"": 7574.8701171875, ""2026-01-08"": 7436.10009765625, ""2026-01-09"": 7638.77978515625, ""2026-01-12"": 7674.83984375, ""2026-01-13"": 7747.990234375, ""2026-01-14"": 7701.47021484375, ""2026-01-15"": 7837.2998046875, ""2026-01-16"": 7927.41015625, ""2026-01-19"": NaN, ""2026-01-20"": 7794.18994140625, ""2026-01-21"": 8042.06982421875, ""2026-01-22"": 8055.169921875, ""2026-01-23"": 7957.93017578125, ""2026-01-26"": 7927.0400390625, ""2026-01-27"": 8117.18017578125, ""2026-01-28"": 8306.740234375, ""2026-01-29"": 8320.3896484375, ""2026-01-30"": 7998.47021484375, ""2026-02-02"": 8134.48828125}","{""metric"": ""Market_ADR"", ""2025-12-18"": 61.7, ""2025-12-19"": 131.39, ""2025-12-22"": 97.41, ""2025-12-23"": 32.29, ""2025-12-24"": 60.54, ""2025-12-26"": 37.91, ""2025-12-29"": 88.09, ""2025-12-30"": 74.29, ""2026-01-02"": 71.11, ""2026-01-05"": 89.71, ""2026-01-06"": 63.36, ""2026-01-07"": 33.14, ""2026-01-08"": 30.17, ""2026-01-09"": 121.26, ""2026-01-12"": 131.65, ""2026-01-13"": 81.94, ""2026-01-14"": 138.21, ""2026-01-15"": 106.74, ""2026-01-16"": 60.28, ""2026-01-19"": 82.11, ""2026-01-20"": 282.72, ""2026-01-21"": 54.03, ""2026-01-22"": 136.53, ""2026-01-23"": 212.46, ""2026-01-26"": 107.47, ""2026-01-27"": 93.31, ""2026-01-28"": 71.24, ""2026-01-29"": 193.49, ""2026-01-30"": 52.94, ""2026-02-02"": 19.67}",2026-02-02 23:54
332930,HANARO 200TR,94800,-6.12,0.55,0.67,62.6,B6,황금 눌림목: 최적 매수 타점,"{""Ticker"": ""^SOX"", ""2025-12-18"": 6863.6298828125, ""2025-12-19"": 7067.8701171875, ""2025-12-22"": 7145.56982421875, ""2025-12-23"": 7184.5400390625, ""2025-12-24"": 7204.3701171875, ""2025-12-26"": 7207.64013671875, ""2025-12-29"": 7178.27001953125, ""2025-12-30"": 7169.10009765625, ""2025-12-31"": 7083.1298828125, ""2026-01-02"": 7367.47021484375, ""2026-01-05"": 7446.4501953125, ""2026-01-06"": 7650.93017578125, ""2026-01-07"": 7574.8701171875, ""2026-01-08"": 7436.10009765625, ""2026-01-09"": 7638.77978515625, ""2026-01-12"": 7674.83984375, ""2026-01-13"": 7747.990234375, ""2026-01-14"": 7701.47021484375, ""2026-01-15"": 7837.2998046875, ""2026-01-16"": 7927.41015625, ""2026-01-19"": NaN, ""2026-01-20"": 7794.18994140625, ""2026-01-21"": 8042.06982421875, ""2026-01-22"": 8055.169921875, ""2026-01-23"": 7957.93017578125, ""2026-01-26"": 7927.0400390625, ""2026-01-27"": 8117.18017578125, ""2026-01-28"": 8306.740234375, ""2026-01-29"": 8320.3896484375, ""2026-01-30"": 7998.47021484375, ""2026-02-02"": 8134.48828125}","{""metric"": ""Market_ADR"", ""2025-12-18"": 61.7, ""2025-12-19"": 131.39, ""2025-12-22"": 97.41, ""2025-12-23"": 32.29, ""2025-12-24"": 60.54, ""2025-12-26"": 37.91, ""2025-12-29"": 88.09, ""2025-12-30"": 74.29, ""2026-01-02"": 71.11, ""2026-01-05"": 89.71, ""2026-01-06"": 63.36, ""2026-01-07"": 33.14, ""2026-01-08"": 30.17, ""2026-01-09"": 121.26, ""2026-01-12"": 131.65, ""2026-01-13"": 81.94, ""2026-01-14"": 138.21, ""2026-01-15"": 106.74, ""2026-01-16"": 60.28, ""2026-01-19"": 82.11, ""2026-01-20"": 282.72, ""2026-01-21"": 54.03, ""2026-01-22"": 136.53, ""2026-01-23"": 212.46, ""2026-01-26"": 107.47, ""2026-01-27"": 93.31, ""2026-01-28"": 71.24, ""2026-01-29"": 193.49, ""2026-01-30"": 52.94, ""2026-02-02"": 19.67}",2026-02-02 23:54
293180,HANARO 200,73005,-5.81,0.6,0.65,214.5,B6,황금 눌림목: 최적 매수 타점,"{""Ticker"": ""^SOX"", ""2025-12-18"": 6863.6298828125, ""2025-12-19"": 7067.8701171875, ""2025-12-22"": 7145.56982421875, ""2025-12-23"": 7184.5400390625, ""2025-12-24"": 7204.3701171875, ""2025-12-26"": 7207.64013671875, ""2025-12-29"": 7178.27001953125, ""2025-12-30"": 7169.10009765625, ""2025-12-31"": 7083.1298828125, ""2026-01-02"": 7367.47021484375, ""2026-01-05"": 7446.4501953125, ""2026-01-06"": 7650.93017578125, ""2026-01-07"": 7574.8701171875, ""2026-01-08"": 7436.10009765625, ""2026-01-09"": 7638.77978515625, ""2026-01-12"": 7674.83984375, ""2026-01-13"": 7747.990234375, ""2026-01-14"": 7701.47021484375, ""2026-01-15"": 7837.2998046875, ""2026-01-16"": 7927.41015625, ""2026-01-19"": NaN, ""2026-01-20"": 7794.18994140625, ""2026-01-21"": 8042.06982421875, ""2026-01-22"": 8055.169921875, ""2026-01-23"": 7957.93017578125, ""2026-01-26"": 7927.0400390625, ""2026-01-27"": 8117.18017578125, ""2026-01-28"": 8306.740234375, ""2026-01-29"": 8320.3896484375, ""2026-01-30"": 7998.47021484375, ""2026-02-02"": 8134.48828125}","{""metric"": ""Market_ADR"", ""2025-12-18"": 61.7, ""2025-12-19"": 131.39, ""2025-12-22"": 97.41, ""2025-12-23"": 32.29, ""2025-12-24"": 60.54, ""2025-12-26"": 37.91, ""2025-12-29"": 88.09, ""2025-12-30"": 74.29, ""2026-01-02"": 71.11, ""2026-01-05"": 89.71, ""2026-01-06"": 63.36, ""2026-01-07"": 33.14, ""2026-01-08"": 30.17, ""2026-01-09"": 121.26, ""2026-01-12"": 131.65, ""2026-01-13"": 81.94, ""2026-01-14"": 138.21, ""2026-01-15"": 106.74, ""2026-01-16"": 60.28, ""2026-01-19"": 82.11, ""2026-01-20"": 282.72, ""2026-01-21"": 54.03, ""2026-01-22"": 136.53, ""2026-01-23"": 212.46, ""2026-01-26"": 107.47, ""2026-01-27"": 93.31, ""2026-01-28"": 71.24, ""2026-01-29"": 193.49, ""2026-01-30"": 52.94, ""2026-02-02"": 19.67}",2026-02-02 23:54
450910,SOL 코스닥150,18850,-5.75,4.11,0.64,493.4,S5,안정적 추세 유지 중,"{""Ticker"": ""^SOX"", ""2025-12-18"": 6863.6298828125, ""2025-12-19"": 7067.8701171875, ""2025-12-22"": 7145.56982421875, ""2025-12-23"": 7184.5400390625, ""2025-12-24"": 7204.3701171875, ""2025-12-26"": 7207.64013671875, ""2025-12-29"": 7178.27001953125, ""2025-12-30"": 7169.10009765625, ""2025-12-31"": 7083.1298828125, ""2026-01-02"": 7367.47021484375, ""2026-01-05"": 7446.4501953125, ""2026-01-06"": 7650.93017578125, ""2026-01-07"": 7574.8701171875, ""2026-01-08"": 7436.10009765625, ""2026-01-09"": 7638.77978515625, ""2026-01-12"": 7674.83984375, ""2026-01-13"": 7747.990234375, ""2026-01-14"": 7701.47021484375, ""2026-01-15"": 7837.2998046875, ""2026-01-16"": 7927.41015625, ""2026-01-19"": NaN, ""2026-01-20"": 7794.18994140625, ""2026-01-21"": 8042.06982421875, ""2026-01-22"": 8055.169921875, ""2026-01-23"": 7957.93017578125, ""2026-01-26"": 7927.0400390625, ""2026-01-27"": 8117.18017578125, ""2026-01-28"": 8306.740234375, ""2026-01-29"": 8320.3896484375, ""2026-01-30"": 7998.47021484375, ""2026-02-02"": 8134.48828125}","{""metric"": ""Market_ADR"", ""2025-12-18"": 61.7, ""2025-12-19"": 131.39, ""2025-12-22"": 97.41, ""2025-12-23"": 32.29, ""2025-12-24"": 60.54, ""2025-12-26"": 37.91, ""2025-12-29"": 88.09, ""2025-12-30"": 74.29, ""2026-01-02"": 71.11, ""2026-01-05"": 89.71, ""2026-01-06"": 63.36, ""2026-01-07"": 33.14, ""2026-01-08"": 30.17, ""2026-01-09"": 121.26, ""2026-01-12"": 131.65, ""2026-01-13"": 81.94, ""2026-01-14"": 138.21, ""2026-01-15"": 106.74, ""2026-01-16"": 60.28, ""2026-01-19"": 82.11, ""2026-01-20"": 282.72, ""2026-01-21"": 54.03, ""2026-01-22"": 136.53, ""2026-01-23"": 212.46, ""2026-01-26"": 107.47, ""2026-01-27"": 93.31, ""2026-01-28"": 71.24, ""2026-01-29"": 193.49, ""2026-01-30"": 52.94, ""2026-02-02"": 19.67}",2026-02-02 23:54
301400,PLUS 코스닥150,19450,-5.97,4.6,0.63,443.7,S5,안정적 추세 유지 중,"{""Ticker"": ""^SOX"", ""2025-12-18"": 6863.6298828125, ""2025-12-19"": 7067.8701171875, ""2025-12-22"": 7145.56982421875, ""2025-12-23"": 7184.5400390625, ""2025-12-24"": 7204.3701171875, ""2025-12-26"": 7207.64013671875, ""2025-12-29"": 7178.27001953125, ""2025-12-30"": 7169.10009765625, ""2025-12-31"": 7083.1298828125, ""2026-01-02"": 7367.47021484375, ""2026-01-05"": 7446.4501953125, ""2026-01-06"": 7650.93017578125, ""2026-01-07"": 7574.8701171875, ""2026-01-08"": 7436.10009765625, ""2026-01-09"": 7638.77978515625, ""2026-01-12"": 7674.83984375, ""2026-01-13"": 7747.990234375, ""2026-01-14"": 7701.47021484375, ""2026-01-15"": 7837.2998046875, ""2026-01-16"": 7927.41015625, ""2026-01-19"": NaN, ""2026-01-20"": 7794.18994140625, ""2026-01-21"": 8042.06982421875, ""2026-01-22"": 8055.169921875, ""2026-01-23"": 7957.93017578125, ""2026-01-26"": 7927.0400390625, ""2026-01-27"": 8117.18017578125, ""2026-01-28"": 8306.740234375, ""2026-01-29"": 8320.3896484375, ""2026-01-30"": 7998.47021484375, ""2026-02-02"": 8134.48828125}","{""metric"": ""Market_ADR"", ""2025-12-18"": 61.7, ""2025-12-19"": 131.39, ""2025-12-22"": 97.41, ""2025-12-23"": 32.29, ""2025-12-24"": 60.54, ""2025-12-26"": 37.91, ""2025-12-29"": 88.09, ""2025-12-30"": 74.29, ""2026-01-02"": 71.11, ""2026-01-05"": 89.71, ""2026-01-06"": 63.36, ""2026-01-07"": 33.14, ""2026-01-08"": 30.17, ""2026-01-09"": 121.26, ""2026-01-12"": 131.65, ""2026-01-13"": 81.94, ""2026-01-14"": 138.21, ""2026-01-15"": 106.74, ""2026-01-16"": 60.28, ""2026-01-19"": 82.11, ""2026-01-20"": 282.72, ""2026-01-21"": 54.03, ""2026-01-22"": 136.53, ""2026-01-23"": 212.46, ""2026-01-26"": 107.47, ""2026-01-27"": 93.31, ""2026-01-28"": 71.24, ""2026-01-29"": 193.49, ""2026-01-30"": 52.94, ""2026-02-02"": 19.67}",2026-02-02 23:54
434960,DAISHIN343 K200,73475,-5.83,0.57,0.63,105.4,B4,박스권 에너지 응축 중,"{""Ticker"": ""^SOX"", ""2025-12-18"": 6863.6298828125, ""2025-12-19"": 7067.8701171875, ""2025-12-22"": 7145.56982421875, ""2025-12-23"": 7184.5400390625, ""2025-12-24"": 7204.3701171875, ""2025-12-26"": 7207.64013671875, ""2025-12-29"": 7178.27001953125, ""2025-12-30"": 7169.10009765625, ""2025-12-31"": 7083.1298828125, ""2026-01-02"": 7367.47021484375, ""2026-01-05"": 7446.4501953125, ""2026-01-06"": 7650.93017578125, ""2026-01-07"": 7574.8701171875, ""2026-01-08"": 7436.10009765625, ""2026-01-09"": 7638.77978515625, ""2026-01-12"": 7674.83984375, ""2026-01-13"": 7747.990234375, ""2026-01-14"": 7701.47021484375, ""2026-01-15"": 7837.2998046875, ""2026-01-16"": 7927.41015625, ""2026-01-19"": NaN, ""2026-01-20"": 7794.18994140625, ""2026-01-21"": 8042.06982421875, ""2026-01-22"": 8055.169921875, ""2026-01-23"": 7957.93017578125, ""2026-01-26"": 7927.0400390625, ""2026-01-27"": 8117.18017578125, ""2026-01-28"": 8306.740234375, ""2026-01-29"": 8320.3896484375, ""2026-01-30"": 7998.47021484375, ""2026-02-02"": 8134.48828125}","{""metric"": ""Market_ADR"", ""2025-12-18"": 61.7, ""2025-12-19"": 131.39, ""2025-12-22"": 97.41, ""2025-12-23"": 32.29, ""2025-12-24"": 60.54, ""2025-12-26"": 37.91, ""2025-12-29"": 88.09, ""2025-12-30"": 74.29, ""2026-01-02"": 71.11, ""2026-01-05"": 89.71, ""2026-01-06"": 63.36, ""2026-01-07"": 33.14, ""2026-01-08"": 30.17, ""2026-01-09"": 121.26, ""2026-01-12"": 131.65, ""2026-01-13"": 81.94, ""2026-01-14"": 138.21, ""2026-01-15"": 106.74, ""2026-01-16"": 60.28, ""2026-01-19"": 82.11, ""2026-01-20"": 282.72, ""2026-01-21"": 54.03, ""2026-01-22"": 136.53, ""2026-01-23"": 212.46, ""2026-01-26"": 107.47, ""2026-01-27"": 93.31, ""2026-01-28"": 71.24, ""2026-01-29"": 193.49, ""2026-01-30"": 52.94, ""2026-02-02"": 19.67}",2026-02-02 23:54
069500,KODEX 200,72700,-5.96,0.55,0.62,194.7,B5,박스권 에너지 응축 중,"{""Ticker"": ""^SOX"", ""2025-12-18"": 6863.6298828125, ""2025-12-19"": 7067.8701171875, ""2025-12-22"": 7145.56982421875, ""2025-12-23"": 7184.5400390625, ""2025-12-24"": 7204.3701171875, ""2025-12-26"": 7207.64013671875, ""2025-12-29"": 7178.27001953125, ""2025-12-30"": 7169.10009765625, ""2025-12-31"": 7083.1298828125, ""2026-01-02"": 7367.47021484375, ""2026-01-05"": 7446.4501953125, ""2026-01-06"": 7650.93017578125, ""2026-01-07"": 7574.8701171875, ""2026-01-08"": 7436.10009765625, ""2026-01-09"": 7638.77978515625, ""2026-01-12"": 7674.83984375, ""2026-01-13"": 7747.990234375, ""2026-01-14"": 7701.47021484375, ""2026-01-15"": 7837.2998046875, ""2026-01-16"": 7927.41015625, ""2026-01-19"": NaN, ""2026-01-20"": 7794.18994140625, ""2026-01-21"": 8042.06982421875, ""2026-01-22"": 8055.169921875, ""2026-01-23"": 7957.93017578125, ""2026-01-26"": 7927.0400390625, ""2026-01-27"": 8117.18017578125, ""2026-01-28"": 8306.740234375, ""2026-01-29"": 8320.3896484375, ""2026-01-30"": 7998.47021484375, ""2026-02-02"": 8134.48828125}","{""metric"": ""Market_ADR"", ""2025-12-18"": 61.7, ""2025-12-19"": 131.39, ""2025-12-22"": 97.41, ""2025-12-23"": 32.29, ""2025-12-24"": 60.54, ""2025-12-26"": 37.91, ""2025-12-29"": 88.09, ""2025-12-30"": 74.29, ""2026-01-02"": 71.11, ""2026-01-05"": 89.71, ""2026-01-06"": 63.36, ""2026-01-07"": 33.14, ""2026-01-08"": 30.17, ""2026-01-09"": 121.26, ""2026-01-12"": 131.65, ""2026-01-13"": 81.94, ""2026-01-14"": 138.21, ""2026-01-15"": 106.74, ""2026-01-16"": 60.28, ""2026-01-19"": 82.11, ""2026-01-20"": 282.72, ""2026-01-21"": 54.03, ""2026-01-22"": 136.53, ""2026-01-23"": 212.46, ""2026-01-26"": 107.47, ""2026-01-27"": 93.31, ""2026-01-28"": 71.24, ""2026-01-29"": 193.49, ""2026-01-30"": 52.94, ""2026-02-02"": 19.67}",2026-02-02 23:54
270810,RISE 코스닥150,19130,-5.88,4.68,0.59,363.7,S5,안정적 추세 유지 중,"{""Ticker"": ""^SOX"", ""2025-12-18"": 6863.6298828125, ""2025-12-19"": 7067.8701171875, ""2025-12-22"": 7145.56982421875, ""2025-12-23"": 7184.5400390625, ""2025-12-24"": 7204.3701171875, ""2025-12-26"": 7207.64013671875, ""2025-12-29"": 7178.27001953125, ""2025-12-30"": 7169.10009765625, ""2025-12-31"": 7083.1298828125, ""2026-01-02"": 7367.47021484375, ""2026-01-05"": 7446.4501953125, ""2026-01-06"": 7650.93017578125, ""2026-01-07"": 7574.8701171875, ""2026-01-08"": 7436.10009765625, ""2026-01-09"": 7638.77978515625, ""2026-01-12"": 7674.83984375, ""2026-01-13"": 7747.990234375, ""2026-01-14"": 7701.47021484375, ""2026-01-15"": 7837.2998046875, ""2026-01-16"": 7927.41015625, ""2026-01-19"": NaN, ""2026-01-20"": 7794.18994140625, ""2026-01-21"": 8042.06982421875, ""2026-01-22"": 8055.169921875, ""2026-01-23"": 7957.93017578125, ""2026-01-26"": 7927.0400390625, ""2026-01-27"": 8117.18017578125, ""2026-01-28"": 8306.740234375, ""2026-01-29"": 8320.3896484375, ""2026-01-30"": 7998.47021484375, ""2026-02-02"": 8134.48828125}","{""metric"": ""Market_ADR"", ""2025-12-18"": 61.7, ""2025-12-19"": 131.39, ""2025-12-22"": 97.41, ""2025-12-23"": 32.29, ""2025-12-24"": 60.54, ""2025-12-26"": 37.91, ""2025-12-29"": 88.09, ""2025-12-30"": 74.29, ""2026-01-02"": 71.11, ""2026-01-05"": 89.71, ""2026-01-06"": 63.36, ""2026-01-07"": 33.14, ""2026-01-08"": 30.17, ""2026-01-09"": 121.26, ""2026-01-12"": 131.65, ""2026-01-13"": 81.94, ""2026-01-14"": 138.21, ""2026-01-15"": 106.74, ""2026-01-16"": 60.28, ""2026-01-19"": 82.11, ""2026-01-20"": 282.72, ""2026-01-21"": 54.03, ""2026-01-22"": 136.53, ""2026-01-23"": 212.46, ""2026-01-26"": 107.47, ""2026-01-27"": 93.31, ""2026-01-28"": 71.24, ""2026-01-29"": 193.49, ""2026-01-30"": 52.94, ""2026-02-02"": 19.67}",2026-02-02 23:54
152100,PLUS 200,73960,-5.78,0.56,0.58,270.8,B6,황금 눌림목: 최적 매수 타점,"{""Ticker"": ""^SOX"", ""2025-12-18"": 6863.6298828125, ""2025-12-19"": 7067.8701171875, ""2025-12-22"": 7145.56982421875, ""2025-12-23"": 7184.5400390625, ""2025-12-24"": 7204.3701171875, ""2025-12-26"": 7207.64013671875, ""2025-12-29"": 7178.27001953125, ""2025-12-30"": 7169.10009765625, ""2025-12-31"": 7083.1298828125, ""2026-01-02"": 7367.47021484375, ""2026-01-05"": 7446.4501953125, ""2026-01-06"": 7650.93017578125, ""2026-01-07"": 7574.8701171875, ""2026-01-08"": 7436.10009765625, ""2026-01-09"": 7638.77978515625, ""2026-01-12"": 7674.83984375, ""2026-01-13"": 7747.990234375, ""2026-01-14"": 7701.47021484375, ""2026-01-15"": 7837.2998046875, ""2026-01-16"": 7927.41015625, ""2026-01-19"": NaN, ""2026-01-20"": 7794.18994140625, ""2026-01-21"": 8042.06982421875, ""2026-01-22"": 8055.169921875, ""2026-01-23"": 7957.93017578125, ""2026-01-26"": 7927.0400390625, ""2026-01-27"": 8117.18017578125, ""2026-01-28"": 8306.740234375, ""2026-01-29"": 8320.3896484375, ""2026-01-30"": 7998.47021484375, ""2026-02-02"": 8134.48828125}","{""metric"": ""Market_ADR"", ""2025-12-18"": 61.7, ""2025-12-19"": 131.39, ""2025-12-22"": 97.41, ""2025-12-23"": 32.29, ""2025-12-24"": 60.54, ""2025-12-26"": 37.91, ""2025-12-29"": 88.09, ""2025-12-30"": 74.29, ""2026-01-02"": 71.11, ""2026-01-05"": 89.71, ""2026-01-06"": 63.36, ""2026-01-07"": 33.14, ""2026-01-08"": 30.17, ""2026-01-09"": 121.26, ""2026-01-12"": 131.65, ""2026-01-13"": 81.94, ""2026-01-14"": 138.21, ""2026-01-15"": 106.74, ""2026-01-16"": 60.28, ""2026-01-19"": 82.11, ""2026-01-20"": 282.72, ""2026-01-21"": 54.03, ""2026-01-22"": 136.53, ""2026-01-23"": 212.46, ""2026-01-26"": 107.47, ""2026-01-27"": 93.31, ""2026-01-28"": 71.24, ""2026-01-29"": 193.49, ""2026-01-30"": 52.94, ""2026-02-02"": 19.67}",2026-02-02 23:54
292500,SOL KRX300,34215,-5.56,0.99,0.58,21.1,S3,안정적 추세 유지 중,"{""Ticker"": ""^SOX"", ""2025-12-18"": 6863.6298828125, ""2025-12-19"": 7067.8701171875, ""2025-12-22"": 7145.56982421875, ""2025-12-23"": 7184.5400390625, ""2025-12-24"": 7204.3701171875, ""2025-12-26"": 7207.64013671875, ""2025-12-29"": 7178.27001953125, ""2025-12-30"": 7169.10009765625, ""2025-12-31"": 7083.1298828125, ""2026-01-02"": 7367.47021484375, ""2026-01-05"": 7446.4501953125, ""2026-01-06"": 7650.93017578125, ""2026-01-07"": 7574.8701171875, ""2026-01-08"": 7436.10009765625, ""2026-01-09"": 7638.77978515625, ""2026-01-12"": 7674.83984375, ""2026-01-13"": 7747.990234375, ""2026-01-14"": 7701.47021484375, ""2026-01-15"": 7837.2998046875, ""2026-01-16"": 7927.41015625, ""2026-01-19"": NaN, ""2026-01-20"": 7794.18994140625, ""2026-01-21"": 8042.06982421875, ""2026-01-22"": 8055.169921875, ""2026-01-23"": 7957.93017578125, ""2026-01-26"": 7927.0400390625, ""2026-01-27"": 8117.18017578125, ""2026-01-28"": 8306.740234375, ""2026-01-29"": 8320.3896484375, ""2026-01-30"": 7998.47021484375, ""2026-02-02"": 8134.48828125}","{""metric"": ""Market_ADR"", ""2025-12-18"": 61.7, ""2025-12-19"": 131.39, ""2025-12-22"": 97.41, ""2025-12-23"": 32.29, ""2025-12-24"": 60.54, ""2025-12-26"": 37.91, ""2025-12-29"": 88.09, ""2025-12-30"": 74.29, ""2026-01-02"": 71.11, ""2026-01-05"": 89.71, ""2026-01-06"": 63.36, ""2026-01-07"": 33.14, ""2026-01-08"": 30.17, ""2026-01-09"": 121.26, ""2026-01-12"": 131.65, ""2026-01-13"": 81.94, ""2026-01-14"": 138.21, ""2026-01-15"": 106.74, ""2026-01-16"": 60.28, ""2026-01-19"": 82.11, ""2026-01-20"": 282.72, ""2026-01-21"": 54.03, ""2026-01-22"": 136.53, ""2026-01-23"": 212.46, ""2026-01-26"": 107.47, ""2026-01-27"": 93.31, ""2026-01-28"": 71.24, ""2026-01-29"": 193.49, ""2026-01-30"": 52.94, ""2026-02-02"": 19.67}",2026-02-02 23:54
462330,KODEX 2차전지산업레버리지,1783,-10.18,-7.86,0.58,224.7,B5,박스권 에너지 응축 중,"{""Ticker"": ""^SOX"", ""2025-12-18"": 6863.6298828125, ""2025-12-19"": 7067.8701171875, ""2025-12-22"": 7145.56982421875, ""2025-12-23"": 7184.5400390625, ""2025-12-24"": 7204.3701171875, ""2025-12-26"": 7207.64013671875, ""2025-12-29"": 7178.27001953125, ""2025-12-30"": 7169.10009765625, ""2025-12-31"": 7083.1298828125, ""2026-01-02"": 7367.47021484375, ""2026-01-05"": 7446.4501953125, ""2026-01-06"": 7650.93017578125, ""2026-01-07"": 7574.8701171875, ""2026-01-08"": 7436.10009765625, ""2026-01-09"": 7638.77978515625, ""2026-01-12"": 7674.83984375, ""2026-01-13"": 7747.990234375, ""2026-01-14"": 7701.47021484375, ""2026-01-15"": 7837.2998046875, ""2026-01-16"": 7927.41015625, ""2026-01-19"": NaN, ""2026-01-20"": 7794.18994140625, ""2026-01-21"": 8042.06982421875, ""2026-01-22"": 8055.169921875, ""2026-01-23"": 7957.93017578125, ""2026-01-26"": 7927.0400390625, ""2026-01-27"": 8117.18017578125, ""2026-01-28"": 8306.740234375, ""2026-01-29"": 8320.3896484375, ""2026-01-30"": 7998.47021484375, ""2026-02-02"": 8134.48828125}","{""metric"": ""Market_ADR"", ""2025-12-18"": 61.7, ""2025-12-19"": 131.39, ""2025-12-22"": 97.41, ""2025-12-23"": 32.29, ""2025-12-24"": 60.54, ""2025-12-26"": 37.91, ""2025-12-29"": 88.09, ""2025-12-30"": 74.29, ""2026-01-02"": 71.11, ""2026-01-05"": 89.71, ""2026-01-06"": 63.36, ""2026-01-07"": 33.14, ""2026-01-08"": 30.17, ""2026-01-09"": 121.26, ""2026-01-12"": 131.65, ""2026-01-13"": 81.94, ""2026-01-14"": 138.21, ""2026-01-15"": 106.74, ""2026-01-16"": 60.28, ""2026-01-19"": 82.11, ""2026-01-20"": 282.72, ""2026-01-21"": 54.03, ""2026-01-22"": 136.53, ""2026-01-23"": 212.46, ""2026-01-26"": 107.47, ""2026-01-27"": 93.31, ""2026-01-28"": 71.24, ""2026-01-29"": 193.49, ""2026-01-30"": 52.94, ""2026-02-02"": 19.67}",2026-02-02 23:54
069660,KIWOOM 200,72595,-6.05,0.48,0.57,539.0,B6,황금 눌림목: 최적 매수 타점,"{""Ticker"": ""^SOX"", ""2025-12-18"": 6863.6298828125, ""2025-12-19"": 7067.8701171875, ""2025-12-22"": 7145.56982421875, ""2025-12-23"": 7184.5400390625, ""2025-12-24"": 7204.3701171875, ""2025-12-26"": 7207.64013671875, ""2025-12-29"": 7178.27001953125, ""2025-12-30"": 7169.10009765625, ""2025-12-31"": 7083.1298828125, ""2026-01-02"": 7367.47021484375, ""2026-01-05"": 7446.4501953125, ""2026-01-06"": 7650.93017578125, ""2026-01-07"": 7574.8701171875, ""2026-01-08"": 7436.10009765625, ""2026-01-09"": 7638.77978515625, ""2026-01-12"": 7674.83984375, ""2026-01-13"": 7747.990234375, ""2026-01-14"": 7701.47021484375, ""2026-01-15"": 7837.2998046875, ""2026-01-16"": 7927.41015625, ""2026-01-19"": NaN, ""2026-01-20"": 7794.18994140625, ""2026-01-21"": 8042.06982421875, ""2026-01-22"": 8055.169921875, ""2026-01-23"": 7957.93017578125, ""2026-01-26"": 7927.0400390625, ""2026-01-27"": 8117.18017578125, ""2026-01-28"": 8306.740234375, ""2026-01-29"": 8320.3896484375, ""2026-01-30"": 7998.47021484375, ""2026-02-02"": 8134.48828125}","{""metric"": ""Market_ADR"", ""2025-12-18"": 61.7, ""2025-12-19"": 131.39, ""2025-12-22"": 97.41, ""2025-12-23"": 32.29, ""2025-12-24"": 60.54, ""2025-12-26"": 37.91, ""2025-12-29"": 88.09, ""2025-12-30"": 74.29, ""2026-01-02"": 71.11, ""2026-01-05"": 89.71, ""2026-01-06"": 63.36, ""2026-01-07"": 33.14, ""2026-01-08"": 30.17, ""2026-01-09"": 121.26, ""2026-01-12"": 131.65, ""2026-01-13"": 81.94, ""2026-01-14"": 138.21, ""2026-01-15"": 106.74, ""2026-01-16"": 60.28, ""2026-01-19"": 82.11, ""2026-01-20"": 282.72, ""2026-01-21"": 54.03, ""2026-01-22"": 136.53, ""2026-01-23"": 212.46, ""2026-01-26"": 107.47, ""2026-01-27"": 93.31, ""2026-01-28"": 71.24, ""2026-01-29"": 193.49, ""2026-01-30"": 52.94, ""2026-02-02"": 19.67}",2026-02-02 23:54
0007N0,아이엠에셋 200,73755,-5.76,0.97,0.55,21.6,S3,안정적 추세 유지 중,"{""Ticker"": ""^SOX"", ""2025-12-18"": 6863.6298828125, ""2025-12-19"": 7067.8701171875, ""2025-12-22"": 7145.56982421875, ""2025-12-23"": 7184.5400390625, ""2025-12-24"": 7204.3701171875, ""2025-12-26"": 7207.64013671875, ""2025-12-29"": 7178.27001953125, ""2025-12-30"": 7169.10009765625, ""2025-12-31"": 7083.1298828125, ""2026-01-02"": 7367.47021484375, ""2026-01-05"": 7446.4501953125, ""2026-01-06"": 7650.93017578125, ""2026-01-07"": 7574.8701171875, ""2026-01-08"": 7436.10009765625, ""2026-01-09"": 7638.77978515625, ""2026-01-12"": 7674.83984375, ""2026-01-13"": 7747.990234375, ""2026-01-14"": 7701.47021484375, ""2026-01-15"": 7837.2998046875, ""2026-01-16"": 7927.41015625, ""2026-01-19"": NaN, ""2026-01-20"": 7794.18994140625, ""2026-01-21"": 8042.06982421875, ""2026-01-22"": 8055.169921875, ""2026-01-23"": 7957.93017578125, ""2026-01-26"": 7927.0400390625, ""2026-01-27"": 8117.18017578125, ""2026-01-28"": 8306.740234375, ""2026-01-29"": 8320.3896484375, ""2026-01-30"": 7998.47021484375, ""2026-02-02"": 8134.48828125}","{""metric"": ""Market_ADR"", ""2025-12-18"": 61.7, ""2025-12-19"": 131.39, ""2025-12-22"": 97.41, ""2025-12-23"": 32.29, ""2025-12-24"": 60.54, ""2025-12-26"": 37.91, ""2025-12-29"": 88.09, ""2025-12-30"": 74.29, ""2026-01-02"": 71.11, ""2026-01-05"": 89.71, ""2026-01-06"": 63.36, ""2026-01-07"": 33.14, ""2026-01-08"": 30.17, ""2026-01-09"": 121.26, ""2026-01-12"": 131.65, ""2026-01-13"": 81.94, ""2026-01-14"": 138.21, ""2026-01-15"": 106.74, ""2026-01-16"": 60.28, ""2026-01-19"": 82.11, ""2026-01-20"": 282.72, ""2026-01-21"": 54.03, ""2026-01-22"": 136.53, ""2026-01-23"": 212.46, ""2026-01-26"": 107.47, ""2026-01-27"": 93.31, ""2026-01-28"": 71.24, ""2026-01-29"": 193.49, ""2026-01-30"": 52.94, ""2026-02-02"": 19.67}",2026-02-02 23:54
102110,TIGER 200,72665,-5.83,0.39,0.49,316.7,B6,황금 눌림목: 최적 매수 타점,"{""Ticker"": ""^SOX"", ""2025-12-18"": 6863.6298828125, ""2025-12-19"": 7067.8701171875, ""2025-12-22"": 7145.56982421875, ""2025-12-23"": 7184.5400390625, ""2025-12-24"": 7204.3701171875, ""2025-12-26"": 7207.64013671875, ""2025-12-29"": 7178.27001953125, ""2025-12-30"": 7169.10009765625, ""2025-12-31"": 7083.1298828125, ""2026-01-02"": 7367.47021484375, ""2026-01-05"": 7446.4501953125, ""2026-01-06"": 7650.93017578125, ""2026-01-07"": 7574.8701171875, ""2026-01-08"": 7436.10009765625, ""2026-01-09"": 7638.77978515625, ""2026-01-12"": 7674.83984375, ""2026-01-13"": 7747.990234375, ""2026-01-14"": 7701.47021484375, ""2026-01-15"": 7837.2998046875, ""2026-01-16"": 7927.41015625, ""2026-01-19"": NaN, ""2026-01-20"": 7794.18994140625, ""2026-01-21"": 8042.06982421875, ""2026-01-22"": 8055.169921875, ""2026-01-23"": 7957.93017578125, ""2026-01-26"": 7927.0400390625, ""2026-01-27"": 8117.18017578125, ""2026-01-28"": 8306.740234375, ""2026-01-29"": 8320.3896484375, ""2026-01-30"": 7998.47021484375, ""2026-02-02"": 8134.48828125}","{""metric"": ""Market_ADR"", ""2025-12-18"": 61.7, ""2025-12-19"": 131.39, ""2025-12-22"": 97.41, ""2025-12-23"": 32.29, ""2025-12-24"": 60.54, ""2025-12-26"": 37.91, ""2025-12-29"": 88.09, ""2025-12-30"": 74.29, ""2026-01-02"": 71.11, ""2026-01-05"": 89.71, ""2026-01-06"": 63.36, ""2026-01-07"": 33.14, ""2026-01-08"": 30.17, ""2026-01-09"": 121.26, ""2026-01-12"": 131.65, ""2026-01-13"": 81.94, ""2026-01-14"": 138.21, ""2026-01-15"": 106.74, ""2026-01-16"": 60.28, ""2026-01-19"": 82.11, ""2026-01-20"": 282.72, ""2026-01-21"": 54.03, ""2026-01-22"": 136.53, ""2026-01-23"": 212.46, ""2026-01-26"": 107.47, ""2026-01-27"": 93.31, ""2026-01-28"": 71.24, ""2026-01-29"": 193.49, ""2026-01-30"": 52.94, ""2026-02-02"": 19.67}",2026-02-02 23:54
108590,TREX 200,72665,-5.92,0.49,0.48,295.0,B6,황금 눌림목: 최적 매수 타점,"{""Ticker"": ""^SOX"", ""2025-12-18"": 6863.6298828125, ""2025-12-19"": 7067.8701171875, ""2025-12-22"": 7145.56982421875, ""2025-12-23"": 7184.5400390625, ""2025-12-24"": 7204.3701171875, ""2025-12-26"": 7207.64013671875, ""2025-12-29"": 7178.27001953125, ""2025-12-30"": 7169.10009765625, ""2025-12-31"": 7083.1298828125, ""2026-01-02"": 7367.47021484375, ""2026-01-05"": 7446.4501953125, ""2026-01-06"": 7650.93017578125, ""2026-01-07"": 7574.8701171875, ""2026-01-08"": 7436.10009765625, ""2026-01-09"": 7638.77978515625, ""2026-01-12"": 7674.83984375, ""2026-01-13"": 7747.990234375, ""2026-01-14"": 7701.47021484375, ""2026-01-15"": 7837.2998046875, ""2026-01-16"": 7927.41015625, ""2026-01-19"": NaN, ""2026-01-20"": 7794.18994140625, ""2026-01-21"": 8042.06982421875, ""2026-01-22"": 8055.169921875, ""2026-01-23"": 7957.93017578125, ""2026-01-26"": 7927.0400390625, ""2026-01-27"": 8117.18017578125, ""2026-01-28"": 8306.740234375, ""2026-01-29"": 8320.3896484375, ""2026-01-30"": 7998.47021484375, ""2026-02-02"": 8134.48828125}","{""metric"": ""Market_ADR"", ""2025-12-18"": 61.7, ""2025-12-19"": 131.39, ""2025-12-22"": 97.41, ""2025-12-23"": 32.29, ""2025-12-24"": 60.54, ""2025-12-26"": 37.91, ""2025-12-29"": 88.09, ""2025-12-30"": 74.29, ""2026-01-02"": 71.11, ""2026-01-05"": 89.71, ""2026-01-06"": 63.36, ""2026-01-07"": 33.14, ""2026-01-08"": 30.17, ""2026-01-09"": 121.26, ""2026-01-12"": 131.65, ""2026-01-13"": 81.94, ""2026-01-14"": 138.21, ""2026-01-15"": 106.74, ""2026-01-16"": 60.28, ""2026-01-19"": 82.11, ""2026-01-20"": 282.72, ""2026-01-21"": 54.03, ""2026-01-22"": 136.53, ""2026-01-23"": 212.46, ""2026-01-26"": 107.47, ""2026-01-27"": 93.31, ""2026-01-28"": 71.24, ""2026-01-29"": 193.49, ""2026-01-30"": 52.94, ""2026-02-02"": 19.67}",2026-02-02 23:54
316670,KIWOOM 코스닥150,9615,-6.01,4.57,0.44,359.4,S5,안정적 추세 유지 중,"{""Ticker"": ""^SOX"", ""2025-12-18"": 6863.6298828125, ""2025-12-19"": 7067.8701171875, ""2025-12-22"": 7145.56982421875, ""2025-12-23"": 7184.5400390625, ""2025-12-24"": 7204.3701171875, ""2025-12-26"": 7207.64013671875, ""2025-12-29"": 7178.27001953125, ""2025-12-30"": 7169.10009765625, ""2025-12-31"": 7083.1298828125, ""2026-01-02"": 7367.47021484375, ""2026-01-05"": 7446.4501953125, ""2026-01-06"": 7650.93017578125, ""2026-01-07"": 7574.8701171875, ""2026-01-08"": 7436.10009765625, ""2026-01-09"": 7638.77978515625, ""2026-01-12"": 7674.83984375, ""2026-01-13"": 7747.990234375, ""2026-01-14"": 7701.47021484375, ""2026-01-15"": 7837.2998046875, ""2026-01-16"": 7927.41015625, ""2026-01-19"": NaN, ""2026-01-20"": 7794.18994140625, ""2026-01-21"": 8042.06982421875, ""2026-01-22"": 8055.169921875, ""2026-01-23"": 7957.93017578125, ""2026-01-26"": 7927.0400390625, ""2026-01-27"": 8117.18017578125, ""2026-01-28"": 8306.740234375, ""2026-01-29"": 8320.3896484375, ""2026-01-30"": 7998.47021484375, ""2026-02-02"": 8134.48828125}","{""metric"": ""Market_ADR"", ""2025-12-18"": 61.7, ""2025-12-19"": 131.39, ""2025-12-22"": 97.41, ""2025-12-23"": 32.29, ""2025-12-24"": 60.54, ""2025-12-26"": 37.91, ""2025-12-29"": 88.09, ""2025-12-30"": 74.29, ""2026-01-02"": 71.11, ""2026-01-05"": 89.71, ""2026-01-06"": 63.36, ""2026-01-07"": 33.14, ""2026-01-08"": 30.17, ""2026-01-09"": 121.26, ""2026-01-12"": 131.65, ""2026-01-13"": 81.94, ""2026-01-14"": 138.21, ""2026-01-15"": 106.74, ""2026-01-16"": 60.28, ""2026-01-19"": 82.11, ""2026-01-20"": 282.72, ""2026-01-21"": 54.03, ""2026-01-22"": 136.53, ""2026-01-23"": 212.46, ""2026-01-26"": 107.47, ""2026-01-27"": 93.31, ""2026-01-28"": 71.24, ""2026-01-29"": 193.49, ""2026-01-30"": 52.94, ""2026-02-02"": 19.67}",2026-02-02 23:54
354500,ACE 코스닥150,19420,-5.84,4.46,0.43,402.7,S5,안정적 추세 유지 중,"{""Ticker"": ""^SOX"", ""2025-12-18"": 6863.6298828125, ""2025-12-19"": 7067.8701171875, ""2025-12-22"": 7145.56982421875, ""2025-12-23"": 7184.5400390625, ""2025-12-24"": 7204.3701171875, ""2025-12-26"": 7207.64013671875, ""2025-12-29"": 7178.27001953125, ""2025-12-30"": 7169.10009765625, ""2025-12-31"": 7083.1298828125, ""2026-01-02"": 7367.47021484375, ""2026-01-05"": 7446.4501953125, ""2026-01-06"": 7650.93017578125, ""2026-01-07"": 7574.8701171875, ""2026-01-08"": 7436.10009765625, ""2026-01-09"": 7638.77978515625, ""2026-01-12"": 7674.83984375, ""2026-01-13"": 7747.990234375, ""2026-01-14"": 7701.47021484375, ""2026-01-15"": 7837.2998046875, ""2026-01-16"": 7927.41015625, ""2026-01-19"": NaN, ""2026-01-20"": 7794.18994140625, ""2026-01-21"": 8042.06982421875, ""2026-01-22"": 8055.169921875, ""2026-01-23"": 7957.93017578125, ""2026-01-26"": 7927.0400390625, ""2026-01-27"": 8117.18017578125, ""2026-01-28"": 8306.740234375, ""2026-01-29"": 8320.3896484375, ""2026-01-30"": 7998.47021484375, ""2026-02-02"": 8134.48828125}","{""metric"": ""Market_ADR"", ""2025-12-18"": 61.7, ""2025-12-19"": 131.39, ""2025-12-22"": 97.41, ""2025-12-23"": 32.29, ""2025-12-24"": 60.54, ""2025-12-26"": 37.91, ""2025-12-29"": 88.09, ""2025-12-30"": 74.29, ""2026-01-02"": 71.11, ""2026-01-05"": 89.71, ""2026-01-06"": 63.36, ""2026-01-07"": 33.14, ""2026-01-08"": 30.17, ""2026-01-09"": 121.26, ""2026-01-12"": 131.65, ""2026-01-13"": 81.94, ""2026-01-14"": 138.21, ""2026-01-15"": 106.74, ""2026-01-16"": 60.28, ""2026-01-19"": 82.11, ""2026-01-20"": 282.72, ""2026-01-21"": 54.03, ""2026-01-22"": 136.53, ""2026-01-23"": 212.46, ""2026-01-26"": 107.47, ""2026-01-27"": 93.31, ""2026-01-28"": 71.24, ""2026-01-29"": 193.49, ""2026-01-30"": 52.94, ""2026-02-02"": 19.67}",2026-02-02 23:54
0098F0,KODEX K원자력SMR,14080,-3.96,-3.46,0.38,128.3,B4,박스권 에너지 응축 중,"{""Ticker"": ""^SOX"", ""2025-12-18"": 6863.6298828125, ""2025-12-19"": 7067.8701171875, ""2025-12-22"": 7145.56982421875, ""2025-12-23"": 7184.5400390625, ""2025-12-24"": 7204.3701171875, ""2025-12-26"": 7207.64013671875, ""2025-12-29"": 7178.27001953125, ""2025-12-30"": 7169.10009765625, ""2025-12-31"": 7083.1298828125, ""2026-01-02"": 7367.47021484375, ""2026-01-05"": 7446.4501953125, ""2026-01-06"": 7650.93017578125, ""2026-01-07"": 7574.8701171875, ""2026-01-08"": 7436.10009765625, ""2026-01-09"": 7638.77978515625, ""2026-01-12"": 7674.83984375, ""2026-01-13"": 7747.990234375, ""2026-01-14"": 7701.47021484375, ""2026-01-15"": 7837.2998046875, ""2026-01-16"": 7927.41015625, ""2026-01-19"": NaN, ""2026-01-20"": 7794.18994140625, ""2026-01-21"": 8042.06982421875, ""2026-01-22"": 8055.169921875, ""2026-01-23"": 7957.93017578125, ""2026-01-26"": 7927.0400390625, ""2026-01-27"": 8117.18017578125, ""2026-01-28"": 8306.740234375, ""2026-01-29"": 8320.3896484375, ""2026-01-30"": 7998.47021484375, ""2026-02-02"": 8134.48828125}","{""metric"": ""Market_ADR"", ""2025-12-18"": 61.7, ""2025-12-19"": 131.39, ""2025-12-22"": 97.41, ""2025-12-23"": 32.29, ""2025-12-24"": 60.54, ""2025-12-26"": 37.91, ""2025-12-29"": 88.09, ""2025-12-30"": 74.29, ""2026-01-02"": 71.11, ""2026-01-05"": 89.71, ""2026-01-06"": 63.36, ""2026-01-07"": 33.14, ""2026-01-08"": 30.17, ""2026-01-09"": 121.26, ""2026-01-12"": 131.65, ""2026-01-13"": 81.94, ""2026-01-14"": 138.21, ""2026-01-15"": 106.74, ""2026-01-16"": 60.28, ""2026-01-19"": 82.11, ""2026-01-20"": 282.72, ""2026-01-21"": 54.03, ""2026-01-22"": 136.53, ""2026-01-23"": 212.46, ""2026-01-26"": 107.47, ""2026-01-27"": 93.31, ""2026-01-28"": 71.24, ""2026-01-29"": 193.49, ""2026-01-30"": 52.94, ""2026-02-02"": 19.67}",2026-02-02 23:54
404120,TIME K신재생에너지액티브,21140,-6.58,-1.54,0.37,45.0,B5,박스권 에너지 응축 중,"{""Ticker"": ""^SOX"", ""2025-12-18"": 6863.6298828125, ""2025-12-19"": 7067.8701171875, ""2025-12-22"": 7145.56982421875, ""2025-12-23"": 7184.5400390625, ""2025-12-24"": 7204.3701171875, ""2025-12-26"": 7207.64013671875, ""2025-12-29"": 7178.27001953125, ""2025-12-30"": 7169.10009765625, ""2025-12-31"": 7083.1298828125, ""2026-01-02"": 7367.47021484375, ""2026-01-05"": 7446.4501953125, ""2026-01-06"": 7650.93017578125, ""2026-01-07"": 7574.8701171875, ""2026-01-08"": 7436.10009765625, ""2026-01-09"": 7638.77978515625, ""2026-01-12"": 7674.83984375, ""2026-01-13"": 7747.990234375, ""2026-01-14"": 7701.47021484375, ""2026-01-15"": 7837.2998046875, ""2026-01-16"": 7927.41015625, ""2026-01-19"": NaN, ""2026-01-20"": 7794.18994140625, ""2026-01-21"": 8042.06982421875, ""2026-01-22"": 8055.169921875, ""2026-01-23"": 7957.93017578125, ""2026-01-26"": 7927.0400390625, ""2026-01-27"": 8117.18017578125, ""2026-01-28"": 8306.740234375, ""2026-01-29"": 8320.3896484375, ""2026-01-30"": 7998.47021484375, ""2026-02-02"": 8134.48828125}","{""metric"": ""Market_ADR"", ""2025-12-18"": 61.7, ""2025-12-19"": 131.39, ""2025-12-22"": 97.41, ""2025-12-23"": 32.29, ""2025-12-24"": 60.54, ""2025-12-26"": 37.91, ""2025-12-29"": 88.09, ""2025-12-30"": 74.29, ""2026-01-02"": 71.11, ""2026-01-05"": 89.71, ""2026-01-06"": 63.36, ""2026-01-07"": 33.14, ""2026-01-08"": 30.17, ""2026-01-09"": 121.26, ""2026-01-12"": 131.65, ""2026-01-13"": 81.94, ""2026-01-14"": 138.21, ""2026-01-15"": 106.74, ""2026-01-16"": 60.28, ""2026-01-19"": 82.11, ""2026-01-20"": 282.72, ""2026-01-21"": 54.03, ""2026-01-22"": 136.53, ""2026-01-23"": 212.46, ""2026-01-26"": 107.47, ""2026-01-27"": 93.31, ""2026-01-28"": 71.24, ""2026-01-29"": 193.49, ""2026-01-30"": 52.94, ""2026-02-02"": 19.67}",2026-02-02 23:54
292190,KODEX KRX300,33530,-6.05,0.87,0.31,322.5,S6,천하무적: 시장의 주도주,"{""Ticker"": ""^SOX"", ""2025-12-18"": 6863.6298828125, ""2025-12-19"": 7067.8701171875, ""2025-12-22"": 7145.56982421875, ""2025-12-23"": 7184.5400390625, ""2025-12-24"": 7204.3701171875, ""2025-12-26"": 7207.64013671875, ""2025-12-29"": 7178.27001953125, ""2025-12-30"": 7169.10009765625, ""2025-12-31"": 7083.1298828125, ""2026-01-02"": 7367.47021484375, ""2026-01-05"": 7446.4501953125, ""2026-01-06"": 7650.93017578125, ""2026-01-07"": 7574.8701171875, ""2026-01-08"": 7436.10009765625, ""2026-01-09"": 7638.77978515625, ""2026-01-12"": 7674.83984375, ""2026-01-13"": 7747.990234375, ""2026-01-14"": 7701.47021484375, ""2026-01-15"": 7837.2998046875, ""2026-01-16"": 7927.41015625, ""2026-01-19"": NaN, ""2026-01-20"": 7794.18994140625, ""2026-01-21"": 8042.06982421875, ""2026-01-22"": 8055.169921875, ""2026-01-23"": 7957.93017578125, ""2026-01-26"": 7927.0400390625, ""2026-01-27"": 8117.18017578125, ""2026-01-28"": 8306.740234375, ""2026-01-29"": 8320.3896484375, ""2026-01-30"": 7998.47021484375, ""2026-02-02"": 8134.48828125}","{""metric"": ""Market_ADR"", ""2025-12-18"": 61.7, ""2025-12-19"": 131.39, ""2025-12-22"": 97.41, ""2025-12-23"": 32.29, ""2025-12-24"": 60.54, ""2025-12-26"": 37.91, ""2025-12-29"": 88.09, ""2025-12-30"": 74.29, ""2026-01-02"": 71.11, ""2026-01-05"": 89.71, ""2026-01-06"": 63.36, ""2026-01-07"": 33.14, ""2026-01-08"": 30.17, ""2026-01-09"": 121.26, ""2026-01-12"": 131.65, ""2026-01-13"": 81.94, ""2026-01-14"": 138.21, ""2026-01-15"": 106.74, ""2026-01-16"": 60.28, ""2026-01-19"": 82.11, ""2026-01-20"": 282.72, ""2026-01-21"": 54.03, ""2026-01-22"": 136.53, ""2026-01-23"": 212.46, ""2026-01-26"": 107.47, ""2026-01-27"": 93.31, ""2026-01-28"": 71.24, ""2026-01-29"": 193.49, ""2026-01-30"": 52.94, ""2026-02-02"": 19.67}",2026-02-02 23:54
292160,TIGER KRX300,33695,-5.76,0.84,0.18,596.2,S6,천하무적: 시장의 주도주,"{""Ticker"": ""^SOX"", ""2025-12-18"": 6863.6298828125, ""2025-12-19"": 7067.8701171875, ""2025-12-22"": 7145.56982421875, ""2025-12-23"": 7184.5400390625, ""2025-12-24"": 7204.3701171875, ""2025-12-26"": 7207.64013671875, ""2025-12-29"": 7178.27001953125, ""2025-12-30"": 7169.10009765625, ""2025-12-31"": 7083.1298828125, ""2026-01-02"": 7367.47021484375, ""2026-01-05"": 7446.4501953125, ""2026-01-06"": 7650.93017578125, ""2026-01-07"": 7574.8701171875, ""2026-01-08"": 7436.10009765625, ""2026-01-09"": 7638.77978515625, ""2026-01-12"": 7674.83984375, ""2026-01-13"": 7747.990234375, ""2026-01-14"": 7701.47021484375, ""2026-01-15"": 7837.2998046875, ""2026-01-16"": 7927.41015625, ""2026-01-19"": NaN, ""2026-01-20"": 7794.18994140625, ""2026-01-21"": 8042.06982421875, ""2026-01-22"": 8055.169921875, ""2026-01-23"": 7957.93017578125, ""2026-01-26"": 7927.0400390625, ""2026-01-27"": 8117.18017578125, ""2026-01-28"": 8306.740234375, ""2026-01-29"": 8320.3896484375, ""2026-01-30"": 7998.47021484375, ""2026-02-02"": 8134.48828125}","{""metric"": ""Market_ADR"", ""2025-12-18"": 61.7, ""2025-12-19"": 131.39, ""2025-12-22"": 97.41, ""2025-12-23"": 32.29, ""2025-12-24"": 60.54, ""2025-12-26"": 37.91, ""2025-12-29"": 88.09, ""2025-12-30"": 74.29, ""2026-01-02"": 71.11, ""2026-01-05"": 89.71, ""2026-01-06"": 63.36, ""2026-01-07"": 33.14, ""2026-01-08"": 30.17, ""2026-01-09"": 121.26, ""2026-01-12"": 131.65, ""2026-01-13"": 81.94, ""2026-01-14"": 138.21, ""2026-01-15"": 106.74, ""2026-01-16"": 60.28, ""2026-01-19"": 82.11, ""2026-01-20"": 282.72, ""2026-01-21"": 54.03, ""2026-01-22"": 136.53, ""2026-01-23"": 212.46, ""2026-01-26"": 107.47, ""2026-01-27"": 93.31, ""2026-01-28"": 71.24, ""2026-01-29"": 193.49, ""2026-01-30"": 52.94, ""2026-02-02"": 19.67}",2026-02-02 23:54
367770,RISE 수소경제테마,22055,-4.91,-4.44,0.16,168.7,B4,박스권 에너지 응축 중,"{""Ticker"": ""^SOX"", ""2025-12-18"": 6863.6298828125, ""2025-12-19"": 7067.8701171875, ""2025-12-22"": 7145.56982421875, ""2025-12-23"": 7184.5400390625, ""2025-12-24"": 7204.3701171875, ""2025-12-26"": 7207.64013671875, ""2025-12-29"": 7178.27001953125, ""2025-12-30"": 7169.10009765625, ""2025-12-31"": 7083.1298828125, ""2026-01-02"": 7367.47021484375, ""2026-01-05"": 7446.4501953125, ""2026-01-06"": 7650.93017578125, ""2026-01-07"": 7574.8701171875, ""2026-01-08"": 7436.10009765625, ""2026-01-09"": 7638.77978515625, ""2026-01-12"": 7674.83984375, ""2026-01-13"": 7747.990234375, ""2026-01-14"": 7701.47021484375, ""2026-01-15"": 7837.2998046875, ""2026-01-16"": 7927.41015625, ""2026-01-19"": NaN, ""2026-01-20"": 7794.18994140625, ""2026-01-21"": 8042.06982421875, ""2026-01-22"": 8055.169921875, ""2026-01-23"": 7957.93017578125, ""2026-01-26"": 7927.0400390625, ""2026-01-27"": 8117.18017578125, ""2026-01-28"": 8306.740234375, ""2026-01-29"": 8320.3896484375, ""2026-01-30"": 7998.47021484375, ""2026-02-02"": 8134.48828125}","{""metric"": ""Market_ADR"", ""2025-12-18"": 61.7, ""2025-12-19"": 131.39, ""2025-12-22"": 97.41, ""2025-12-23"": 32.29, ""2025-12-24"": 60.54, ""2025-12-26"": 37.91, ""2025-12-29"": 88.09, ""2025-12-30"": 74.29, ""2026-01-02"": 71.11, ""2026-01-05"": 89.71, ""2026-01-06"": 63.36, ""2026-01-07"": 33.14, ""2026-01-08"": 30.17, ""2026-01-09"": 121.26, ""2026-01-12"": 131.65, ""2026-01-13"": 81.94, ""2026-01-14"": 138.21, ""2026-01-15"": 106.74, ""2026-01-16"": 60.28, ""2026-01-19"": 82.11, ""2026-01-20"": 282.72, ""2026-01-21"": 54.03, ""2026-01-22"": 136.53, ""2026-01-23"": 212.46, ""2026-01-26"": 107.47, ""2026-01-27"": 93.31, ""2026-01-28"": 71.24, ""2026-01-29"": 193.49, ""2026-01-30"": 52.94, ""2026-02-02"": 19.67}",2026-02-02 23:54
337140,KODEX 코스피대형주,25400,-5.58,0.1,0.12,197.7,B5,박스권 에너지 응축 중,"{""Ticker"": ""^SOX"", ""2025-12-18"": 6863.6298828125, ""2025-12-19"": 7067.8701171875, ""2025-12-22"": 7145.56982421875, ""2025-12-23"": 7184.5400390625, ""2025-12-24"": 7204.3701171875, ""2025-12-26"": 7207.64013671875, ""2025-12-29"": 7178.27001953125, ""2025-12-30"": 7169.10009765625, ""2025-12-31"": 7083.1298828125, ""2026-01-02"": 7367.47021484375, ""2026-01-05"": 7446.4501953125, ""2026-01-06"": 7650.93017578125, ""2026-01-07"": 7574.8701171875, ""2026-01-08"": 7436.10009765625, ""2026-01-09"": 7638.77978515625, ""2026-01-12"": 7674.83984375, ""2026-01-13"": 7747.990234375, ""2026-01-14"": 7701.47021484375, ""2026-01-15"": 7837.2998046875, ""2026-01-16"": 7927.41015625, ""2026-01-19"": NaN, ""2026-01-20"": 7794.18994140625, ""2026-01-21"": 8042.06982421875, ""2026-01-22"": 8055.169921875, ""2026-01-23"": 7957.93017578125, ""2026-01-26"": 7927.0400390625, ""2026-01-27"": 8117.18017578125, ""2026-01-28"": 8306.740234375, ""2026-01-29"": 8320.3896484375, ""2026-01-30"": 7998.47021484375, ""2026-02-02"": 8134.48828125}","{""metric"": ""Market_ADR"", ""2025-12-18"": 61.7, ""2025-12-19"": 131.39, ""2025-12-22"": 97.41, ""2025-12-23"": 32.29, ""2025-12-24"": 60.54, ""2025-12-26"": 37.91, ""2025-12-29"": 88.09, ""2025-12-30"": 74.29, ""2026-01-02"": 71.11, ""2026-01-05"": 89.71, ""2026-01-06"": 63.36, ""2026-01-07"": 33.14, ""2026-01-08"": 30.17, ""2026-01-09"": 121.26, ""2026-01-12"": 131.65, ""2026-01-13"": 81.94, ""2026-01-14"": 138.21, ""2026-01-15"": 106.74, ""2026-01-16"": 60.28, ""2026-01-19"": 82.11, ""2026-01-20"": 282.72, ""2026-01-21"": 54.03, ""2026-01-22"": 136.53, ""2026-01-23"": 212.46, ""2026-01-26"": 107.47, ""2026-01-27"": 93.31, ""2026-01-28"": 71.24, ""2026-01-29"": 193.49, ""2026-01-30"": 52.94, ""2026-02-02"": 19.67}",2026-02-02 23:54
451060,1Q 200액티브,23545,-5.82,0.15,0.08,261.6,B6,황금 눌림목: 최적 매수 타점,"{""Ticker"": ""^SOX"", ""2025-12-18"": 6863.6298828125, ""2025-12-19"": 7067.8701171875, ""2025-12-22"": 7145.56982421875, ""2025-12-23"": 7184.5400390625, ""2025-12-24"": 7204.3701171875, ""2025-12-26"": 7207.64013671875, ""2025-12-29"": 7178.27001953125, ""2025-12-30"": 7169.10009765625, ""2025-12-31"": 7083.1298828125, ""2026-01-02"": 7367.47021484375, ""2026-01-05"": 7446.4501953125, ""2026-01-06"": 7650.93017578125, ""2026-01-07"": 7574.8701171875, ""2026-01-08"": 7436.10009765625, ""2026-01-09"": 7638.77978515625, ""2026-01-12"": 7674.83984375, ""2026-01-13"": 7747.990234375, ""2026-01-14"": 7701.47021484375, ""2026-01-15"": 7837.2998046875, ""2026-01-16"": 7927.41015625, ""2026-01-19"": NaN, ""2026-01-20"": 7794.18994140625, ""2026-01-21"": 8042.06982421875, ""2026-01-22"": 8055.169921875, ""2026-01-23"": 7957.93017578125, ""2026-01-26"": 7927.0400390625, ""2026-01-27"": 8117.18017578125, ""2026-01-28"": 8306.740234375, ""2026-01-29"": 8320.3896484375, ""2026-01-30"": 7998.47021484375, ""2026-02-02"": 8134.48828125}","{""metric"": ""Market_ADR"", ""2025-12-18"": 61.7, ""2025-12-19"": 131.39, ""2025-12-22"": 97.41, ""2025-12-23"": 32.29, ""2025-12-24"": 60.54, ""2025-12-26"": 37.91, ""2025-12-29"": 88.09, ""2025-12-30"": 74.29, ""2026-01-02"": 71.11, ""2026-01-05"": 89.71, ""2026-01-06"": 63.36, ""2026-01-07"": 33.14, ""2026-01-08"": 30.17, ""2026-01-09"": 121.26, ""2026-01-12"": 131.65, ""2026-01-13"": 81.94, ""2026-01-14"": 138.21, ""2026-01-15"": 106.74, ""2026-01-16"": 60.28, ""2026-01-19"": 82.11, ""2026-01-20"": 282.72, ""2026-01-21"": 54.03, ""2026-01-22"": 136.53, ""2026-01-23"": 212.46, ""2026-01-26"": 107.47, ""2026-01-27"": 93.31, ""2026-01-28"": 71.24, ""2026-01-29"": 193.49, ""2026-01-30"": 52.94, ""2026-02-02"": 19.67}",2026-02-02 23:54
277640,TIGER 코스피대형주,26210,-5.69,0.15,-0.19,233.0,F5,시장 소외주: 관망 권고,"{""Ticker"": ""^SOX"", ""2025-12-18"": 6863.6298828125, ""2025-12-19"": 7067.8701171875, ""2025-12-22"": 7145.56982421875, ""2025-12-23"": 7184.5400390625, ""2025-12-24"": 7204.3701171875, ""2025-12-26"": 7207.64013671875, ""2025-12-29"": 7178.27001953125, ""2025-12-30"": 7169.10009765625, ""2025-12-31"": 7083.1298828125, ""2026-01-02"": 7367.47021484375, ""2026-01-05"": 7446.4501953125, ""2026-01-06"": 7650.93017578125, ""2026-01-07"": 7574.8701171875, ""2026-01-08"": 7436.10009765625, ""2026-01-09"": 7638.77978515625, ""2026-01-12"": 7674.83984375, ""2026-01-13"": 7747.990234375, ""2026-01-14"": 7701.47021484375, ""2026-01-15"": 7837.2998046875, ""2026-01-16"": 7927.41015625, ""2026-01-19"": NaN, ""2026-01-20"": 7794.18994140625, ""2026-01-21"": 8042.06982421875, ""2026-01-22"": 8055.169921875, ""2026-01-23"": 7957.93017578125, ""2026-01-26"": 7927.0400390625, ""2026-01-27"": 8117.18017578125, ""2026-01-28"": 8306.740234375, ""2026-01-29"": 8320.3896484375, ""2026-01-30"": 7998.47021484375, ""2026-02-02"": 8134.48828125}","{""metric"": ""Market_ADR"", ""2025-12-18"": 61.7, ""2025-12-19"": 131.39, ""2025-12-22"": 97.41, ""2025-12-23"": 32.29, ""2025-12-24"": 60.54, ""2025-12-26"": 37.91, ""2025-12-29"": 88.09, ""2025-12-30"": 74.29, ""2026-01-02"": 71.11, ""2026-01-05"": 89.71, ""2026-01-06"": 63.36, ""2026-01-07"": 33.14, ""2026-01-08"": 30.17, ""2026-01-09"": 121.26, ""2026-01-12"": 131.65, ""2026-01-13"": 81.94, ""2026-01-14"": 138.21, ""2026-01-15"": 106.74, ""2026-01-16"": 60.28, ""2026-01-19"": 82.11, ""2026-01-20"": 282.72, ""2026-01-21"": 54.03, ""2026-01-22"": 136.53, ""2026-01-23"": 212.46, ""2026-01-26"": 107.47, ""2026-01-27"": 93.31, ""2026-01-28"": 71.24, ""2026-01-29"": 193.49, ""2026-01-30"": 52.94, ""2026-02-02"": 19.67}",2026-02-02 23:54
304760,HANARO KRX300,32850,-6.18,0.84,-0.2,125.1,A4,추세 전환 시도 중,"{""Ticker"": ""^SOX"", ""2025-12-18"": 6863.6298828125, ""2025-12-19"": 7067.8701171875, ""2025-12-22"": 7145.56982421875, ""2025-12-23"": 7184.5400390625, ""2025-12-24"": 7204.3701171875, ""2025-12-26"": 7207.64013671875, ""2025-12-29"": 7178.27001953125, ""2025-12-30"": 7169.10009765625, ""2025-12-31"": 7083.1298828125, ""2026-01-02"": 7367.47021484375, ""2026-01-05"": 7446.4501953125, ""2026-01-06"": 7650.93017578125, ""2026-01-07"": 7574.8701171875, ""2026-01-08"": 7436.10009765625, ""2026-01-09"": 7638.77978515625, ""2026-01-12"": 7674.83984375, ""2026-01-13"": 7747.990234375, ""2026-01-14"": 7701.47021484375, ""2026-01-15"": 7837.2998046875, ""2026-01-16"": 7927.41015625, ""2026-01-19"": NaN, ""2026-01-20"": 7794.18994140625, ""2026-01-21"": 8042.06982421875, ""2026-01-22"": 8055.169921875, ""2026-01-23"": 7957.93017578125, ""2026-01-26"": 7927.0400390625, ""2026-01-27"": 8117.18017578125, ""2026-01-28"": 8306.740234375, ""2026-01-29"": 8320.3896484375, ""2026-01-30"": 7998.47021484375, ""2026-02-02"": 8134.48828125}","{""metric"": ""Market_ADR"", ""2025-12-18"": 61.7, ""2025-12-19"": 131.39, ""2025-12-22"": 97.41, ""2025-12-23"": 32.29, ""2025-12-24"": 60.54, ""2025-12-26"": 37.91, ""2025-12-29"": 88.09, ""2025-12-30"": 74.29, ""2026-01-02"": 71.11, ""2026-01-05"": 89.71, ""2026-01-06"": 63.36, ""2026-01-07"": 33.14, ""2026-01-08"": 30.17, ""2026-01-09"": 121.26, ""2026-01-12"": 131.65, ""2026-01-13"": 81.94, ""2026-01-14"": 138.21, ""2026-01-15"": 106.74, ""2026-01-16"": 60.28, ""2026-01-19"": 82.11, ""2026-01-20"": 282.72, ""2026-01-21"": 54.03, ""2026-01-22"": 136.53, ""2026-01-23"": 212.46, ""2026-01-26"": 107.47, ""2026-01-27"": 93.31, ""2026-01-28"": 71.24, ""2026-01-29"": 193.49, ""2026-01-30"": 52.94, ""2026-02-02"": 19.67}",2026-02-02 23:54
310960,TIGER 200TR,42380,-5.91,0.72,-0.25,296.7,F5,시장 소외주: 관망 권고,"{""Ticker"": ""^SOX"", ""2025-12-18"": 6863.6298828125, ""2025-12-19"": 7067.8701171875, ""2025-12-22"": 7145.56982421875, ""2025-12-23"": 7184.5400390625, ""2025-12-24"": 7204.3701171875, ""2025-12-26"": 7207.64013671875, ""2025-12-29"": 7178.27001953125, ""2025-12-30"": 7169.10009765625, ""2025-12-31"": 7083.1298828125, ""2026-01-02"": 7367.47021484375, ""2026-01-05"": 7446.4501953125, ""2026-01-06"": 7650.93017578125, ""2026-01-07"": 7574.8701171875, ""2026-01-08"": 7436.10009765625, ""2026-01-09"": 7638.77978515625, ""2026-01-12"": 7674.83984375, ""2026-01-13"": 7747.990234375, ""2026-01-14"": 7701.47021484375, ""2026-01-15"": 7837.2998046875, ""2026-01-16"": 7927.41015625, ""2026-01-19"": NaN, ""2026-01-20"": 7794.18994140625, ""2026-01-21"": 8042.06982421875, ""2026-01-22"": 8055.169921875, ""2026-01-23"": 7957.93017578125, ""2026-01-26"": 7927.0400390625, ""2026-01-27"": 8117.18017578125, ""2026-01-28"": 8306.740234375, ""2026-01-29"": 8320.3896484375, ""2026-01-30"": 7998.47021484375, ""2026-02-02"": 8134.48828125}","{""metric"": ""Market_ADR"", ""2025-12-18"": 61.7, ""2025-12-19"": 131.39, ""2025-12-22"": 97.41, ""2025-12-23"": 32.29, ""2025-12-24"": 60.54, ""2025-12-26"": 37.91, ""2025-12-29"": 88.09, ""2025-12-30"": 74.29, ""2026-01-02"": 71.11, ""2026-01-05"": 89.71, ""2026-01-06"": 63.36, ""2026-01-07"": 33.14, ""2026-01-08"": 30.17, ""2026-01-09"": 121.26, ""2026-01-12"": 131.65, ""2026-01-13"": 81.94, ""2026-01-14"": 138.21, ""2026-01-15"": 106.74, ""2026-01-16"": 60.28, ""2026-01-19"": 82.11, ""2026-01-20"": 282.72, ""2026-01-21"": 54.03, ""2026-01-22"": 136.53, ""2026-01-23"": 212.46, ""2026-01-26"": 107.47, ""2026-01-27"": 93.31, ""2026-01-28"": 71.24, ""2026-01-29"": 193.49, ""2026-01-30"": 52.94, ""2026-02-02"": 19.67}",2026-02-02 23:54
461450,KODEX 코스닥글로벌,18295,-6.47,6.71,-0.5,379.2,A4,추세 전환 시도 중,"{""Ticker"": ""^SOX"", ""2025-12-18"": 6863.6298828125, ""2025-12-19"": 7067.8701171875, ""2025-12-22"": 7145.56982421875, ""2025-12-23"": 7184.5400390625, ""2025-12-24"": 7204.3701171875, ""2025-12-26"": 7207.64013671875, ""2025-12-29"": 7178.27001953125, ""2025-12-30"": 7169.10009765625, ""2025-12-31"": 7083.1298828125, ""2026-01-02"": 7367.47021484375, ""2026-01-05"": 7446.4501953125, ""2026-01-06"": 7650.93017578125, ""2026-01-07"": 7574.8701171875, ""2026-01-08"": 7436.10009765625, ""2026-01-09"": 7638.77978515625, ""2026-01-12"": 7674.83984375, ""2026-01-13"": 7747.990234375, ""2026-01-14"": 7701.47021484375, ""2026-01-15"": 7837.2998046875, ""2026-01-16"": 7927.41015625, ""2026-01-19"": NaN, ""2026-01-20"": 7794.18994140625, ""2026-01-21"": 8042.06982421875, ""2026-01-22"": 8055.169921875, ""2026-01-23"": 7957.93017578125, ""2026-01-26"": 7927.0400390625, ""2026-01-27"": 8117.18017578125, ""2026-01-28"": 8306.740234375, ""2026-01-29"": 8320.3896484375, ""2026-01-30"": 7998.47021484375, ""2026-02-02"": 8134.48828125}","{""metric"": ""Market_ADR"", ""2025-12-18"": 61.7, ""2025-12-19"": 131.39, ""2025-12-22"": 97.41, ""2025-12-23"": 32.29, ""2025-12-24"": 60.54, ""2025-12-26"": 37.91, ""2025-12-29"": 88.09, ""2025-12-30"": 74.29, ""2026-01-02"": 71.11, ""2026-01-05"": 89.71, ""2026-01-06"": 63.36, ""2026-01-07"": 33.14, ""2026-01-08"": 30.17, ""2026-01-09"": 121.26, ""2026-01-12"": 131.65, ""2026-01-13"": 81.94, ""2026-01-14"": 138.21, ""2026-01-15"": 106.74, ""2026-01-16"": 60.28, ""2026-01-19"": 82.11, ""2026-01-20"": 282.72, ""2026-01-21"": 54.03, ""2026-01-22"": 136.53, ""2026-01-23"": 212.46, ""2026-01-26"": 107.47, ""2026-01-27"": 93.31, ""2026-01-28"": 71.24, ""2026-01-29"": 193.49, ""2026-01-30"": 52.94, ""2026-02-02"": 19.67}",2026-02-02 23:54
275290,KODEX 가치주,21510,-5.78,2.75,-0.61,979.1,A5,추세 전환 시도 중,"{""Ticker"": ""^SOX"", ""2025-12-18"": 6863.6298828125, ""2025-12-19"": 7067.8701171875, ""2025-12-22"": 7145.56982421875, ""2025-12-23"": 7184.5400390625, ""2025-12-24"": 7204.3701171875, ""2025-12-26"": 7207.64013671875, ""2025-12-29"": 7178.27001953125, ""2025-12-30"": 7169.10009765625, ""2025-12-31"": 7083.1298828125, ""2026-01-02"": 7367.47021484375, ""2026-01-05"": 7446.4501953125, ""2026-01-06"": 7650.93017578125, ""2026-01-07"": 7574.8701171875, ""2026-01-08"": 7436.10009765625, ""2026-01-09"": 7638.77978515625, ""2026-01-12"": 7674.83984375, ""2026-01-13"": 7747.990234375, ""2026-01-14"": 7701.47021484375, ""2026-01-15"": 7837.2998046875, ""2026-01-16"": 7927.41015625, ""2026-01-19"": NaN, ""2026-01-20"": 7794.18994140625, ""2026-01-21"": 8042.06982421875, ""2026-01-22"": 8055.169921875, ""2026-01-23"": 7957.93017578125, ""2026-01-26"": 7927.0400390625, ""2026-01-27"": 8117.18017578125, ""2026-01-28"": 8306.740234375, ""2026-01-29"": 8320.3896484375, ""2026-01-30"": 7998.47021484375, ""2026-02-02"": 8134.48828125}","{""metric"": ""Market_ADR"", ""2025-12-18"": 61.7, ""2025-12-19"": 131.39, ""2025-12-22"": 97.41, ""2025-12-23"": 32.29, ""2025-12-24"": 60.54, ""2025-12-26"": 37.91, ""2025-12-29"": 88.09, ""2025-12-30"": 74.29, ""2026-01-02"": 71.11, ""2026-01-05"": 89.71, ""2026-01-06"": 63.36, ""2026-01-07"": 33.14, ""2026-01-08"": 30.17, ""2026-01-09"": 121.26, ""2026-01-12"": 131.65, ""2026-01-13"": 81.94, ""2026-01-14"": 138.21, ""2026-01-15"": 106.74, ""2026-01-16"": 60.28, ""2026-01-19"": 82.11, ""2026-01-20"": 282.72, ""2026-01-21"": 54.03, ""2026-01-22"": 136.53, ""2026-01-23"": 212.46, ""2026-01-26"": 107.47, ""2026-01-27"": 93.31, ""2026-01-28"": 71.24, ""2026-01-29"": 193.49, ""2026-01-30"": 52.94, ""2026-02-02"": 19.67}",2026-02-02 23:54
446770,ACE 글로벌반도체TOP4 Plus,54960,-3.92,3.41,-1.38,99.9,A2,추세 전환 시도 중,"{""Ticker"": ""^SOX"", ""2025-12-18"": 6863.6298828125, ""2025-12-19"": 7067.8701171875, ""2025-12-22"": 7145.56982421875, ""2025-12-23"": 7184.5400390625, ""2025-12-24"": 7204.3701171875, ""2025-12-26"": 7207.64013671875, ""2025-12-29"": 7178.27001953125, ""2025-12-30"": 7169.10009765625, ""2025-12-31"": 7083.1298828125, ""2026-01-02"": 7367.47021484375, ""2026-01-05"": 7446.4501953125, ""2026-01-06"": 7650.93017578125, ""2026-01-07"": 7574.8701171875, ""2026-01-08"": 7436.10009765625, ""2026-01-09"": 7638.77978515625, ""2026-01-12"": 7674.83984375, ""2026-01-13"": 7747.990234375, ""2026-01-14"": 7701.47021484375, ""2026-01-15"": 7837.2998046875, ""2026-01-16"": 7927.41015625, ""2026-01-19"": NaN, ""2026-01-20"": 7794.18994140625, ""2026-01-21"": 8042.06982421875, ""2026-01-22"": 8055.169921875, ""2026-01-23"": 7957.93017578125, ""2026-01-26"": 7927.0400390625, ""2026-01-27"": 8117.18017578125, ""2026-01-28"": 8306.740234375, ""2026-01-29"": 8320.3896484375, ""2026-01-30"": 7998.47021484375, ""2026-02-02"": 8134.48828125}","{""metric"": ""Market_ADR"", ""2025-12-18"": 61.7, ""2025-12-19"": 131.39, ""2025-12-22"": 97.41, ""2025-12-23"": 32.29, ""2025-12-24"": 60.54, ""2025-12-26"": 37.91, ""2025-12-29"": 88.09, ""2025-12-30"": 74.29, ""2026-01-02"": 71.11, ""2026-01-05"": 89.71, ""2026-01-06"": 63.36, ""2026-01-07"": 33.14, ""2026-01-08"": 30.17, ""2026-01-09"": 121.26, ""2026-01-12"": 131.65, ""2026-01-13"": 81.94, ""2026-01-14"": 138.21, ""2026-01-15"": 106.74, ""2026-01-16"": 60.28, ""2026-01-19"": 82.11, ""2026-01-20"": 282.72, ""2026-01-21"": 54.03, ""2026-01-22"": 136.53, ""2026-01-23"": 212.46, ""2026-01-26"": 107.47, ""2026-01-27"": 93.31, ""2026-01-28"": 71.24, ""2026-01-29"": 193.49, ""2026-01-30"": 52.94, ""2026-02-02"": 19.67}",2026-02-02 23:54
469160,ACE 일본반도체,20175,-3.58,1.84,-1.67,129.2,A3,추세 전환 시도 중,"{""Ticker"": ""^SOX"", ""2025-12-18"": 6863.6298828125, ""2025-12-19"": 7067.8701171875, ""2025-12-22"": 7145.56982421875, ""2025-12-23"": 7184.5400390625, ""2025-12-24"": 7204.3701171875, ""2025-12-26"": 7207.64013671875, ""2025-12-29"": 7178.27001953125, ""2025-12-30"": 7169.10009765625, ""2025-12-31"": 7083.1298828125, ""2026-01-02"": 7367.47021484375, ""2026-01-05"": 7446.4501953125, ""2026-01-06"": 7650.93017578125, ""2026-01-07"": 7574.8701171875, ""2026-01-08"": 7436.10009765625, ""2026-01-09"": 7638.77978515625, ""2026-01-12"": 7674.83984375, ""2026-01-13"": 7747.990234375, ""2026-01-14"": 7701.47021484375, ""2026-01-15"": 7837.2998046875, ""2026-01-16"": 7927.41015625, ""2026-01-19"": NaN, ""2026-01-20"": 7794.18994140625, ""2026-01-21"": 8042.06982421875, ""2026-01-22"": 8055.169921875, ""2026-01-23"": 7957.93017578125, ""2026-01-26"": 7927.0400390625, ""2026-01-27"": 8117.18017578125, ""2026-01-28"": 8306.740234375, ""2026-01-29"": 8320.3896484375, ""2026-01-30"": 7998.47021484375, ""2026-02-02"": 8134.48828125}","{""metric"": ""Market_ADR"", ""2025-12-18"": 61.7, ""2025-12-19"": 131.39, ""2025-12-22"": 97.41, ""2025-12-23"": 32.29, ""2025-12-24"": 60.54, ""2025-12-26"": 37.91, ""2025-12-29"": 88.09, ""2025-12-30"": 74.29, ""2026-01-02"": 71.11, ""2026-01-05"": 89.71, ""2026-01-06"": 63.36, ""2026-01-07"": 33.14, ""2026-01-08"": 30.17, ""2026-01-09"": 121.26, ""2026-01-12"": 131.65, ""2026-01-13"": 81.94, ""2026-01-14"": 138.21, ""2026-01-15"": 106.74, ""2026-01-16"": 60.28, ""2026-01-19"": 82.11, ""2026-01-20"": 282.72, ""2026-01-21"": 54.03, ""2026-01-22"": 136.53, ""2026-01-23"": 212.46, ""2026-01-26"": 107.47, ""2026-01-27"": 93.31, ""2026-01-28"": 71.24, ""2026-01-29"": 193.49, ""2026-01-30"": 52.94, ""2026-02-02"": 19.67}",2026-02-02 23:54
461580,TIGER 코스닥글로벌,18555,-6.29,6.61,-1.7,197.5,A3,추세 전환 시도 중,"{""Ticker"": ""^SOX"", ""2025-12-18"": 6863.6298828125, ""2025-12-19"": 7067.8701171875, ""2025-12-22"": 7145.56982421875, ""2025-12-23"": 7184.5400390625, ""2025-12-24"": 7204.3701171875, ""2025-12-26"": 7207.64013671875, ""2025-12-29"": 7178.27001953125, ""2025-12-30"": 7169.10009765625, ""2025-12-31"": 7083.1298828125, ""2026-01-02"": 7367.47021484375, ""2026-01-05"": 7446.4501953125, ""2026-01-06"": 7650.93017578125, ""2026-01-07"": 7574.8701171875, ""2026-01-08"": 7436.10009765625, ""2026-01-09"": 7638.77978515625, ""2026-01-12"": 7674.83984375, ""2026-01-13"": 7747.990234375, ""2026-01-14"": 7701.47021484375, ""2026-01-15"": 7837.2998046875, ""2026-01-16"": 7927.41015625, ""2026-01-19"": NaN, ""2026-01-20"": 7794.18994140625, ""2026-01-21"": 8042.06982421875, ""2026-01-22"": 8055.169921875, ""2026-01-23"": 7957.93017578125, ""2026-01-26"": 7927.0400390625, ""2026-01-27"": 8117.18017578125, ""2026-01-28"": 8306.740234375, ""2026-01-29"": 8320.3896484375, ""2026-01-30"": 7998.47021484375, ""2026-02-02"": 8134.48828125}","{""metric"": ""Market_ADR"", ""2025-12-18"": 61.7, ""2025-12-19"": 131.39, ""2025-12-22"": 97.41, ""2025-12-23"": 32.29, ""2025-12-24"": 60.54, ""2025-12-26"": 37.91, ""2025-12-29"": 88.09, ""2025-12-30"": 74.29, ""2026-01-02"": 71.11, ""2026-01-05"": 89.71, ""2026-01-06"": 63.36, ""2026-01-07"": 33.14, ""2026-01-08"": 30.17, ""2026-01-09"": 121.26, ""2026-01-12"": 131.65, ""2026-01-13"": 81.94, ""2026-01-14"": 138.21, ""2026-01-15"": 106.74, ""2026-01-16"": 60.28, ""2026-01-19"": 82.11, ""2026-01-20"": 282.72, ""2026-01-21"": 54.03, ""2026-01-22"": 136.53, ""2026-01-23"": 212.46, ""2026-01-26"": 107.47, ""2026-01-27"": 93.31, ""2026-01-28"": 71.24, ""2026-01-29"": 193.49, ""2026-01-30"": 52.94, ""2026-02-02"": 19.67}",2026-02-02 23:54
367760,RISE 네트워크인프라,26750,-5.39,4.21,-1.74,72.1,A2,추세 전환 시도 중,"{""Ticker"": ""^SOX"", ""2025-12-18"": 6863.6298828125, ""2025-12-19"": 7067.8701171875, ""2025-12-22"": 7145.56982421875, ""2025-12-23"": 7184.5400390625, ""2025-12-24"": 7204.3701171875, ""2025-12-26"": 7207.64013671875, ""2025-12-29"": 7178.27001953125, ""2025-12-30"": 7169.10009765625, ""2025-12-31"": 7083.1298828125, ""2026-01-02"": 7367.47021484375, ""2026-01-05"": 7446.4501953125, ""2026-01-06"": 7650.93017578125, ""2026-01-07"": 7574.8701171875, ""2026-01-08"": 7436.10009765625, ""2026-01-09"": 7638.77978515625, ""2026-01-12"": 7674.83984375, ""2026-01-13"": 7747.990234375, ""2026-01-14"": 7701.47021484375, ""2026-01-15"": 7837.2998046875, ""2026-01-16"": 7927.41015625, ""2026-01-19"": NaN, ""2026-01-20"": 7794.18994140625, ""2026-01-21"": 8042.06982421875, ""2026-01-22"": 8055.169921875, ""2026-01-23"": 7957.93017578125, ""2026-01-26"": 7927.0400390625, ""2026-01-27"": 8117.18017578125, ""2026-01-28"": 8306.740234375, ""2026-01-29"": 8320.3896484375, ""2026-01-30"": 7998.47021484375, ""2026-02-02"": 8134.48828125}","{""metric"": ""Market_ADR"", ""2025-12-18"": 61.7, ""2025-12-19"": 131.39, ""2025-12-22"": 97.41, ""2025-12-23"": 32.29, ""2025-12-24"": 60.54, ""2025-12-26"": 37.91, ""2025-12-29"": 88.09, ""2025-12-30"": 74.29, ""2026-01-02"": 71.11, ""2026-01-05"": 89.71, ""2026-01-06"": 63.36, ""2026-01-07"": 33.14, ""2026-01-08"": 30.17, ""2026-01-09"": 121.26, ""2026-01-12"": 131.65, ""2026-01-13"": 81.94, ""2026-01-14"": 138.21, ""2026-01-15"": 106.74, ""2026-01-16"": 60.28, ""2026-01-19"": 82.11, ""2026-01-20"": 282.72, ""2026-01-21"": 54.03, ""2026-01-22"": 136.53, ""2026-01-23"": 212.46, ""2026-01-26"": 107.47, ""2026-01-27"": 93.31, ""2026-01-28"": 71.24, ""2026-01-29"": 193.49, ""2026-01-30"": 52.94, ""2026-02-02"": 19.67}",2026-02-02 23:54
337120,KODEX 멀티팩터,24535,-5.23,1.32,-1.8,67.7,A2,추세 전환 시도 중,"{""Ticker"": ""^SOX"", ""2025-12-18"": 6863.6298828125, ""2025-12-19"": 7067.8701171875, ""2025-12-22"": 7145.56982421875, ""2025-12-23"": 7184.5400390625, ""2025-12-24"": 7204.3701171875, ""2025-12-26"": 7207.64013671875, ""2025-12-29"": 7178.27001953125, ""2025-12-30"": 7169.10009765625, ""2025-12-31"": 7083.1298828125, ""2026-01-02"": 7367.47021484375, ""2026-01-05"": 7446.4501953125, ""2026-01-06"": 7650.93017578125, ""2026-01-07"": 7574.8701171875, ""2026-01-08"": 7436.10009765625, ""2026-01-09"": 7638.77978515625, ""2026-01-12"": 7674.83984375, ""2026-01-13"": 7747.990234375, ""2026-01-14"": 7701.47021484375, ""2026-01-15"": 7837.2998046875, ""2026-01-16"": 7927.41015625, ""2026-01-19"": NaN, ""2026-01-20"": 7794.18994140625, ""2026-01-21"": 8042.06982421875, ""2026-01-22"": 8055.169921875, ""2026-01-23"": 7957.93017578125, ""2026-01-26"": 7927.0400390625, ""2026-01-27"": 8117.18017578125, ""2026-01-28"": 8306.740234375, ""2026-01-29"": 8320.3896484375, ""2026-01-30"": 7998.47021484375, ""2026-02-02"": 8134.48828125}","{""metric"": ""Market_ADR"", ""2025-12-18"": 61.7, ""2025-12-19"": 131.39, ""2025-12-22"": 97.41, ""2025-12-23"": 32.29, ""2025-12-24"": 60.54, ""2025-12-26"": 37.91, ""2025-12-29"": 88.09, ""2025-12-30"": 74.29, ""2026-01-02"": 71.11, ""2026-01-05"": 89.71, ""2026-01-06"": 63.36, ""2026-01-07"": 33.14, ""2026-01-08"": 30.17, ""2026-01-09"": 121.26, ""2026-01-12"": 131.65, ""2026-01-13"": 81.94, ""2026-01-14"": 138.21, ""2026-01-15"": 106.74, ""2026-01-16"": 60.28, ""2026-01-19"": 82.11, ""2026-01-20"": 282.72, ""2026-01-21"": 54.03, ""2026-01-22"": 136.53, ""2026-01-23"": 212.46, ""2026-01-26"": 107.47, ""2026-01-27"": 93.31, ""2026-01-28"": 71.24, ""2026-01-29"": 193.49, ""2026-01-30"": 52.94, ""2026-02-02"": 19.67}",2026-02-02 23:54
423170,SOL 한국형글로벌반도체액티브,37040,-4.66,2.01,-1.88,146.7,A4,추세 전환 시도 중,"{""Ticker"": ""^SOX"", ""2025-12-18"": 6863.6298828125, ""2025-12-19"": 7067.8701171875, ""2025-12-22"": 7145.56982421875, ""2025-12-23"": 7184.5400390625, ""2025-12-24"": 7204.3701171875, ""2025-12-26"": 7207.64013671875, ""2025-12-29"": 7178.27001953125, ""2025-12-30"": 7169.10009765625, ""2025-12-31"": 7083.1298828125, ""2026-01-02"": 7367.47021484375, ""2026-01-05"": 7446.4501953125, ""2026-01-06"": 7650.93017578125, ""2026-01-07"": 7574.8701171875, ""2026-01-08"": 7436.10009765625, ""2026-01-09"": 7638.77978515625, ""2026-01-12"": 7674.83984375, ""2026-01-13"": 7747.990234375, ""2026-01-14"": 7701.47021484375, ""2026-01-15"": 7837.2998046875, ""2026-01-16"": 7927.41015625, ""2026-01-19"": NaN, ""2026-01-20"": 7794.18994140625, ""2026-01-21"": 8042.06982421875, ""2026-01-22"": 8055.169921875, ""2026-01-23"": 7957.93017578125, ""2026-01-26"": 7927.0400390625, ""2026-01-27"": 8117.18017578125, ""2026-01-28"": 8306.740234375, ""2026-01-29"": 8320.3896484375, ""2026-01-30"": 7998.47021484375, ""2026-02-02"": 8134.48828125}","{""metric"": ""Market_ADR"", ""2025-12-18"": 61.7, ""2025-12-19"": 131.39, ""2025-12-22"": 97.41, ""2025-12-23"": 32.29, ""2025-12-24"": 60.54, ""2025-12-26"": 37.91, ""2025-12-29"": 88.09, ""2025-12-30"": 74.29, ""2026-01-02"": 71.11, ""2026-01-05"": 89.71, ""2026-01-06"": 63.36, ""2026-01-07"": 33.14, ""2026-01-08"": 30.17, ""2026-01-09"": 121.26, ""2026-01-12"": 131.65, ""2026-01-13"": 81.94, ""2026-01-14"": 138.21, ""2026-01-15"": 106.74, ""2026-01-16"": 60.28, ""2026-01-19"": 82.11, ""2026-01-20"": 282.72, ""2026-01-21"": 54.03, ""2026-01-22"": 136.53, ""2026-01-23"": 212.46, ""2026-01-26"": 107.47, ""2026-01-27"": 93.31, ""2026-01-28"": 71.24, ""2026-01-29"": 193.49, ""2026-01-30"": 52.94, ""2026-02-02"": 19.67}",2026-02-02 23:54
471780,TIGER 코리아테크액티브,20920,-5.79,5.18,-1.95,366.8,A5,추세 전환 시도 중,"{""Ticker"": ""^SOX"", ""2025-12-18"": 6863.6298828125, ""2025-12-19"": 7067.8701171875, ""2025-12-22"": 7145.56982421875, ""2025-12-23"": 7184.5400390625, ""2025-12-24"": 7204.3701171875, ""2025-12-26"": 7207.64013671875, ""2025-12-29"": 7178.27001953125, ""2025-12-30"": 7169.10009765625, ""2025-12-31"": 7083.1298828125, ""2026-01-02"": 7367.47021484375, ""2026-01-05"": 7446.4501953125, ""2026-01-06"": 7650.93017578125, ""2026-01-07"": 7574.8701171875, ""2026-01-08"": 7436.10009765625, ""2026-01-09"": 7638.77978515625, ""2026-01-12"": 7674.83984375, ""2026-01-13"": 7747.990234375, ""2026-01-14"": 7701.47021484375, ""2026-01-15"": 7837.2998046875, ""2026-01-16"": 7927.41015625, ""2026-01-19"": NaN, ""2026-01-20"": 7794.18994140625, ""2026-01-21"": 8042.06982421875, ""2026-01-22"": 8055.169921875, ""2026-01-23"": 7957.93017578125, ""2026-01-26"": 7927.0400390625, ""2026-01-27"": 8117.18017578125, ""2026-01-28"": 8306.740234375, ""2026-01-29"": 8320.3896484375, ""2026-01-30"": 7998.47021484375, ""2026-02-02"": 8134.48828125}","{""metric"": ""Market_ADR"", ""2025-12-18"": 61.7, ""2025-12-19"": 131.39, ""2025-12-22"": 97.41, ""2025-12-23"": 32.29, ""2025-12-24"": 60.54, ""2025-12-26"": 37.91, ""2025-12-29"": 88.09, ""2025-12-30"": 74.29, ""2026-01-02"": 71.11, ""2026-01-05"": 89.71, ""2026-01-06"": 63.36, ""2026-01-07"": 33.14, ""2026-01-08"": 30.17, ""2026-01-09"": 121.26, ""2026-01-12"": 131.65, ""2026-01-13"": 81.94, ""2026-01-14"": 138.21, ""2026-01-15"": 106.74, ""2026-01-16"": 60.28, ""2026-01-19"": 82.11, ""2026-01-20"": 282.72, ""2026-01-21"": 54.03, ""2026-01-22"": 136.53, ""2026-01-23"": 212.46, ""2026-01-26"": 107.47, ""2026-01-27"": 93.31, ""2026-01-28"": 71.24, ""2026-01-29"": 193.49, ""2026-01-30"": 52.94, ""2026-02-02"": 19.67}",2026-02-02 23:54
0005G0,ITF K-AI반도체코어테크,24220,-5.46,3.79,-2.26,240.4,A5,추세 전환 시도 중,"{""Ticker"": ""^SOX"", ""2025-12-18"": 6863.6298828125, ""2025-12-19"": 7067.8701171875, ""2025-12-22"": 7145.56982421875, ""2025-12-23"": 7184.5400390625, ""2025-12-24"": 7204.3701171875, ""2025-12-26"": 7207.64013671875, ""2025-12-29"": 7178.27001953125, ""2025-12-30"": 7169.10009765625, ""2025-12-31"": 7083.1298828125, ""2026-01-02"": 7367.47021484375, ""2026-01-05"": 7446.4501953125, ""2026-01-06"": 7650.93017578125, ""2026-01-07"": 7574.8701171875, ""2026-01-08"": 7436.10009765625, ""2026-01-09"": 7638.77978515625, ""2026-01-12"": 7674.83984375, ""2026-01-13"": 7747.990234375, ""2026-01-14"": 7701.47021484375, ""2026-01-15"": 7837.2998046875, ""2026-01-16"": 7927.41015625, ""2026-01-19"": NaN, ""2026-01-20"": 7794.18994140625, ""2026-01-21"": 8042.06982421875, ""2026-01-22"": 8055.169921875, ""2026-01-23"": 7957.93017578125, ""2026-01-26"": 7927.0400390625, ""2026-01-27"": 8117.18017578125, ""2026-01-28"": 8306.740234375, ""2026-01-29"": 8320.3896484375, ""2026-01-30"": 7998.47021484375, ""2026-02-02"": 8134.48828125}","{""metric"": ""Market_ADR"", ""2025-12-18"": 61.7, ""2025-12-19"": 131.39, ""2025-12-22"": 97.41, ""2025-12-23"": 32.29, ""2025-12-24"": 60.54, ""2025-12-26"": 37.91, ""2025-12-29"": 88.09, ""2025-12-30"": 74.29, ""2026-01-02"": 71.11, ""2026-01-05"": 89.71, ""2026-01-06"": 63.36, ""2026-01-07"": 33.14, ""2026-01-08"": 30.17, ""2026-01-09"": 121.26, ""2026-01-12"": 131.65, ""2026-01-13"": 81.94, ""2026-01-14"": 138.21, ""2026-01-15"": 106.74, ""2026-01-16"": 60.28, ""2026-01-19"": 82.11, ""2026-01-20"": 282.72, ""2026-01-21"": 54.03, ""2026-01-22"": 136.53, ""2026-01-23"": 212.46, ""2026-01-26"": 107.47, ""2026-01-27"": 93.31, ""2026-01-28"": 71.24, ""2026-01-29"": 193.49, ""2026-01-30"": 52.94, ""2026-02-02"": 19.67}",2026-02-02 23:54
0094M0,RISE 코리아밸류업위클리고정커버드콜,14940,-5.83,1.77,-2.88,343.8,A5,추세 전환 시도 중,"{""Ticker"": ""^SOX"", ""2025-12-18"": 6863.6298828125, ""2025-12-19"": 7067.8701171875, ""2025-12-22"": 7145.56982421875, ""2025-12-23"": 7184.5400390625, ""2025-12-24"": 7204.3701171875, ""2025-12-26"": 7207.64013671875, ""2025-12-29"": 7178.27001953125, ""2025-12-30"": 7169.10009765625, ""2025-12-31"": 7083.1298828125, ""2026-01-02"": 7367.47021484375, ""2026-01-05"": 7446.4501953125, ""2026-01-06"": 7650.93017578125, ""2026-01-07"": 7574.8701171875, ""2026-01-08"": 7436.10009765625, ""2026-01-09"": 7638.77978515625, ""2026-01-12"": 7674.83984375, ""2026-01-13"": 7747.990234375, ""2026-01-14"": 7701.47021484375, ""2026-01-15"": 7837.2998046875, ""2026-01-16"": 7927.41015625, ""2026-01-19"": NaN, ""2026-01-20"": 7794.18994140625, ""2026-01-21"": 8042.06982421875, ""2026-01-22"": 8055.169921875, ""2026-01-23"": 7957.93017578125, ""2026-01-26"": 7927.0400390625, ""2026-01-27"": 8117.18017578125, ""2026-01-28"": 8306.740234375, ""2026-01-29"": 8320.3896484375, ""2026-01-30"": 7998.47021484375, ""2026-02-02"": 8134.48828125}","{""metric"": ""Market_ADR"", ""2025-12-18"": 61.7, ""2025-12-19"": 131.39, ""2025-12-22"": 97.41, ""2025-12-23"": 32.29, ""2025-12-24"": 60.54, ""2025-12-26"": 37.91, ""2025-12-29"": 88.09, ""2025-12-30"": 74.29, ""2026-01-02"": 71.11, ""2026-01-05"": 89.71, ""2026-01-06"": 63.36, ""2026-01-07"": 33.14, ""2026-01-08"": 30.17, ""2026-01-09"": 121.26, ""2026-01-12"": 131.65, ""2026-01-13"": 81.94, ""2026-01-14"": 138.21, ""2026-01-15"": 106.74, ""2026-01-16"": 60.28, ""2026-01-19"": 82.11, ""2026-01-20"": 282.72, ""2026-01-21"": 54.03, ""2026-01-22"": 136.53, ""2026-01-23"": 212.46, ""2026-01-26"": 107.47, ""2026-01-27"": 93.31, ""2026-01-28"": 71.24, ""2026-01-29"": 193.49, ""2026-01-30"": 52.94, ""2026-02-02"": 19.67}",2026-02-02 23:54
359210,KODEX 코스피TR,25455,-5.46,0.06,-3.16,816.3,F5,시장 소외주: 관망 권고,"{""Ticker"": ""^SOX"", ""2025-12-18"": 6863.6298828125, ""2025-12-19"": 7067.8701171875, ""2025-12-22"": 7145.56982421875, ""2025-12-23"": 7184.5400390625, ""2025-12-24"": 7204.3701171875, ""2025-12-26"": 7207.64013671875, ""2025-12-29"": 7178.27001953125, ""2025-12-30"": 7169.10009765625, ""2025-12-31"": 7083.1298828125, ""2026-01-02"": 7367.47021484375, ""2026-01-05"": 7446.4501953125, ""2026-01-06"": 7650.93017578125, ""2026-01-07"": 7574.8701171875, ""2026-01-08"": 7436.10009765625, ""2026-01-09"": 7638.77978515625, ""2026-01-12"": 7674.83984375, ""2026-01-13"": 7747.990234375, ""2026-01-14"": 7701.47021484375, ""2026-01-15"": 7837.2998046875, ""2026-01-16"": 7927.41015625, ""2026-01-19"": NaN, ""2026-01-20"": 7794.18994140625, ""2026-01-21"": 8042.06982421875, ""2026-01-22"": 8055.169921875, ""2026-01-23"": 7957.93017578125, ""2026-01-26"": 7927.0400390625, ""2026-01-27"": 8117.18017578125, ""2026-01-28"": 8306.740234375, ""2026-01-29"": 8320.3896484375, ""2026-01-30"": 7998.47021484375, ""2026-02-02"": 8134.48828125}","{""metric"": ""Market_ADR"", ""2025-12-18"": 61.7, ""2025-12-19"": 131.39, ""2025-12-22"": 97.41, ""2025-12-23"": 32.29, ""2025-12-24"": 60.54, ""2025-12-26"": 37.91, ""2025-12-29"": 88.09, ""2025-12-30"": 74.29, ""2026-01-02"": 71.11, ""2026-01-05"": 89.71, ""2026-01-06"": 63.36, ""2026-01-07"": 33.14, ""2026-01-08"": 30.17, ""2026-01-09"": 121.26, ""2026-01-12"": 131.65, ""2026-01-13"": 81.94, ""2026-01-14"": 138.21, ""2026-01-15"": 106.74, ""2026-01-16"": 60.28, ""2026-01-19"": 82.11, ""2026-01-20"": 282.72, ""2026-01-21"": 54.03, ""2026-01-22"": 136.53, ""2026-01-23"": 212.46, ""2026-01-26"": 107.47, ""2026-01-27"": 93.31, ""2026-01-28"": 71.24, ""2026-01-29"": 193.49, ""2026-01-30"": 52.94, ""2026-02-02"": 19.67}",2026-02-02 23:54
227830,PLUS 코스피,51325,-5.75,-0.08,-3.25,325.4,F5,시장 소외주: 관망 권고,"{""Ticker"": ""^SOX"", ""2025-12-18"": 6863.6298828125, ""2025-12-19"": 7067.8701171875, ""2025-12-22"": 7145.56982421875, ""2025-12-23"": 7184.5400390625, ""2025-12-24"": 7204.3701171875, ""2025-12-26"": 7207.64013671875, ""2025-12-29"": 7178.27001953125, ""2025-12-30"": 7169.10009765625, ""2025-12-31"": 7083.1298828125, ""2026-01-02"": 7367.47021484375, ""2026-01-05"": 7446.4501953125, ""2026-01-06"": 7650.93017578125, ""2026-01-07"": 7574.8701171875, ""2026-01-08"": 7436.10009765625, ""2026-01-09"": 7638.77978515625, ""2026-01-12"": 7674.83984375, ""2026-01-13"": 7747.990234375, ""2026-01-14"": 7701.47021484375, ""2026-01-15"": 7837.2998046875, ""2026-01-16"": 7927.41015625, ""2026-01-19"": NaN, ""2026-01-20"": 7794.18994140625, ""2026-01-21"": 8042.06982421875, ""2026-01-22"": 8055.169921875, ""2026-01-23"": 7957.93017578125, ""2026-01-26"": 7927.0400390625, ""2026-01-27"": 8117.18017578125, ""2026-01-28"": 8306.740234375, ""2026-01-29"": 8320.3896484375, ""2026-01-30"": 7998.47021484375, ""2026-02-02"": 8134.48828125}","{""metric"": ""Market_ADR"", ""2025-12-18"": 61.7, ""2025-12-19"": 131.39, ""2025-12-22"": 97.41, ""2025-12-23"": 32.29, ""2025-12-24"": 60.54, ""2025-12-26"": 37.91, ""2025-12-29"": 88.09, ""2025-12-30"": 74.29, ""2026-01-02"": 71.11, ""2026-01-05"": 89.71, ""2026-01-06"": 63.36, ""2026-01-07"": 33.14, ""2026-01-08"": 30.17, ""2026-01-09"": 121.26, ""2026-01-12"": 131.65, ""2026-01-13"": 81.94, ""2026-01-14"": 138.21, ""2026-01-15"": 106.74, ""2026-01-16"": 60.28, ""2026-01-19"": 82.11, ""2026-01-20"": 282.72, ""2026-01-21"": 54.03, ""2026-01-22"": 136.53, ""2026-01-23"": 212.46, ""2026-01-26"": 107.47, ""2026-01-27"": 93.31, ""2026-01-28"": 71.24, ""2026-01-29"": 193.49, ""2026-01-30"": 52.94, ""2026-02-02"": 19.67}",2026-02-02 23:54
462010,TIGER 2차전지소재Fn,6840,-3.66,1.63,-3.3,241.8,A4,추세 전환 시도 중,"{""Ticker"": ""^SOX"", ""2025-12-18"": 6863.6298828125, ""2025-12-19"": 7067.8701171875, ""2025-12-22"": 7145.56982421875, ""2025-12-23"": 7184.5400390625, ""2025-12-24"": 7204.3701171875, ""2025-12-26"": 7207.64013671875, ""2025-12-29"": 7178.27001953125, ""2025-12-30"": 7169.10009765625, ""2025-12-31"": 7083.1298828125, ""2026-01-02"": 7367.47021484375, ""2026-01-05"": 7446.4501953125, ""2026-01-06"": 7650.93017578125, ""2026-01-07"": 7574.8701171875, ""2026-01-08"": 7436.10009765625, ""2026-01-09"": 7638.77978515625, ""2026-01-12"": 7674.83984375, ""2026-01-13"": 7747.990234375, ""2026-01-14"": 7701.47021484375, ""2026-01-15"": 7837.2998046875, ""2026-01-16"": 7927.41015625, ""2026-01-19"": NaN, ""2026-01-20"": 7794.18994140625, ""2026-01-21"": 8042.06982421875, ""2026-01-22"": 8055.169921875, ""2026-01-23"": 7957.93017578125, ""2026-01-26"": 7927.0400390625, ""2026-01-27"": 8117.18017578125, ""2026-01-28"": 8306.740234375, ""2026-01-29"": 8320.3896484375, ""2026-01-30"": 7998.47021484375, ""2026-02-02"": 8134.48828125}","{""metric"": ""Market_ADR"", ""2025-12-18"": 61.7, ""2025-12-19"": 131.39, ""2025-12-22"": 97.41, ""2025-12-23"": 32.29, ""2025-12-24"": 60.54, ""2025-12-26"": 37.91, ""2025-12-29"": 88.09, ""2025-12-30"": 74.29, ""2026-01-02"": 71.11, ""2026-01-05"": 89.71, ""2026-01-06"": 63.36, ""2026-01-07"": 33.14, ""2026-01-08"": 30.17, ""2026-01-09"": 121.26, ""2026-01-12"": 131.65, ""2026-01-13"": 81.94, ""2026-01-14"": 138.21, ""2026-01-15"": 106.74, ""2026-01-16"": 60.28, ""2026-01-19"": 82.11, ""2026-01-20"": 282.72, ""2026-01-21"": 54.03, ""2026-01-22"": 136.53, ""2026-01-23"": 212.46, ""2026-01-26"": 107.47, ""2026-01-27"": 93.31, ""2026-01-28"": 71.24, ""2026-01-29"": 193.49, ""2026-01-30"": 52.94, ""2026-02-02"": 19.67}",2026-02-02 23:54
422420,RISE 2차전지액티브,8430,-5.39,1.69,-3.36,160.1,A3,추세 전환 시도 중,"{""Ticker"": ""^SOX"", ""2025-12-18"": 6863.6298828125, ""2025-12-19"": 7067.8701171875, ""2025-12-22"": 7145.56982421875, ""2025-12-23"": 7184.5400390625, ""2025-12-24"": 7204.3701171875, ""2025-12-26"": 7207.64013671875, ""2025-12-29"": 7178.27001953125, ""2025-12-30"": 7169.10009765625, ""2025-12-31"": 7083.1298828125, ""2026-01-02"": 7367.47021484375, ""2026-01-05"": 7446.4501953125, ""2026-01-06"": 7650.93017578125, ""2026-01-07"": 7574.8701171875, ""2026-01-08"": 7436.10009765625, ""2026-01-09"": 7638.77978515625, ""2026-01-12"": 7674.83984375, ""2026-01-13"": 7747.990234375, ""2026-01-14"": 7701.47021484375, ""2026-01-15"": 7837.2998046875, ""2026-01-16"": 7927.41015625, ""2026-01-19"": NaN, ""2026-01-20"": 7794.18994140625, ""2026-01-21"": 8042.06982421875, ""2026-01-22"": 8055.169921875, ""2026-01-23"": 7957.93017578125, ""2026-01-26"": 7927.0400390625, ""2026-01-27"": 8117.18017578125, ""2026-01-28"": 8306.740234375, ""2026-01-29"": 8320.3896484375, ""2026-01-30"": 7998.47021484375, ""2026-02-02"": 8134.48828125}","{""metric"": ""Market_ADR"", ""2025-12-18"": 61.7, ""2025-12-19"": 131.39, ""2025-12-22"": 97.41, ""2025-12-23"": 32.29, ""2025-12-24"": 60.54, ""2025-12-26"": 37.91, ""2025-12-29"": 88.09, ""2025-12-30"": 74.29, ""2026-01-02"": 71.11, ""2026-01-05"": 89.71, ""2026-01-06"": 63.36, ""2026-01-07"": 33.14, ""2026-01-08"": 30.17, ""2026-01-09"": 121.26, ""2026-01-12"": 131.65, ""2026-01-13"": 81.94, ""2026-01-14"": 138.21, ""2026-01-15"": 106.74, ""2026-01-16"": 60.28, ""2026-01-19"": 82.11, ""2026-01-20"": 282.72, ""2026-01-21"": 54.03, ""2026-01-22"": 136.53, ""2026-01-23"": 212.46, ""2026-01-26"": 107.47, ""2026-01-27"": 93.31, ""2026-01-28"": 71.24, ""2026-01-29"": 193.49, ""2026-01-30"": 52.94, ""2026-02-02"": 19.67}",2026-02-02 23:54
441800,TIME Korea플러스배당액티브,23550,-5.57,4.32,-3.55,257.6,A5,추세 전환 시도 중,"{""Ticker"": ""^SOX"", ""2025-12-18"": 6863.6298828125, ""2025-12-19"": 7067.8701171875, ""2025-12-22"": 7145.56982421875, ""2025-12-23"": 7184.5400390625, ""2025-12-24"": 7204.3701171875, ""2025-12-26"": 7207.64013671875, ""2025-12-29"": 7178.27001953125, ""2025-12-30"": 7169.10009765625, ""2025-12-31"": 7083.1298828125, ""2026-01-02"": 7367.47021484375, ""2026-01-05"": 7446.4501953125, ""2026-01-06"": 7650.93017578125, ""2026-01-07"": 7574.8701171875, ""2026-01-08"": 7436.10009765625, ""2026-01-09"": 7638.77978515625, ""2026-01-12"": 7674.83984375, ""2026-01-13"": 7747.990234375, ""2026-01-14"": 7701.47021484375, ""2026-01-15"": 7837.2998046875, ""2026-01-16"": 7927.41015625, ""2026-01-19"": NaN, ""2026-01-20"": 7794.18994140625, ""2026-01-21"": 8042.06982421875, ""2026-01-22"": 8055.169921875, ""2026-01-23"": 7957.93017578125, ""2026-01-26"": 7927.0400390625, ""2026-01-27"": 8117.18017578125, ""2026-01-28"": 8306.740234375, ""2026-01-29"": 8320.3896484375, ""2026-01-30"": 7998.47021484375, ""2026-02-02"": 8134.48828125}","{""metric"": ""Market_ADR"", ""2025-12-18"": 61.7, ""2025-12-19"": 131.39, ""2025-12-22"": 97.41, ""2025-12-23"": 32.29, ""2025-12-24"": 60.54, ""2025-12-26"": 37.91, ""2025-12-29"": 88.09, ""2025-12-30"": 74.29, ""2026-01-02"": 71.11, ""2026-01-05"": 89.71, ""2026-01-06"": 63.36, ""2026-01-07"": 33.14, ""2026-01-08"": 30.17, ""2026-01-09"": 121.26, ""2026-01-12"": 131.65, ""2026-01-13"": 81.94, ""2026-01-14"": 138.21, ""2026-01-15"": 106.74, ""2026-01-16"": 60.28, ""2026-01-19"": 82.11, ""2026-01-20"": 282.72, ""2026-01-21"": 54.03, ""2026-01-22"": 136.53, ""2026-01-23"": 212.46, ""2026-01-26"": 107.47, ""2026-01-27"": 93.31, ""2026-01-28"": 71.24, ""2026-01-29"": 193.49, ""2026-01-30"": 52.94, ""2026-02-02"": 19.67}",2026-02-02 23:54
365040,TIGER AI코리아그로스액티브,24980,-5.49,-0.08,-3.73,282.0,F5,시장 소외주: 관망 권고,"{""Ticker"": ""^SOX"", ""2025-12-18"": 6863.6298828125, ""2025-12-19"": 7067.8701171875, ""2025-12-22"": 7145.56982421875, ""2025-12-23"": 7184.5400390625, ""2025-12-24"": 7204.3701171875, ""2025-12-26"": 7207.64013671875, ""2025-12-29"": 7178.27001953125, ""2025-12-30"": 7169.10009765625, ""2025-12-31"": 7083.1298828125, ""2026-01-02"": 7367.47021484375, ""2026-01-05"": 7446.4501953125, ""2026-01-06"": 7650.93017578125, ""2026-01-07"": 7574.8701171875, ""2026-01-08"": 7436.10009765625, ""2026-01-09"": 7638.77978515625, ""2026-01-12"": 7674.83984375, ""2026-01-13"": 7747.990234375, ""2026-01-14"": 7701.47021484375, ""2026-01-15"": 7837.2998046875, ""2026-01-16"": 7927.41015625, ""2026-01-19"": NaN, ""2026-01-20"": 7794.18994140625, ""2026-01-21"": 8042.06982421875, ""2026-01-22"": 8055.169921875, ""2026-01-23"": 7957.93017578125, ""2026-01-26"": 7927.0400390625, ""2026-01-27"": 8117.18017578125, ""2026-01-28"": 8306.740234375, ""2026-01-29"": 8320.3896484375, ""2026-01-30"": 7998.47021484375, ""2026-02-02"": 8134.48828125}","{""metric"": ""Market_ADR"", ""2025-12-18"": 61.7, ""2025-12-19"": 131.39, ""2025-12-22"": 97.41, ""2025-12-23"": 32.29, ""2025-12-24"": 60.54, ""2025-12-26"": 37.91, ""2025-12-29"": 88.09, ""2025-12-30"": 74.29, ""2026-01-02"": 71.11, ""2026-01-05"": 89.71, ""2026-01-06"": 63.36, ""2026-01-07"": 33.14, ""2026-01-08"": 30.17, ""2026-01-09"": 121.26, ""2026-01-12"": 131.65, ""2026-01-13"": 81.94, ""2026-01-14"": 138.21, ""2026-01-15"": 106.74, ""2026-01-16"": 60.28, ""2026-01-19"": 82.11, ""2026-01-20"": 282.72, ""2026-01-21"": 54.03, ""2026-01-22"": 136.53, ""2026-01-23"": 212.46, ""2026-01-26"": 107.47, ""2026-01-27"": 93.31, ""2026-01-28"": 71.24, ""2026-01-29"": 193.49, ""2026-01-30"": 52.94, ""2026-02-02"": 19.67}",2026-02-02 23:54
395760,PLUS ESG성장주액티브,15890,-5.08,0.41,-4.34,202.4,F5,시장 소외주: 관망 권고,"{""Ticker"": ""^SOX"", ""2025-12-18"": 6863.6298828125, ""2025-12-19"": 7067.8701171875, ""2025-12-22"": 7145.56982421875, ""2025-12-23"": 7184.5400390625, ""2025-12-24"": 7204.3701171875, ""2025-12-26"": 7207.64013671875, ""2025-12-29"": 7178.27001953125, ""2025-12-30"": 7169.10009765625, ""2025-12-31"": 7083.1298828125, ""2026-01-02"": 7367.47021484375, ""2026-01-05"": 7446.4501953125, ""2026-01-06"": 7650.93017578125, ""2026-01-07"": 7574.8701171875, ""2026-01-08"": 7436.10009765625, ""2026-01-09"": 7638.77978515625, ""2026-01-12"": 7674.83984375, ""2026-01-13"": 7747.990234375, ""2026-01-14"": 7701.47021484375, ""2026-01-15"": 7837.2998046875, ""2026-01-16"": 7927.41015625, ""2026-01-19"": NaN, ""2026-01-20"": 7794.18994140625, ""2026-01-21"": 8042.06982421875, ""2026-01-22"": 8055.169921875, ""2026-01-23"": 7957.93017578125, ""2026-01-26"": 7927.0400390625, ""2026-01-27"": 8117.18017578125, ""2026-01-28"": 8306.740234375, ""2026-01-29"": 8320.3896484375, ""2026-01-30"": 7998.47021484375, ""2026-02-02"": 8134.48828125}","{""metric"": ""Market_ADR"", ""2025-12-18"": 61.7, ""2025-12-19"": 131.39, ""2025-12-22"": 97.41, ""2025-12-23"": 32.29, ""2025-12-24"": 60.54, ""2025-12-26"": 37.91, ""2025-12-29"": 88.09, ""2025-12-30"": 74.29, ""2026-01-02"": 71.11, ""2026-01-05"": 89.71, ""2026-01-06"": 63.36, ""2026-01-07"": 33.14, ""2026-01-08"": 30.17, ""2026-01-09"": 121.26, ""2026-01-12"": 131.65, ""2026-01-13"": 81.94, ""2026-01-14"": 138.21, ""2026-01-15"": 106.74, ""2026-01-16"": 60.28, ""2026-01-19"": 82.11, ""2026-01-20"": 282.72, ""2026-01-21"": 54.03, ""2026-01-22"": 136.53, ""2026-01-23"": 212.46, ""2026-01-26"": 107.47, ""2026-01-27"": 93.31, ""2026-01-28"": 71.24, ""2026-01-29"": 193.49, ""2026-01-30"": 52.94, ""2026-02-02"": 19.67}",2026-02-02 23:54
388420,RISE 비메모리반도체액티브,18690,-6.55,8.16,-4.37,167.6,A4,추세 전환 시도 중,"{""Ticker"": ""^SOX"", ""2025-12-18"": 6863.6298828125, ""2025-12-19"": 7067.8701171875, ""2025-12-22"": 7145.56982421875, ""2025-12-23"": 7184.5400390625, ""2025-12-24"": 7204.3701171875, ""2025-12-26"": 7207.64013671875, ""2025-12-29"": 7178.27001953125, ""2025-12-30"": 7169.10009765625, ""2025-12-31"": 7083.1298828125, ""2026-01-02"": 7367.47021484375, ""2026-01-05"": 7446.4501953125, ""2026-01-06"": 7650.93017578125, ""2026-01-07"": 7574.8701171875, ""2026-01-08"": 7436.10009765625, ""2026-01-09"": 7638.77978515625, ""2026-01-12"": 7674.83984375, ""2026-01-13"": 7747.990234375, ""2026-01-14"": 7701.47021484375, ""2026-01-15"": 7837.2998046875, ""2026-01-16"": 7927.41015625, ""2026-01-19"": NaN, ""2026-01-20"": 7794.18994140625, ""2026-01-21"": 8042.06982421875, ""2026-01-22"": 8055.169921875, ""2026-01-23"": 7957.93017578125, ""2026-01-26"": 7927.0400390625, ""2026-01-27"": 8117.18017578125, ""2026-01-28"": 8306.740234375, ""2026-01-29"": 8320.3896484375, ""2026-01-30"": 7998.47021484375, ""2026-02-02"": 8134.48828125}","{""metric"": ""Market_ADR"", ""2025-12-18"": 61.7, ""2025-12-19"": 131.39, ""2025-12-22"": 97.41, ""2025-12-23"": 32.29, ""2025-12-24"": 60.54, ""2025-12-26"": 37.91, ""2025-12-29"": 88.09, ""2025-12-30"": 74.29, ""2026-01-02"": 71.11, ""2026-01-05"": 89.71, ""2026-01-06"": 63.36, ""2026-01-07"": 33.14, ""2026-01-08"": 30.17, ""2026-01-09"": 121.26, ""2026-01-12"": 131.65, ""2026-01-13"": 81.94, ""2026-01-14"": 138.21, ""2026-01-15"": 106.74, ""2026-01-16"": 60.28, ""2026-01-19"": 82.11, ""2026-01-20"": 282.72, ""2026-01-21"": 54.03, ""2026-01-22"": 136.53, ""2026-01-23"": 212.46, ""2026-01-26"": 107.47, ""2026-01-27"": 93.31, ""2026-01-28"": 71.24, ""2026-01-29"": 193.49, ""2026-01-30"": 52.94, ""2026-02-02"": 19.67}",2026-02-02 23:54
367740,HANARO Fn5G산업,24795,-5.61,3.79,-4.64,368.7,A5,추세 전환 시도 중,"{""Ticker"": ""^SOX"", ""2025-12-18"": 6863.6298828125, ""2025-12-19"": 7067.8701171875, ""2025-12-22"": 7145.56982421875, ""2025-12-23"": 7184.5400390625, ""2025-12-24"": 7204.3701171875, ""2025-12-26"": 7207.64013671875, ""2025-12-29"": 7178.27001953125, ""2025-12-30"": 7169.10009765625, ""2025-12-31"": 7083.1298828125, ""2026-01-02"": 7367.47021484375, ""2026-01-05"": 7446.4501953125, ""2026-01-06"": 7650.93017578125, ""2026-01-07"": 7574.8701171875, ""2026-01-08"": 7436.10009765625, ""2026-01-09"": 7638.77978515625, ""2026-01-12"": 7674.83984375, ""2026-01-13"": 7747.990234375, ""2026-01-14"": 7701.47021484375, ""2026-01-15"": 7837.2998046875, ""2026-01-16"": 7927.41015625, ""2026-01-19"": NaN, ""2026-01-20"": 7794.18994140625, ""2026-01-21"": 8042.06982421875, ""2026-01-22"": 8055.169921875, ""2026-01-23"": 7957.93017578125, ""2026-01-26"": 7927.0400390625, ""2026-01-27"": 8117.18017578125, ""2026-01-28"": 8306.740234375, ""2026-01-29"": 8320.3896484375, ""2026-01-30"": 7998.47021484375, ""2026-02-02"": 8134.48828125}","{""metric"": ""Market_ADR"", ""2025-12-18"": 61.7, ""2025-12-19"": 131.39, ""2025-12-22"": 97.41, ""2025-12-23"": 32.29, ""2025-12-24"": 60.54, ""2025-12-26"": 37.91, ""2025-12-29"": 88.09, ""2025-12-30"": 74.29, ""2026-01-02"": 71.11, ""2026-01-05"": 89.71, ""2026-01-06"": 63.36, ""2026-01-07"": 33.14, ""2026-01-08"": 30.17, ""2026-01-09"": 121.26, ""2026-01-12"": 131.65, ""2026-01-13"": 81.94, ""2026-01-14"": 138.21, ""2026-01-15"": 106.74, ""2026-01-16"": 60.28, ""2026-01-19"": 82.11, ""2026-01-20"": 282.72, ""2026-01-21"": 54.03, ""2026-01-22"": 136.53, ""2026-01-23"": 212.46, ""2026-01-26"": 107.47, ""2026-01-27"": 93.31, ""2026-01-28"": 71.24, ""2026-01-29"": 193.49, ""2026-01-30"": 52.94, ""2026-02-02"": 19.67}",2026-02-02 23:54
498400,KODEX 200타겟위클리커버드콜,15795,-5.67,0.22,-5.78,221.1,F5,시장 소외주: 관망 권고,"{""Ticker"": ""^SOX"", ""2025-12-18"": 6863.6298828125, ""2025-12-19"": 7067.8701171875, ""2025-12-22"": 7145.56982421875, ""2025-12-23"": 7184.5400390625, ""2025-12-24"": 7204.3701171875, ""2025-12-26"": 7207.64013671875, ""2025-12-29"": 7178.27001953125, ""2025-12-30"": 7169.10009765625, ""2025-12-31"": 7083.1298828125, ""2026-01-02"": 7367.47021484375, ""2026-01-05"": 7446.4501953125, ""2026-01-06"": 7650.93017578125, ""2026-01-07"": 7574.8701171875, ""2026-01-08"": 7436.10009765625, ""2026-01-09"": 7638.77978515625, ""2026-01-12"": 7674.83984375, ""2026-01-13"": 7747.990234375, ""2026-01-14"": 7701.47021484375, ""2026-01-15"": 7837.2998046875, ""2026-01-16"": 7927.41015625, ""2026-01-19"": NaN, ""2026-01-20"": 7794.18994140625, ""2026-01-21"": 8042.06982421875, ""2026-01-22"": 8055.169921875, ""2026-01-23"": 7957.93017578125, ""2026-01-26"": 7927.0400390625, ""2026-01-27"": 8117.18017578125, ""2026-01-28"": 8306.740234375, ""2026-01-29"": 8320.3896484375, ""2026-01-30"": 7998.47021484375, ""2026-02-02"": 8134.48828125}","{""metric"": ""Market_ADR"", ""2025-12-18"": 61.7, ""2025-12-19"": 131.39, ""2025-12-22"": 97.41, ""2025-12-23"": 32.29, ""2025-12-24"": 60.54, ""2025-12-26"": 37.91, ""2025-12-29"": 88.09, ""2025-12-30"": 74.29, ""2026-01-02"": 71.11, ""2026-01-05"": 89.71, ""2026-01-06"": 63.36, ""2026-01-07"": 33.14, ""2026-01-08"": 30.17, ""2026-01-09"": 121.26, ""2026-01-12"": 131.65, ""2026-01-13"": 81.94, ""2026-01-14"": 138.21, ""2026-01-15"": 106.74, ""2026-01-16"": 60.28, ""2026-01-19"": 82.11, ""2026-01-20"": 282.72, ""2026-01-21"": 54.03, ""2026-01-22"": 136.53, ""2026-01-23"": 212.46, ""2026-01-26"": 107.47, ""2026-01-27"": 93.31, ""2026-01-28"": 71.24, ""2026-01-29"": 193.49, ""2026-01-30"": 52.94, ""2026-02-02"": 19.67}",2026-02-02 23:54
289260,TIGER MSCI KOREA ESG리더스,18635,-5.43,1.83,-5.89,870.0,A5,추세 전환 시도 중,"{""Ticker"": ""^SOX"", ""2025-12-18"": 6863.6298828125, ""2025-12-19"": 7067.8701171875, ""2025-12-22"": 7145.56982421875, ""2025-12-23"": 7184.5400390625, ""2025-12-24"": 7204.3701171875, ""2025-12-26"": 7207.64013671875, ""2025-12-29"": 7178.27001953125, ""2025-12-30"": 7169.10009765625, ""2025-12-31"": 7083.1298828125, ""2026-01-02"": 7367.47021484375, ""2026-01-05"": 7446.4501953125, ""2026-01-06"": 7650.93017578125, ""2026-01-07"": 7574.8701171875, ""2026-01-08"": 7436.10009765625, ""2026-01-09"": 7638.77978515625, ""2026-01-12"": 7674.83984375, ""2026-01-13"": 7747.990234375, ""2026-01-14"": 7701.47021484375, ""2026-01-15"": 7837.2998046875, ""2026-01-16"": 7927.41015625, ""2026-01-19"": NaN, ""2026-01-20"": 7794.18994140625, ""2026-01-21"": 8042.06982421875, ""2026-01-22"": 8055.169921875, ""2026-01-23"": 7957.93017578125, ""2026-01-26"": 7927.0400390625, ""2026-01-27"": 8117.18017578125, ""2026-01-28"": 8306.740234375, ""2026-01-29"": 8320.3896484375, ""2026-01-30"": 7998.47021484375, ""2026-02-02"": 8134.48828125}","{""metric"": ""Market_ADR"", ""2025-12-18"": 61.7, ""2025-12-19"": 131.39, ""2025-12-22"": 97.41, ""2025-12-23"": 32.29, ""2025-12-24"": 60.54, ""2025-12-26"": 37.91, ""2025-12-29"": 88.09, ""2025-12-30"": 74.29, ""2026-01-02"": 71.11, ""2026-01-05"": 89.71, ""2026-01-06"": 63.36, ""2026-01-07"": 33.14, ""2026-01-08"": 30.17, ""2026-01-09"": 121.26, ""2026-01-12"": 131.65, ""2026-01-13"": 81.94, ""2026-01-14"": 138.21, ""2026-01-15"": 106.74, ""2026-01-16"": 60.28, ""2026-01-19"": 82.11, ""2026-01-20"": 282.72, ""2026-01-21"": 54.03, ""2026-01-22"": 136.53, ""2026-01-23"": 212.46, ""2026-01-26"": 107.47, ""2026-01-27"": 93.31, ""2026-01-28"": 71.24, ""2026-01-29"": 193.49, ""2026-01-30"": 52.94, ""2026-02-02"": 19.67}",2026-02-02 23:54
147970,TIGER 모멘텀,60020,-5.03,0.68,-6.06,254.8,F5,시장 소외주: 관망 권고,"{""Ticker"": ""^SOX"", ""2025-12-18"": 6863.6298828125, ""2025-12-19"": 7067.8701171875, ""2025-12-22"": 7145.56982421875, ""2025-12-23"": 7184.5400390625, ""2025-12-24"": 7204.3701171875, ""2025-12-26"": 7207.64013671875, ""2025-12-29"": 7178.27001953125, ""2025-12-30"": 7169.10009765625, ""2025-12-31"": 7083.1298828125, ""2026-01-02"": 7367.47021484375, ""2026-01-05"": 7446.4501953125, ""2026-01-06"": 7650.93017578125, ""2026-01-07"": 7574.8701171875, ""2026-01-08"": 7436.10009765625, ""2026-01-09"": 7638.77978515625, ""2026-01-12"": 7674.83984375, ""2026-01-13"": 7747.990234375, ""2026-01-14"": 7701.47021484375, ""2026-01-15"": 7837.2998046875, ""2026-01-16"": 7927.41015625, ""2026-01-19"": NaN, ""2026-01-20"": 7794.18994140625, ""2026-01-21"": 8042.06982421875, ""2026-01-22"": 8055.169921875, ""2026-01-23"": 7957.93017578125, ""2026-01-26"": 7927.0400390625, ""2026-01-27"": 8117.18017578125, ""2026-01-28"": 8306.740234375, ""2026-01-29"": 8320.3896484375, ""2026-01-30"": 7998.47021484375, ""2026-02-02"": 8134.48828125}","{""metric"": ""Market_ADR"", ""2025-12-18"": 61.7, ""2025-12-19"": 131.39, ""2025-12-22"": 97.41, ""2025-12-23"": 32.29, ""2025-12-24"": 60.54, ""2025-12-26"": 37.91, ""2025-12-29"": 88.09, ""2025-12-30"": 74.29, ""2026-01-02"": 71.11, ""2026-01-05"": 89.71, ""2026-01-06"": 63.36, ""2026-01-07"": 33.14, ""2026-01-08"": 30.17, ""2026-01-09"": 121.26, ""2026-01-12"": 131.65, ""2026-01-13"": 81.94, ""2026-01-14"": 138.21, ""2026-01-15"": 106.74, ""2026-01-16"": 60.28, ""2026-01-19"": 82.11, ""2026-01-20"": 282.72, ""2026-01-21"": 54.03, ""2026-01-22"": 136.53, ""2026-01-23"": 212.46, ""2026-01-26"": 107.47, ""2026-01-27"": 93.31, ""2026-01-28"": 71.24, ""2026-01-29"": 193.49, ""2026-01-30"": 52.94, ""2026-02-02"": 19.67}",2026-02-02 23:54
244620,KODEX 모멘텀Plus,17605,-7.15,2.86,-6.54,322.8,A5,추세 전환 시도 중,"{""Ticker"": ""^SOX"", ""2025-12-18"": 6863.6298828125, ""2025-12-19"": 7067.8701171875, ""2025-12-22"": 7145.56982421875, ""2025-12-23"": 7184.5400390625, ""2025-12-24"": 7204.3701171875, ""2025-12-26"": 7207.64013671875, ""2025-12-29"": 7178.27001953125, ""2025-12-30"": 7169.10009765625, ""2025-12-31"": 7083.1298828125, ""2026-01-02"": 7367.47021484375, ""2026-01-05"": 7446.4501953125, ""2026-01-06"": 7650.93017578125, ""2026-01-07"": 7574.8701171875, ""2026-01-08"": 7436.10009765625, ""2026-01-09"": 7638.77978515625, ""2026-01-12"": 7674.83984375, ""2026-01-13"": 7747.990234375, ""2026-01-14"": 7701.47021484375, ""2026-01-15"": 7837.2998046875, ""2026-01-16"": 7927.41015625, ""2026-01-19"": NaN, ""2026-01-20"": 7794.18994140625, ""2026-01-21"": 8042.06982421875, ""2026-01-22"": 8055.169921875, ""2026-01-23"": 7957.93017578125, ""2026-01-26"": 7927.0400390625, ""2026-01-27"": 8117.18017578125, ""2026-01-28"": 8306.740234375, ""2026-01-29"": 8320.3896484375, ""2026-01-30"": 7998.47021484375, ""2026-02-02"": 8134.48828125}","{""metric"": ""Market_ADR"", ""2025-12-18"": 61.7, ""2025-12-19"": 131.39, ""2025-12-22"": 97.41, ""2025-12-23"": 32.29, ""2025-12-24"": 60.54, ""2025-12-26"": 37.91, ""2025-12-29"": 88.09, ""2025-12-30"": 74.29, ""2026-01-02"": 71.11, ""2026-01-05"": 89.71, ""2026-01-06"": 63.36, ""2026-01-07"": 33.14, ""2026-01-08"": 30.17, ""2026-01-09"": 121.26, ""2026-01-12"": 131.65, ""2026-01-13"": 81.94, ""2026-01-14"": 138.21, ""2026-01-15"": 106.74, ""2026-01-16"": 60.28, ""2026-01-19"": 82.11, ""2026-01-20"": 282.72, ""2026-01-21"": 54.03, ""2026-01-22"": 136.53, ""2026-01-23"": 212.46, ""2026-01-26"": 107.47, ""2026-01-27"": 93.31, ""2026-01-28"": 71.24, ""2026-01-29"": 193.49, ""2026-01-30"": 52.94, ""2026-02-02"": 19.67}",2026-02-02 23:54
234310,RISE V&S셀렉트밸류,23560,-5.08,-0.72,-6.54,766.3,F5,시장 소외주: 관망 권고,"{""Ticker"": ""^SOX"", ""2025-12-18"": 6863.6298828125, ""2025-12-19"": 7067.8701171875, ""2025-12-22"": 7145.56982421875, ""2025-12-23"": 7184.5400390625, ""2025-12-24"": 7204.3701171875, ""2025-12-26"": 7207.64013671875, ""2025-12-29"": 7178.27001953125, ""2025-12-30"": 7169.10009765625, ""2025-12-31"": 7083.1298828125, ""2026-01-02"": 7367.47021484375, ""2026-01-05"": 7446.4501953125, ""2026-01-06"": 7650.93017578125, ""2026-01-07"": 7574.8701171875, ""2026-01-08"": 7436.10009765625, ""2026-01-09"": 7638.77978515625, ""2026-01-12"": 7674.83984375, ""2026-01-13"": 7747.990234375, ""2026-01-14"": 7701.47021484375, ""2026-01-15"": 7837.2998046875, ""2026-01-16"": 7927.41015625, ""2026-01-19"": NaN, ""2026-01-20"": 7794.18994140625, ""2026-01-21"": 8042.06982421875, ""2026-01-22"": 8055.169921875, ""2026-01-23"": 7957.93017578125, ""2026-01-26"": 7927.0400390625, ""2026-01-27"": 8117.18017578125, ""2026-01-28"": 8306.740234375, ""2026-01-29"": 8320.3896484375, ""2026-01-30"": 7998.47021484375, ""2026-02-02"": 8134.48828125}","{""metric"": ""Market_ADR"", ""2025-12-18"": 61.7, ""2025-12-19"": 131.39, ""2025-12-22"": 97.41, ""2025-12-23"": 32.29, ""2025-12-24"": 60.54, ""2025-12-26"": 37.91, ""2025-12-29"": 88.09, ""2025-12-30"": 74.29, ""2026-01-02"": 71.11, ""2026-01-05"": 89.71, ""2026-01-06"": 63.36, ""2026-01-07"": 33.14, ""2026-01-08"": 30.17, ""2026-01-09"": 121.26, ""2026-01-12"": 131.65, ""2026-01-13"": 81.94, ""2026-01-14"": 138.21, ""2026-01-15"": 106.74, ""2026-01-16"": 60.28, ""2026-01-19"": 82.11, ""2026-01-20"": 282.72, ""2026-01-21"": 54.03, ""2026-01-22"": 136.53, ""2026-01-23"": 212.46, ""2026-01-26"": 107.47, ""2026-01-27"": 93.31, ""2026-01-28"": 71.24, ""2026-01-29"": 193.49, ""2026-01-30"": 52.94, ""2026-02-02"": 19.67}",2026-02-02 23:54
494330,ACE 라이프자산주주가치액티브,18390,-5.23,1.77,-6.54,173.9,A3,추세 전환 시도 중,"{""Ticker"": ""^SOX"", ""2025-12-18"": 6863.6298828125, ""2025-12-19"": 7067.8701171875, ""2025-12-22"": 7145.56982421875, ""2025-12-23"": 7184.5400390625, ""2025-12-24"": 7204.3701171875, ""2025-12-26"": 7207.64013671875, ""2025-12-29"": 7178.27001953125, ""2025-12-30"": 7169.10009765625, ""2025-12-31"": 7083.1298828125, ""2026-01-02"": 7367.47021484375, ""2026-01-05"": 7446.4501953125, ""2026-01-06"": 7650.93017578125, ""2026-01-07"": 7574.8701171875, ""2026-01-08"": 7436.10009765625, ""2026-01-09"": 7638.77978515625, ""2026-01-12"": 7674.83984375, ""2026-01-13"": 7747.990234375, ""2026-01-14"": 7701.47021484375, ""2026-01-15"": 7837.2998046875, ""2026-01-16"": 7927.41015625, ""2026-01-19"": NaN, ""2026-01-20"": 7794.18994140625, ""2026-01-21"": 8042.06982421875, ""2026-01-22"": 8055.169921875, ""2026-01-23"": 7957.93017578125, ""2026-01-26"": 7927.0400390625, ""2026-01-27"": 8117.18017578125, ""2026-01-28"": 8306.740234375, ""2026-01-29"": 8320.3896484375, ""2026-01-30"": 7998.47021484375, ""2026-02-02"": 8134.48828125}","{""metric"": ""Market_ADR"", ""2025-12-18"": 61.7, ""2025-12-19"": 131.39, ""2025-12-22"": 97.41, ""2025-12-23"": 32.29, ""2025-12-24"": 60.54, ""2025-12-26"": 37.91, ""2025-12-29"": 88.09, ""2025-12-30"": 74.29, ""2026-01-02"": 71.11, ""2026-01-05"": 89.71, ""2026-01-06"": 63.36, ""2026-01-07"": 33.14, ""2026-01-08"": 30.17, ""2026-01-09"": 121.26, ""2026-01-12"": 131.65, ""2026-01-13"": 81.94, ""2026-01-14"": 138.21, ""2026-01-15"": 106.74, ""2026-01-16"": 60.28, ""2026-01-19"": 82.11, ""2026-01-20"": 282.72, ""2026-01-21"": 54.03, ""2026-01-22"": 136.53, ""2026-01-23"": 212.46, ""2026-01-26"": 107.47, ""2026-01-27"": 93.31, ""2026-01-28"": 71.24, ""2026-01-29"": 193.49, ""2026-01-30"": 52.94, ""2026-02-02"": 19.67}",2026-02-02 23:54
183710,RISE 주식혼합,68010,-4.59,0.86,-6.62,137.1,A4,추세 전환 시도 중,"{""Ticker"": ""^SOX"", ""2025-12-18"": 6863.6298828125, ""2025-12-19"": 7067.8701171875, ""2025-12-22"": 7145.56982421875, ""2025-12-23"": 7184.5400390625, ""2025-12-24"": 7204.3701171875, ""2025-12-26"": 7207.64013671875, ""2025-12-29"": 7178.27001953125, ""2025-12-30"": 7169.10009765625, ""2025-12-31"": 7083.1298828125, ""2026-01-02"": 7367.47021484375, ""2026-01-05"": 7446.4501953125, ""2026-01-06"": 7650.93017578125, ""2026-01-07"": 7574.8701171875, ""2026-01-08"": 7436.10009765625, ""2026-01-09"": 7638.77978515625, ""2026-01-12"": 7674.83984375, ""2026-01-13"": 7747.990234375, ""2026-01-14"": 7701.47021484375, ""2026-01-15"": 7837.2998046875, ""2026-01-16"": 7927.41015625, ""2026-01-19"": NaN, ""2026-01-20"": 7794.18994140625, ""2026-01-21"": 8042.06982421875, ""2026-01-22"": 8055.169921875, ""2026-01-23"": 7957.93017578125, ""2026-01-26"": 7927.0400390625, ""2026-01-27"": 8117.18017578125, ""2026-01-28"": 8306.740234375, ""2026-01-29"": 8320.3896484375, ""2026-01-30"": 7998.47021484375, ""2026-02-02"": 8134.48828125}","{""metric"": ""Market_ADR"", ""2025-12-18"": 61.7, ""2025-12-19"": 131.39, ""2025-12-22"": 97.41, ""2025-12-23"": 32.29, ""2025-12-24"": 60.54, ""2025-12-26"": 37.91, ""2025-12-29"": 88.09, ""2025-12-30"": 74.29, ""2026-01-02"": 71.11, ""2026-01-05"": 89.71, ""2026-01-06"": 63.36, ""2026-01-07"": 33.14, ""2026-01-08"": 30.17, ""2026-01-09"": 121.26, ""2026-01-12"": 131.65, ""2026-01-13"": 81.94, ""2026-01-14"": 138.21, ""2026-01-15"": 106.74, ""2026-01-16"": 60.28, ""2026-01-19"": 82.11, ""2026-01-20"": 282.72, ""2026-01-21"": 54.03, ""2026-01-22"": 136.53, ""2026-01-23"": 212.46, ""2026-01-26"": 107.47, ""2026-01-27"": 93.31, ""2026-01-28"": 71.24, ""2026-01-29"": 193.49, ""2026-01-30"": 52.94, ""2026-02-02"": 19.67}",2026-02-02 23:54
496130,TRUSTON 코리아밸류업액티브,18810,-6.25,0.91,-8.2,148.0,A4,추세 전환 시도 중,"{""Ticker"": ""^SOX"", ""2025-12-18"": 6863.6298828125, ""2025-12-19"": 7067.8701171875, ""2025-12-22"": 7145.56982421875, ""2025-12-23"": 7184.5400390625, ""2025-12-24"": 7204.3701171875, ""2025-12-26"": 7207.64013671875, ""2025-12-29"": 7178.27001953125, ""2025-12-30"": 7169.10009765625, ""2025-12-31"": 7083.1298828125, ""2026-01-02"": 7367.47021484375, ""2026-01-05"": 7446.4501953125, ""2026-01-06"": 7650.93017578125, ""2026-01-07"": 7574.8701171875, ""2026-01-08"": 7436.10009765625, ""2026-01-09"": 7638.77978515625, ""2026-01-12"": 7674.83984375, ""2026-01-13"": 7747.990234375, ""2026-01-14"": 7701.47021484375, ""2026-01-15"": 7837.2998046875, ""2026-01-16"": 7927.41015625, ""2026-01-19"": NaN, ""2026-01-20"": 7794.18994140625, ""2026-01-21"": 8042.06982421875, ""2026-01-22"": 8055.169921875, ""2026-01-23"": 7957.93017578125, ""2026-01-26"": 7927.0400390625, ""2026-01-27"": 8117.18017578125, ""2026-01-28"": 8306.740234375, ""2026-01-29"": 8320.3896484375, ""2026-01-30"": 7998.47021484375, ""2026-02-02"": 8134.48828125}","{""metric"": ""Market_ADR"", ""2025-12-18"": 61.7, ""2025-12-19"": 131.39, ""2025-12-22"": 97.41, ""2025-12-23"": 32.29, ""2025-12-24"": 60.54, ""2025-12-26"": 37.91, ""2025-12-29"": 88.09, ""2025-12-30"": 74.29, ""2026-01-02"": 71.11, ""2026-01-05"": 89.71, ""2026-01-06"": 63.36, ""2026-01-07"": 33.14, ""2026-01-08"": 30.17, ""2026-01-09"": 121.26, ""2026-01-12"": 131.65, ""2026-01-13"": 81.94, ""2026-01-14"": 138.21, ""2026-01-15"": 106.74, ""2026-01-16"": 60.28, ""2026-01-19"": 82.11, ""2026-01-20"": 282.72, ""2026-01-21"": 54.03, ""2026-01-22"": 136.53, ""2026-01-23"": 212.46, ""2026-01-26"": 107.47, ""2026-01-27"": 93.31, ""2026-01-28"": 71.24, ""2026-01-29"": 193.49, ""2026-01-30"": 52.94, ""2026-02-02"": 19.67}",2026-02-02 23:54
140580,RISE 우량업종대표주,21075,-4.92,0.89,-8.23,536.5,A5,추세 전환 시도 중,"{""Ticker"": ""^SOX"", ""2025-12-18"": 6863.6298828125, ""2025-12-19"": 7067.8701171875, ""2025-12-22"": 7145.56982421875, ""2025-12-23"": 7184.5400390625, ""2025-12-24"": 7204.3701171875, ""2025-12-26"": 7207.64013671875, ""2025-12-29"": 7178.27001953125, ""2025-12-30"": 7169.10009765625, ""2025-12-31"": 7083.1298828125, ""2026-01-02"": 7367.47021484375, ""2026-01-05"": 7446.4501953125, ""2026-01-06"": 7650.93017578125, ""2026-01-07"": 7574.8701171875, ""2026-01-08"": 7436.10009765625, ""2026-01-09"": 7638.77978515625, ""2026-01-12"": 7674.83984375, ""2026-01-13"": 7747.990234375, ""2026-01-14"": 7701.47021484375, ""2026-01-15"": 7837.2998046875, ""2026-01-16"": 7927.41015625, ""2026-01-19"": NaN, ""2026-01-20"": 7794.18994140625, ""2026-01-21"": 8042.06982421875, ""2026-01-22"": 8055.169921875, ""2026-01-23"": 7957.93017578125, ""2026-01-26"": 7927.0400390625, ""2026-01-27"": 8117.18017578125, ""2026-01-28"": 8306.740234375, ""2026-01-29"": 8320.3896484375, ""2026-01-30"": 7998.47021484375, ""2026-02-02"": 8134.48828125}","{""metric"": ""Market_ADR"", ""2025-12-18"": 61.7, ""2025-12-19"": 131.39, ""2025-12-22"": 97.41, ""2025-12-23"": 32.29, ""2025-12-24"": 60.54, ""2025-12-26"": 37.91, ""2025-12-29"": 88.09, ""2025-12-30"": 74.29, ""2026-01-02"": 71.11, ""2026-01-05"": 89.71, ""2026-01-06"": 63.36, ""2026-01-07"": 33.14, ""2026-01-08"": 30.17, ""2026-01-09"": 121.26, ""2026-01-12"": 131.65, ""2026-01-13"": 81.94, ""2026-01-14"": 138.21, ""2026-01-15"": 106.74, ""2026-01-16"": 60.28, ""2026-01-19"": 82.11, ""2026-01-20"": 282.72, ""2026-01-21"": 54.03, ""2026-01-22"": 136.53, ""2026-01-23"": 212.46, ""2026-01-26"": 107.47, ""2026-01-27"": 93.31, ""2026-01-28"": 71.24, ""2026-01-29"": 193.49, ""2026-01-30"": 52.94, ""2026-02-02"": 19.67}",2026-02-02 23:54
0115E0,KODEX 코리아소버린AI,12210,-5.17,0.83,-8.67,161.6,A3,추세 전환 시도 중,"{""Ticker"": ""^SOX"", ""2025-12-18"": 6863.6298828125, ""2025-12-19"": 7067.8701171875, ""2025-12-22"": 7145.56982421875, ""2025-12-23"": 7184.5400390625, ""2025-12-24"": 7204.3701171875, ""2025-12-26"": 7207.64013671875, ""2025-12-29"": 7178.27001953125, ""2025-12-30"": 7169.10009765625, ""2025-12-31"": 7083.1298828125, ""2026-01-02"": 7367.47021484375, ""2026-01-05"": 7446.4501953125, ""2026-01-06"": 7650.93017578125, ""2026-01-07"": 7574.8701171875, ""2026-01-08"": 7436.10009765625, ""2026-01-09"": 7638.77978515625, ""2026-01-12"": 7674.83984375, ""2026-01-13"": 7747.990234375, ""2026-01-14"": 7701.47021484375, ""2026-01-15"": 7837.2998046875, ""2026-01-16"": 7927.41015625, ""2026-01-19"": NaN, ""2026-01-20"": 7794.18994140625, ""2026-01-21"": 8042.06982421875, ""2026-01-22"": 8055.169921875, ""2026-01-23"": 7957.93017578125, ""2026-01-26"": 7927.0400390625, ""2026-01-27"": 8117.18017578125, ""2026-01-28"": 8306.740234375, ""2026-01-29"": 8320.3896484375, ""2026-01-30"": 7998.47021484375, ""2026-02-02"": 8134.48828125}","{""metric"": ""Market_ADR"", ""2025-12-18"": 61.7, ""2025-12-19"": 131.39, ""2025-12-22"": 97.41, ""2025-12-23"": 32.29, ""2025-12-24"": 60.54, ""2025-12-26"": 37.91, ""2025-12-29"": 88.09, ""2025-12-30"": 74.29, ""2026-01-02"": 71.11, ""2026-01-05"": 89.71, ""2026-01-06"": 63.36, ""2026-01-07"": 33.14, ""2026-01-08"": 30.17, ""2026-01-09"": 121.26, ""2026-01-12"": 131.65, ""2026-01-13"": 81.94, ""2026-01-14"": 138.21, ""2026-01-15"": 106.74, ""2026-01-16"": 60.28, ""2026-01-19"": 82.11, ""2026-01-20"": 282.72, ""2026-01-21"": 54.03, ""2026-01-22"": 136.53, ""2026-01-23"": 212.46, ""2026-01-26"": 107.47, ""2026-01-27"": 93.31, ""2026-01-28"": 71.24, ""2026-01-29"": 193.49, ""2026-01-30"": 52.94, ""2026-02-02"": 19.67}",2026-02-02 23:54
471040,KoAct 글로벌AI&로봇액티브,23380,-3.98,0.88,-9.69,100.8,A2,추세 전환 시도 중,"{""Ticker"": ""^SOX"", ""2025-12-18"": 6863.6298828125, ""2025-12-19"": 7067.8701171875, ""2025-12-22"": 7145.56982421875, ""2025-12-23"": 7184.5400390625, ""2025-12-24"": 7204.3701171875, ""2025-12-26"": 7207.64013671875, ""2025-12-29"": 7178.27001953125, ""2025-12-30"": 7169.10009765625, ""2025-12-31"": 7083.1298828125, ""2026-01-02"": 7367.47021484375, ""2026-01-05"": 7446.4501953125, ""2026-01-06"": 7650.93017578125, ""2026-01-07"": 7574.8701171875, ""2026-01-08"": 7436.10009765625, ""2026-01-09"": 7638.77978515625, ""2026-01-12"": 7674.83984375, ""2026-01-13"": 7747.990234375, ""2026-01-14"": 7701.47021484375, ""2026-01-15"": 7837.2998046875, ""2026-01-16"": 7927.41015625, ""2026-01-19"": NaN, ""2026-01-20"": 7794.18994140625, ""2026-01-21"": 8042.06982421875, ""2026-01-22"": 8055.169921875, ""2026-01-23"": 7957.93017578125, ""2026-01-26"": 7927.0400390625, ""2026-01-27"": 8117.18017578125, ""2026-01-28"": 8306.740234375, ""2026-01-29"": 8320.3896484375, ""2026-01-30"": 7998.47021484375, ""2026-02-02"": 8134.48828125}","{""metric"": ""Market_ADR"", ""2025-12-18"": 61.7, ""2025-12-19"": 131.39, ""2025-12-22"": 97.41, ""2025-12-23"": 32.29, ""2025-12-24"": 60.54, ""2025-12-26"": 37.91, ""2025-12-29"": 88.09, ""2025-12-30"": 74.29, ""2026-01-02"": 71.11, ""2026-01-05"": 89.71, ""2026-01-06"": 63.36, ""2026-01-07"": 33.14, ""2026-01-08"": 30.17, ""2026-01-09"": 121.26, ""2026-01-12"": 131.65, ""2026-01-13"": 81.94, ""2026-01-14"": 138.21, ""2026-01-15"": 106.74, ""2026-01-16"": 60.28, ""2026-01-19"": 82.11, ""2026-01-20"": 282.72, ""2026-01-21"": 54.03, ""2026-01-22"": 136.53, ""2026-01-23"": 212.46, ""2026-01-26"": 107.47, ""2026-01-27"": 93.31, ""2026-01-28"": 71.24, ""2026-01-29"": 193.49, ""2026-01-30"": 52.94, ""2026-02-02"": 19.67}",2026-02-02 23:54
470310,UNICORN 생성형AI강소기업액티브,13005,-5.21,3.01,-9.8,408.3,A5,추세 전환 시도 중,"{""Ticker"": ""^SOX"", ""2025-12-18"": 6863.6298828125, ""2025-12-19"": 7067.8701171875, ""2025-12-22"": 7145.56982421875, ""2025-12-23"": 7184.5400390625, ""2025-12-24"": 7204.3701171875, ""2025-12-26"": 7207.64013671875, ""2025-12-29"": 7178.27001953125, ""2025-12-30"": 7169.10009765625, ""2025-12-31"": 7083.1298828125, ""2026-01-02"": 7367.47021484375, ""2026-01-05"": 7446.4501953125, ""2026-01-06"": 7650.93017578125, ""2026-01-07"": 7574.8701171875, ""2026-01-08"": 7436.10009765625, ""2026-01-09"": 7638.77978515625, ""2026-01-12"": 7674.83984375, ""2026-01-13"": 7747.990234375, ""2026-01-14"": 7701.47021484375, ""2026-01-15"": 7837.2998046875, ""2026-01-16"": 7927.41015625, ""2026-01-19"": NaN, ""2026-01-20"": 7794.18994140625, ""2026-01-21"": 8042.06982421875, ""2026-01-22"": 8055.169921875, ""2026-01-23"": 7957.93017578125, ""2026-01-26"": 7927.0400390625, ""2026-01-27"": 8117.18017578125, ""2026-01-28"": 8306.740234375, ""2026-01-29"": 8320.3896484375, ""2026-01-30"": 7998.47021484375, ""2026-02-02"": 8134.48828125}","{""metric"": ""Market_ADR"", ""2025-12-18"": 61.7, ""2025-12-19"": 131.39, ""2025-12-22"": 97.41, ""2025-12-23"": 32.29, ""2025-12-24"": 60.54, ""2025-12-26"": 37.91, ""2025-12-29"": 88.09, ""2025-12-30"": 74.29, ""2026-01-02"": 71.11, ""2026-01-05"": 89.71, ""2026-01-06"": 63.36, ""2026-01-07"": 33.14, ""2026-01-08"": 30.17, ""2026-01-09"": 121.26, ""2026-01-12"": 131.65, ""2026-01-13"": 81.94, ""2026-01-14"": 138.21, ""2026-01-15"": 106.74, ""2026-01-16"": 60.28, ""2026-01-19"": 82.11, ""2026-01-20"": 282.72, ""2026-01-21"": 54.03, ""2026-01-22"": 136.53, ""2026-01-23"": 212.46, ""2026-01-26"": 107.47, ""2026-01-27"": 93.31, ""2026-01-28"": 71.24, ""2026-01-29"": 193.49, ""2026-01-30"": 52.94, ""2026-02-02"": 19.67}",2026-02-02 23:54
456600,TIME 글로벌AI인공지능액티브,39900,-5.09,0.77,-9.94,129.9,A3,추세 전환 시도 중,"{""Ticker"": ""^SOX"", ""2025-12-18"": 6863.6298828125, ""2025-12-19"": 7067.8701171875, ""2025-12-22"": 7145.56982421875, ""2025-12-23"": 7184.5400390625, ""2025-12-24"": 7204.3701171875, ""2025-12-26"": 7207.64013671875, ""2025-12-29"": 7178.27001953125, ""2025-12-30"": 7169.10009765625, ""2025-12-31"": 7083.1298828125, ""2026-01-02"": 7367.47021484375, ""2026-01-05"": 7446.4501953125, ""2026-01-06"": 7650.93017578125, ""2026-01-07"": 7574.8701171875, ""2026-01-08"": 7436.10009765625, ""2026-01-09"": 7638.77978515625, ""2026-01-12"": 7674.83984375, ""2026-01-13"": 7747.990234375, ""2026-01-14"": 7701.47021484375, ""2026-01-15"": 7837.2998046875, ""2026-01-16"": 7927.41015625, ""2026-01-19"": NaN, ""2026-01-20"": 7794.18994140625, ""2026-01-21"": 8042.06982421875, ""2026-01-22"": 8055.169921875, ""2026-01-23"": 7957.93017578125, ""2026-01-26"": 7927.0400390625, ""2026-01-27"": 8117.18017578125, ""2026-01-28"": 8306.740234375, ""2026-01-29"": 8320.3896484375, ""2026-01-30"": 7998.47021484375, ""2026-02-02"": 8134.48828125}","{""metric"": ""Market_ADR"", ""2025-12-18"": 61.7, ""2025-12-19"": 131.39, ""2025-12-22"": 97.41, ""2025-12-23"": 32.29, ""2025-12-24"": 60.54, ""2025-12-26"": 37.91, ""2025-12-29"": 88.09, ""2025-12-30"": 74.29, ""2026-01-02"": 71.11, ""2026-01-05"": 89.71, ""2026-01-06"": 63.36, ""2026-01-07"": 33.14, ""2026-01-08"": 30.17, ""2026-01-09"": 121.26, ""2026-01-12"": 131.65, ""2026-01-13"": 81.94, ""2026-01-14"": 138.21, ""2026-01-15"": 106.74, ""2026-01-16"": 60.28, ""2026-01-19"": 82.11, ""2026-01-20"": 282.72, ""2026-01-21"": 54.03, ""2026-01-22"": 136.53, ""2026-01-23"": 212.46, ""2026-01-26"": 107.47, ""2026-01-27"": 93.31, ""2026-01-28"": 71.24, ""2026-01-29"": 193.49, ""2026-01-30"": 52.94, ""2026-02-02"": 19.67}",2026-02-02 23:54
105010,TIGER 라틴35,6645,-1.77,1.3,-10.55,210.4,A4,추세 전환 시도 중,"{""Ticker"": ""^SOX"", ""2025-12-18"": 6863.6298828125, ""2025-12-19"": 7067.8701171875, ""2025-12-22"": 7145.56982421875, ""2025-12-23"": 7184.5400390625, ""2025-12-24"": 7204.3701171875, ""2025-12-26"": 7207.64013671875, ""2025-12-29"": 7178.27001953125, ""2025-12-30"": 7169.10009765625, ""2025-12-31"": 7083.1298828125, ""2026-01-02"": 7367.47021484375, ""2026-01-05"": 7446.4501953125, ""2026-01-06"": 7650.93017578125, ""2026-01-07"": 7574.8701171875, ""2026-01-08"": 7436.10009765625, ""2026-01-09"": 7638.77978515625, ""2026-01-12"": 7674.83984375, ""2026-01-13"": 7747.990234375, ""2026-01-14"": 7701.47021484375, ""2026-01-15"": 7837.2998046875, ""2026-01-16"": 7927.41015625, ""2026-01-19"": NaN, ""2026-01-20"": 7794.18994140625, ""2026-01-21"": 8042.06982421875, ""2026-01-22"": 8055.169921875, ""2026-01-23"": 7957.93017578125, ""2026-01-26"": 7927.0400390625, ""2026-01-27"": 8117.18017578125, ""2026-01-28"": 8306.740234375, ""2026-01-29"": 8320.3896484375, ""2026-01-30"": 7998.47021484375, ""2026-02-02"": 8134.48828125}","{""metric"": ""Market_ADR"", ""2025-12-18"": 61.7, ""2025-12-19"": 131.39, ""2025-12-22"": 97.41, ""2025-12-23"": 32.29, ""2025-12-24"": 60.54, ""2025-12-26"": 37.91, ""2025-12-29"": 88.09, ""2025-12-30"": 74.29, ""2026-01-02"": 71.11, ""2026-01-05"": 89.71, ""2026-01-06"": 63.36, ""2026-01-07"": 33.14, ""2026-01-08"": 30.17, ""2026-01-09"": 121.26, ""2026-01-12"": 131.65, ""2026-01-13"": 81.94, ""2026-01-14"": 138.21, ""2026-01-15"": 106.74, ""2026-01-16"": 60.28, ""2026-01-19"": 82.11, ""2026-01-20"": 282.72, ""2026-01-21"": 54.03, ""2026-01-22"": 136.53, ""2026-01-23"": 212.46, ""2026-01-26"": 107.47, ""2026-01-27"": 93.31, ""2026-01-28"": 71.24, ""2026-01-29"": 193.49, ""2026-01-30"": 52.94, ""2026-02-02"": 19.67}",2026-02-02 23:54
270800,RISE KQ고배당,15465,-3.07,5.64,-10.61,101.8,A3,추세 전환 시도 중,"{""Ticker"": ""^SOX"", ""2025-12-18"": 6863.6298828125, ""2025-12-19"": 7067.8701171875, ""2025-12-22"": 7145.56982421875, ""2025-12-23"": 7184.5400390625, ""2025-12-24"": 7204.3701171875, ""2025-12-26"": 7207.64013671875, ""2025-12-29"": 7178.27001953125, ""2025-12-30"": 7169.10009765625, ""2025-12-31"": 7083.1298828125, ""2026-01-02"": 7367.47021484375, ""2026-01-05"": 7446.4501953125, ""2026-01-06"": 7650.93017578125, ""2026-01-07"": 7574.8701171875, ""2026-01-08"": 7436.10009765625, ""2026-01-09"": 7638.77978515625, ""2026-01-12"": 7674.83984375, ""2026-01-13"": 7747.990234375, ""2026-01-14"": 7701.47021484375, ""2026-01-15"": 7837.2998046875, ""2026-01-16"": 7927.41015625, ""2026-01-19"": NaN, ""2026-01-20"": 7794.18994140625, ""2026-01-21"": 8042.06982421875, ""2026-01-22"": 8055.169921875, ""2026-01-23"": 7957.93017578125, ""2026-01-26"": 7927.0400390625, ""2026-01-27"": 8117.18017578125, ""2026-01-28"": 8306.740234375, ""2026-01-29"": 8320.3896484375, ""2026-01-30"": 7998.47021484375, ""2026-02-02"": 8134.48828125}","{""metric"": ""Market_ADR"", ""2025-12-18"": 61.7, ""2025-12-19"": 131.39, ""2025-12-22"": 97.41, ""2025-12-23"": 32.29, ""2025-12-24"": 60.54, ""2025-12-26"": 37.91, ""2025-12-29"": 88.09, ""2025-12-30"": 74.29, ""2026-01-02"": 71.11, ""2026-01-05"": 89.71, ""2026-01-06"": 63.36, ""2026-01-07"": 33.14, ""2026-01-08"": 30.17, ""2026-01-09"": 121.26, ""2026-01-12"": 131.65, ""2026-01-13"": 81.94, ""2026-01-14"": 138.21, ""2026-01-15"": 106.74, ""2026-01-16"": 60.28, ""2026-01-19"": 82.11, ""2026-01-20"": 282.72, ""2026-01-21"": 54.03, ""2026-01-22"": 136.53, ""2026-01-23"": 212.46, ""2026-01-26"": 107.47, ""2026-01-27"": 93.31, ""2026-01-28"": 71.24, ""2026-01-29"": 193.49, ""2026-01-30"": 52.94, ""2026-02-02"": 19.67}",2026-02-02 23:54
475070,KoAct 글로벌친환경전력인프라액티브,28595,-2.26,1.54,-10.64,160.0,A3,추세 전환 시도 중,"{""Ticker"": ""^SOX"", ""2025-12-18"": 6863.6298828125, ""2025-12-19"": 7067.8701171875, ""2025-12-22"": 7145.56982421875, ""2025-12-23"": 7184.5400390625, ""2025-12-24"": 7204.3701171875, ""2025-12-26"": 7207.64013671875, ""2025-12-29"": 7178.27001953125, ""2025-12-30"": 7169.10009765625, ""2025-12-31"": 7083.1298828125, ""2026-01-02"": 7367.47021484375, ""2026-01-05"": 7446.4501953125, ""2026-01-06"": 7650.93017578125, ""2026-01-07"": 7574.8701171875, ""2026-01-08"": 7436.10009765625, ""2026-01-09"": 7638.77978515625, ""2026-01-12"": 7674.83984375, ""2026-01-13"": 7747.990234375, ""2026-01-14"": 7701.47021484375, ""2026-01-15"": 7837.2998046875, ""2026-01-16"": 7927.41015625, ""2026-01-19"": NaN, ""2026-01-20"": 7794.18994140625, ""2026-01-21"": 8042.06982421875, ""2026-01-22"": 8055.169921875, ""2026-01-23"": 7957.93017578125, ""2026-01-26"": 7927.0400390625, ""2026-01-27"": 8117.18017578125, ""2026-01-28"": 8306.740234375, ""2026-01-29"": 8320.3896484375, ""2026-01-30"": 7998.47021484375, ""2026-02-02"": 8134.48828125}","{""metric"": ""Market_ADR"", ""2025-12-18"": 61.7, ""2025-12-19"": 131.39, ""2025-12-22"": 97.41, ""2025-12-23"": 32.29, ""2025-12-24"": 60.54, ""2025-12-26"": 37.91, ""2025-12-29"": 88.09, ""2025-12-30"": 74.29, ""2026-01-02"": 71.11, ""2026-01-05"": 89.71, ""2026-01-06"": 63.36, ""2026-01-07"": 33.14, ""2026-01-08"": 30.17, ""2026-01-09"": 121.26, ""2026-01-12"": 131.65, ""2026-01-13"": 81.94, ""2026-01-14"": 138.21, ""2026-01-15"": 106.74, ""2026-01-16"": 60.28, ""2026-01-19"": 82.11, ""2026-01-20"": 282.72, ""2026-01-21"": 54.03, ""2026-01-22"": 136.53, ""2026-01-23"": 212.46, ""2026-01-26"": 107.47, ""2026-01-27"": 93.31, ""2026-01-28"": 71.24, ""2026-01-29"": 193.49, ""2026-01-30"": 52.94, ""2026-02-02"": 19.67}",2026-02-02 23:54
211900,KODEX 코리아배당성장,25175,-4.0,1.78,-11.05,154.3,A3,추세 전환 시도 중,"{""Ticker"": ""^SOX"", ""2025-12-18"": 6863.6298828125, ""2025-12-19"": 7067.8701171875, ""2025-12-22"": 7145.56982421875, ""2025-12-23"": 7184.5400390625, ""2025-12-24"": 7204.3701171875, ""2025-12-26"": 7207.64013671875, ""2025-12-29"": 7178.27001953125, ""2025-12-30"": 7169.10009765625, ""2025-12-31"": 7083.1298828125, ""2026-01-02"": 7367.47021484375, ""2026-01-05"": 7446.4501953125, ""2026-01-06"": 7650.93017578125, ""2026-01-07"": 7574.8701171875, ""2026-01-08"": 7436.10009765625, ""2026-01-09"": 7638.77978515625, ""2026-01-12"": 7674.83984375, ""2026-01-13"": 7747.990234375, ""2026-01-14"": 7701.47021484375, ""2026-01-15"": 7837.2998046875, ""2026-01-16"": 7927.41015625, ""2026-01-19"": NaN, ""2026-01-20"": 7794.18994140625, ""2026-01-21"": 8042.06982421875, ""2026-01-22"": 8055.169921875, ""2026-01-23"": 7957.93017578125, ""2026-01-26"": 7927.0400390625, ""2026-01-27"": 8117.18017578125, ""2026-01-28"": 8306.740234375, ""2026-01-29"": 8320.3896484375, ""2026-01-30"": 7998.47021484375, ""2026-02-02"": 8134.48828125}","{""metric"": ""Market_ADR"", ""2025-12-18"": 61.7, ""2025-12-19"": 131.39, ""2025-12-22"": 97.41, ""2025-12-23"": 32.29, ""2025-12-24"": 60.54, ""2025-12-26"": 37.91, ""2025-12-29"": 88.09, ""2025-12-30"": 74.29, ""2026-01-02"": 71.11, ""2026-01-05"": 89.71, ""2026-01-06"": 63.36, ""2026-01-07"": 33.14, ""2026-01-08"": 30.17, ""2026-01-09"": 121.26, ""2026-01-12"": 131.65, ""2026-01-13"": 81.94, ""2026-01-14"": 138.21, ""2026-01-15"": 106.74, ""2026-01-16"": 60.28, ""2026-01-19"": 82.11, ""2026-01-20"": 282.72, ""2026-01-21"": 54.03, ""2026-01-22"": 136.53, ""2026-01-23"": 212.46, ""2026-01-26"": 107.47, ""2026-01-27"": 93.31, ""2026-01-28"": 71.24, ""2026-01-29"": 193.49, ""2026-01-30"": 52.94, ""2026-02-02"": 19.67}",2026-02-02 23:54
211560,TIGER 배당성장,31380,-4.21,1.7,-11.11,196.1,A4,추세 전환 시도 중,"{""Ticker"": ""^SOX"", ""2025-12-18"": 6863.6298828125, ""2025-12-19"": 7067.8701171875, ""2025-12-22"": 7145.56982421875, ""2025-12-23"": 7184.5400390625, ""2025-12-24"": 7204.3701171875, ""2025-12-26"": 7207.64013671875, ""2025-12-29"": 7178.27001953125, ""2025-12-30"": 7169.10009765625, ""2025-12-31"": 7083.1298828125, ""2026-01-02"": 7367.47021484375, ""2026-01-05"": 7446.4501953125, ""2026-01-06"": 7650.93017578125, ""2026-01-07"": 7574.8701171875, ""2026-01-08"": 7436.10009765625, ""2026-01-09"": 7638.77978515625, ""2026-01-12"": 7674.83984375, ""2026-01-13"": 7747.990234375, ""2026-01-14"": 7701.47021484375, ""2026-01-15"": 7837.2998046875, ""2026-01-16"": 7927.41015625, ""2026-01-19"": NaN, ""2026-01-20"": 7794.18994140625, ""2026-01-21"": 8042.06982421875, ""2026-01-22"": 8055.169921875, ""2026-01-23"": 7957.93017578125, ""2026-01-26"": 7927.0400390625, ""2026-01-27"": 8117.18017578125, ""2026-01-28"": 8306.740234375, ""2026-01-29"": 8320.3896484375, ""2026-01-30"": 7998.47021484375, ""2026-02-02"": 8134.48828125}","{""metric"": ""Market_ADR"", ""2025-12-18"": 61.7, ""2025-12-19"": 131.39, ""2025-12-22"": 97.41, ""2025-12-23"": 32.29, ""2025-12-24"": 60.54, ""2025-12-26"": 37.91, ""2025-12-29"": 88.09, ""2025-12-30"": 74.29, ""2026-01-02"": 71.11, ""2026-01-05"": 89.71, ""2026-01-06"": 63.36, ""2026-01-07"": 33.14, ""2026-01-08"": 30.17, ""2026-01-09"": 121.26, ""2026-01-12"": 131.65, ""2026-01-13"": 81.94, ""2026-01-14"": 138.21, ""2026-01-15"": 106.74, ""2026-01-16"": 60.28, ""2026-01-19"": 82.11, ""2026-01-20"": 282.72, ""2026-01-21"": 54.03, ""2026-01-22"": 136.53, ""2026-01-23"": 212.46, ""2026-01-26"": 107.47, ""2026-01-27"": 93.31, ""2026-01-28"": 71.24, ""2026-01-29"": 193.49, ""2026-01-30"": 52.94, ""2026-02-02"": 19.67}",2026-02-02 23:54
279540,KODEX 최소변동성,17310,-5.44,1.85,-11.27,26.1,A2,추세 전환 시도 중,"{""Ticker"": ""^SOX"", ""2025-12-18"": 6863.6298828125, ""2025-12-19"": 7067.8701171875, ""2025-12-22"": 7145.56982421875, ""2025-12-23"": 7184.5400390625, ""2025-12-24"": 7204.3701171875, ""2025-12-26"": 7207.64013671875, ""2025-12-29"": 7178.27001953125, ""2025-12-30"": 7169.10009765625, ""2025-12-31"": 7083.1298828125, ""2026-01-02"": 7367.47021484375, ""2026-01-05"": 7446.4501953125, ""2026-01-06"": 7650.93017578125, ""2026-01-07"": 7574.8701171875, ""2026-01-08"": 7436.10009765625, ""2026-01-09"": 7638.77978515625, ""2026-01-12"": 7674.83984375, ""2026-01-13"": 7747.990234375, ""2026-01-14"": 7701.47021484375, ""2026-01-15"": 7837.2998046875, ""2026-01-16"": 7927.41015625, ""2026-01-19"": NaN, ""2026-01-20"": 7794.18994140625, ""2026-01-21"": 8042.06982421875, ""2026-01-22"": 8055.169921875, ""2026-01-23"": 7957.93017578125, ""2026-01-26"": 7927.0400390625, ""2026-01-27"": 8117.18017578125, ""2026-01-28"": 8306.740234375, ""2026-01-29"": 8320.3896484375, ""2026-01-30"": 7998.47021484375, ""2026-02-02"": 8134.48828125}","{""metric"": ""Market_ADR"", ""2025-12-18"": 61.7, ""2025-12-19"": 131.39, ""2025-12-22"": 97.41, ""2025-12-23"": 32.29, ""2025-12-24"": 60.54, ""2025-12-26"": 37.91, ""2025-12-29"": 88.09, ""2025-12-30"": 74.29, ""2026-01-02"": 71.11, ""2026-01-05"": 89.71, ""2026-01-06"": 63.36, ""2026-01-07"": 33.14, ""2026-01-08"": 30.17, ""2026-01-09"": 121.26, ""2026-01-12"": 131.65, ""2026-01-13"": 81.94, ""2026-01-14"": 138.21, ""2026-01-15"": 106.74, ""2026-01-16"": 60.28, ""2026-01-19"": 82.11, ""2026-01-20"": 282.72, ""2026-01-21"": 54.03, ""2026-01-22"": 136.53, ""2026-01-23"": 212.46, ""2026-01-26"": 107.47, ""2026-01-27"": 93.31, ""2026-01-28"": 71.24, ""2026-01-29"": 193.49, ""2026-01-30"": 52.94, ""2026-02-02"": 19.67}",2026-02-02 23:54
498860,RISE 코리아금융고배당,16955,-3.86,4.21,-11.91,203.8,A4,추세 전환 시도 중,"{""Ticker"": ""^SOX"", ""2025-12-18"": 6863.6298828125, ""2025-12-19"": 7067.8701171875, ""2025-12-22"": 7145.56982421875, ""2025-12-23"": 7184.5400390625, ""2025-12-24"": 7204.3701171875, ""2025-12-26"": 7207.64013671875, ""2025-12-29"": 7178.27001953125, ""2025-12-30"": 7169.10009765625, ""2025-12-31"": 7083.1298828125, ""2026-01-02"": 7367.47021484375, ""2026-01-05"": 7446.4501953125, ""2026-01-06"": 7650.93017578125, ""2026-01-07"": 7574.8701171875, ""2026-01-08"": 7436.10009765625, ""2026-01-09"": 7638.77978515625, ""2026-01-12"": 7674.83984375, ""2026-01-13"": 7747.990234375, ""2026-01-14"": 7701.47021484375, ""2026-01-15"": 7837.2998046875, ""2026-01-16"": 7927.41015625, ""2026-01-19"": NaN, ""2026-01-20"": 7794.18994140625, ""2026-01-21"": 8042.06982421875, ""2026-01-22"": 8055.169921875, ""2026-01-23"": 7957.93017578125, ""2026-01-26"": 7927.0400390625, ""2026-01-27"": 8117.18017578125, ""2026-01-28"": 8306.740234375, ""2026-01-29"": 8320.3896484375, ""2026-01-30"": 7998.47021484375, ""2026-02-02"": 8134.48828125}","{""metric"": ""Market_ADR"", ""2025-12-18"": 61.7, ""2025-12-19"": 131.39, ""2025-12-22"": 97.41, ""2025-12-23"": 32.29, ""2025-12-24"": 60.54, ""2025-12-26"": 37.91, ""2025-12-29"": 88.09, ""2025-12-30"": 74.29, ""2026-01-02"": 71.11, ""2026-01-05"": 89.71, ""2026-01-06"": 63.36, ""2026-01-07"": 33.14, ""2026-01-08"": 30.17, ""2026-01-09"": 121.26, ""2026-01-12"": 131.65, ""2026-01-13"": 81.94, ""2026-01-14"": 138.21, ""2026-01-15"": 106.74, ""2026-01-16"": 60.28, ""2026-01-19"": 82.11, ""2026-01-20"": 282.72, ""2026-01-21"": 54.03, ""2026-01-22"": 136.53, ""2026-01-23"": 212.46, ""2026-01-26"": 107.47, ""2026-01-27"": 93.31, ""2026-01-28"": 71.24, ""2026-01-29"": 193.49, ""2026-01-30"": 52.94, ""2026-02-02"": 19.67}",2026-02-02 23:54
0015B0,KoAct 미국나스닥성장기업액티브,15650,-3.31,1.03,-12.17,110.1,A2,추세 전환 시도 중,"{""Ticker"": ""^SOX"", ""2025-12-18"": 6863.6298828125, ""2025-12-19"": 7067.8701171875, ""2025-12-22"": 7145.56982421875, ""2025-12-23"": 7184.5400390625, ""2025-12-24"": 7204.3701171875, ""2025-12-26"": 7207.64013671875, ""2025-12-29"": 7178.27001953125, ""2025-12-30"": 7169.10009765625, ""2025-12-31"": 7083.1298828125, ""2026-01-02"": 7367.47021484375, ""2026-01-05"": 7446.4501953125, ""2026-01-06"": 7650.93017578125, ""2026-01-07"": 7574.8701171875, ""2026-01-08"": 7436.10009765625, ""2026-01-09"": 7638.77978515625, ""2026-01-12"": 7674.83984375, ""2026-01-13"": 7747.990234375, ""2026-01-14"": 7701.47021484375, ""2026-01-15"": 7837.2998046875, ""2026-01-16"": 7927.41015625, ""2026-01-19"": NaN, ""2026-01-20"": 7794.18994140625, ""2026-01-21"": 8042.06982421875, ""2026-01-22"": 8055.169921875, ""2026-01-23"": 7957.93017578125, ""2026-01-26"": 7927.0400390625, ""2026-01-27"": 8117.18017578125, ""2026-01-28"": 8306.740234375, ""2026-01-29"": 8320.3896484375, ""2026-01-30"": 7998.47021484375, ""2026-02-02"": 8134.48828125}","{""metric"": ""Market_ADR"", ""2025-12-18"": 61.7, ""2025-12-19"": 131.39, ""2025-12-22"": 97.41, ""2025-12-23"": 32.29, ""2025-12-24"": 60.54, ""2025-12-26"": 37.91, ""2025-12-29"": 88.09, ""2025-12-30"": 74.29, ""2026-01-02"": 71.11, ""2026-01-05"": 89.71, ""2026-01-06"": 63.36, ""2026-01-07"": 33.14, ""2026-01-08"": 30.17, ""2026-01-09"": 121.26, ""2026-01-12"": 131.65, ""2026-01-13"": 81.94, ""2026-01-14"": 138.21, ""2026-01-15"": 106.74, ""2026-01-16"": 60.28, ""2026-01-19"": 82.11, ""2026-01-20"": 282.72, ""2026-01-21"": 54.03, ""2026-01-22"": 136.53, ""2026-01-23"": 212.46, ""2026-01-26"": 107.47, ""2026-01-27"": 93.31, ""2026-01-28"": 71.24, ""2026-01-29"": 193.49, ""2026-01-30"": 52.94, ""2026-02-02"": 19.67}",2026-02-02 23:54
0008T0,SOL 화장품TOP3플러스,14515,-2.02,0.94,-12.4,164.1,A3,추세 전환 시도 중,"{""Ticker"": ""^SOX"", ""2025-12-18"": 6863.6298828125, ""2025-12-19"": 7067.8701171875, ""2025-12-22"": 7145.56982421875, ""2025-12-23"": 7184.5400390625, ""2025-12-24"": 7204.3701171875, ""2025-12-26"": 7207.64013671875, ""2025-12-29"": 7178.27001953125, ""2025-12-30"": 7169.10009765625, ""2025-12-31"": 7083.1298828125, ""2026-01-02"": 7367.47021484375, ""2026-01-05"": 7446.4501953125, ""2026-01-06"": 7650.93017578125, ""2026-01-07"": 7574.8701171875, ""2026-01-08"": 7436.10009765625, ""2026-01-09"": 7638.77978515625, ""2026-01-12"": 7674.83984375, ""2026-01-13"": 7747.990234375, ""2026-01-14"": 7701.47021484375, ""2026-01-15"": 7837.2998046875, ""2026-01-16"": 7927.41015625, ""2026-01-19"": NaN, ""2026-01-20"": 7794.18994140625, ""2026-01-21"": 8042.06982421875, ""2026-01-22"": 8055.169921875, ""2026-01-23"": 7957.93017578125, ""2026-01-26"": 7927.0400390625, ""2026-01-27"": 8117.18017578125, ""2026-01-28"": 8306.740234375, ""2026-01-29"": 8320.3896484375, ""2026-01-30"": 7998.47021484375, ""2026-02-02"": 8134.48828125}","{""metric"": ""Market_ADR"", ""2025-12-18"": 61.7, ""2025-12-19"": 131.39, ""2025-12-22"": 97.41, ""2025-12-23"": 32.29, ""2025-12-24"": 60.54, ""2025-12-26"": 37.91, ""2025-12-29"": 88.09, ""2025-12-30"": 74.29, ""2026-01-02"": 71.11, ""2026-01-05"": 89.71, ""2026-01-06"": 63.36, ""2026-01-07"": 33.14, ""2026-01-08"": 30.17, ""2026-01-09"": 121.26, ""2026-01-12"": 131.65, ""2026-01-13"": 81.94, ""2026-01-14"": 138.21, ""2026-01-15"": 106.74, ""2026-01-16"": 60.28, ""2026-01-19"": 82.11, ""2026-01-20"": 282.72, ""2026-01-21"": 54.03, ""2026-01-22"": 136.53, ""2026-01-23"": 212.46, ""2026-01-26"": 107.47, ""2026-01-27"": 93.31, ""2026-01-28"": 71.24, ""2026-01-29"": 193.49, ""2026-01-30"": 52.94, ""2026-02-02"": 19.67}",2026-02-02 23:54
407300,HANARO Fn골프테마,10785,-4.05,0.61,-12.41,437.7,F5,시장 소외주: 관망 권고,"{""Ticker"": ""^SOX"", ""2025-12-18"": 6863.6298828125, ""2025-12-19"": 7067.8701171875, ""2025-12-22"": 7145.56982421875, ""2025-12-23"": 7184.5400390625, ""2025-12-24"": 7204.3701171875, ""2025-12-26"": 7207.64013671875, ""2025-12-29"": 7178.27001953125, ""2025-12-30"": 7169.10009765625, ""2025-12-31"": 7083.1298828125, ""2026-01-02"": 7367.47021484375, ""2026-01-05"": 7446.4501953125, ""2026-01-06"": 7650.93017578125, ""2026-01-07"": 7574.8701171875, ""2026-01-08"": 7436.10009765625, ""2026-01-09"": 7638.77978515625, ""2026-01-12"": 7674.83984375, ""2026-01-13"": 7747.990234375, ""2026-01-14"": 7701.47021484375, ""2026-01-15"": 7837.2998046875, ""2026-01-16"": 7927.41015625, ""2026-01-19"": NaN, ""2026-01-20"": 7794.18994140625, ""2026-01-21"": 8042.06982421875, ""2026-01-22"": 8055.169921875, ""2026-01-23"": 7957.93017578125, ""2026-01-26"": 7927.0400390625, ""2026-01-27"": 8117.18017578125, ""2026-01-28"": 8306.740234375, ""2026-01-29"": 8320.3896484375, ""2026-01-30"": 7998.47021484375, ""2026-02-02"": 8134.48828125}","{""metric"": ""Market_ADR"", ""2025-12-18"": 61.7, ""2025-12-19"": 131.39, ""2025-12-22"": 97.41, ""2025-12-23"": 32.29, ""2025-12-24"": 60.54, ""2025-12-26"": 37.91, ""2025-12-29"": 88.09, ""2025-12-30"": 74.29, ""2026-01-02"": 71.11, ""2026-01-05"": 89.71, ""2026-01-06"": 63.36, ""2026-01-07"": 33.14, ""2026-01-08"": 30.17, ""2026-01-09"": 121.26, ""2026-01-12"": 131.65, ""2026-01-13"": 81.94, ""2026-01-14"": 138.21, ""2026-01-15"": 106.74, ""2026-01-16"": 60.28, ""2026-01-19"": 82.11, ""2026-01-20"": 282.72, ""2026-01-21"": 54.03, ""2026-01-22"": 136.53, ""2026-01-23"": 212.46, ""2026-01-26"": 107.47, ""2026-01-27"": 93.31, ""2026-01-28"": 71.24, ""2026-01-29"": 193.49, ""2026-01-30"": 52.94, ""2026-02-02"": 19.67}",2026-02-02 23:54
445910,TIGER MKF배당귀족,19365,-3.56,2.76,-12.71,409.7,A5,추세 전환 시도 중,"{""Ticker"": ""^SOX"", ""2025-12-18"": 6863.6298828125, ""2025-12-19"": 7067.8701171875, ""2025-12-22"": 7145.56982421875, ""2025-12-23"": 7184.5400390625, ""2025-12-24"": 7204.3701171875, ""2025-12-26"": 7207.64013671875, ""2025-12-29"": 7178.27001953125, ""2025-12-30"": 7169.10009765625, ""2025-12-31"": 7083.1298828125, ""2026-01-02"": 7367.47021484375, ""2026-01-05"": 7446.4501953125, ""2026-01-06"": 7650.93017578125, ""2026-01-07"": 7574.8701171875, ""2026-01-08"": 7436.10009765625, ""2026-01-09"": 7638.77978515625, ""2026-01-12"": 7674.83984375, ""2026-01-13"": 7747.990234375, ""2026-01-14"": 7701.47021484375, ""2026-01-15"": 7837.2998046875, ""2026-01-16"": 7927.41015625, ""2026-01-19"": NaN, ""2026-01-20"": 7794.18994140625, ""2026-01-21"": 8042.06982421875, ""2026-01-22"": 8055.169921875, ""2026-01-23"": 7957.93017578125, ""2026-01-26"": 7927.0400390625, ""2026-01-27"": 8117.18017578125, ""2026-01-28"": 8306.740234375, ""2026-01-29"": 8320.3896484375, ""2026-01-30"": 7998.47021484375, ""2026-02-02"": 8134.48828125}","{""metric"": ""Market_ADR"", ""2025-12-18"": 61.7, ""2025-12-19"": 131.39, ""2025-12-22"": 97.41, ""2025-12-23"": 32.29, ""2025-12-24"": 60.54, ""2025-12-26"": 37.91, ""2025-12-29"": 88.09, ""2025-12-30"": 74.29, ""2026-01-02"": 71.11, ""2026-01-05"": 89.71, ""2026-01-06"": 63.36, ""2026-01-07"": 33.14, ""2026-01-08"": 30.17, ""2026-01-09"": 121.26, ""2026-01-12"": 131.65, ""2026-01-13"": 81.94, ""2026-01-14"": 138.21, ""2026-01-15"": 106.74, ""2026-01-16"": 60.28, ""2026-01-19"": 82.11, ""2026-01-20"": 282.72, ""2026-01-21"": 54.03, ""2026-01-22"": 136.53, ""2026-01-23"": 212.46, ""2026-01-26"": 107.47, ""2026-01-27"": 93.31, ""2026-01-28"": 71.24, ""2026-01-29"": 193.49, ""2026-01-30"": 52.94, ""2026-02-02"": 19.67}",2026-02-02 23:54
0117V0,TIGER 코리아AI전력기기TOP3플러스,13875,-8.72,-1.67,-13.65,201.2,F5,시장 소외주: 관망 권고,"{""Ticker"": ""^SOX"", ""2025-12-18"": 6863.6298828125, ""2025-12-19"": 7067.8701171875, ""2025-12-22"": 7145.56982421875, ""2025-12-23"": 7184.5400390625, ""2025-12-24"": 7204.3701171875, ""2025-12-26"": 7207.64013671875, ""2025-12-29"": 7178.27001953125, ""2025-12-30"": 7169.10009765625, ""2025-12-31"": 7083.1298828125, ""2026-01-02"": 7367.47021484375, ""2026-01-05"": 7446.4501953125, ""2026-01-06"": 7650.93017578125, ""2026-01-07"": 7574.8701171875, ""2026-01-08"": 7436.10009765625, ""2026-01-09"": 7638.77978515625, ""2026-01-12"": 7674.83984375, ""2026-01-13"": 7747.990234375, ""2026-01-14"": 7701.47021484375, ""2026-01-15"": 7837.2998046875, ""2026-01-16"": 7927.41015625, ""2026-01-19"": NaN, ""2026-01-20"": 7794.18994140625, ""2026-01-21"": 8042.06982421875, ""2026-01-22"": 8055.169921875, ""2026-01-23"": 7957.93017578125, ""2026-01-26"": 7927.0400390625, ""2026-01-27"": 8117.18017578125, ""2026-01-28"": 8306.740234375, ""2026-01-29"": 8320.3896484375, ""2026-01-30"": 7998.47021484375, ""2026-02-02"": 8134.48828125}","{""metric"": ""Market_ADR"", ""2025-12-18"": 61.7, ""2025-12-19"": 131.39, ""2025-12-22"": 97.41, ""2025-12-23"": 32.29, ""2025-12-24"": 60.54, ""2025-12-26"": 37.91, ""2025-12-29"": 88.09, ""2025-12-30"": 74.29, ""2026-01-02"": 71.11, ""2026-01-05"": 89.71, ""2026-01-06"": 63.36, ""2026-01-07"": 33.14, ""2026-01-08"": 30.17, ""2026-01-09"": 121.26, ""2026-01-12"": 131.65, ""2026-01-13"": 81.94, ""2026-01-14"": 138.21, ""2026-01-15"": 106.74, ""2026-01-16"": 60.28, ""2026-01-19"": 82.11, ""2026-01-20"": 282.72, ""2026-01-21"": 54.03, ""2026-01-22"": 136.53, ""2026-01-23"": 212.46, ""2026-01-26"": 107.47, ""2026-01-27"": 93.31, ""2026-01-28"": 71.24, ""2026-01-29"": 193.49, ""2026-01-30"": 52.94, ""2026-02-02"": 19.67}",2026-02-02 23:54
491820,HANARO 전력설비투자,31205,-9.24,-2.3,-14.1,265.0,F5,시장 소외주: 관망 권고,"{""Ticker"": ""^SOX"", ""2025-12-18"": 6863.6298828125, ""2025-12-19"": 7067.8701171875, ""2025-12-22"": 7145.56982421875, ""2025-12-23"": 7184.5400390625, ""2025-12-24"": 7204.3701171875, ""2025-12-26"": 7207.64013671875, ""2025-12-29"": 7178.27001953125, ""2025-12-30"": 7169.10009765625, ""2025-12-31"": 7083.1298828125, ""2026-01-02"": 7367.47021484375, ""2026-01-05"": 7446.4501953125, ""2026-01-06"": 7650.93017578125, ""2026-01-07"": 7574.8701171875, ""2026-01-08"": 7436.10009765625, ""2026-01-09"": 7638.77978515625, ""2026-01-12"": 7674.83984375, ""2026-01-13"": 7747.990234375, ""2026-01-14"": 7701.47021484375, ""2026-01-15"": 7837.2998046875, ""2026-01-16"": 7927.41015625, ""2026-01-19"": NaN, ""2026-01-20"": 7794.18994140625, ""2026-01-21"": 8042.06982421875, ""2026-01-22"": 8055.169921875, ""2026-01-23"": 7957.93017578125, ""2026-01-26"": 7927.0400390625, ""2026-01-27"": 8117.18017578125, ""2026-01-28"": 8306.740234375, ""2026-01-29"": 8320.3896484375, ""2026-01-30"": 7998.47021484375, ""2026-02-02"": 8134.48828125}","{""metric"": ""Market_ADR"", ""2025-12-18"": 61.7, ""2025-12-19"": 131.39, ""2025-12-22"": 97.41, ""2025-12-23"": 32.29, ""2025-12-24"": 60.54, ""2025-12-26"": 37.91, ""2025-12-29"": 88.09, ""2025-12-30"": 74.29, ""2026-01-02"": 71.11, ""2026-01-05"": 89.71, ""2026-01-06"": 63.36, ""2026-01-07"": 33.14, ""2026-01-08"": 30.17, ""2026-01-09"": 121.26, ""2026-01-12"": 131.65, ""2026-01-13"": 81.94, ""2026-01-14"": 138.21, ""2026-01-15"": 106.74, ""2026-01-16"": 60.28, ""2026-01-19"": 82.11, ""2026-01-20"": 282.72, ""2026-01-21"": 54.03, ""2026-01-22"": 136.53, ""2026-01-23"": 212.46, ""2026-01-26"": 107.47, ""2026-01-27"": 93.31, ""2026-01-28"": 71.24, ""2026-01-29"": 193.49, ""2026-01-30"": 52.94, ""2026-02-02"": 19.67}",2026-02-02 23:54
487240,KODEX AI전력핵심설비,25760,-9.3,-2.92,-14.54,244.1,F5,시장 소외주: 관망 권고,"{""Ticker"": ""^SOX"", ""2025-12-18"": 6863.6298828125, ""2025-12-19"": 7067.8701171875, ""2025-12-22"": 7145.56982421875, ""2025-12-23"": 7184.5400390625, ""2025-12-24"": 7204.3701171875, ""2025-12-26"": 7207.64013671875, ""2025-12-29"": 7178.27001953125, ""2025-12-30"": 7169.10009765625, ""2025-12-31"": 7083.1298828125, ""2026-01-02"": 7367.47021484375, ""2026-01-05"": 7446.4501953125, ""2026-01-06"": 7650.93017578125, ""2026-01-07"": 7574.8701171875, ""2026-01-08"": 7436.10009765625, ""2026-01-09"": 7638.77978515625, ""2026-01-12"": 7674.83984375, ""2026-01-13"": 7747.990234375, ""2026-01-14"": 7701.47021484375, ""2026-01-15"": 7837.2998046875, ""2026-01-16"": 7927.41015625, ""2026-01-19"": NaN, ""2026-01-20"": 7794.18994140625, ""2026-01-21"": 8042.06982421875, ""2026-01-22"": 8055.169921875, ""2026-01-23"": 7957.93017578125, ""2026-01-26"": 7927.0400390625, ""2026-01-27"": 8117.18017578125, ""2026-01-28"": 8306.740234375, ""2026-01-29"": 8320.3896484375, ""2026-01-30"": 7998.47021484375, ""2026-02-02"": 8134.48828125}","{""metric"": ""Market_ADR"", ""2025-12-18"": 61.7, ""2025-12-19"": 131.39, ""2025-12-22"": 97.41, ""2025-12-23"": 32.29, ""2025-12-24"": 60.54, ""2025-12-26"": 37.91, ""2025-12-29"": 88.09, ""2025-12-30"": 74.29, ""2026-01-02"": 71.11, ""2026-01-05"": 89.71, ""2026-01-06"": 63.36, ""2026-01-07"": 33.14, ""2026-01-08"": 30.17, ""2026-01-09"": 121.26, ""2026-01-12"": 131.65, ""2026-01-13"": 81.94, ""2026-01-14"": 138.21, ""2026-01-15"": 106.74, ""2026-01-16"": 60.28, ""2026-01-19"": 82.11, ""2026-01-20"": 282.72, ""2026-01-21"": 54.03, ""2026-01-22"": 136.53, ""2026-01-23"": 212.46, ""2026-01-26"": 107.47, ""2026-01-27"": 93.31, ""2026-01-28"": 71.24, ""2026-01-29"": 193.49, ""2026-01-30"": 52.94, ""2026-02-02"": 19.67}",2026-02-02 23:54
438740,마이다스 중소형액티브,34200,-4.81,1.11,-14.59,47.7,A2,추세 전환 시도 중,"{""Ticker"": ""^SOX"", ""2025-12-18"": 6863.6298828125, ""2025-12-19"": 7067.8701171875, ""2025-12-22"": 7145.56982421875, ""2025-12-23"": 7184.5400390625, ""2025-12-24"": 7204.3701171875, ""2025-12-26"": 7207.64013671875, ""2025-12-29"": 7178.27001953125, ""2025-12-30"": 7169.10009765625, ""2025-12-31"": 7083.1298828125, ""2026-01-02"": 7367.47021484375, ""2026-01-05"": 7446.4501953125, ""2026-01-06"": 7650.93017578125, ""2026-01-07"": 7574.8701171875, ""2026-01-08"": 7436.10009765625, ""2026-01-09"": 7638.77978515625, ""2026-01-12"": 7674.83984375, ""2026-01-13"": 7747.990234375, ""2026-01-14"": 7701.47021484375, ""2026-01-15"": 7837.2998046875, ""2026-01-16"": 7927.41015625, ""2026-01-19"": NaN, ""2026-01-20"": 7794.18994140625, ""2026-01-21"": 8042.06982421875, ""2026-01-22"": 8055.169921875, ""2026-01-23"": 7957.93017578125, ""2026-01-26"": 7927.0400390625, ""2026-01-27"": 8117.18017578125, ""2026-01-28"": 8306.740234375, ""2026-01-29"": 8320.3896484375, ""2026-01-30"": 7998.47021484375, ""2026-02-02"": 8134.48828125}","{""metric"": ""Market_ADR"", ""2025-12-18"": 61.7, ""2025-12-19"": 131.39, ""2025-12-22"": 97.41, ""2025-12-23"": 32.29, ""2025-12-24"": 60.54, ""2025-12-26"": 37.91, ""2025-12-29"": 88.09, ""2025-12-30"": 74.29, ""2026-01-02"": 71.11, ""2026-01-05"": 89.71, ""2026-01-06"": 63.36, ""2026-01-07"": 33.14, ""2026-01-08"": 30.17, ""2026-01-09"": 121.26, ""2026-01-12"": 131.65, ""2026-01-13"": 81.94, ""2026-01-14"": 138.21, ""2026-01-15"": 106.74, ""2026-01-16"": 60.28, ""2026-01-19"": 82.11, ""2026-01-20"": 282.72, ""2026-01-21"": 54.03, ""2026-01-22"": 136.53, ""2026-01-23"": 212.46, ""2026-01-26"": 107.47, ""2026-01-27"": 93.31, ""2026-01-28"": 71.24, ""2026-01-29"": 193.49, ""2026-01-30"": 52.94, ""2026-02-02"": 19.67}",2026-02-02 23:54
139270,TIGER 200 금융,14060,-1.58,1.48,-15.21,130.7,A3,추세 전환 시도 중,"{""Ticker"": ""^SOX"", ""2025-12-18"": 6863.6298828125, ""2025-12-19"": 7067.8701171875, ""2025-12-22"": 7145.56982421875, ""2025-12-23"": 7184.5400390625, ""2025-12-24"": 7204.3701171875, ""2025-12-26"": 7207.64013671875, ""2025-12-29"": 7178.27001953125, ""2025-12-30"": 7169.10009765625, ""2025-12-31"": 7083.1298828125, ""2026-01-02"": 7367.47021484375, ""2026-01-05"": 7446.4501953125, ""2026-01-06"": 7650.93017578125, ""2026-01-07"": 7574.8701171875, ""2026-01-08"": 7436.10009765625, ""2026-01-09"": 7638.77978515625, ""2026-01-12"": 7674.83984375, ""2026-01-13"": 7747.990234375, ""2026-01-14"": 7701.47021484375, ""2026-01-15"": 7837.2998046875, ""2026-01-16"": 7927.41015625, ""2026-01-19"": NaN, ""2026-01-20"": 7794.18994140625, ""2026-01-21"": 8042.06982421875, ""2026-01-22"": 8055.169921875, ""2026-01-23"": 7957.93017578125, ""2026-01-26"": 7927.0400390625, ""2026-01-27"": 8117.18017578125, ""2026-01-28"": 8306.740234375, ""2026-01-29"": 8320.3896484375, ""2026-01-30"": 7998.47021484375, ""2026-02-02"": 8134.48828125}","{""metric"": ""Market_ADR"", ""2025-12-18"": 61.7, ""2025-12-19"": 131.39, ""2025-12-22"": 97.41, ""2025-12-23"": 32.29, ""2025-12-24"": 60.54, ""2025-12-26"": 37.91, ""2025-12-29"": 88.09, ""2025-12-30"": 74.29, ""2026-01-02"": 71.11, ""2026-01-05"": 89.71, ""2026-01-06"": 63.36, ""2026-01-07"": 33.14, ""2026-01-08"": 30.17, ""2026-01-09"": 121.26, ""2026-01-12"": 131.65, ""2026-01-13"": 81.94, ""2026-01-14"": 138.21, ""2026-01-15"": 106.74, ""2026-01-16"": 60.28, ""2026-01-19"": 82.11, ""2026-01-20"": 282.72, ""2026-01-21"": 54.03, ""2026-01-22"": 136.53, ""2026-01-23"": 212.46, ""2026-01-26"": 107.47, ""2026-01-27"": 93.31, ""2026-01-28"": 71.24, ""2026-01-29"": 193.49, ""2026-01-30"": 52.94, ""2026-02-02"": 19.67}",2026-02-02 23:54
161510,PLUS 고배당주,23630,-2.76,1.68,-15.5,160.5,A3,추세 전환 시도 중,"{""Ticker"": ""^SOX"", ""2025-12-18"": 6863.6298828125, ""2025-12-19"": 7067.8701171875, ""2025-12-22"": 7145.56982421875, ""2025-12-23"": 7184.5400390625, ""2025-12-24"": 7204.3701171875, ""2025-12-26"": 7207.64013671875, ""2025-12-29"": 7178.27001953125, ""2025-12-30"": 7169.10009765625, ""2025-12-31"": 7083.1298828125, ""2026-01-02"": 7367.47021484375, ""2026-01-05"": 7446.4501953125, ""2026-01-06"": 7650.93017578125, ""2026-01-07"": 7574.8701171875, ""2026-01-08"": 7436.10009765625, ""2026-01-09"": 7638.77978515625, ""2026-01-12"": 7674.83984375, ""2026-01-13"": 7747.990234375, ""2026-01-14"": 7701.47021484375, ""2026-01-15"": 7837.2998046875, ""2026-01-16"": 7927.41015625, ""2026-01-19"": NaN, ""2026-01-20"": 7794.18994140625, ""2026-01-21"": 8042.06982421875, ""2026-01-22"": 8055.169921875, ""2026-01-23"": 7957.93017578125, ""2026-01-26"": 7927.0400390625, ""2026-01-27"": 8117.18017578125, ""2026-01-28"": 8306.740234375, ""2026-01-29"": 8320.3896484375, ""2026-01-30"": 7998.47021484375, ""2026-02-02"": 8134.48828125}","{""metric"": ""Market_ADR"", ""2025-12-18"": 61.7, ""2025-12-19"": 131.39, ""2025-12-22"": 97.41, ""2025-12-23"": 32.29, ""2025-12-24"": 60.54, ""2025-12-26"": 37.91, ""2025-12-29"": 88.09, ""2025-12-30"": 74.29, ""2026-01-02"": 71.11, ""2026-01-05"": 89.71, ""2026-01-06"": 63.36, ""2026-01-07"": 33.14, ""2026-01-08"": 30.17, ""2026-01-09"": 121.26, ""2026-01-12"": 131.65, ""2026-01-13"": 81.94, ""2026-01-14"": 138.21, ""2026-01-15"": 106.74, ""2026-01-16"": 60.28, ""2026-01-19"": 82.11, ""2026-01-20"": 282.72, ""2026-01-21"": 54.03, ""2026-01-22"": 136.53, ""2026-01-23"": 212.46, ""2026-01-26"": 107.47, ""2026-01-27"": 93.31, ""2026-01-28"": 71.24, ""2026-01-29"": 193.49, ""2026-01-30"": 52.94, ""2026-02-02"": 19.67}",2026-02-02 23:54
104530,KIWOOM 고배당,17450,-4.28,2.92,-15.72,320.3,A5,추세 전환 시도 중,"{""Ticker"": ""^SOX"", ""2025-12-18"": 6863.6298828125, ""2025-12-19"": 7067.8701171875, ""2025-12-22"": 7145.56982421875, ""2025-12-23"": 7184.5400390625, ""2025-12-24"": 7204.3701171875, ""2025-12-26"": 7207.64013671875, ""2025-12-29"": 7178.27001953125, ""2025-12-30"": 7169.10009765625, ""2025-12-31"": 7083.1298828125, ""2026-01-02"": 7367.47021484375, ""2026-01-05"": 7446.4501953125, ""2026-01-06"": 7650.93017578125, ""2026-01-07"": 7574.8701171875, ""2026-01-08"": 7436.10009765625, ""2026-01-09"": 7638.77978515625, ""2026-01-12"": 7674.83984375, ""2026-01-13"": 7747.990234375, ""2026-01-14"": 7701.47021484375, ""2026-01-15"": 7837.2998046875, ""2026-01-16"": 7927.41015625, ""2026-01-19"": NaN, ""2026-01-20"": 7794.18994140625, ""2026-01-21"": 8042.06982421875, ""2026-01-22"": 8055.169921875, ""2026-01-23"": 7957.93017578125, ""2026-01-26"": 7927.0400390625, ""2026-01-27"": 8117.18017578125, ""2026-01-28"": 8306.740234375, ""2026-01-29"": 8320.3896484375, ""2026-01-30"": 7998.47021484375, ""2026-02-02"": 8134.48828125}","{""metric"": ""Market_ADR"", ""2025-12-18"": 61.7, ""2025-12-19"": 131.39, ""2025-12-22"": 97.41, ""2025-12-23"": 32.29, ""2025-12-24"": 60.54, ""2025-12-26"": 37.91, ""2025-12-29"": 88.09, ""2025-12-30"": 74.29, ""2026-01-02"": 71.11, ""2026-01-05"": 89.71, ""2026-01-06"": 63.36, ""2026-01-07"": 33.14, ""2026-01-08"": 30.17, ""2026-01-09"": 121.26, ""2026-01-12"": 131.65, ""2026-01-13"": 81.94, ""2026-01-14"": 138.21, ""2026-01-15"": 106.74, ""2026-01-16"": 60.28, ""2026-01-19"": 82.11, ""2026-01-20"": 282.72, ""2026-01-21"": 54.03, ""2026-01-22"": 136.53, ""2026-01-23"": 212.46, ""2026-01-26"": 107.47, ""2026-01-27"": 93.31, ""2026-01-28"": 71.24, ""2026-01-29"": 193.49, ""2026-01-30"": 52.94, ""2026-02-02"": 19.67}",2026-02-02 23:54
0088N0,WON K-글로벌수급상위,12195,-4.43,1.04,-15.76,134.1,A3,추세 전환 시도 중,"{""Ticker"": ""^SOX"", ""2025-12-18"": 6863.6298828125, ""2025-12-19"": 7067.8701171875, ""2025-12-22"": 7145.56982421875, ""2025-12-23"": 7184.5400390625, ""2025-12-24"": 7204.3701171875, ""2025-12-26"": 7207.64013671875, ""2025-12-29"": 7178.27001953125, ""2025-12-30"": 7169.10009765625, ""2025-12-31"": 7083.1298828125, ""2026-01-02"": 7367.47021484375, ""2026-01-05"": 7446.4501953125, ""2026-01-06"": 7650.93017578125, ""2026-01-07"": 7574.8701171875, ""2026-01-08"": 7436.10009765625, ""2026-01-09"": 7638.77978515625, ""2026-01-12"": 7674.83984375, ""2026-01-13"": 7747.990234375, ""2026-01-14"": 7701.47021484375, ""2026-01-15"": 7837.2998046875, ""2026-01-16"": 7927.41015625, ""2026-01-19"": NaN, ""2026-01-20"": 7794.18994140625, ""2026-01-21"": 8042.06982421875, ""2026-01-22"": 8055.169921875, ""2026-01-23"": 7957.93017578125, ""2026-01-26"": 7927.0400390625, ""2026-01-27"": 8117.18017578125, ""2026-01-28"": 8306.740234375, ""2026-01-29"": 8320.3896484375, ""2026-01-30"": 7998.47021484375, ""2026-02-02"": 8134.48828125}","{""metric"": ""Market_ADR"", ""2025-12-18"": 61.7, ""2025-12-19"": 131.39, ""2025-12-22"": 97.41, ""2025-12-23"": 32.29, ""2025-12-24"": 60.54, ""2025-12-26"": 37.91, ""2025-12-29"": 88.09, ""2025-12-30"": 74.29, ""2026-01-02"": 71.11, ""2026-01-05"": 89.71, ""2026-01-06"": 63.36, ""2026-01-07"": 33.14, ""2026-01-08"": 30.17, ""2026-01-09"": 121.26, ""2026-01-12"": 131.65, ""2026-01-13"": 81.94, ""2026-01-14"": 138.21, ""2026-01-15"": 106.74, ""2026-01-16"": 60.28, ""2026-01-19"": 82.11, ""2026-01-20"": 282.72, ""2026-01-21"": 54.03, ""2026-01-22"": 136.53, ""2026-01-23"": 212.46, ""2026-01-26"": 107.47, ""2026-01-27"": 93.31, ""2026-01-28"": 71.24, ""2026-01-29"": 193.49, ""2026-01-30"": 52.94, ""2026-02-02"": 19.67}",2026-02-02 23:54
433220,에셋플러스 글로벌대장장이액티브,27265,-0.91,2.52,-16.02,140.7,A4,추세 전환 시도 중,"{""Ticker"": ""^SOX"", ""2025-12-18"": 6863.6298828125, ""2025-12-19"": 7067.8701171875, ""2025-12-22"": 7145.56982421875, ""2025-12-23"": 7184.5400390625, ""2025-12-24"": 7204.3701171875, ""2025-12-26"": 7207.64013671875, ""2025-12-29"": 7178.27001953125, ""2025-12-30"": 7169.10009765625, ""2025-12-31"": 7083.1298828125, ""2026-01-02"": 7367.47021484375, ""2026-01-05"": 7446.4501953125, ""2026-01-06"": 7650.93017578125, ""2026-01-07"": 7574.8701171875, ""2026-01-08"": 7436.10009765625, ""2026-01-09"": 7638.77978515625, ""2026-01-12"": 7674.83984375, ""2026-01-13"": 7747.990234375, ""2026-01-14"": 7701.47021484375, ""2026-01-15"": 7837.2998046875, ""2026-01-16"": 7927.41015625, ""2026-01-19"": NaN, ""2026-01-20"": 7794.18994140625, ""2026-01-21"": 8042.06982421875, ""2026-01-22"": 8055.169921875, ""2026-01-23"": 7957.93017578125, ""2026-01-26"": 7927.0400390625, ""2026-01-27"": 8117.18017578125, ""2026-01-28"": 8306.740234375, ""2026-01-29"": 8320.3896484375, ""2026-01-30"": 7998.47021484375, ""2026-02-02"": 8134.48828125}","{""metric"": ""Market_ADR"", ""2025-12-18"": 61.7, ""2025-12-19"": 131.39, ""2025-12-22"": 97.41, ""2025-12-23"": 32.29, ""2025-12-24"": 60.54, ""2025-12-26"": 37.91, ""2025-12-29"": 88.09, ""2025-12-30"": 74.29, ""2026-01-02"": 71.11, ""2026-01-05"": 89.71, ""2026-01-06"": 63.36, ""2026-01-07"": 33.14, ""2026-01-08"": 30.17, ""2026-01-09"": 121.26, ""2026-01-12"": 131.65, ""2026-01-13"": 81.94, ""2026-01-14"": 138.21, ""2026-01-15"": 106.74, ""2026-01-16"": 60.28, ""2026-01-19"": 82.11, ""2026-01-20"": 282.72, ""2026-01-21"": 54.03, ""2026-01-22"": 136.53, ""2026-01-23"": 212.46, ""2026-01-26"": 107.47, ""2026-01-27"": 93.31, ""2026-01-28"": 71.24, ""2026-01-29"": 193.49, ""2026-01-30"": 52.94, ""2026-02-02"": 19.67}",2026-02-02 23:54
401470,KODEX 메타버스액티브,8620,-5.33,-1.71,-16.03,376.9,F5,시장 소외주: 관망 권고,"{""Ticker"": ""^SOX"", ""2025-12-18"": 6863.6298828125, ""2025-12-19"": 7067.8701171875, ""2025-12-22"": 7145.56982421875, ""2025-12-23"": 7184.5400390625, ""2025-12-24"": 7204.3701171875, ""2025-12-26"": 7207.64013671875, ""2025-12-29"": 7178.27001953125, ""2025-12-30"": 7169.10009765625, ""2025-12-31"": 7083.1298828125, ""2026-01-02"": 7367.47021484375, ""2026-01-05"": 7446.4501953125, ""2026-01-06"": 7650.93017578125, ""2026-01-07"": 7574.8701171875, ""2026-01-08"": 7436.10009765625, ""2026-01-09"": 7638.77978515625, ""2026-01-12"": 7674.83984375, ""2026-01-13"": 7747.990234375, ""2026-01-14"": 7701.47021484375, ""2026-01-15"": 7837.2998046875, ""2026-01-16"": 7927.41015625, ""2026-01-19"": NaN, ""2026-01-20"": 7794.18994140625, ""2026-01-21"": 8042.06982421875, ""2026-01-22"": 8055.169921875, ""2026-01-23"": 7957.93017578125, ""2026-01-26"": 7927.0400390625, ""2026-01-27"": 8117.18017578125, ""2026-01-28"": 8306.740234375, ""2026-01-29"": 8320.3896484375, ""2026-01-30"": 7998.47021484375, ""2026-02-02"": 8134.48828125}","{""metric"": ""Market_ADR"", ""2025-12-18"": 61.7, ""2025-12-19"": 131.39, ""2025-12-22"": 97.41, ""2025-12-23"": 32.29, ""2025-12-24"": 60.54, ""2025-12-26"": 37.91, ""2025-12-29"": 88.09, ""2025-12-30"": 74.29, ""2026-01-02"": 71.11, ""2026-01-05"": 89.71, ""2026-01-06"": 63.36, ""2026-01-07"": 33.14, ""2026-01-08"": 30.17, ""2026-01-09"": 121.26, ""2026-01-12"": 131.65, ""2026-01-13"": 81.94, ""2026-01-14"": 138.21, ""2026-01-15"": 106.74, ""2026-01-16"": 60.28, ""2026-01-19"": 82.11, ""2026-01-20"": 282.72, ""2026-01-21"": 54.03, ""2026-01-22"": 136.53, ""2026-01-23"": 212.46, ""2026-01-26"": 107.47, ""2026-01-27"": 93.31, ""2026-01-28"": 71.24, ""2026-01-29"": 193.49, ""2026-01-30"": 52.94, ""2026-02-02"": 19.67}",2026-02-02 23:54
399580,RISE 글로벌클린에너지,9910,0.56,0.81,-16.04,138.5,A3,추세 전환 시도 중,"{""Ticker"": ""^SOX"", ""2025-12-18"": 6863.6298828125, ""2025-12-19"": 7067.8701171875, ""2025-12-22"": 7145.56982421875, ""2025-12-23"": 7184.5400390625, ""2025-12-24"": 7204.3701171875, ""2025-12-26"": 7207.64013671875, ""2025-12-29"": 7178.27001953125, ""2025-12-30"": 7169.10009765625, ""2025-12-31"": 7083.1298828125, ""2026-01-02"": 7367.47021484375, ""2026-01-05"": 7446.4501953125, ""2026-01-06"": 7650.93017578125, ""2026-01-07"": 7574.8701171875, ""2026-01-08"": 7436.10009765625, ""2026-01-09"": 7638.77978515625, ""2026-01-12"": 7674.83984375, ""2026-01-13"": 7747.990234375, ""2026-01-14"": 7701.47021484375, ""2026-01-15"": 7837.2998046875, ""2026-01-16"": 7927.41015625, ""2026-01-19"": NaN, ""2026-01-20"": 7794.18994140625, ""2026-01-21"": 8042.06982421875, ""2026-01-22"": 8055.169921875, ""2026-01-23"": 7957.93017578125, ""2026-01-26"": 7927.0400390625, ""2026-01-27"": 8117.18017578125, ""2026-01-28"": 8306.740234375, ""2026-01-29"": 8320.3896484375, ""2026-01-30"": 7998.47021484375, ""2026-02-02"": 8134.48828125}","{""metric"": ""Market_ADR"", ""2025-12-18"": 61.7, ""2025-12-19"": 131.39, ""2025-12-22"": 97.41, ""2025-12-23"": 32.29, ""2025-12-24"": 60.54, ""2025-12-26"": 37.91, ""2025-12-29"": 88.09, ""2025-12-30"": 74.29, ""2026-01-02"": 71.11, ""2026-01-05"": 89.71, ""2026-01-06"": 63.36, ""2026-01-07"": 33.14, ""2026-01-08"": 30.17, ""2026-01-09"": 121.26, ""2026-01-12"": 131.65, ""2026-01-13"": 81.94, ""2026-01-14"": 138.21, ""2026-01-15"": 106.74, ""2026-01-16"": 60.28, ""2026-01-19"": 82.11, ""2026-01-20"": 282.72, ""2026-01-21"": 54.03, ""2026-01-22"": 136.53, ""2026-01-23"": 212.46, ""2026-01-26"": 107.47, ""2026-01-27"": 93.31, ""2026-01-28"": 71.24, ""2026-01-29"": 193.49, ""2026-01-30"": 52.94, ""2026-02-02"": 19.67}",2026-02-02 23:54
464610,SOL 의료기기소부장Fn,11550,-4.23,3.49,-16.27,71.2,A1,단기 반짝 가능성 체크,"{""Ticker"": ""^SOX"", ""2025-12-18"": 6863.6298828125, ""2025-12-19"": 7067.8701171875, ""2025-12-22"": 7145.56982421875, ""2025-12-23"": 7184.5400390625, ""2025-12-24"": 7204.3701171875, ""2025-12-26"": 7207.64013671875, ""2025-12-29"": 7178.27001953125, ""2025-12-30"": 7169.10009765625, ""2025-12-31"": 7083.1298828125, ""2026-01-02"": 7367.47021484375, ""2026-01-05"": 7446.4501953125, ""2026-01-06"": 7650.93017578125, ""2026-01-07"": 7574.8701171875, ""2026-01-08"": 7436.10009765625, ""2026-01-09"": 7638.77978515625, ""2026-01-12"": 7674.83984375, ""2026-01-13"": 7747.990234375, ""2026-01-14"": 7701.47021484375, ""2026-01-15"": 7837.2998046875, ""2026-01-16"": 7927.41015625, ""2026-01-19"": NaN, ""2026-01-20"": 7794.18994140625, ""2026-01-21"": 8042.06982421875, ""2026-01-22"": 8055.169921875, ""2026-01-23"": 7957.93017578125, ""2026-01-26"": 7927.0400390625, ""2026-01-27"": 8117.18017578125, ""2026-01-28"": 8306.740234375, ""2026-01-29"": 8320.3896484375, ""2026-01-30"": 7998.47021484375, ""2026-02-02"": 8134.48828125}","{""metric"": ""Market_ADR"", ""2025-12-18"": 61.7, ""2025-12-19"": 131.39, ""2025-12-22"": 97.41, ""2025-12-23"": 32.29, ""2025-12-24"": 60.54, ""2025-12-26"": 37.91, ""2025-12-29"": 88.09, ""2025-12-30"": 74.29, ""2026-01-02"": 71.11, ""2026-01-05"": 89.71, ""2026-01-06"": 63.36, ""2026-01-07"": 33.14, ""2026-01-08"": 30.17, ""2026-01-09"": 121.26, ""2026-01-12"": 131.65, ""2026-01-13"": 81.94, ""2026-01-14"": 138.21, ""2026-01-15"": 106.74, ""2026-01-16"": 60.28, ""2026-01-19"": 82.11, ""2026-01-20"": 282.72, ""2026-01-21"": 54.03, ""2026-01-22"": 136.53, ""2026-01-23"": 212.46, ""2026-01-26"": 107.47, ""2026-01-27"": 93.31, ""2026-01-28"": 71.24, ""2026-01-29"": 193.49, ""2026-01-30"": 52.94, ""2026-02-02"": 19.67}",2026-02-02 23:54
0105E0,SOL 코리아고배당,11880,-2.54,0.89,-16.51,182.8,A3,추세 전환 시도 중,"{""Ticker"": ""^SOX"", ""2025-12-18"": 6863.6298828125, ""2025-12-19"": 7067.8701171875, ""2025-12-22"": 7145.56982421875, ""2025-12-23"": 7184.5400390625, ""2025-12-24"": 7204.3701171875, ""2025-12-26"": 7207.64013671875, ""2025-12-29"": 7178.27001953125, ""2025-12-30"": 7169.10009765625, ""2025-12-31"": 7083.1298828125, ""2026-01-02"": 7367.47021484375, ""2026-01-05"": 7446.4501953125, ""2026-01-06"": 7650.93017578125, ""2026-01-07"": 7574.8701171875, ""2026-01-08"": 7436.10009765625, ""2026-01-09"": 7638.77978515625, ""2026-01-12"": 7674.83984375, ""2026-01-13"": 7747.990234375, ""2026-01-14"": 7701.47021484375, ""2026-01-15"": 7837.2998046875, ""2026-01-16"": 7927.41015625, ""2026-01-19"": NaN, ""2026-01-20"": 7794.18994140625, ""2026-01-21"": 8042.06982421875, ""2026-01-22"": 8055.169921875, ""2026-01-23"": 7957.93017578125, ""2026-01-26"": 7927.0400390625, ""2026-01-27"": 8117.18017578125, ""2026-01-28"": 8306.740234375, ""2026-01-29"": 8320.3896484375, ""2026-01-30"": 7998.47021484375, ""2026-02-02"": 8134.48828125}","{""metric"": ""Market_ADR"", ""2025-12-18"": 61.7, ""2025-12-19"": 131.39, ""2025-12-22"": 97.41, ""2025-12-23"": 32.29, ""2025-12-24"": 60.54, ""2025-12-26"": 37.91, ""2025-12-29"": 88.09, ""2025-12-30"": 74.29, ""2026-01-02"": 71.11, ""2026-01-05"": 89.71, ""2026-01-06"": 63.36, ""2026-01-07"": 33.14, ""2026-01-08"": 30.17, ""2026-01-09"": 121.26, ""2026-01-12"": 131.65, ""2026-01-13"": 81.94, ""2026-01-14"": 138.21, ""2026-01-15"": 106.74, ""2026-01-16"": 60.28, ""2026-01-19"": 82.11, ""2026-01-20"": 282.72, ""2026-01-21"": 54.03, ""2026-01-22"": 136.53, ""2026-01-23"": 212.46, ""2026-01-26"": 107.47, ""2026-01-27"": 93.31, ""2026-01-28"": 71.24, ""2026-01-29"": 193.49, ""2026-01-30"": 52.94, ""2026-02-02"": 19.67}",2026-02-02 23:54
183700,RISE 채권혼합,79890,-2.96,0.11,-16.83,209.0,F5,시장 소외주: 관망 권고,"{""Ticker"": ""^SOX"", ""2025-12-18"": 6863.6298828125, ""2025-12-19"": 7067.8701171875, ""2025-12-22"": 7145.56982421875, ""2025-12-23"": 7184.5400390625, ""2025-12-24"": 7204.3701171875, ""2025-12-26"": 7207.64013671875, ""2025-12-29"": 7178.27001953125, ""2025-12-30"": 7169.10009765625, ""2025-12-31"": 7083.1298828125, ""2026-01-02"": 7367.47021484375, ""2026-01-05"": 7446.4501953125, ""2026-01-06"": 7650.93017578125, ""2026-01-07"": 7574.8701171875, ""2026-01-08"": 7436.10009765625, ""2026-01-09"": 7638.77978515625, ""2026-01-12"": 7674.83984375, ""2026-01-13"": 7747.990234375, ""2026-01-14"": 7701.47021484375, ""2026-01-15"": 7837.2998046875, ""2026-01-16"": 7927.41015625, ""2026-01-19"": NaN, ""2026-01-20"": 7794.18994140625, ""2026-01-21"": 8042.06982421875, ""2026-01-22"": 8055.169921875, ""2026-01-23"": 7957.93017578125, ""2026-01-26"": 7927.0400390625, ""2026-01-27"": 8117.18017578125, ""2026-01-28"": 8306.740234375, ""2026-01-29"": 8320.3896484375, ""2026-01-30"": 7998.47021484375, ""2026-02-02"": 8134.48828125}","{""metric"": ""Market_ADR"", ""2025-12-18"": 61.7, ""2025-12-19"": 131.39, ""2025-12-22"": 97.41, ""2025-12-23"": 32.29, ""2025-12-24"": 60.54, ""2025-12-26"": 37.91, ""2025-12-29"": 88.09, ""2025-12-30"": 74.29, ""2026-01-02"": 71.11, ""2026-01-05"": 89.71, ""2026-01-06"": 63.36, ""2026-01-07"": 33.14, ""2026-01-08"": 30.17, ""2026-01-09"": 121.26, ""2026-01-12"": 131.65, ""2026-01-13"": 81.94, ""2026-01-14"": 138.21, ""2026-01-15"": 106.74, ""2026-01-16"": 60.28, ""2026-01-19"": 82.11, ""2026-01-20"": 282.72, ""2026-01-21"": 54.03, ""2026-01-22"": 136.53, ""2026-01-23"": 212.46, ""2026-01-26"": 107.47, ""2026-01-27"": 93.31, ""2026-01-28"": 71.24, ""2026-01-29"": 193.49, ""2026-01-30"": 52.94, ""2026-02-02"": 19.67}",2026-02-02 23:54
322410,HANARO K고배당,20640,-2.23,1.65,-16.84,193.4,A3,추세 전환 시도 중,"{""Ticker"": ""^SOX"", ""2025-12-18"": 6863.6298828125, ""2025-12-19"": 7067.8701171875, ""2025-12-22"": 7145.56982421875, ""2025-12-23"": 7184.5400390625, ""2025-12-24"": 7204.3701171875, ""2025-12-26"": 7207.64013671875, ""2025-12-29"": 7178.27001953125, ""2025-12-30"": 7169.10009765625, ""2025-12-31"": 7083.1298828125, ""2026-01-02"": 7367.47021484375, ""2026-01-05"": 7446.4501953125, ""2026-01-06"": 7650.93017578125, ""2026-01-07"": 7574.8701171875, ""2026-01-08"": 7436.10009765625, ""2026-01-09"": 7638.77978515625, ""2026-01-12"": 7674.83984375, ""2026-01-13"": 7747.990234375, ""2026-01-14"": 7701.47021484375, ""2026-01-15"": 7837.2998046875, ""2026-01-16"": 7927.41015625, ""2026-01-19"": NaN, ""2026-01-20"": 7794.18994140625, ""2026-01-21"": 8042.06982421875, ""2026-01-22"": 8055.169921875, ""2026-01-23"": 7957.93017578125, ""2026-01-26"": 7927.0400390625, ""2026-01-27"": 8117.18017578125, ""2026-01-28"": 8306.740234375, ""2026-01-29"": 8320.3896484375, ""2026-01-30"": 7998.47021484375, ""2026-02-02"": 8134.48828125}","{""metric"": ""Market_ADR"", ""2025-12-18"": 61.7, ""2025-12-19"": 131.39, ""2025-12-22"": 97.41, ""2025-12-23"": 32.29, ""2025-12-24"": 60.54, ""2025-12-26"": 37.91, ""2025-12-29"": 88.09, ""2025-12-30"": 74.29, ""2026-01-02"": 71.11, ""2026-01-05"": 89.71, ""2026-01-06"": 63.36, ""2026-01-07"": 33.14, ""2026-01-08"": 30.17, ""2026-01-09"": 121.26, ""2026-01-12"": 131.65, ""2026-01-13"": 81.94, ""2026-01-14"": 138.21, ""2026-01-15"": 106.74, ""2026-01-16"": 60.28, ""2026-01-19"": 82.11, ""2026-01-20"": 282.72, ""2026-01-21"": 54.03, ""2026-01-22"": 136.53, ""2026-01-23"": 212.46, ""2026-01-26"": 107.47, ""2026-01-27"": 93.31, ""2026-01-28"": 71.24, ""2026-01-29"": 193.49, ""2026-01-30"": 52.94, ""2026-02-02"": 19.67}",2026-02-02 23:54
279530,KODEX 고배당주,15450,-2.46,2.79,-16.97,167.9,A4,추세 전환 시도 중,"{""Ticker"": ""^SOX"", ""2025-12-18"": 6863.6298828125, ""2025-12-19"": 7067.8701171875, ""2025-12-22"": 7145.56982421875, ""2025-12-23"": 7184.5400390625, ""2025-12-24"": 7204.3701171875, ""2025-12-26"": 7207.64013671875, ""2025-12-29"": 7178.27001953125, ""2025-12-30"": 7169.10009765625, ""2025-12-31"": 7083.1298828125, ""2026-01-02"": 7367.47021484375, ""2026-01-05"": 7446.4501953125, ""2026-01-06"": 7650.93017578125, ""2026-01-07"": 7574.8701171875, ""2026-01-08"": 7436.10009765625, ""2026-01-09"": 7638.77978515625, ""2026-01-12"": 7674.83984375, ""2026-01-13"": 7747.990234375, ""2026-01-14"": 7701.47021484375, ""2026-01-15"": 7837.2998046875, ""2026-01-16"": 7927.41015625, ""2026-01-19"": NaN, ""2026-01-20"": 7794.18994140625, ""2026-01-21"": 8042.06982421875, ""2026-01-22"": 8055.169921875, ""2026-01-23"": 7957.93017578125, ""2026-01-26"": 7927.0400390625, ""2026-01-27"": 8117.18017578125, ""2026-01-28"": 8306.740234375, ""2026-01-29"": 8320.3896484375, ""2026-01-30"": 7998.47021484375, ""2026-02-02"": 8134.48828125}","{""metric"": ""Market_ADR"", ""2025-12-18"": 61.7, ""2025-12-19"": 131.39, ""2025-12-22"": 97.41, ""2025-12-23"": 32.29, ""2025-12-24"": 60.54, ""2025-12-26"": 37.91, ""2025-12-29"": 88.09, ""2025-12-30"": 74.29, ""2026-01-02"": 71.11, ""2026-01-05"": 89.71, ""2026-01-06"": 63.36, ""2026-01-07"": 33.14, ""2026-01-08"": 30.17, ""2026-01-09"": 121.26, ""2026-01-12"": 131.65, ""2026-01-13"": 81.94, ""2026-01-14"": 138.21, ""2026-01-15"": 106.74, ""2026-01-16"": 60.28, ""2026-01-19"": 82.11, ""2026-01-20"": 282.72, ""2026-01-21"": 54.03, ""2026-01-22"": 136.53, ""2026-01-23"": 212.46, ""2026-01-26"": 107.47, ""2026-01-27"": 93.31, ""2026-01-28"": 71.24, ""2026-01-29"": 193.49, ""2026-01-30"": 52.94, ""2026-02-02"": 19.67}",2026-02-02 23:54
210780,TIGER 코스피고배당,22500,-3.39,1.1,-17.55,238.9,A4,추세 전환 시도 중,"{""Ticker"": ""^SOX"", ""2025-12-18"": 6863.6298828125, ""2025-12-19"": 7067.8701171875, ""2025-12-22"": 7145.56982421875, ""2025-12-23"": 7184.5400390625, ""2025-12-24"": 7204.3701171875, ""2025-12-26"": 7207.64013671875, ""2025-12-29"": 7178.27001953125, ""2025-12-30"": 7169.10009765625, ""2025-12-31"": 7083.1298828125, ""2026-01-02"": 7367.47021484375, ""2026-01-05"": 7446.4501953125, ""2026-01-06"": 7650.93017578125, ""2026-01-07"": 7574.8701171875, ""2026-01-08"": 7436.10009765625, ""2026-01-09"": 7638.77978515625, ""2026-01-12"": 7674.83984375, ""2026-01-13"": 7747.990234375, ""2026-01-14"": 7701.47021484375, ""2026-01-15"": 7837.2998046875, ""2026-01-16"": 7927.41015625, ""2026-01-19"": NaN, ""2026-01-20"": 7794.18994140625, ""2026-01-21"": 8042.06982421875, ""2026-01-22"": 8055.169921875, ""2026-01-23"": 7957.93017578125, ""2026-01-26"": 7927.0400390625, ""2026-01-27"": 8117.18017578125, ""2026-01-28"": 8306.740234375, ""2026-01-29"": 8320.3896484375, ""2026-01-30"": 7998.47021484375, ""2026-02-02"": 8134.48828125}","{""metric"": ""Market_ADR"", ""2025-12-18"": 61.7, ""2025-12-19"": 131.39, ""2025-12-22"": 97.41, ""2025-12-23"": 32.29, ""2025-12-24"": 60.54, ""2025-12-26"": 37.91, ""2025-12-29"": 88.09, ""2025-12-30"": 74.29, ""2026-01-02"": 71.11, ""2026-01-05"": 89.71, ""2026-01-06"": 63.36, ""2026-01-07"": 33.14, ""2026-01-08"": 30.17, ""2026-01-09"": 121.26, ""2026-01-12"": 131.65, ""2026-01-13"": 81.94, ""2026-01-14"": 138.21, ""2026-01-15"": 106.74, ""2026-01-16"": 60.28, ""2026-01-19"": 82.11, ""2026-01-20"": 282.72, ""2026-01-21"": 54.03, ""2026-01-22"": 136.53, ""2026-01-23"": 212.46, ""2026-01-26"": 107.47, ""2026-01-27"": 93.31, ""2026-01-28"": 71.24, ""2026-01-29"": 193.49, ""2026-01-30"": 52.94, ""2026-02-02"": 19.67}",2026-02-02 23:54
192720,파워 고배당저변동성,52340,-2.25,2.06,-17.56,745.3,A4,추세 전환 시도 중,"{""Ticker"": ""^SOX"", ""2025-12-18"": 6863.6298828125, ""2025-12-19"": 7067.8701171875, ""2025-12-22"": 7145.56982421875, ""2025-12-23"": 7184.5400390625, ""2025-12-24"": 7204.3701171875, ""2025-12-26"": 7207.64013671875, ""2025-12-29"": 7178.27001953125, ""2025-12-30"": 7169.10009765625, ""2025-12-31"": 7083.1298828125, ""2026-01-02"": 7367.47021484375, ""2026-01-05"": 7446.4501953125, ""2026-01-06"": 7650.93017578125, ""2026-01-07"": 7574.8701171875, ""2026-01-08"": 7436.10009765625, ""2026-01-09"": 7638.77978515625, ""2026-01-12"": 7674.83984375, ""2026-01-13"": 7747.990234375, ""2026-01-14"": 7701.47021484375, ""2026-01-15"": 7837.2998046875, ""2026-01-16"": 7927.41015625, ""2026-01-19"": NaN, ""2026-01-20"": 7794.18994140625, ""2026-01-21"": 8042.06982421875, ""2026-01-22"": 8055.169921875, ""2026-01-23"": 7957.93017578125, ""2026-01-26"": 7927.0400390625, ""2026-01-27"": 8117.18017578125, ""2026-01-28"": 8306.740234375, ""2026-01-29"": 8320.3896484375, ""2026-01-30"": 7998.47021484375, ""2026-02-02"": 8134.48828125}","{""metric"": ""Market_ADR"", ""2025-12-18"": 61.7, ""2025-12-19"": 131.39, ""2025-12-22"": 97.41, ""2025-12-23"": 32.29, ""2025-12-24"": 60.54, ""2025-12-26"": 37.91, ""2025-12-29"": 88.09, ""2025-12-30"": 74.29, ""2026-01-02"": 71.11, ""2026-01-05"": 89.71, ""2026-01-06"": 63.36, ""2026-01-07"": 33.14, ""2026-01-08"": 30.17, ""2026-01-09"": 121.26, ""2026-01-12"": 131.65, ""2026-01-13"": 81.94, ""2026-01-14"": 138.21, ""2026-01-15"": 106.74, ""2026-01-16"": 60.28, ""2026-01-19"": 82.11, ""2026-01-20"": 282.72, ""2026-01-21"": 54.03, ""2026-01-22"": 136.53, ""2026-01-23"": 212.46, ""2026-01-26"": 107.47, ""2026-01-27"": 93.31, ""2026-01-28"": 71.24, ""2026-01-29"": 193.49, ""2026-01-30"": 52.94, ""2026-02-02"": 19.67}",2026-02-02 23:54
484880,SOL 금융지주플러스고배당,18665,-1.01,0.89,-17.57,236.5,A4,추세 전환 시도 중,"{""Ticker"": ""^SOX"", ""2025-12-18"": 6863.6298828125, ""2025-12-19"": 7067.8701171875, ""2025-12-22"": 7145.56982421875, ""2025-12-23"": 7184.5400390625, ""2025-12-24"": 7204.3701171875, ""2025-12-26"": 7207.64013671875, ""2025-12-29"": 7178.27001953125, ""2025-12-30"": 7169.10009765625, ""2025-12-31"": 7083.1298828125, ""2026-01-02"": 7367.47021484375, ""2026-01-05"": 7446.4501953125, ""2026-01-06"": 7650.93017578125, ""2026-01-07"": 7574.8701171875, ""2026-01-08"": 7436.10009765625, ""2026-01-09"": 7638.77978515625, ""2026-01-12"": 7674.83984375, ""2026-01-13"": 7747.990234375, ""2026-01-14"": 7701.47021484375, ""2026-01-15"": 7837.2998046875, ""2026-01-16"": 7927.41015625, ""2026-01-19"": NaN, ""2026-01-20"": 7794.18994140625, ""2026-01-21"": 8042.06982421875, ""2026-01-22"": 8055.169921875, ""2026-01-23"": 7957.93017578125, ""2026-01-26"": 7927.0400390625, ""2026-01-27"": 8117.18017578125, ""2026-01-28"": 8306.740234375, ""2026-01-29"": 8320.3896484375, ""2026-01-30"": 7998.47021484375, ""2026-02-02"": 8134.48828125}","{""metric"": ""Market_ADR"", ""2025-12-18"": 61.7, ""2025-12-19"": 131.39, ""2025-12-22"": 97.41, ""2025-12-23"": 32.29, ""2025-12-24"": 60.54, ""2025-12-26"": 37.91, ""2025-12-29"": 88.09, ""2025-12-30"": 74.29, ""2026-01-02"": 71.11, ""2026-01-05"": 89.71, ""2026-01-06"": 63.36, ""2026-01-07"": 33.14, ""2026-01-08"": 30.17, ""2026-01-09"": 121.26, ""2026-01-12"": 131.65, ""2026-01-13"": 81.94, ""2026-01-14"": 138.21, ""2026-01-15"": 106.74, ""2026-01-16"": 60.28, ""2026-01-19"": 82.11, ""2026-01-20"": 282.72, ""2026-01-21"": 54.03, ""2026-01-22"": 136.53, ""2026-01-23"": 212.46, ""2026-01-26"": 107.47, ""2026-01-27"": 93.31, ""2026-01-28"": 71.24, ""2026-01-29"": 193.49, ""2026-01-30"": 52.94, ""2026-02-02"": 19.67}",2026-02-02 23:54
218420,KODEX 미국S&P500에너지(합성),16915,0.0,1.2,-17.63,185.2,A3,추세 전환 시도 중,"{""Ticker"": ""^SOX"", ""2025-12-18"": 6863.6298828125, ""2025-12-19"": 7067.8701171875, ""2025-12-22"": 7145.56982421875, ""2025-12-23"": 7184.5400390625, ""2025-12-24"": 7204.3701171875, ""2025-12-26"": 7207.64013671875, ""2025-12-29"": 7178.27001953125, ""2025-12-30"": 7169.10009765625, ""2025-12-31"": 7083.1298828125, ""2026-01-02"": 7367.47021484375, ""2026-01-05"": 7446.4501953125, ""2026-01-06"": 7650.93017578125, ""2026-01-07"": 7574.8701171875, ""2026-01-08"": 7436.10009765625, ""2026-01-09"": 7638.77978515625, ""2026-01-12"": 7674.83984375, ""2026-01-13"": 7747.990234375, ""2026-01-14"": 7701.47021484375, ""2026-01-15"": 7837.2998046875, ""2026-01-16"": 7927.41015625, ""2026-01-19"": NaN, ""2026-01-20"": 7794.18994140625, ""2026-01-21"": 8042.06982421875, ""2026-01-22"": 8055.169921875, ""2026-01-23"": 7957.93017578125, ""2026-01-26"": 7927.0400390625, ""2026-01-27"": 8117.18017578125, ""2026-01-28"": 8306.740234375, ""2026-01-29"": 8320.3896484375, ""2026-01-30"": 7998.47021484375, ""2026-02-02"": 8134.48828125}","{""metric"": ""Market_ADR"", ""2025-12-18"": 61.7, ""2025-12-19"": 131.39, ""2025-12-22"": 97.41, ""2025-12-23"": 32.29, ""2025-12-24"": 60.54, ""2025-12-26"": 37.91, ""2025-12-29"": 88.09, ""2025-12-30"": 74.29, ""2026-01-02"": 71.11, ""2026-01-05"": 89.71, ""2026-01-06"": 63.36, ""2026-01-07"": 33.14, ""2026-01-08"": 30.17, ""2026-01-09"": 121.26, ""2026-01-12"": 131.65, ""2026-01-13"": 81.94, ""2026-01-14"": 138.21, ""2026-01-15"": 106.74, ""2026-01-16"": 60.28, ""2026-01-19"": 82.11, ""2026-01-20"": 282.72, ""2026-01-21"": 54.03, ""2026-01-22"": 136.53, ""2026-01-23"": 212.46, ""2026-01-26"": 107.47, ""2026-01-27"": 93.31, ""2026-01-28"": 71.24, ""2026-01-29"": 193.49, ""2026-01-30"": 52.94, ""2026-02-02"": 19.67}",2026-02-02 23:54
326230,RISE 내수주플러스,11645,-3.4,1.04,-17.78,126.9,A4,추세 전환 시도 중,"{""Ticker"": ""^SOX"", ""2025-12-18"": 6863.6298828125, ""2025-12-19"": 7067.8701171875, ""2025-12-22"": 7145.56982421875, ""2025-12-23"": 7184.5400390625, ""2025-12-24"": 7204.3701171875, ""2025-12-26"": 7207.64013671875, ""2025-12-29"": 7178.27001953125, ""2025-12-30"": 7169.10009765625, ""2025-12-31"": 7083.1298828125, ""2026-01-02"": 7367.47021484375, ""2026-01-05"": 7446.4501953125, ""2026-01-06"": 7650.93017578125, ""2026-01-07"": 7574.8701171875, ""2026-01-08"": 7436.10009765625, ""2026-01-09"": 7638.77978515625, ""2026-01-12"": 7674.83984375, ""2026-01-13"": 7747.990234375, ""2026-01-14"": 7701.47021484375, ""2026-01-15"": 7837.2998046875, ""2026-01-16"": 7927.41015625, ""2026-01-19"": NaN, ""2026-01-20"": 7794.18994140625, ""2026-01-21"": 8042.06982421875, ""2026-01-22"": 8055.169921875, ""2026-01-23"": 7957.93017578125, ""2026-01-26"": 7927.0400390625, ""2026-01-27"": 8117.18017578125, ""2026-01-28"": 8306.740234375, ""2026-01-29"": 8320.3896484375, ""2026-01-30"": 7998.47021484375, ""2026-02-02"": 8134.48828125}","{""metric"": ""Market_ADR"", ""2025-12-18"": 61.7, ""2025-12-19"": 131.39, ""2025-12-22"": 97.41, ""2025-12-23"": 32.29, ""2025-12-24"": 60.54, ""2025-12-26"": 37.91, ""2025-12-29"": 88.09, ""2025-12-30"": 74.29, ""2026-01-02"": 71.11, ""2026-01-05"": 89.71, ""2026-01-06"": 63.36, ""2026-01-07"": 33.14, ""2026-01-08"": 30.17, ""2026-01-09"": 121.26, ""2026-01-12"": 131.65, ""2026-01-13"": 81.94, ""2026-01-14"": 138.21, ""2026-01-15"": 106.74, ""2026-01-16"": 60.28, ""2026-01-19"": 82.11, ""2026-01-20"": 282.72, ""2026-01-21"": 54.03, ""2026-01-22"": 136.53, ""2026-01-23"": 212.46, ""2026-01-26"": 107.47, ""2026-01-27"": 93.31, ""2026-01-28"": 71.24, ""2026-01-29"": 193.49, ""2026-01-30"": 52.94, ""2026-02-02"": 19.67}",2026-02-02 23:54
0089D0,KODEX 금융고배당TOP10,11540,-1.95,1.58,-17.79,124.3,A3,추세 전환 시도 중,"{""Ticker"": ""^SOX"", ""2025-12-18"": 6863.6298828125, ""2025-12-19"": 7067.8701171875, ""2025-12-22"": 7145.56982421875, ""2025-12-23"": 7184.5400390625, ""2025-12-24"": 7204.3701171875, ""2025-12-26"": 7207.64013671875, ""2025-12-29"": 7178.27001953125, ""2025-12-30"": 7169.10009765625, ""2025-12-31"": 7083.1298828125, ""2026-01-02"": 7367.47021484375, ""2026-01-05"": 7446.4501953125, ""2026-01-06"": 7650.93017578125, ""2026-01-07"": 7574.8701171875, ""2026-01-08"": 7436.10009765625, ""2026-01-09"": 7638.77978515625, ""2026-01-12"": 7674.83984375, ""2026-01-13"": 7747.990234375, ""2026-01-14"": 7701.47021484375, ""2026-01-15"": 7837.2998046875, ""2026-01-16"": 7927.41015625, ""2026-01-19"": NaN, ""2026-01-20"": 7794.18994140625, ""2026-01-21"": 8042.06982421875, ""2026-01-22"": 8055.169921875, ""2026-01-23"": 7957.93017578125, ""2026-01-26"": 7927.0400390625, ""2026-01-27"": 8117.18017578125, ""2026-01-28"": 8306.740234375, ""2026-01-29"": 8320.3896484375, ""2026-01-30"": 7998.47021484375, ""2026-02-02"": 8134.48828125}","{""metric"": ""Market_ADR"", ""2025-12-18"": 61.7, ""2025-12-19"": 131.39, ""2025-12-22"": 97.41, ""2025-12-23"": 32.29, ""2025-12-24"": 60.54, ""2025-12-26"": 37.91, ""2025-12-29"": 88.09, ""2025-12-30"": 74.29, ""2026-01-02"": 71.11, ""2026-01-05"": 89.71, ""2026-01-06"": 63.36, ""2026-01-07"": 33.14, ""2026-01-08"": 30.17, ""2026-01-09"": 121.26, ""2026-01-12"": 131.65, ""2026-01-13"": 81.94, ""2026-01-14"": 138.21, ""2026-01-15"": 106.74, ""2026-01-16"": 60.28, ""2026-01-19"": 82.11, ""2026-01-20"": 282.72, ""2026-01-21"": 54.03, ""2026-01-22"": 136.53, ""2026-01-23"": 212.46, ""2026-01-26"": 107.47, ""2026-01-27"": 93.31, ""2026-01-28"": 71.24, ""2026-01-29"": 193.49, ""2026-01-30"": 52.94, ""2026-02-02"": 19.67}",2026-02-02 23:54
284430,KODEX 200미국채혼합,18380,-1.18,1.13,-17.92,142.5,A3,추세 전환 시도 중,"{""Ticker"": ""^SOX"", ""2025-12-18"": 6863.6298828125, ""2025-12-19"": 7067.8701171875, ""2025-12-22"": 7145.56982421875, ""2025-12-23"": 7184.5400390625, ""2025-12-24"": 7204.3701171875, ""2025-12-26"": 7207.64013671875, ""2025-12-29"": 7178.27001953125, ""2025-12-30"": 7169.10009765625, ""2025-12-31"": 7083.1298828125, ""2026-01-02"": 7367.47021484375, ""2026-01-05"": 7446.4501953125, ""2026-01-06"": 7650.93017578125, ""2026-01-07"": 7574.8701171875, ""2026-01-08"": 7436.10009765625, ""2026-01-09"": 7638.77978515625, ""2026-01-12"": 7674.83984375, ""2026-01-13"": 7747.990234375, ""2026-01-14"": 7701.47021484375, ""2026-01-15"": 7837.2998046875, ""2026-01-16"": 7927.41015625, ""2026-01-19"": NaN, ""2026-01-20"": 7794.18994140625, ""2026-01-21"": 8042.06982421875, ""2026-01-22"": 8055.169921875, ""2026-01-23"": 7957.93017578125, ""2026-01-26"": 7927.0400390625, ""2026-01-27"": 8117.18017578125, ""2026-01-28"": 8306.740234375, ""2026-01-29"": 8320.3896484375, ""2026-01-30"": 7998.47021484375, ""2026-02-02"": 8134.48828125}","{""metric"": ""Market_ADR"", ""2025-12-18"": 61.7, ""2025-12-19"": 131.39, ""2025-12-22"": 97.41, ""2025-12-23"": 32.29, ""2025-12-24"": 60.54, ""2025-12-26"": 37.91, ""2025-12-29"": 88.09, ""2025-12-30"": 74.29, ""2026-01-02"": 71.11, ""2026-01-05"": 89.71, ""2026-01-06"": 63.36, ""2026-01-07"": 33.14, ""2026-01-08"": 30.17, ""2026-01-09"": 121.26, ""2026-01-12"": 131.65, ""2026-01-13"": 81.94, ""2026-01-14"": 138.21, ""2026-01-15"": 106.74, ""2026-01-16"": 60.28, ""2026-01-19"": 82.11, ""2026-01-20"": 282.72, ""2026-01-21"": 54.03, ""2026-01-22"": 136.53, ""2026-01-23"": 212.46, ""2026-01-26"": 107.47, ""2026-01-27"": 93.31, ""2026-01-28"": 71.24, ""2026-01-29"": 193.49, ""2026-01-30"": 52.94, ""2026-02-02"": 19.67}",2026-02-02 23:54
474800,KIWOOM 미국원유에너지기업,13310,-0.63,1.64,-18.23,199.1,A3,추세 전환 시도 중,"{""Ticker"": ""^SOX"", ""2025-12-18"": 6863.6298828125, ""2025-12-19"": 7067.8701171875, ""2025-12-22"": 7145.56982421875, ""2025-12-23"": 7184.5400390625, ""2025-12-24"": 7204.3701171875, ""2025-12-26"": 7207.64013671875, ""2025-12-29"": 7178.27001953125, ""2025-12-30"": 7169.10009765625, ""2025-12-31"": 7083.1298828125, ""2026-01-02"": 7367.47021484375, ""2026-01-05"": 7446.4501953125, ""2026-01-06"": 7650.93017578125, ""2026-01-07"": 7574.8701171875, ""2026-01-08"": 7436.10009765625, ""2026-01-09"": 7638.77978515625, ""2026-01-12"": 7674.83984375, ""2026-01-13"": 7747.990234375, ""2026-01-14"": 7701.47021484375, ""2026-01-15"": 7837.2998046875, ""2026-01-16"": 7927.41015625, ""2026-01-19"": NaN, ""2026-01-20"": 7794.18994140625, ""2026-01-21"": 8042.06982421875, ""2026-01-22"": 8055.169921875, ""2026-01-23"": 7957.93017578125, ""2026-01-26"": 7927.0400390625, ""2026-01-27"": 8117.18017578125, ""2026-01-28"": 8306.740234375, ""2026-01-29"": 8320.3896484375, ""2026-01-30"": 7998.47021484375, ""2026-02-02"": 8134.48828125}","{""metric"": ""Market_ADR"", ""2025-12-18"": 61.7, ""2025-12-19"": 131.39, ""2025-12-22"": 97.41, ""2025-12-23"": 32.29, ""2025-12-24"": 60.54, ""2025-12-26"": 37.91, ""2025-12-29"": 88.09, ""2025-12-30"": 74.29, ""2026-01-02"": 71.11, ""2026-01-05"": 89.71, ""2026-01-06"": 63.36, ""2026-01-07"": 33.14, ""2026-01-08"": 30.17, ""2026-01-09"": 121.26, ""2026-01-12"": 131.65, ""2026-01-13"": 81.94, ""2026-01-14"": 138.21, ""2026-01-15"": 106.74, ""2026-01-16"": 60.28, ""2026-01-19"": 82.11, ""2026-01-20"": 282.72, ""2026-01-21"": 54.03, ""2026-01-22"": 136.53, ""2026-01-23"": 212.46, ""2026-01-26"": 107.47, ""2026-01-27"": 93.31, ""2026-01-28"": 71.24, ""2026-01-29"": 193.49, ""2026-01-30"": 52.94, ""2026-02-02"": 19.67}",2026-02-02 23:54
488290,마이다스 일본테크액티브,33290,-0.86,1.03,-18.25,64.8,A1,단기 반짝 가능성 체크,"{""Ticker"": ""^SOX"", ""2025-12-18"": 6863.6298828125, ""2025-12-19"": 7067.8701171875, ""2025-12-22"": 7145.56982421875, ""2025-12-23"": 7184.5400390625, ""2025-12-24"": 7204.3701171875, ""2025-12-26"": 7207.64013671875, ""2025-12-29"": 7178.27001953125, ""2025-12-30"": 7169.10009765625, ""2025-12-31"": 7083.1298828125, ""2026-01-02"": 7367.47021484375, ""2026-01-05"": 7446.4501953125, ""2026-01-06"": 7650.93017578125, ""2026-01-07"": 7574.8701171875, ""2026-01-08"": 7436.10009765625, ""2026-01-09"": 7638.77978515625, ""2026-01-12"": 7674.83984375, ""2026-01-13"": 7747.990234375, ""2026-01-14"": 7701.47021484375, ""2026-01-15"": 7837.2998046875, ""2026-01-16"": 7927.41015625, ""2026-01-19"": NaN, ""2026-01-20"": 7794.18994140625, ""2026-01-21"": 8042.06982421875, ""2026-01-22"": 8055.169921875, ""2026-01-23"": 7957.93017578125, ""2026-01-26"": 7927.0400390625, ""2026-01-27"": 8117.18017578125, ""2026-01-28"": 8306.740234375, ""2026-01-29"": 8320.3896484375, ""2026-01-30"": 7998.47021484375, ""2026-02-02"": 8134.48828125}","{""metric"": ""Market_ADR"", ""2025-12-18"": 61.7, ""2025-12-19"": 131.39, ""2025-12-22"": 97.41, ""2025-12-23"": 32.29, ""2025-12-24"": 60.54, ""2025-12-26"": 37.91, ""2025-12-29"": 88.09, ""2025-12-30"": 74.29, ""2026-01-02"": 71.11, ""2026-01-05"": 89.71, ""2026-01-06"": 63.36, ""2026-01-07"": 33.14, ""2026-01-08"": 30.17, ""2026-01-09"": 121.26, ""2026-01-12"": 131.65, ""2026-01-13"": 81.94, ""2026-01-14"": 138.21, ""2026-01-15"": 106.74, ""2026-01-16"": 60.28, ""2026-01-19"": 82.11, ""2026-01-20"": 282.72, ""2026-01-21"": 54.03, ""2026-01-22"": 136.53, ""2026-01-23"": 212.46, ""2026-01-26"": 107.47, ""2026-01-27"": 93.31, ""2026-01-28"": 71.24, ""2026-01-29"": 193.49, ""2026-01-30"": 52.94, ""2026-02-02"": 19.67}",2026-02-02 23:54
491510,파워 K-주주가치액티브,15850,-2.97,1.44,-18.28,37.8,A1,단기 반짝 가능성 체크,"{""Ticker"": ""^SOX"", ""2025-12-18"": 6863.6298828125, ""2025-12-19"": 7067.8701171875, ""2025-12-22"": 7145.56982421875, ""2025-12-23"": 7184.5400390625, ""2025-12-24"": 7204.3701171875, ""2025-12-26"": 7207.64013671875, ""2025-12-29"": 7178.27001953125, ""2025-12-30"": 7169.10009765625, ""2025-12-31"": 7083.1298828125, ""2026-01-02"": 7367.47021484375, ""2026-01-05"": 7446.4501953125, ""2026-01-06"": 7650.93017578125, ""2026-01-07"": 7574.8701171875, ""2026-01-08"": 7436.10009765625, ""2026-01-09"": 7638.77978515625, ""2026-01-12"": 7674.83984375, ""2026-01-13"": 7747.990234375, ""2026-01-14"": 7701.47021484375, ""2026-01-15"": 7837.2998046875, ""2026-01-16"": 7927.41015625, ""2026-01-19"": NaN, ""2026-01-20"": 7794.18994140625, ""2026-01-21"": 8042.06982421875, ""2026-01-22"": 8055.169921875, ""2026-01-23"": 7957.93017578125, ""2026-01-26"": 7927.0400390625, ""2026-01-27"": 8117.18017578125, ""2026-01-28"": 8306.740234375, ""2026-01-29"": 8320.3896484375, ""2026-01-30"": 7998.47021484375, ""2026-02-02"": 8134.48828125}","{""metric"": ""Market_ADR"", ""2025-12-18"": 61.7, ""2025-12-19"": 131.39, ""2025-12-22"": 97.41, ""2025-12-23"": 32.29, ""2025-12-24"": 60.54, ""2025-12-26"": 37.91, ""2025-12-29"": 88.09, ""2025-12-30"": 74.29, ""2026-01-02"": 71.11, ""2026-01-05"": 89.71, ""2026-01-06"": 63.36, ""2026-01-07"": 33.14, ""2026-01-08"": 30.17, ""2026-01-09"": 121.26, ""2026-01-12"": 131.65, ""2026-01-13"": 81.94, ""2026-01-14"": 138.21, ""2026-01-15"": 106.74, ""2026-01-16"": 60.28, ""2026-01-19"": 82.11, ""2026-01-20"": 282.72, ""2026-01-21"": 54.03, ""2026-01-22"": 136.53, ""2026-01-23"": 212.46, ""2026-01-26"": 107.47, ""2026-01-27"": 93.31, ""2026-01-28"": 71.24, ""2026-01-29"": 193.49, ""2026-01-30"": 52.94, ""2026-02-02"": 19.67}",2026-02-02 23:54
0052D0,TIGER 코리아배당다우존스,14485,-2.33,0.98,-18.54,167.3,A3,추세 전환 시도 중,"{""Ticker"": ""^SOX"", ""2025-12-18"": 6863.6298828125, ""2025-12-19"": 7067.8701171875, ""2025-12-22"": 7145.56982421875, ""2025-12-23"": 7184.5400390625, ""2025-12-24"": 7204.3701171875, ""2025-12-26"": 7207.64013671875, ""2025-12-29"": 7178.27001953125, ""2025-12-30"": 7169.10009765625, ""2025-12-31"": 7083.1298828125, ""2026-01-02"": 7367.47021484375, ""2026-01-05"": 7446.4501953125, ""2026-01-06"": 7650.93017578125, ""2026-01-07"": 7574.8701171875, ""2026-01-08"": 7436.10009765625, ""2026-01-09"": 7638.77978515625, ""2026-01-12"": 7674.83984375, ""2026-01-13"": 7747.990234375, ""2026-01-14"": 7701.47021484375, ""2026-01-15"": 7837.2998046875, ""2026-01-16"": 7927.41015625, ""2026-01-19"": NaN, ""2026-01-20"": 7794.18994140625, ""2026-01-21"": 8042.06982421875, ""2026-01-22"": 8055.169921875, ""2026-01-23"": 7957.93017578125, ""2026-01-26"": 7927.0400390625, ""2026-01-27"": 8117.18017578125, ""2026-01-28"": 8306.740234375, ""2026-01-29"": 8320.3896484375, ""2026-01-30"": 7998.47021484375, ""2026-02-02"": 8134.48828125}","{""metric"": ""Market_ADR"", ""2025-12-18"": 61.7, ""2025-12-19"": 131.39, ""2025-12-22"": 97.41, ""2025-12-23"": 32.29, ""2025-12-24"": 60.54, ""2025-12-26"": 37.91, ""2025-12-29"": 88.09, ""2025-12-30"": 74.29, ""2026-01-02"": 71.11, ""2026-01-05"": 89.71, ""2026-01-06"": 63.36, ""2026-01-07"": 33.14, ""2026-01-08"": 30.17, ""2026-01-09"": 121.26, ""2026-01-12"": 131.65, ""2026-01-13"": 81.94, ""2026-01-14"": 138.21, ""2026-01-15"": 106.74, ""2026-01-16"": 60.28, ""2026-01-19"": 82.11, ""2026-01-20"": 282.72, ""2026-01-21"": 54.03, ""2026-01-22"": 136.53, ""2026-01-23"": 212.46, ""2026-01-26"": 107.47, ""2026-01-27"": 93.31, ""2026-01-28"": 71.24, ""2026-01-29"": 193.49, ""2026-01-30"": 52.94, ""2026-02-02"": 19.67}",2026-02-02 23:54
0098N0,PLUS 자사주매입고배당주,11720,-2.5,1.3,-18.81,145.6,A3,추세 전환 시도 중,"{""Ticker"": ""^SOX"", ""2025-12-18"": 6863.6298828125, ""2025-12-19"": 7067.8701171875, ""2025-12-22"": 7145.56982421875, ""2025-12-23"": 7184.5400390625, ""2025-12-24"": 7204.3701171875, ""2025-12-26"": 7207.64013671875, ""2025-12-29"": 7178.27001953125, ""2025-12-30"": 7169.10009765625, ""2025-12-31"": 7083.1298828125, ""2026-01-02"": 7367.47021484375, ""2026-01-05"": 7446.4501953125, ""2026-01-06"": 7650.93017578125, ""2026-01-07"": 7574.8701171875, ""2026-01-08"": 7436.10009765625, ""2026-01-09"": 7638.77978515625, ""2026-01-12"": 7674.83984375, ""2026-01-13"": 7747.990234375, ""2026-01-14"": 7701.47021484375, ""2026-01-15"": 7837.2998046875, ""2026-01-16"": 7927.41015625, ""2026-01-19"": NaN, ""2026-01-20"": 7794.18994140625, ""2026-01-21"": 8042.06982421875, ""2026-01-22"": 8055.169921875, ""2026-01-23"": 7957.93017578125, ""2026-01-26"": 7927.0400390625, ""2026-01-27"": 8117.18017578125, ""2026-01-28"": 8306.740234375, ""2026-01-29"": 8320.3896484375, ""2026-01-30"": 7998.47021484375, ""2026-02-02"": 8134.48828125}","{""metric"": ""Market_ADR"", ""2025-12-18"": 61.7, ""2025-12-19"": 131.39, ""2025-12-22"": 97.41, ""2025-12-23"": 32.29, ""2025-12-24"": 60.54, ""2025-12-26"": 37.91, ""2025-12-29"": 88.09, ""2025-12-30"": 74.29, ""2026-01-02"": 71.11, ""2026-01-05"": 89.71, ""2026-01-06"": 63.36, ""2026-01-07"": 33.14, ""2026-01-08"": 30.17, ""2026-01-09"": 121.26, ""2026-01-12"": 131.65, ""2026-01-13"": 81.94, ""2026-01-14"": 138.21, ""2026-01-15"": 106.74, ""2026-01-16"": 60.28, ""2026-01-19"": 82.11, ""2026-01-20"": 282.72, ""2026-01-21"": 54.03, ""2026-01-22"": 136.53, ""2026-01-23"": 212.46, ""2026-01-26"": 107.47, ""2026-01-27"": 93.31, ""2026-01-28"": 71.24, ""2026-01-29"": 193.49, ""2026-01-30"": 52.94, ""2026-02-02"": 19.67}",2026-02-02 23:54
0097L0,KIWOOM 한국고배당&미국AI테크,11770,-3.52,0.86,-19.15,102.4,A2,추세 전환 시도 중,"{""Ticker"": ""^SOX"", ""2025-12-18"": 6863.6298828125, ""2025-12-19"": 7067.8701171875, ""2025-12-22"": 7145.56982421875, ""2025-12-23"": 7184.5400390625, ""2025-12-24"": 7204.3701171875, ""2025-12-26"": 7207.64013671875, ""2025-12-29"": 7178.27001953125, ""2025-12-30"": 7169.10009765625, ""2025-12-31"": 7083.1298828125, ""2026-01-02"": 7367.47021484375, ""2026-01-05"": 7446.4501953125, ""2026-01-06"": 7650.93017578125, ""2026-01-07"": 7574.8701171875, ""2026-01-08"": 7436.10009765625, ""2026-01-09"": 7638.77978515625, ""2026-01-12"": 7674.83984375, ""2026-01-13"": 7747.990234375, ""2026-01-14"": 7701.47021484375, ""2026-01-15"": 7837.2998046875, ""2026-01-16"": 7927.41015625, ""2026-01-19"": NaN, ""2026-01-20"": 7794.18994140625, ""2026-01-21"": 8042.06982421875, ""2026-01-22"": 8055.169921875, ""2026-01-23"": 7957.93017578125, ""2026-01-26"": 7927.0400390625, ""2026-01-27"": 8117.18017578125, ""2026-01-28"": 8306.740234375, ""2026-01-29"": 8320.3896484375, ""2026-01-30"": 7998.47021484375, ""2026-02-02"": 8134.48828125}","{""metric"": ""Market_ADR"", ""2025-12-18"": 61.7, ""2025-12-19"": 131.39, ""2025-12-22"": 97.41, ""2025-12-23"": 32.29, ""2025-12-24"": 60.54, ""2025-12-26"": 37.91, ""2025-12-29"": 88.09, ""2025-12-30"": 74.29, ""2026-01-02"": 71.11, ""2026-01-05"": 89.71, ""2026-01-06"": 63.36, ""2026-01-07"": 33.14, ""2026-01-08"": 30.17, ""2026-01-09"": 121.26, ""2026-01-12"": 131.65, ""2026-01-13"": 81.94, ""2026-01-14"": 138.21, ""2026-01-15"": 106.74, ""2026-01-16"": 60.28, ""2026-01-19"": 82.11, ""2026-01-20"": 282.72, ""2026-01-21"": 54.03, ""2026-01-22"": 136.53, ""2026-01-23"": 212.46, ""2026-01-26"": 107.47, ""2026-01-27"": 93.31, ""2026-01-28"": 71.24, ""2026-01-29"": 193.49, ""2026-01-30"": 52.94, ""2026-02-02"": 19.67}",2026-02-02 23:54
0036Z0,RISE 미국천연가스밸류체인,11690,1.78,4.7,-19.19,358.6,A5,추세 전환 시도 중,"{""Ticker"": ""^SOX"", ""2025-12-18"": 6863.6298828125, ""2025-12-19"": 7067.8701171875, ""2025-12-22"": 7145.56982421875, ""2025-12-23"": 7184.5400390625, ""2025-12-24"": 7204.3701171875, ""2025-12-26"": 7207.64013671875, ""2025-12-29"": 7178.27001953125, ""2025-12-30"": 7169.10009765625, ""2025-12-31"": 7083.1298828125, ""2026-01-02"": 7367.47021484375, ""2026-01-05"": 7446.4501953125, ""2026-01-06"": 7650.93017578125, ""2026-01-07"": 7574.8701171875, ""2026-01-08"": 7436.10009765625, ""2026-01-09"": 7638.77978515625, ""2026-01-12"": 7674.83984375, ""2026-01-13"": 7747.990234375, ""2026-01-14"": 7701.47021484375, ""2026-01-15"": 7837.2998046875, ""2026-01-16"": 7927.41015625, ""2026-01-19"": NaN, ""2026-01-20"": 7794.18994140625, ""2026-01-21"": 8042.06982421875, ""2026-01-22"": 8055.169921875, ""2026-01-23"": 7957.93017578125, ""2026-01-26"": 7927.0400390625, ""2026-01-27"": 8117.18017578125, ""2026-01-28"": 8306.740234375, ""2026-01-29"": 8320.3896484375, ""2026-01-30"": 7998.47021484375, ""2026-02-02"": 8134.48828125}","{""metric"": ""Market_ADR"", ""2025-12-18"": 61.7, ""2025-12-19"": 131.39, ""2025-12-22"": 97.41, ""2025-12-23"": 32.29, ""2025-12-24"": 60.54, ""2025-12-26"": 37.91, ""2025-12-29"": 88.09, ""2025-12-30"": 74.29, ""2026-01-02"": 71.11, ""2026-01-05"": 89.71, ""2026-01-06"": 63.36, ""2026-01-07"": 33.14, ""2026-01-08"": 30.17, ""2026-01-09"": 121.26, ""2026-01-12"": 131.65, ""2026-01-13"": 81.94, ""2026-01-14"": 138.21, ""2026-01-15"": 106.74, ""2026-01-16"": 60.28, ""2026-01-19"": 82.11, ""2026-01-20"": 282.72, ""2026-01-21"": 54.03, ""2026-01-22"": 136.53, ""2026-01-23"": 212.46, ""2026-01-26"": 107.47, ""2026-01-27"": 93.31, ""2026-01-28"": 71.24, ""2026-01-29"": 193.49, ""2026-01-30"": 52.94, ""2026-02-02"": 19.67}",2026-02-02 23:54
241390,RISE V&S셀렉트밸류채권혼합,14665,-3.2,-1.41,-19.66,285.7,F5,시장 소외주: 관망 권고,"{""Ticker"": ""^SOX"", ""2025-12-18"": 6863.6298828125, ""2025-12-19"": 7067.8701171875, ""2025-12-22"": 7145.56982421875, ""2025-12-23"": 7184.5400390625, ""2025-12-24"": 7204.3701171875, ""2025-12-26"": 7207.64013671875, ""2025-12-29"": 7178.27001953125, ""2025-12-30"": 7169.10009765625, ""2025-12-31"": 7083.1298828125, ""2026-01-02"": 7367.47021484375, ""2026-01-05"": 7446.4501953125, ""2026-01-06"": 7650.93017578125, ""2026-01-07"": 7574.8701171875, ""2026-01-08"": 7436.10009765625, ""2026-01-09"": 7638.77978515625, ""2026-01-12"": 7674.83984375, ""2026-01-13"": 7747.990234375, ""2026-01-14"": 7701.47021484375, ""2026-01-15"": 7837.2998046875, ""2026-01-16"": 7927.41015625, ""2026-01-19"": NaN, ""2026-01-20"": 7794.18994140625, ""2026-01-21"": 8042.06982421875, ""2026-01-22"": 8055.169921875, ""2026-01-23"": 7957.93017578125, ""2026-01-26"": 7927.0400390625, ""2026-01-27"": 8117.18017578125, ""2026-01-28"": 8306.740234375, ""2026-01-29"": 8320.3896484375, ""2026-01-30"": 7998.47021484375, ""2026-02-02"": 8134.48828125}","{""metric"": ""Market_ADR"", ""2025-12-18"": 61.7, ""2025-12-19"": 131.39, ""2025-12-22"": 97.41, ""2025-12-23"": 32.29, ""2025-12-24"": 60.54, ""2025-12-26"": 37.91, ""2025-12-29"": 88.09, ""2025-12-30"": 74.29, ""2026-01-02"": 71.11, ""2026-01-05"": 89.71, ""2026-01-06"": 63.36, ""2026-01-07"": 33.14, ""2026-01-08"": 30.17, ""2026-01-09"": 121.26, ""2026-01-12"": 131.65, ""2026-01-13"": 81.94, ""2026-01-14"": 138.21, ""2026-01-15"": 106.74, ""2026-01-16"": 60.28, ""2026-01-19"": 82.11, ""2026-01-20"": 282.72, ""2026-01-21"": 54.03, ""2026-01-22"": 136.53, ""2026-01-23"": 212.46, ""2026-01-26"": 107.47, ""2026-01-27"": 93.31, ""2026-01-28"": 71.24, ""2026-01-29"": 193.49, ""2026-01-30"": 52.94, ""2026-02-02"": 19.67}",2026-02-02 23:54
497780,KoAct 미국천연가스인프라액티브,10255,0.64,2.81,-19.72,299.2,A5,추세 전환 시도 중,"{""Ticker"": ""^SOX"", ""2025-12-18"": 6863.6298828125, ""2025-12-19"": 7067.8701171875, ""2025-12-22"": 7145.56982421875, ""2025-12-23"": 7184.5400390625, ""2025-12-24"": 7204.3701171875, ""2025-12-26"": 7207.64013671875, ""2025-12-29"": 7178.27001953125, ""2025-12-30"": 7169.10009765625, ""2025-12-31"": 7083.1298828125, ""2026-01-02"": 7367.47021484375, ""2026-01-05"": 7446.4501953125, ""2026-01-06"": 7650.93017578125, ""2026-01-07"": 7574.8701171875, ""2026-01-08"": 7436.10009765625, ""2026-01-09"": 7638.77978515625, ""2026-01-12"": 7674.83984375, ""2026-01-13"": 7747.990234375, ""2026-01-14"": 7701.47021484375, ""2026-01-15"": 7837.2998046875, ""2026-01-16"": 7927.41015625, ""2026-01-19"": NaN, ""2026-01-20"": 7794.18994140625, ""2026-01-21"": 8042.06982421875, ""2026-01-22"": 8055.169921875, ""2026-01-23"": 7957.93017578125, ""2026-01-26"": 7927.0400390625, ""2026-01-27"": 8117.18017578125, ""2026-01-28"": 8306.740234375, ""2026-01-29"": 8320.3896484375, ""2026-01-30"": 7998.47021484375, ""2026-02-02"": 8134.48828125}","{""metric"": ""Market_ADR"", ""2025-12-18"": 61.7, ""2025-12-19"": 131.39, ""2025-12-22"": 97.41, ""2025-12-23"": 32.29, ""2025-12-24"": 60.54, ""2025-12-26"": 37.91, ""2025-12-29"": 88.09, ""2025-12-30"": 74.29, ""2026-01-02"": 71.11, ""2026-01-05"": 89.71, ""2026-01-06"": 63.36, ""2026-01-07"": 33.14, ""2026-01-08"": 30.17, ""2026-01-09"": 121.26, ""2026-01-12"": 131.65, ""2026-01-13"": 81.94, ""2026-01-14"": 138.21, ""2026-01-15"": 106.74, ""2026-01-16"": 60.28, ""2026-01-19"": 82.11, ""2026-01-20"": 282.72, ""2026-01-21"": 54.03, ""2026-01-22"": 136.53, ""2026-01-23"": 212.46, ""2026-01-26"": 107.47, ""2026-01-27"": 93.31, ""2026-01-28"": 71.24, ""2026-01-29"": 193.49, ""2026-01-30"": 52.94, ""2026-02-02"": 19.67}",2026-02-02 23:54
466940,TIGER 은행고배당플러스TOP10,22555,-1.7,0.96,-20.1,168.6,A3,추세 전환 시도 중,"{""Ticker"": ""^SOX"", ""2025-12-18"": 6863.6298828125, ""2025-12-19"": 7067.8701171875, ""2025-12-22"": 7145.56982421875, ""2025-12-23"": 7184.5400390625, ""2025-12-24"": 7204.3701171875, ""2025-12-26"": 7207.64013671875, ""2025-12-29"": 7178.27001953125, ""2025-12-30"": 7169.10009765625, ""2025-12-31"": 7083.1298828125, ""2026-01-02"": 7367.47021484375, ""2026-01-05"": 7446.4501953125, ""2026-01-06"": 7650.93017578125, ""2026-01-07"": 7574.8701171875, ""2026-01-08"": 7436.10009765625, ""2026-01-09"": 7638.77978515625, ""2026-01-12"": 7674.83984375, ""2026-01-13"": 7747.990234375, ""2026-01-14"": 7701.47021484375, ""2026-01-15"": 7837.2998046875, ""2026-01-16"": 7927.41015625, ""2026-01-19"": NaN, ""2026-01-20"": 7794.18994140625, ""2026-01-21"": 8042.06982421875, ""2026-01-22"": 8055.169921875, ""2026-01-23"": 7957.93017578125, ""2026-01-26"": 7927.0400390625, ""2026-01-27"": 8117.18017578125, ""2026-01-28"": 8306.740234375, ""2026-01-29"": 8320.3896484375, ""2026-01-30"": 7998.47021484375, ""2026-02-02"": 8134.48828125}","{""metric"": ""Market_ADR"", ""2025-12-18"": 61.7, ""2025-12-19"": 131.39, ""2025-12-22"": 97.41, ""2025-12-23"": 32.29, ""2025-12-24"": 60.54, ""2025-12-26"": 37.91, ""2025-12-29"": 88.09, ""2025-12-30"": 74.29, ""2026-01-02"": 71.11, ""2026-01-05"": 89.71, ""2026-01-06"": 63.36, ""2026-01-07"": 33.14, ""2026-01-08"": 30.17, ""2026-01-09"": 121.26, ""2026-01-12"": 131.65, ""2026-01-13"": 81.94, ""2026-01-14"": 138.21, ""2026-01-15"": 106.74, ""2026-01-16"": 60.28, ""2026-01-19"": 82.11, ""2026-01-20"": 282.72, ""2026-01-21"": 54.03, ""2026-01-22"": 136.53, ""2026-01-23"": 212.46, ""2026-01-26"": 107.47, ""2026-01-27"": 93.31, ""2026-01-28"": 71.24, ""2026-01-29"": 193.49, ""2026-01-30"": 52.94, ""2026-02-02"": 19.67}",2026-02-02 23:54
437370,RISE 글로벌농업경제,10750,1.9,2.53,-20.36,375.3,A4,추세 전환 시도 중,"{""Ticker"": ""^SOX"", ""2025-12-18"": 6863.6298828125, ""2025-12-19"": 7067.8701171875, ""2025-12-22"": 7145.56982421875, ""2025-12-23"": 7184.5400390625, ""2025-12-24"": 7204.3701171875, ""2025-12-26"": 7207.64013671875, ""2025-12-29"": 7178.27001953125, ""2025-12-30"": 7169.10009765625, ""2025-12-31"": 7083.1298828125, ""2026-01-02"": 7367.47021484375, ""2026-01-05"": 7446.4501953125, ""2026-01-06"": 7650.93017578125, ""2026-01-07"": 7574.8701171875, ""2026-01-08"": 7436.10009765625, ""2026-01-09"": 7638.77978515625, ""2026-01-12"": 7674.83984375, ""2026-01-13"": 7747.990234375, ""2026-01-14"": 7701.47021484375, ""2026-01-15"": 7837.2998046875, ""2026-01-16"": 7927.41015625, ""2026-01-19"": NaN, ""2026-01-20"": 7794.18994140625, ""2026-01-21"": 8042.06982421875, ""2026-01-22"": 8055.169921875, ""2026-01-23"": 7957.93017578125, ""2026-01-26"": 7927.0400390625, ""2026-01-27"": 8117.18017578125, ""2026-01-28"": 8306.740234375, ""2026-01-29"": 8320.3896484375, ""2026-01-30"": 7998.47021484375, ""2026-02-02"": 8134.48828125}","{""metric"": ""Market_ADR"", ""2025-12-18"": 61.7, ""2025-12-19"": 131.39, ""2025-12-22"": 97.41, ""2025-12-23"": 32.29, ""2025-12-24"": 60.54, ""2025-12-26"": 37.91, ""2025-12-29"": 88.09, ""2025-12-30"": 74.29, ""2026-01-02"": 71.11, ""2026-01-05"": 89.71, ""2026-01-06"": 63.36, ""2026-01-07"": 33.14, ""2026-01-08"": 30.17, ""2026-01-09"": 121.26, ""2026-01-12"": 131.65, ""2026-01-13"": 81.94, ""2026-01-14"": 138.21, ""2026-01-15"": 106.74, ""2026-01-16"": 60.28, ""2026-01-19"": 82.11, ""2026-01-20"": 282.72, ""2026-01-21"": 54.03, ""2026-01-22"": 136.53, ""2026-01-23"": 212.46, ""2026-01-26"": 107.47, ""2026-01-27"": 93.31, ""2026-01-28"": 71.24, ""2026-01-29"": 193.49, ""2026-01-30"": 52.94, ""2026-02-02"": 19.67}",2026-02-02 23:54
483420,ACE 애플밸류체인액티브,15430,-1.88,1.38,-20.36,195.7,A3,추세 전환 시도 중,"{""Ticker"": ""^SOX"", ""2025-12-18"": 6863.6298828125, ""2025-12-19"": 7067.8701171875, ""2025-12-22"": 7145.56982421875, ""2025-12-23"": 7184.5400390625, ""2025-12-24"": 7204.3701171875, ""2025-12-26"": 7207.64013671875, ""2025-12-29"": 7178.27001953125, ""2025-12-30"": 7169.10009765625, ""2025-12-31"": 7083.1298828125, ""2026-01-02"": 7367.47021484375, ""2026-01-05"": 7446.4501953125, ""2026-01-06"": 7650.93017578125, ""2026-01-07"": 7574.8701171875, ""2026-01-08"": 7436.10009765625, ""2026-01-09"": 7638.77978515625, ""2026-01-12"": 7674.83984375, ""2026-01-13"": 7747.990234375, ""2026-01-14"": 7701.47021484375, ""2026-01-15"": 7837.2998046875, ""2026-01-16"": 7927.41015625, ""2026-01-19"": NaN, ""2026-01-20"": 7794.18994140625, ""2026-01-21"": 8042.06982421875, ""2026-01-22"": 8055.169921875, ""2026-01-23"": 7957.93017578125, ""2026-01-26"": 7927.0400390625, ""2026-01-27"": 8117.18017578125, ""2026-01-28"": 8306.740234375, ""2026-01-29"": 8320.3896484375, ""2026-01-30"": 7998.47021484375, ""2026-02-02"": 8134.48828125}","{""metric"": ""Market_ADR"", ""2025-12-18"": 61.7, ""2025-12-19"": 131.39, ""2025-12-22"": 97.41, ""2025-12-23"": 32.29, ""2025-12-24"": 60.54, ""2025-12-26"": 37.91, ""2025-12-29"": 88.09, ""2025-12-30"": 74.29, ""2026-01-02"": 71.11, ""2026-01-05"": 89.71, ""2026-01-06"": 63.36, ""2026-01-07"": 33.14, ""2026-01-08"": 30.17, ""2026-01-09"": 121.26, ""2026-01-12"": 131.65, ""2026-01-13"": 81.94, ""2026-01-14"": 138.21, ""2026-01-15"": 106.74, ""2026-01-16"": 60.28, ""2026-01-19"": 82.11, ""2026-01-20"": 282.72, ""2026-01-21"": 54.03, ""2026-01-22"": 136.53, ""2026-01-23"": 212.46, ""2026-01-26"": 107.47, ""2026-01-27"": 93.31, ""2026-01-28"": 71.24, ""2026-01-29"": 193.49, ""2026-01-30"": 52.94, ""2026-02-02"": 19.67}",2026-02-02 23:54
140700,KODEX 보험,13265,-3.46,0.91,-20.44,73.7,A1,단기 반짝 가능성 체크,"{""Ticker"": ""^SOX"", ""2025-12-18"": 6863.6298828125, ""2025-12-19"": 7067.8701171875, ""2025-12-22"": 7145.56982421875, ""2025-12-23"": 7184.5400390625, ""2025-12-24"": 7204.3701171875, ""2025-12-26"": 7207.64013671875, ""2025-12-29"": 7178.27001953125, ""2025-12-30"": 7169.10009765625, ""2025-12-31"": 7083.1298828125, ""2026-01-02"": 7367.47021484375, ""2026-01-05"": 7446.4501953125, ""2026-01-06"": 7650.93017578125, ""2026-01-07"": 7574.8701171875, ""2026-01-08"": 7436.10009765625, ""2026-01-09"": 7638.77978515625, ""2026-01-12"": 7674.83984375, ""2026-01-13"": 7747.990234375, ""2026-01-14"": 7701.47021484375, ""2026-01-15"": 7837.2998046875, ""2026-01-16"": 7927.41015625, ""2026-01-19"": NaN, ""2026-01-20"": 7794.18994140625, ""2026-01-21"": 8042.06982421875, ""2026-01-22"": 8055.169921875, ""2026-01-23"": 7957.93017578125, ""2026-01-26"": 7927.0400390625, ""2026-01-27"": 8117.18017578125, ""2026-01-28"": 8306.740234375, ""2026-01-29"": 8320.3896484375, ""2026-01-30"": 7998.47021484375, ""2026-02-02"": 8134.48828125}","{""metric"": ""Market_ADR"", ""2025-12-18"": 61.7, ""2025-12-19"": 131.39, ""2025-12-22"": 97.41, ""2025-12-23"": 32.29, ""2025-12-24"": 60.54, ""2025-12-26"": 37.91, ""2025-12-29"": 88.09, ""2025-12-30"": 74.29, ""2026-01-02"": 71.11, ""2026-01-05"": 89.71, ""2026-01-06"": 63.36, ""2026-01-07"": 33.14, ""2026-01-08"": 30.17, ""2026-01-09"": 121.26, ""2026-01-12"": 131.65, ""2026-01-13"": 81.94, ""2026-01-14"": 138.21, ""2026-01-15"": 106.74, ""2026-01-16"": 60.28, ""2026-01-19"": 82.11, ""2026-01-20"": 282.72, ""2026-01-21"": 54.03, ""2026-01-22"": 136.53, ""2026-01-23"": 212.46, ""2026-01-26"": 107.47, ""2026-01-27"": 93.31, ""2026-01-28"": 71.24, ""2026-01-29"": 193.49, ""2026-01-30"": 52.94, ""2026-02-02"": 19.67}",2026-02-02 23:54
489860,KIWOOM 글로벌전력GRID인프라,14405,0.63,4.2,-20.55,233.9,A5,추세 전환 시도 중,"{""Ticker"": ""^SOX"", ""2025-12-18"": 6863.6298828125, ""2025-12-19"": 7067.8701171875, ""2025-12-22"": 7145.56982421875, ""2025-12-23"": 7184.5400390625, ""2025-12-24"": 7204.3701171875, ""2025-12-26"": 7207.64013671875, ""2025-12-29"": 7178.27001953125, ""2025-12-30"": 7169.10009765625, ""2025-12-31"": 7083.1298828125, ""2026-01-02"": 7367.47021484375, ""2026-01-05"": 7446.4501953125, ""2026-01-06"": 7650.93017578125, ""2026-01-07"": 7574.8701171875, ""2026-01-08"": 7436.10009765625, ""2026-01-09"": 7638.77978515625, ""2026-01-12"": 7674.83984375, ""2026-01-13"": 7747.990234375, ""2026-01-14"": 7701.47021484375, ""2026-01-15"": 7837.2998046875, ""2026-01-16"": 7927.41015625, ""2026-01-19"": NaN, ""2026-01-20"": 7794.18994140625, ""2026-01-21"": 8042.06982421875, ""2026-01-22"": 8055.169921875, ""2026-01-23"": 7957.93017578125, ""2026-01-26"": 7927.0400390625, ""2026-01-27"": 8117.18017578125, ""2026-01-28"": 8306.740234375, ""2026-01-29"": 8320.3896484375, ""2026-01-30"": 7998.47021484375, ""2026-02-02"": 8134.48828125}","{""metric"": ""Market_ADR"", ""2025-12-18"": 61.7, ""2025-12-19"": 131.39, ""2025-12-22"": 97.41, ""2025-12-23"": 32.29, ""2025-12-24"": 60.54, ""2025-12-26"": 37.91, ""2025-12-29"": 88.09, ""2025-12-30"": 74.29, ""2026-01-02"": 71.11, ""2026-01-05"": 89.71, ""2026-01-06"": 63.36, ""2026-01-07"": 33.14, ""2026-01-08"": 30.17, ""2026-01-09"": 121.26, ""2026-01-12"": 131.65, ""2026-01-13"": 81.94, ""2026-01-14"": 138.21, ""2026-01-15"": 106.74, ""2026-01-16"": 60.28, ""2026-01-19"": 82.11, ""2026-01-20"": 282.72, ""2026-01-21"": 54.03, ""2026-01-22"": 136.53, ""2026-01-23"": 212.46, ""2026-01-26"": 107.47, ""2026-01-27"": 93.31, ""2026-01-28"": 71.24, ""2026-01-29"": 193.49, ""2026-01-30"": 52.94, ""2026-02-02"": 19.67}",2026-02-02 23:54
215620,HK S&P코리아로우볼,17365,0.4,2.57,-21.28,9.3,A1,단기 반짝 가능성 체크,"{""Ticker"": ""^SOX"", ""2025-12-18"": 6863.6298828125, ""2025-12-19"": 7067.8701171875, ""2025-12-22"": 7145.56982421875, ""2025-12-23"": 7184.5400390625, ""2025-12-24"": 7204.3701171875, ""2025-12-26"": 7207.64013671875, ""2025-12-29"": 7178.27001953125, ""2025-12-30"": 7169.10009765625, ""2025-12-31"": 7083.1298828125, ""2026-01-02"": 7367.47021484375, ""2026-01-05"": 7446.4501953125, ""2026-01-06"": 7650.93017578125, ""2026-01-07"": 7574.8701171875, ""2026-01-08"": 7436.10009765625, ""2026-01-09"": 7638.77978515625, ""2026-01-12"": 7674.83984375, ""2026-01-13"": 7747.990234375, ""2026-01-14"": 7701.47021484375, ""2026-01-15"": 7837.2998046875, ""2026-01-16"": 7927.41015625, ""2026-01-19"": NaN, ""2026-01-20"": 7794.18994140625, ""2026-01-21"": 8042.06982421875, ""2026-01-22"": 8055.169921875, ""2026-01-23"": 7957.93017578125, ""2026-01-26"": 7927.0400390625, ""2026-01-27"": 8117.18017578125, ""2026-01-28"": 8306.740234375, ""2026-01-29"": 8320.3896484375, ""2026-01-30"": 7998.47021484375, ""2026-02-02"": 8134.48828125}","{""metric"": ""Market_ADR"", ""2025-12-18"": 61.7, ""2025-12-19"": 131.39, ""2025-12-22"": 97.41, ""2025-12-23"": 32.29, ""2025-12-24"": 60.54, ""2025-12-26"": 37.91, ""2025-12-29"": 88.09, ""2025-12-30"": 74.29, ""2026-01-02"": 71.11, ""2026-01-05"": 89.71, ""2026-01-06"": 63.36, ""2026-01-07"": 33.14, ""2026-01-08"": 30.17, ""2026-01-09"": 121.26, ""2026-01-12"": 131.65, ""2026-01-13"": 81.94, ""2026-01-14"": 138.21, ""2026-01-15"": 106.74, ""2026-01-16"": 60.28, ""2026-01-19"": 82.11, ""2026-01-20"": 282.72, ""2026-01-21"": 54.03, ""2026-01-22"": 136.53, ""2026-01-23"": 212.46, ""2026-01-26"": 107.47, ""2026-01-27"": 93.31, ""2026-01-28"": 71.24, ""2026-01-29"": 193.49, ""2026-01-30"": 52.94, ""2026-02-02"": 19.67}",2026-02-02 23:54
150460,TIGER 중국소비테마,7830,-3.51,1.03,-21.45,147.0,A4,추세 전환 시도 중,"{""Ticker"": ""^SOX"", ""2025-12-18"": 6863.6298828125, ""2025-12-19"": 7067.8701171875, ""2025-12-22"": 7145.56982421875, ""2025-12-23"": 7184.5400390625, ""2025-12-24"": 7204.3701171875, ""2025-12-26"": 7207.64013671875, ""2025-12-29"": 7178.27001953125, ""2025-12-30"": 7169.10009765625, ""2025-12-31"": 7083.1298828125, ""2026-01-02"": 7367.47021484375, ""2026-01-05"": 7446.4501953125, ""2026-01-06"": 7650.93017578125, ""2026-01-07"": 7574.8701171875, ""2026-01-08"": 7436.10009765625, ""2026-01-09"": 7638.77978515625, ""2026-01-12"": 7674.83984375, ""2026-01-13"": 7747.990234375, ""2026-01-14"": 7701.47021484375, ""2026-01-15"": 7837.2998046875, ""2026-01-16"": 7927.41015625, ""2026-01-19"": NaN, ""2026-01-20"": 7794.18994140625, ""2026-01-21"": 8042.06982421875, ""2026-01-22"": 8055.169921875, ""2026-01-23"": 7957.93017578125, ""2026-01-26"": 7927.0400390625, ""2026-01-27"": 8117.18017578125, ""2026-01-28"": 8306.740234375, ""2026-01-29"": 8320.3896484375, ""2026-01-30"": 7998.47021484375, ""2026-02-02"": 8134.48828125}","{""metric"": ""Market_ADR"", ""2025-12-18"": 61.7, ""2025-12-19"": 131.39, ""2025-12-22"": 97.41, ""2025-12-23"": 32.29, ""2025-12-24"": 60.54, ""2025-12-26"": 37.91, ""2025-12-29"": 88.09, ""2025-12-30"": 74.29, ""2026-01-02"": 71.11, ""2026-01-05"": 89.71, ""2026-01-06"": 63.36, ""2026-01-07"": 33.14, ""2026-01-08"": 30.17, ""2026-01-09"": 121.26, ""2026-01-12"": 131.65, ""2026-01-13"": 81.94, ""2026-01-14"": 138.21, ""2026-01-15"": 106.74, ""2026-01-16"": 60.28, ""2026-01-19"": 82.11, ""2026-01-20"": 282.72, ""2026-01-21"": 54.03, ""2026-01-22"": 136.53, ""2026-01-23"": 212.46, ""2026-01-26"": 107.47, ""2026-01-27"": 93.31, ""2026-01-28"": 71.24, ""2026-01-29"": 193.49, ""2026-01-30"": 52.94, ""2026-02-02"": 19.67}",2026-02-02 23:54
488480,RISE 일본섹터TOP4Plus,12830,-0.77,1.83,-21.47,112.4,A2,추세 전환 시도 중,"{""Ticker"": ""^SOX"", ""2025-12-18"": 6863.6298828125, ""2025-12-19"": 7067.8701171875, ""2025-12-22"": 7145.56982421875, ""2025-12-23"": 7184.5400390625, ""2025-12-24"": 7204.3701171875, ""2025-12-26"": 7207.64013671875, ""2025-12-29"": 7178.27001953125, ""2025-12-30"": 7169.10009765625, ""2025-12-31"": 7083.1298828125, ""2026-01-02"": 7367.47021484375, ""2026-01-05"": 7446.4501953125, ""2026-01-06"": 7650.93017578125, ""2026-01-07"": 7574.8701171875, ""2026-01-08"": 7436.10009765625, ""2026-01-09"": 7638.77978515625, ""2026-01-12"": 7674.83984375, ""2026-01-13"": 7747.990234375, ""2026-01-14"": 7701.47021484375, ""2026-01-15"": 7837.2998046875, ""2026-01-16"": 7927.41015625, ""2026-01-19"": NaN, ""2026-01-20"": 7794.18994140625, ""2026-01-21"": 8042.06982421875, ""2026-01-22"": 8055.169921875, ""2026-01-23"": 7957.93017578125, ""2026-01-26"": 7927.0400390625, ""2026-01-27"": 8117.18017578125, ""2026-01-28"": 8306.740234375, ""2026-01-29"": 8320.3896484375, ""2026-01-30"": 7998.47021484375, ""2026-02-02"": 8134.48828125}","{""metric"": ""Market_ADR"", ""2025-12-18"": 61.7, ""2025-12-19"": 131.39, ""2025-12-22"": 97.41, ""2025-12-23"": 32.29, ""2025-12-24"": 60.54, ""2025-12-26"": 37.91, ""2025-12-29"": 88.09, ""2025-12-30"": 74.29, ""2026-01-02"": 71.11, ""2026-01-05"": 89.71, ""2026-01-06"": 63.36, ""2026-01-07"": 33.14, ""2026-01-08"": 30.17, ""2026-01-09"": 121.26, ""2026-01-12"": 131.65, ""2026-01-13"": 81.94, ""2026-01-14"": 138.21, ""2026-01-15"": 106.74, ""2026-01-16"": 60.28, ""2026-01-19"": 82.11, ""2026-01-20"": 282.72, ""2026-01-21"": 54.03, ""2026-01-22"": 136.53, ""2026-01-23"": 212.46, ""2026-01-26"": 107.47, ""2026-01-27"": 93.31, ""2026-01-28"": 71.24, ""2026-01-29"": 193.49, ""2026-01-30"": 52.94, ""2026-02-02"": 19.67}",2026-02-02 23:54
256750,KODEX 차이나심천ChiNext(합성),15390,-0.06,0.92,-21.48,112.6,A2,추세 전환 시도 중,"{""Ticker"": ""^SOX"", ""2025-12-18"": 6863.6298828125, ""2025-12-19"": 7067.8701171875, ""2025-12-22"": 7145.56982421875, ""2025-12-23"": 7184.5400390625, ""2025-12-24"": 7204.3701171875, ""2025-12-26"": 7207.64013671875, ""2025-12-29"": 7178.27001953125, ""2025-12-30"": 7169.10009765625, ""2025-12-31"": 7083.1298828125, ""2026-01-02"": 7367.47021484375, ""2026-01-05"": 7446.4501953125, ""2026-01-06"": 7650.93017578125, ""2026-01-07"": 7574.8701171875, ""2026-01-08"": 7436.10009765625, ""2026-01-09"": 7638.77978515625, ""2026-01-12"": 7674.83984375, ""2026-01-13"": 7747.990234375, ""2026-01-14"": 7701.47021484375, ""2026-01-15"": 7837.2998046875, ""2026-01-16"": 7927.41015625, ""2026-01-19"": NaN, ""2026-01-20"": 7794.18994140625, ""2026-01-21"": 8042.06982421875, ""2026-01-22"": 8055.169921875, ""2026-01-23"": 7957.93017578125, ""2026-01-26"": 7927.0400390625, ""2026-01-27"": 8117.18017578125, ""2026-01-28"": 8306.740234375, ""2026-01-29"": 8320.3896484375, ""2026-01-30"": 7998.47021484375, ""2026-02-02"": 8134.48828125}","{""metric"": ""Market_ADR"", ""2025-12-18"": 61.7, ""2025-12-19"": 131.39, ""2025-12-22"": 97.41, ""2025-12-23"": 32.29, ""2025-12-24"": 60.54, ""2025-12-26"": 37.91, ""2025-12-29"": 88.09, ""2025-12-30"": 74.29, ""2026-01-02"": 71.11, ""2026-01-05"": 89.71, ""2026-01-06"": 63.36, ""2026-01-07"": 33.14, ""2026-01-08"": 30.17, ""2026-01-09"": 121.26, ""2026-01-12"": 131.65, ""2026-01-13"": 81.94, ""2026-01-14"": 138.21, ""2026-01-15"": 106.74, ""2026-01-16"": 60.28, ""2026-01-19"": 82.11, ""2026-01-20"": 282.72, ""2026-01-21"": 54.03, ""2026-01-22"": 136.53, ""2026-01-23"": 212.46, ""2026-01-26"": 107.47, ""2026-01-27"": 93.31, ""2026-01-28"": 71.24, ""2026-01-29"": 193.49, ""2026-01-30"": 52.94, ""2026-02-02"": 19.67}",2026-02-02 23:54
0018C0,PLUS 고배당주위클리고정커버드콜,12490,-2.42,0.81,-21.53,164.2,A3,추세 전환 시도 중,"{""Ticker"": ""^SOX"", ""2025-12-18"": 6863.6298828125, ""2025-12-19"": 7067.8701171875, ""2025-12-22"": 7145.56982421875, ""2025-12-23"": 7184.5400390625, ""2025-12-24"": 7204.3701171875, ""2025-12-26"": 7207.64013671875, ""2025-12-29"": 7178.27001953125, ""2025-12-30"": 7169.10009765625, ""2025-12-31"": 7083.1298828125, ""2026-01-02"": 7367.47021484375, ""2026-01-05"": 7446.4501953125, ""2026-01-06"": 7650.93017578125, ""2026-01-07"": 7574.8701171875, ""2026-01-08"": 7436.10009765625, ""2026-01-09"": 7638.77978515625, ""2026-01-12"": 7674.83984375, ""2026-01-13"": 7747.990234375, ""2026-01-14"": 7701.47021484375, ""2026-01-15"": 7837.2998046875, ""2026-01-16"": 7927.41015625, ""2026-01-19"": NaN, ""2026-01-20"": 7794.18994140625, ""2026-01-21"": 8042.06982421875, ""2026-01-22"": 8055.169921875, ""2026-01-23"": 7957.93017578125, ""2026-01-26"": 7927.0400390625, ""2026-01-27"": 8117.18017578125, ""2026-01-28"": 8306.740234375, ""2026-01-29"": 8320.3896484375, ""2026-01-30"": 7998.47021484375, ""2026-02-02"": 8134.48828125}","{""metric"": ""Market_ADR"", ""2025-12-18"": 61.7, ""2025-12-19"": 131.39, ""2025-12-22"": 97.41, ""2025-12-23"": 32.29, ""2025-12-24"": 60.54, ""2025-12-26"": 37.91, ""2025-12-29"": 88.09, ""2025-12-30"": 74.29, ""2026-01-02"": 71.11, ""2026-01-05"": 89.71, ""2026-01-06"": 63.36, ""2026-01-07"": 33.14, ""2026-01-08"": 30.17, ""2026-01-09"": 121.26, ""2026-01-12"": 131.65, ""2026-01-13"": 81.94, ""2026-01-14"": 138.21, ""2026-01-15"": 106.74, ""2026-01-16"": 60.28, ""2026-01-19"": 82.11, ""2026-01-20"": 282.72, ""2026-01-21"": 54.03, ""2026-01-22"": 136.53, ""2026-01-23"": 212.46, ""2026-01-26"": 107.47, ""2026-01-27"": 93.31, ""2026-01-28"": 71.24, ""2026-01-29"": 193.49, ""2026-01-30"": 52.94, ""2026-02-02"": 19.67}",2026-02-02 23:54
493420,SOL 미국배당다우존스2호,11615,2.88,2.38,-21.64,144.0,A4,추세 전환 시도 중,"{""Ticker"": ""^SOX"", ""2025-12-18"": 6863.6298828125, ""2025-12-19"": 7067.8701171875, ""2025-12-22"": 7145.56982421875, ""2025-12-23"": 7184.5400390625, ""2025-12-24"": 7204.3701171875, ""2025-12-26"": 7207.64013671875, ""2025-12-29"": 7178.27001953125, ""2025-12-30"": 7169.10009765625, ""2025-12-31"": 7083.1298828125, ""2026-01-02"": 7367.47021484375, ""2026-01-05"": 7446.4501953125, ""2026-01-06"": 7650.93017578125, ""2026-01-07"": 7574.8701171875, ""2026-01-08"": 7436.10009765625, ""2026-01-09"": 7638.77978515625, ""2026-01-12"": 7674.83984375, ""2026-01-13"": 7747.990234375, ""2026-01-14"": 7701.47021484375, ""2026-01-15"": 7837.2998046875, ""2026-01-16"": 7927.41015625, ""2026-01-19"": NaN, ""2026-01-20"": 7794.18994140625, ""2026-01-21"": 8042.06982421875, ""2026-01-22"": 8055.169921875, ""2026-01-23"": 7957.93017578125, ""2026-01-26"": 7927.0400390625, ""2026-01-27"": 8117.18017578125, ""2026-01-28"": 8306.740234375, ""2026-01-29"": 8320.3896484375, ""2026-01-30"": 7998.47021484375, ""2026-02-02"": 8134.48828125}","{""metric"": ""Market_ADR"", ""2025-12-18"": 61.7, ""2025-12-19"": 131.39, ""2025-12-22"": 97.41, ""2025-12-23"": 32.29, ""2025-12-24"": 60.54, ""2025-12-26"": 37.91, ""2025-12-29"": 88.09, ""2025-12-30"": 74.29, ""2026-01-02"": 71.11, ""2026-01-05"": 89.71, ""2026-01-06"": 63.36, ""2026-01-07"": 33.14, ""2026-01-08"": 30.17, ""2026-01-09"": 121.26, ""2026-01-12"": 131.65, ""2026-01-13"": 81.94, ""2026-01-14"": 138.21, ""2026-01-15"": 106.74, ""2026-01-16"": 60.28, ""2026-01-19"": 82.11, ""2026-01-20"": 282.72, ""2026-01-21"": 54.03, ""2026-01-22"": 136.53, ""2026-01-23"": 212.46, ""2026-01-26"": 107.47, ""2026-01-27"": 93.31, ""2026-01-28"": 71.24, ""2026-01-29"": 193.49, ""2026-01-30"": 52.94, ""2026-02-02"": 19.67}",2026-02-02 23:54
489010,PLUS 글로벌AI인프라,16405,-2.12,0.95,-21.66,61.8,A1,단기 반짝 가능성 체크,"{""Ticker"": ""^SOX"", ""2025-12-18"": 6863.6298828125, ""2025-12-19"": 7067.8701171875, ""2025-12-22"": 7145.56982421875, ""2025-12-23"": 7184.5400390625, ""2025-12-24"": 7204.3701171875, ""2025-12-26"": 7207.64013671875, ""2025-12-29"": 7178.27001953125, ""2025-12-30"": 7169.10009765625, ""2025-12-31"": 7083.1298828125, ""2026-01-02"": 7367.47021484375, ""2026-01-05"": 7446.4501953125, ""2026-01-06"": 7650.93017578125, ""2026-01-07"": 7574.8701171875, ""2026-01-08"": 7436.10009765625, ""2026-01-09"": 7638.77978515625, ""2026-01-12"": 7674.83984375, ""2026-01-13"": 7747.990234375, ""2026-01-14"": 7701.47021484375, ""2026-01-15"": 7837.2998046875, ""2026-01-16"": 7927.41015625, ""2026-01-19"": NaN, ""2026-01-20"": 7794.18994140625, ""2026-01-21"": 8042.06982421875, ""2026-01-22"": 8055.169921875, ""2026-01-23"": 7957.93017578125, ""2026-01-26"": 7927.0400390625, ""2026-01-27"": 8117.18017578125, ""2026-01-28"": 8306.740234375, ""2026-01-29"": 8320.3896484375, ""2026-01-30"": 7998.47021484375, ""2026-02-02"": 8134.48828125}","{""metric"": ""Market_ADR"", ""2025-12-18"": 61.7, ""2025-12-19"": 131.39, ""2025-12-22"": 97.41, ""2025-12-23"": 32.29, ""2025-12-24"": 60.54, ""2025-12-26"": 37.91, ""2025-12-29"": 88.09, ""2025-12-30"": 74.29, ""2026-01-02"": 71.11, ""2026-01-05"": 89.71, ""2026-01-06"": 63.36, ""2026-01-07"": 33.14, ""2026-01-08"": 30.17, ""2026-01-09"": 121.26, ""2026-01-12"": 131.65, ""2026-01-13"": 81.94, ""2026-01-14"": 138.21, ""2026-01-15"": 106.74, ""2026-01-16"": 60.28, ""2026-01-19"": 82.11, ""2026-01-20"": 282.72, ""2026-01-21"": 54.03, ""2026-01-22"": 136.53, ""2026-01-23"": 212.46, ""2026-01-26"": 107.47, ""2026-01-27"": 93.31, ""2026-01-28"": 71.24, ""2026-01-29"": 193.49, ""2026-01-30"": 52.94, ""2026-02-02"": 19.67}",2026-02-02 23:54
266410,KODEX 필수소비재,8690,-1.42,2.42,-21.93,176.9,A4,추세 전환 시도 중,"{""Ticker"": ""^SOX"", ""2025-12-18"": 6863.6298828125, ""2025-12-19"": 7067.8701171875, ""2025-12-22"": 7145.56982421875, ""2025-12-23"": 7184.5400390625, ""2025-12-24"": 7204.3701171875, ""2025-12-26"": 7207.64013671875, ""2025-12-29"": 7178.27001953125, ""2025-12-30"": 7169.10009765625, ""2025-12-31"": 7083.1298828125, ""2026-01-02"": 7367.47021484375, ""2026-01-05"": 7446.4501953125, ""2026-01-06"": 7650.93017578125, ""2026-01-07"": 7574.8701171875, ""2026-01-08"": 7436.10009765625, ""2026-01-09"": 7638.77978515625, ""2026-01-12"": 7674.83984375, ""2026-01-13"": 7747.990234375, ""2026-01-14"": 7701.47021484375, ""2026-01-15"": 7837.2998046875, ""2026-01-16"": 7927.41015625, ""2026-01-19"": NaN, ""2026-01-20"": 7794.18994140625, ""2026-01-21"": 8042.06982421875, ""2026-01-22"": 8055.169921875, ""2026-01-23"": 7957.93017578125, ""2026-01-26"": 7927.0400390625, ""2026-01-27"": 8117.18017578125, ""2026-01-28"": 8306.740234375, ""2026-01-29"": 8320.3896484375, ""2026-01-30"": 7998.47021484375, ""2026-02-02"": 8134.48828125}","{""metric"": ""Market_ADR"", ""2025-12-18"": 61.7, ""2025-12-19"": 131.39, ""2025-12-22"": 97.41, ""2025-12-23"": 32.29, ""2025-12-24"": 60.54, ""2025-12-26"": 37.91, ""2025-12-29"": 88.09, ""2025-12-30"": 74.29, ""2026-01-02"": 71.11, ""2026-01-05"": 89.71, ""2026-01-06"": 63.36, ""2026-01-07"": 33.14, ""2026-01-08"": 30.17, ""2026-01-09"": 121.26, ""2026-01-12"": 131.65, ""2026-01-13"": 81.94, ""2026-01-14"": 138.21, ""2026-01-15"": 106.74, ""2026-01-16"": 60.28, ""2026-01-19"": 82.11, ""2026-01-20"": 282.72, ""2026-01-21"": 54.03, ""2026-01-22"": 136.53, ""2026-01-23"": 212.46, ""2026-01-26"": 107.47, ""2026-01-27"": 93.31, ""2026-01-28"": 71.24, ""2026-01-29"": 193.49, ""2026-01-30"": 52.94, ""2026-02-02"": 19.67}",2026-02-02 23:54
402970,ACE 미국배당다우존스,13915,2.85,2.69,-21.95,158.2,A4,추세 전환 시도 중,"{""Ticker"": ""^SOX"", ""2025-12-18"": 6863.6298828125, ""2025-12-19"": 7067.8701171875, ""2025-12-22"": 7145.56982421875, ""2025-12-23"": 7184.5400390625, ""2025-12-24"": 7204.3701171875, ""2025-12-26"": 7207.64013671875, ""2025-12-29"": 7178.27001953125, ""2025-12-30"": 7169.10009765625, ""2025-12-31"": 7083.1298828125, ""2026-01-02"": 7367.47021484375, ""2026-01-05"": 7446.4501953125, ""2026-01-06"": 7650.93017578125, ""2026-01-07"": 7574.8701171875, ""2026-01-08"": 7436.10009765625, ""2026-01-09"": 7638.77978515625, ""2026-01-12"": 7674.83984375, ""2026-01-13"": 7747.990234375, ""2026-01-14"": 7701.47021484375, ""2026-01-15"": 7837.2998046875, ""2026-01-16"": 7927.41015625, ""2026-01-19"": NaN, ""2026-01-20"": 7794.18994140625, ""2026-01-21"": 8042.06982421875, ""2026-01-22"": 8055.169921875, ""2026-01-23"": 7957.93017578125, ""2026-01-26"": 7927.0400390625, ""2026-01-27"": 8117.18017578125, ""2026-01-28"": 8306.740234375, ""2026-01-29"": 8320.3896484375, ""2026-01-30"": 7998.47021484375, ""2026-02-02"": 8134.48828125}","{""metric"": ""Market_ADR"", ""2025-12-18"": 61.7, ""2025-12-19"": 131.39, ""2025-12-22"": 97.41, ""2025-12-23"": 32.29, ""2025-12-24"": 60.54, ""2025-12-26"": 37.91, ""2025-12-29"": 88.09, ""2025-12-30"": 74.29, ""2026-01-02"": 71.11, ""2026-01-05"": 89.71, ""2026-01-06"": 63.36, ""2026-01-07"": 33.14, ""2026-01-08"": 30.17, ""2026-01-09"": 121.26, ""2026-01-12"": 131.65, ""2026-01-13"": 81.94, ""2026-01-14"": 138.21, ""2026-01-15"": 106.74, ""2026-01-16"": 60.28, ""2026-01-19"": 82.11, ""2026-01-20"": 282.72, ""2026-01-21"": 54.03, ""2026-01-22"": 136.53, ""2026-01-23"": 212.46, ""2026-01-26"": 107.47, ""2026-01-27"": 93.31, ""2026-01-28"": 71.24, ""2026-01-29"": 193.49, ""2026-01-30"": 52.94, ""2026-02-02"": 19.67}",2026-02-02 23:54
446720,SOL 미국배당다우존스,12555,2.66,2.36,-22.09,169.7,A3,추세 전환 시도 중,"{""Ticker"": ""^SOX"", ""2025-12-18"": 6863.6298828125, ""2025-12-19"": 7067.8701171875, ""2025-12-22"": 7145.56982421875, ""2025-12-23"": 7184.5400390625, ""2025-12-24"": 7204.3701171875, ""2025-12-26"": 7207.64013671875, ""2025-12-29"": 7178.27001953125, ""2025-12-30"": 7169.10009765625, ""2025-12-31"": 7083.1298828125, ""2026-01-02"": 7367.47021484375, ""2026-01-05"": 7446.4501953125, ""2026-01-06"": 7650.93017578125, ""2026-01-07"": 7574.8701171875, ""2026-01-08"": 7436.10009765625, ""2026-01-09"": 7638.77978515625, ""2026-01-12"": 7674.83984375, ""2026-01-13"": 7747.990234375, ""2026-01-14"": 7701.47021484375, ""2026-01-15"": 7837.2998046875, ""2026-01-16"": 7927.41015625, ""2026-01-19"": NaN, ""2026-01-20"": 7794.18994140625, ""2026-01-21"": 8042.06982421875, ""2026-01-22"": 8055.169921875, ""2026-01-23"": 7957.93017578125, ""2026-01-26"": 7927.0400390625, ""2026-01-27"": 8117.18017578125, ""2026-01-28"": 8306.740234375, ""2026-01-29"": 8320.3896484375, ""2026-01-30"": 7998.47021484375, ""2026-02-02"": 8134.48828125}","{""metric"": ""Market_ADR"", ""2025-12-18"": 61.7, ""2025-12-19"": 131.39, ""2025-12-22"": 97.41, ""2025-12-23"": 32.29, ""2025-12-24"": 60.54, ""2025-12-26"": 37.91, ""2025-12-29"": 88.09, ""2025-12-30"": 74.29, ""2026-01-02"": 71.11, ""2026-01-05"": 89.71, ""2026-01-06"": 63.36, ""2026-01-07"": 33.14, ""2026-01-08"": 30.17, ""2026-01-09"": 121.26, ""2026-01-12"": 131.65, ""2026-01-13"": 81.94, ""2026-01-14"": 138.21, ""2026-01-15"": 106.74, ""2026-01-16"": 60.28, ""2026-01-19"": 82.11, ""2026-01-20"": 282.72, ""2026-01-21"": 54.03, ""2026-01-22"": 136.53, ""2026-01-23"": 212.46, ""2026-01-26"": 107.47, ""2026-01-27"": 93.31, ""2026-01-28"": 71.24, ""2026-01-29"": 193.49, ""2026-01-30"": 52.94, ""2026-02-02"": 19.67}",2026-02-02 23:54
489250,KODEX 미국배당다우존스,11770,2.39,2.48,-22.15,142.3,A4,추세 전환 시도 중,"{""Ticker"": ""^SOX"", ""2025-12-18"": 6863.6298828125, ""2025-12-19"": 7067.8701171875, ""2025-12-22"": 7145.56982421875, ""2025-12-23"": 7184.5400390625, ""2025-12-24"": 7204.3701171875, ""2025-12-26"": 7207.64013671875, ""2025-12-29"": 7178.27001953125, ""2025-12-30"": 7169.10009765625, ""2025-12-31"": 7083.1298828125, ""2026-01-02"": 7367.47021484375, ""2026-01-05"": 7446.4501953125, ""2026-01-06"": 7650.93017578125, ""2026-01-07"": 7574.8701171875, ""2026-01-08"": 7436.10009765625, ""2026-01-09"": 7638.77978515625, ""2026-01-12"": 7674.83984375, ""2026-01-13"": 7747.990234375, ""2026-01-14"": 7701.47021484375, ""2026-01-15"": 7837.2998046875, ""2026-01-16"": 7927.41015625, ""2026-01-19"": NaN, ""2026-01-20"": 7794.18994140625, ""2026-01-21"": 8042.06982421875, ""2026-01-22"": 8055.169921875, ""2026-01-23"": 7957.93017578125, ""2026-01-26"": 7927.0400390625, ""2026-01-27"": 8117.18017578125, ""2026-01-28"": 8306.740234375, ""2026-01-29"": 8320.3896484375, ""2026-01-30"": 7998.47021484375, ""2026-02-02"": 8134.48828125}","{""metric"": ""Market_ADR"", ""2025-12-18"": 61.7, ""2025-12-19"": 131.39, ""2025-12-22"": 97.41, ""2025-12-23"": 32.29, ""2025-12-24"": 60.54, ""2025-12-26"": 37.91, ""2025-12-29"": 88.09, ""2025-12-30"": 74.29, ""2026-01-02"": 71.11, ""2026-01-05"": 89.71, ""2026-01-06"": 63.36, ""2026-01-07"": 33.14, ""2026-01-08"": 30.17, ""2026-01-09"": 121.26, ""2026-01-12"": 131.65, ""2026-01-13"": 81.94, ""2026-01-14"": 138.21, ""2026-01-15"": 106.74, ""2026-01-16"": 60.28, ""2026-01-19"": 82.11, ""2026-01-20"": 282.72, ""2026-01-21"": 54.03, ""2026-01-22"": 136.53, ""2026-01-23"": 212.46, ""2026-01-26"": 107.47, ""2026-01-27"": 93.31, ""2026-01-28"": 71.24, ""2026-01-29"": 193.49, ""2026-01-30"": 52.94, ""2026-02-02"": 19.67}",2026-02-02 23:54
483030,KIWOOM 미국블록버스터바이오테크의약품+,11465,2.37,1.19,-22.15,168.6,A3,추세 전환 시도 중,"{""Ticker"": ""^SOX"", ""2025-12-18"": 6863.6298828125, ""2025-12-19"": 7067.8701171875, ""2025-12-22"": 7145.56982421875, ""2025-12-23"": 7184.5400390625, ""2025-12-24"": 7204.3701171875, ""2025-12-26"": 7207.64013671875, ""2025-12-29"": 7178.27001953125, ""2025-12-30"": 7169.10009765625, ""2025-12-31"": 7083.1298828125, ""2026-01-02"": 7367.47021484375, ""2026-01-05"": 7446.4501953125, ""2026-01-06"": 7650.93017578125, ""2026-01-07"": 7574.8701171875, ""2026-01-08"": 7436.10009765625, ""2026-01-09"": 7638.77978515625, ""2026-01-12"": 7674.83984375, ""2026-01-13"": 7747.990234375, ""2026-01-14"": 7701.47021484375, ""2026-01-15"": 7837.2998046875, ""2026-01-16"": 7927.41015625, ""2026-01-19"": NaN, ""2026-01-20"": 7794.18994140625, ""2026-01-21"": 8042.06982421875, ""2026-01-22"": 8055.169921875, ""2026-01-23"": 7957.93017578125, ""2026-01-26"": 7927.0400390625, ""2026-01-27"": 8117.18017578125, ""2026-01-28"": 8306.740234375, ""2026-01-29"": 8320.3896484375, ""2026-01-30"": 7998.47021484375, ""2026-02-02"": 8134.48828125}","{""metric"": ""Market_ADR"", ""2025-12-18"": 61.7, ""2025-12-19"": 131.39, ""2025-12-22"": 97.41, ""2025-12-23"": 32.29, ""2025-12-24"": 60.54, ""2025-12-26"": 37.91, ""2025-12-29"": 88.09, ""2025-12-30"": 74.29, ""2026-01-02"": 71.11, ""2026-01-05"": 89.71, ""2026-01-06"": 63.36, ""2026-01-07"": 33.14, ""2026-01-08"": 30.17, ""2026-01-09"": 121.26, ""2026-01-12"": 131.65, ""2026-01-13"": 81.94, ""2026-01-14"": 138.21, ""2026-01-15"": 106.74, ""2026-01-16"": 60.28, ""2026-01-19"": 82.11, ""2026-01-20"": 282.72, ""2026-01-21"": 54.03, ""2026-01-22"": 136.53, ""2026-01-23"": 212.46, ""2026-01-26"": 107.47, ""2026-01-27"": 93.31, ""2026-01-28"": 71.24, ""2026-01-29"": 193.49, ""2026-01-30"": 52.94, ""2026-02-02"": 19.67}",2026-02-02 23:54
458730,TIGER 미국배당다우존스,13680,2.4,2.2,-22.26,184.3,A3,추세 전환 시도 중,"{""Ticker"": ""^SOX"", ""2025-12-18"": 6863.6298828125, ""2025-12-19"": 7067.8701171875, ""2025-12-22"": 7145.56982421875, ""2025-12-23"": 7184.5400390625, ""2025-12-24"": 7204.3701171875, ""2025-12-26"": 7207.64013671875, ""2025-12-29"": 7178.27001953125, ""2025-12-30"": 7169.10009765625, ""2025-12-31"": 7083.1298828125, ""2026-01-02"": 7367.47021484375, ""2026-01-05"": 7446.4501953125, ""2026-01-06"": 7650.93017578125, ""2026-01-07"": 7574.8701171875, ""2026-01-08"": 7436.10009765625, ""2026-01-09"": 7638.77978515625, ""2026-01-12"": 7674.83984375, ""2026-01-13"": 7747.990234375, ""2026-01-14"": 7701.47021484375, ""2026-01-15"": 7837.2998046875, ""2026-01-16"": 7927.41015625, ""2026-01-19"": NaN, ""2026-01-20"": 7794.18994140625, ""2026-01-21"": 8042.06982421875, ""2026-01-22"": 8055.169921875, ""2026-01-23"": 7957.93017578125, ""2026-01-26"": 7927.0400390625, ""2026-01-27"": 8117.18017578125, ""2026-01-28"": 8306.740234375, ""2026-01-29"": 8320.3896484375, ""2026-01-30"": 7998.47021484375, ""2026-02-02"": 8134.48828125}","{""metric"": ""Market_ADR"", ""2025-12-18"": 61.7, ""2025-12-19"": 131.39, ""2025-12-22"": 97.41, ""2025-12-23"": 32.29, ""2025-12-24"": 60.54, ""2025-12-26"": 37.91, ""2025-12-29"": 88.09, ""2025-12-30"": 74.29, ""2026-01-02"": 71.11, ""2026-01-05"": 89.71, ""2026-01-06"": 63.36, ""2026-01-07"": 33.14, ""2026-01-08"": 30.17, ""2026-01-09"": 121.26, ""2026-01-12"": 131.65, ""2026-01-13"": 81.94, ""2026-01-14"": 138.21, ""2026-01-15"": 106.74, ""2026-01-16"": 60.28, ""2026-01-19"": 82.11, ""2026-01-20"": 282.72, ""2026-01-21"": 54.03, ""2026-01-22"": 136.53, ""2026-01-23"": 212.46, ""2026-01-26"": 107.47, ""2026-01-27"": 93.31, ""2026-01-28"": 71.24, ""2026-01-29"": 193.49, ""2026-01-30"": 52.94, ""2026-02-02"": 19.67}",2026-02-02 23:54
200030,KODEX 미국S&P500산업재(합성),41215,1.25,1.36,-22.27,123.9,A3,추세 전환 시도 중,"{""Ticker"": ""^SOX"", ""2025-12-18"": 6863.6298828125, ""2025-12-19"": 7067.8701171875, ""2025-12-22"": 7145.56982421875, ""2025-12-23"": 7184.5400390625, ""2025-12-24"": 7204.3701171875, ""2025-12-26"": 7207.64013671875, ""2025-12-29"": 7178.27001953125, ""2025-12-30"": 7169.10009765625, ""2025-12-31"": 7083.1298828125, ""2026-01-02"": 7367.47021484375, ""2026-01-05"": 7446.4501953125, ""2026-01-06"": 7650.93017578125, ""2026-01-07"": 7574.8701171875, ""2026-01-08"": 7436.10009765625, ""2026-01-09"": 7638.77978515625, ""2026-01-12"": 7674.83984375, ""2026-01-13"": 7747.990234375, ""2026-01-14"": 7701.47021484375, ""2026-01-15"": 7837.2998046875, ""2026-01-16"": 7927.41015625, ""2026-01-19"": NaN, ""2026-01-20"": 7794.18994140625, ""2026-01-21"": 8042.06982421875, ""2026-01-22"": 8055.169921875, ""2026-01-23"": 7957.93017578125, ""2026-01-26"": 7927.0400390625, ""2026-01-27"": 8117.18017578125, ""2026-01-28"": 8306.740234375, ""2026-01-29"": 8320.3896484375, ""2026-01-30"": 7998.47021484375, ""2026-02-02"": 8134.48828125}","{""metric"": ""Market_ADR"", ""2025-12-18"": 61.7, ""2025-12-19"": 131.39, ""2025-12-22"": 97.41, ""2025-12-23"": 32.29, ""2025-12-24"": 60.54, ""2025-12-26"": 37.91, ""2025-12-29"": 88.09, ""2025-12-30"": 74.29, ""2026-01-02"": 71.11, ""2026-01-05"": 89.71, ""2026-01-06"": 63.36, ""2026-01-07"": 33.14, ""2026-01-08"": 30.17, ""2026-01-09"": 121.26, ""2026-01-12"": 131.65, ""2026-01-13"": 81.94, ""2026-01-14"": 138.21, ""2026-01-15"": 106.74, ""2026-01-16"": 60.28, ""2026-01-19"": 82.11, ""2026-01-20"": 282.72, ""2026-01-21"": 54.03, ""2026-01-22"": 136.53, ""2026-01-23"": 212.46, ""2026-01-26"": 107.47, ""2026-01-27"": 93.31, ""2026-01-28"": 71.24, ""2026-01-29"": 193.49, ""2026-01-30"": 52.94, ""2026-02-02"": 19.67}",2026-02-02 23:54
227570,TIGER 우량가치,17435,-3.0,1.1,-22.27,104.6,A3,추세 전환 시도 중,"{""Ticker"": ""^SOX"", ""2025-12-18"": 6863.6298828125, ""2025-12-19"": 7067.8701171875, ""2025-12-22"": 7145.56982421875, ""2025-12-23"": 7184.5400390625, ""2025-12-24"": 7204.3701171875, ""2025-12-26"": 7207.64013671875, ""2025-12-29"": 7178.27001953125, ""2025-12-30"": 7169.10009765625, ""2025-12-31"": 7083.1298828125, ""2026-01-02"": 7367.47021484375, ""2026-01-05"": 7446.4501953125, ""2026-01-06"": 7650.93017578125, ""2026-01-07"": 7574.8701171875, ""2026-01-08"": 7436.10009765625, ""2026-01-09"": 7638.77978515625, ""2026-01-12"": 7674.83984375, ""2026-01-13"": 7747.990234375, ""2026-01-14"": 7701.47021484375, ""2026-01-15"": 7837.2998046875, ""2026-01-16"": 7927.41015625, ""2026-01-19"": NaN, ""2026-01-20"": 7794.18994140625, ""2026-01-21"": 8042.06982421875, ""2026-01-22"": 8055.169921875, ""2026-01-23"": 7957.93017578125, ""2026-01-26"": 7927.0400390625, ""2026-01-27"": 8117.18017578125, ""2026-01-28"": 8306.740234375, ""2026-01-29"": 8320.3896484375, ""2026-01-30"": 7998.47021484375, ""2026-02-02"": 8134.48828125}","{""metric"": ""Market_ADR"", ""2025-12-18"": 61.7, ""2025-12-19"": 131.39, ""2025-12-22"": 97.41, ""2025-12-23"": 32.29, ""2025-12-24"": 60.54, ""2025-12-26"": 37.91, ""2025-12-29"": 88.09, ""2025-12-30"": 74.29, ""2026-01-02"": 71.11, ""2026-01-05"": 89.71, ""2026-01-06"": 63.36, ""2026-01-07"": 33.14, ""2026-01-08"": 30.17, ""2026-01-09"": 121.26, ""2026-01-12"": 131.65, ""2026-01-13"": 81.94, ""2026-01-14"": 138.21, ""2026-01-15"": 106.74, ""2026-01-16"": 60.28, ""2026-01-19"": 82.11, ""2026-01-20"": 282.72, ""2026-01-21"": 54.03, ""2026-01-22"": 136.53, ""2026-01-23"": 212.46, ""2026-01-26"": 107.47, ""2026-01-27"": 93.31, ""2026-01-28"": 71.24, ""2026-01-29"": 193.49, ""2026-01-30"": 52.94, ""2026-02-02"": 19.67}",2026-02-02 23:54
269530,PLUS S&P글로벌인프라,21055,1.81,3.59,-22.29,1372.9,A5,추세 전환 시도 중,"{""Ticker"": ""^SOX"", ""2025-12-18"": 6863.6298828125, ""2025-12-19"": 7067.8701171875, ""2025-12-22"": 7145.56982421875, ""2025-12-23"": 7184.5400390625, ""2025-12-24"": 7204.3701171875, ""2025-12-26"": 7207.64013671875, ""2025-12-29"": 7178.27001953125, ""2025-12-30"": 7169.10009765625, ""2025-12-31"": 7083.1298828125, ""2026-01-02"": 7367.47021484375, ""2026-01-05"": 7446.4501953125, ""2026-01-06"": 7650.93017578125, ""2026-01-07"": 7574.8701171875, ""2026-01-08"": 7436.10009765625, ""2026-01-09"": 7638.77978515625, ""2026-01-12"": 7674.83984375, ""2026-01-13"": 7747.990234375, ""2026-01-14"": 7701.47021484375, ""2026-01-15"": 7837.2998046875, ""2026-01-16"": 7927.41015625, ""2026-01-19"": NaN, ""2026-01-20"": 7794.18994140625, ""2026-01-21"": 8042.06982421875, ""2026-01-22"": 8055.169921875, ""2026-01-23"": 7957.93017578125, ""2026-01-26"": 7927.0400390625, ""2026-01-27"": 8117.18017578125, ""2026-01-28"": 8306.740234375, ""2026-01-29"": 8320.3896484375, ""2026-01-30"": 7998.47021484375, ""2026-02-02"": 8134.48828125}","{""metric"": ""Market_ADR"", ""2025-12-18"": 61.7, ""2025-12-19"": 131.39, ""2025-12-22"": 97.41, ""2025-12-23"": 32.29, ""2025-12-24"": 60.54, ""2025-12-26"": 37.91, ""2025-12-29"": 88.09, ""2025-12-30"": 74.29, ""2026-01-02"": 71.11, ""2026-01-05"": 89.71, ""2026-01-06"": 63.36, ""2026-01-07"": 33.14, ""2026-01-08"": 30.17, ""2026-01-09"": 121.26, ""2026-01-12"": 131.65, ""2026-01-13"": 81.94, ""2026-01-14"": 138.21, ""2026-01-15"": 106.74, ""2026-01-16"": 60.28, ""2026-01-19"": 82.11, ""2026-01-20"": 282.72, ""2026-01-21"": 54.03, ""2026-01-22"": 136.53, ""2026-01-23"": 212.46, ""2026-01-26"": 107.47, ""2026-01-27"": 93.31, ""2026-01-28"": 71.24, ""2026-01-29"": 193.49, ""2026-01-30"": 52.94, ""2026-02-02"": 19.67}",2026-02-02 23:54
458750,TIGER 미국배당다우존스타겟커버드콜1호,12155,2.92,2.4,-22.45,97.5,A2,추세 전환 시도 중,"{""Ticker"": ""^SOX"", ""2025-12-18"": 6863.6298828125, ""2025-12-19"": 7067.8701171875, ""2025-12-22"": 7145.56982421875, ""2025-12-23"": 7184.5400390625, ""2025-12-24"": 7204.3701171875, ""2025-12-26"": 7207.64013671875, ""2025-12-29"": 7178.27001953125, ""2025-12-30"": 7169.10009765625, ""2025-12-31"": 7083.1298828125, ""2026-01-02"": 7367.47021484375, ""2026-01-05"": 7446.4501953125, ""2026-01-06"": 7650.93017578125, ""2026-01-07"": 7574.8701171875, ""2026-01-08"": 7436.10009765625, ""2026-01-09"": 7638.77978515625, ""2026-01-12"": 7674.83984375, ""2026-01-13"": 7747.990234375, ""2026-01-14"": 7701.47021484375, ""2026-01-15"": 7837.2998046875, ""2026-01-16"": 7927.41015625, ""2026-01-19"": NaN, ""2026-01-20"": 7794.18994140625, ""2026-01-21"": 8042.06982421875, ""2026-01-22"": 8055.169921875, ""2026-01-23"": 7957.93017578125, ""2026-01-26"": 7927.0400390625, ""2026-01-27"": 8117.18017578125, ""2026-01-28"": 8306.740234375, ""2026-01-29"": 8320.3896484375, ""2026-01-30"": 7998.47021484375, ""2026-02-02"": 8134.48828125}","{""metric"": ""Market_ADR"", ""2025-12-18"": 61.7, ""2025-12-19"": 131.39, ""2025-12-22"": 97.41, ""2025-12-23"": 32.29, ""2025-12-24"": 60.54, ""2025-12-26"": 37.91, ""2025-12-29"": 88.09, ""2025-12-30"": 74.29, ""2026-01-02"": 71.11, ""2026-01-05"": 89.71, ""2026-01-06"": 63.36, ""2026-01-07"": 33.14, ""2026-01-08"": 30.17, ""2026-01-09"": 121.26, ""2026-01-12"": 131.65, ""2026-01-13"": 81.94, ""2026-01-14"": 138.21, ""2026-01-15"": 106.74, ""2026-01-16"": 60.28, ""2026-01-19"": 82.11, ""2026-01-20"": 282.72, ""2026-01-21"": 54.03, ""2026-01-22"": 136.53, ""2026-01-23"": 212.46, ""2026-01-26"": 107.47, ""2026-01-27"": 93.31, ""2026-01-28"": 71.24, ""2026-01-29"": 193.49, ""2026-01-30"": 52.94, ""2026-02-02"": 19.67}",2026-02-02 23:54
269370,TIGER S&P글로벌인프라(합성),17860,1.77,2.17,-22.82,122.1,A3,추세 전환 시도 중,"{""Ticker"": ""^SOX"", ""2025-12-18"": 6863.6298828125, ""2025-12-19"": 7067.8701171875, ""2025-12-22"": 7145.56982421875, ""2025-12-23"": 7184.5400390625, ""2025-12-24"": 7204.3701171875, ""2025-12-26"": 7207.64013671875, ""2025-12-29"": 7178.27001953125, ""2025-12-30"": 7169.10009765625, ""2025-12-31"": 7083.1298828125, ""2026-01-02"": 7367.47021484375, ""2026-01-05"": 7446.4501953125, ""2026-01-06"": 7650.93017578125, ""2026-01-07"": 7574.8701171875, ""2026-01-08"": 7436.10009765625, ""2026-01-09"": 7638.77978515625, ""2026-01-12"": 7674.83984375, ""2026-01-13"": 7747.990234375, ""2026-01-14"": 7701.47021484375, ""2026-01-15"": 7837.2998046875, ""2026-01-16"": 7927.41015625, ""2026-01-19"": NaN, ""2026-01-20"": 7794.18994140625, ""2026-01-21"": 8042.06982421875, ""2026-01-22"": 8055.169921875, ""2026-01-23"": 7957.93017578125, ""2026-01-26"": 7927.0400390625, ""2026-01-27"": 8117.18017578125, ""2026-01-28"": 8306.740234375, ""2026-01-29"": 8320.3896484375, ""2026-01-30"": 7998.47021484375, ""2026-02-02"": 8134.48828125}","{""metric"": ""Market_ADR"", ""2025-12-18"": 61.7, ""2025-12-19"": 131.39, ""2025-12-22"": 97.41, ""2025-12-23"": 32.29, ""2025-12-24"": 60.54, ""2025-12-26"": 37.91, ""2025-12-29"": 88.09, ""2025-12-30"": 74.29, ""2026-01-02"": 71.11, ""2026-01-05"": 89.71, ""2026-01-06"": 63.36, ""2026-01-07"": 33.14, ""2026-01-08"": 30.17, ""2026-01-09"": 121.26, ""2026-01-12"": 131.65, ""2026-01-13"": 81.94, ""2026-01-14"": 138.21, ""2026-01-15"": 106.74, ""2026-01-16"": 60.28, ""2026-01-19"": 82.11, ""2026-01-20"": 282.72, ""2026-01-21"": 54.03, ""2026-01-22"": 136.53, ""2026-01-23"": 212.46, ""2026-01-26"": 107.47, ""2026-01-27"": 93.31, ""2026-01-28"": 71.24, ""2026-01-29"": 193.49, ""2026-01-30"": 52.94, ""2026-02-02"": 19.67}",2026-02-02 23:54
422260,VITA MZ소비액티브,10565,-2.94,1.29,-22.83,100.0,A2,추세 전환 시도 중,"{""Ticker"": ""^SOX"", ""2025-12-18"": 6863.6298828125, ""2025-12-19"": 7067.8701171875, ""2025-12-22"": 7145.56982421875, ""2025-12-23"": 7184.5400390625, ""2025-12-24"": 7204.3701171875, ""2025-12-26"": 7207.64013671875, ""2025-12-29"": 7178.27001953125, ""2025-12-30"": 7169.10009765625, ""2025-12-31"": 7083.1298828125, ""2026-01-02"": 7367.47021484375, ""2026-01-05"": 7446.4501953125, ""2026-01-06"": 7650.93017578125, ""2026-01-07"": 7574.8701171875, ""2026-01-08"": 7436.10009765625, ""2026-01-09"": 7638.77978515625, ""2026-01-12"": 7674.83984375, ""2026-01-13"": 7747.990234375, ""2026-01-14"": 7701.47021484375, ""2026-01-15"": 7837.2998046875, ""2026-01-16"": 7927.41015625, ""2026-01-19"": NaN, ""2026-01-20"": 7794.18994140625, ""2026-01-21"": 8042.06982421875, ""2026-01-22"": 8055.169921875, ""2026-01-23"": 7957.93017578125, ""2026-01-26"": 7927.0400390625, ""2026-01-27"": 8117.18017578125, ""2026-01-28"": 8306.740234375, ""2026-01-29"": 8320.3896484375, ""2026-01-30"": 7998.47021484375, ""2026-02-02"": 8134.48828125}","{""metric"": ""Market_ADR"", ""2025-12-18"": 61.7, ""2025-12-19"": 131.39, ""2025-12-22"": 97.41, ""2025-12-23"": 32.29, ""2025-12-24"": 60.54, ""2025-12-26"": 37.91, ""2025-12-29"": 88.09, ""2025-12-30"": 74.29, ""2026-01-02"": 71.11, ""2026-01-05"": 89.71, ""2026-01-06"": 63.36, ""2026-01-07"": 33.14, ""2026-01-08"": 30.17, ""2026-01-09"": 121.26, ""2026-01-12"": 131.65, ""2026-01-13"": 81.94, ""2026-01-14"": 138.21, ""2026-01-15"": 106.74, ""2026-01-16"": 60.28, ""2026-01-19"": 82.11, ""2026-01-20"": 282.72, ""2026-01-21"": 54.03, ""2026-01-22"": 136.53, ""2026-01-23"": 212.46, ""2026-01-26"": 107.47, ""2026-01-27"": 93.31, ""2026-01-28"": 71.24, ""2026-01-29"": 193.49, ""2026-01-30"": 52.94, ""2026-02-02"": 19.67}",2026-02-02 23:54
0008S0,TIGER 미국배당다우존스타겟데일리커버드콜,9620,2.34,2.29,-22.99,200.9,A4,추세 전환 시도 중,"{""Ticker"": ""^SOX"", ""2025-12-18"": 6863.6298828125, ""2025-12-19"": 7067.8701171875, ""2025-12-22"": 7145.56982421875, ""2025-12-23"": 7184.5400390625, ""2025-12-24"": 7204.3701171875, ""2025-12-26"": 7207.64013671875, ""2025-12-29"": 7178.27001953125, ""2025-12-30"": 7169.10009765625, ""2025-12-31"": 7083.1298828125, ""2026-01-02"": 7367.47021484375, ""2026-01-05"": 7446.4501953125, ""2026-01-06"": 7650.93017578125, ""2026-01-07"": 7574.8701171875, ""2026-01-08"": 7436.10009765625, ""2026-01-09"": 7638.77978515625, ""2026-01-12"": 7674.83984375, ""2026-01-13"": 7747.990234375, ""2026-01-14"": 7701.47021484375, ""2026-01-15"": 7837.2998046875, ""2026-01-16"": 7927.41015625, ""2026-01-19"": NaN, ""2026-01-20"": 7794.18994140625, ""2026-01-21"": 8042.06982421875, ""2026-01-22"": 8055.169921875, ""2026-01-23"": 7957.93017578125, ""2026-01-26"": 7927.0400390625, ""2026-01-27"": 8117.18017578125, ""2026-01-28"": 8306.740234375, ""2026-01-29"": 8320.3896484375, ""2026-01-30"": 7998.47021484375, ""2026-02-02"": 8134.48828125}","{""metric"": ""Market_ADR"", ""2025-12-18"": 61.7, ""2025-12-19"": 131.39, ""2025-12-22"": 97.41, ""2025-12-23"": 32.29, ""2025-12-24"": 60.54, ""2025-12-26"": 37.91, ""2025-12-29"": 88.09, ""2025-12-30"": 74.29, ""2026-01-02"": 71.11, ""2026-01-05"": 89.71, ""2026-01-06"": 63.36, ""2026-01-07"": 33.14, ""2026-01-08"": 30.17, ""2026-01-09"": 121.26, ""2026-01-12"": 131.65, ""2026-01-13"": 81.94, ""2026-01-14"": 138.21, ""2026-01-15"": 106.74, ""2026-01-16"": 60.28, ""2026-01-19"": 82.11, ""2026-01-20"": 282.72, ""2026-01-21"": 54.03, ""2026-01-22"": 136.53, ""2026-01-23"": 212.46, ""2026-01-26"": 107.47, ""2026-01-27"": 93.31, ""2026-01-28"": 71.24, ""2026-01-29"": 193.49, ""2026-01-30"": 52.94, ""2026-02-02"": 19.67}",2026-02-02 23:54
174350,TIGER 로우볼,18790,-3.09,2.26,-23.4,176.8,A3,추세 전환 시도 중,"{""Ticker"": ""^SOX"", ""2025-12-18"": 6863.6298828125, ""2025-12-19"": 7067.8701171875, ""2025-12-22"": 7145.56982421875, ""2025-12-23"": 7184.5400390625, ""2025-12-24"": 7204.3701171875, ""2025-12-26"": 7207.64013671875, ""2025-12-29"": 7178.27001953125, ""2025-12-30"": 7169.10009765625, ""2025-12-31"": 7083.1298828125, ""2026-01-02"": 7367.47021484375, ""2026-01-05"": 7446.4501953125, ""2026-01-06"": 7650.93017578125, ""2026-01-07"": 7574.8701171875, ""2026-01-08"": 7436.10009765625, ""2026-01-09"": 7638.77978515625, ""2026-01-12"": 7674.83984375, ""2026-01-13"": 7747.990234375, ""2026-01-14"": 7701.47021484375, ""2026-01-15"": 7837.2998046875, ""2026-01-16"": 7927.41015625, ""2026-01-19"": NaN, ""2026-01-20"": 7794.18994140625, ""2026-01-21"": 8042.06982421875, ""2026-01-22"": 8055.169921875, ""2026-01-23"": 7957.93017578125, ""2026-01-26"": 7927.0400390625, ""2026-01-27"": 8117.18017578125, ""2026-01-28"": 8306.740234375, ""2026-01-29"": 8320.3896484375, ""2026-01-30"": 7998.47021484375, ""2026-02-02"": 8134.48828125}","{""metric"": ""Market_ADR"", ""2025-12-18"": 61.7, ""2025-12-19"": 131.39, ""2025-12-22"": 97.41, ""2025-12-23"": 32.29, ""2025-12-24"": 60.54, ""2025-12-26"": 37.91, ""2025-12-29"": 88.09, ""2025-12-30"": 74.29, ""2026-01-02"": 71.11, ""2026-01-05"": 89.71, ""2026-01-06"": 63.36, ""2026-01-07"": 33.14, ""2026-01-08"": 30.17, ""2026-01-09"": 121.26, ""2026-01-12"": 131.65, ""2026-01-13"": 81.94, ""2026-01-14"": 138.21, ""2026-01-15"": 106.74, ""2026-01-16"": 60.28, ""2026-01-19"": 82.11, ""2026-01-20"": 282.72, ""2026-01-21"": 54.03, ""2026-01-22"": 136.53, ""2026-01-23"": 212.46, ""2026-01-26"": 107.47, ""2026-01-27"": 93.31, ""2026-01-28"": 71.24, ""2026-01-29"": 193.49, ""2026-01-30"": 52.94, ""2026-02-02"": 19.67}",2026-02-02 23:54
424460,HANARO 글로벌워터MSCI(합성),16195,1.03,1.09,-23.91,34.6,A1,단기 반짝 가능성 체크,"{""Ticker"": ""^SOX"", ""2025-12-18"": 6863.6298828125, ""2025-12-19"": 7067.8701171875, ""2025-12-22"": 7145.56982421875, ""2025-12-23"": 7184.5400390625, ""2025-12-24"": 7204.3701171875, ""2025-12-26"": 7207.64013671875, ""2025-12-29"": 7178.27001953125, ""2025-12-30"": 7169.10009765625, ""2025-12-31"": 7083.1298828125, ""2026-01-02"": 7367.47021484375, ""2026-01-05"": 7446.4501953125, ""2026-01-06"": 7650.93017578125, ""2026-01-07"": 7574.8701171875, ""2026-01-08"": 7436.10009765625, ""2026-01-09"": 7638.77978515625, ""2026-01-12"": 7674.83984375, ""2026-01-13"": 7747.990234375, ""2026-01-14"": 7701.47021484375, ""2026-01-15"": 7837.2998046875, ""2026-01-16"": 7927.41015625, ""2026-01-19"": NaN, ""2026-01-20"": 7794.18994140625, ""2026-01-21"": 8042.06982421875, ""2026-01-22"": 8055.169921875, ""2026-01-23"": 7957.93017578125, ""2026-01-26"": 7927.0400390625, ""2026-01-27"": 8117.18017578125, ""2026-01-28"": 8306.740234375, ""2026-01-29"": 8320.3896484375, ""2026-01-30"": 7998.47021484375, ""2026-02-02"": 8134.48828125}","{""metric"": ""Market_ADR"", ""2025-12-18"": 61.7, ""2025-12-19"": 131.39, ""2025-12-22"": 97.41, ""2025-12-23"": 32.29, ""2025-12-24"": 60.54, ""2025-12-26"": 37.91, ""2025-12-29"": 88.09, ""2025-12-30"": 74.29, ""2026-01-02"": 71.11, ""2026-01-05"": 89.71, ""2026-01-06"": 63.36, ""2026-01-07"": 33.14, ""2026-01-08"": 30.17, ""2026-01-09"": 121.26, ""2026-01-12"": 131.65, ""2026-01-13"": 81.94, ""2026-01-14"": 138.21, ""2026-01-15"": 106.74, ""2026-01-16"": 60.28, ""2026-01-19"": 82.11, ""2026-01-20"": 282.72, ""2026-01-21"": 54.03, ""2026-01-22"": 136.53, ""2026-01-23"": 212.46, ""2026-01-26"": 107.47, ""2026-01-27"": 93.31, ""2026-01-28"": 71.24, ""2026-01-29"": 193.49, ""2026-01-30"": 52.94, ""2026-02-02"": 19.67}",2026-02-02 23:54
0115C0,RISE 미국고배당다우존스TOP10,11190,2.61,2.85,-23.91,137.8,A3,추세 전환 시도 중,"{""Ticker"": ""^SOX"", ""2025-12-18"": 6863.6298828125, ""2025-12-19"": 7067.8701171875, ""2025-12-22"": 7145.56982421875, ""2025-12-23"": 7184.5400390625, ""2025-12-24"": 7204.3701171875, ""2025-12-26"": 7207.64013671875, ""2025-12-29"": 7178.27001953125, ""2025-12-30"": 7169.10009765625, ""2025-12-31"": 7083.1298828125, ""2026-01-02"": 7367.47021484375, ""2026-01-05"": 7446.4501953125, ""2026-01-06"": 7650.93017578125, ""2026-01-07"": 7574.8701171875, ""2026-01-08"": 7436.10009765625, ""2026-01-09"": 7638.77978515625, ""2026-01-12"": 7674.83984375, ""2026-01-13"": 7747.990234375, ""2026-01-14"": 7701.47021484375, ""2026-01-15"": 7837.2998046875, ""2026-01-16"": 7927.41015625, ""2026-01-19"": NaN, ""2026-01-20"": 7794.18994140625, ""2026-01-21"": 8042.06982421875, ""2026-01-22"": 8055.169921875, ""2026-01-23"": 7957.93017578125, ""2026-01-26"": 7927.0400390625, ""2026-01-27"": 8117.18017578125, ""2026-01-28"": 8306.740234375, ""2026-01-29"": 8320.3896484375, ""2026-01-30"": 7998.47021484375, ""2026-02-02"": 8134.48828125}","{""metric"": ""Market_ADR"", ""2025-12-18"": 61.7, ""2025-12-19"": 131.39, ""2025-12-22"": 97.41, ""2025-12-23"": 32.29, ""2025-12-24"": 60.54, ""2025-12-26"": 37.91, ""2025-12-29"": 88.09, ""2025-12-30"": 74.29, ""2026-01-02"": 71.11, ""2026-01-05"": 89.71, ""2026-01-06"": 63.36, ""2026-01-07"": 33.14, ""2026-01-08"": 30.17, ""2026-01-09"": 121.26, ""2026-01-12"": 131.65, ""2026-01-13"": 81.94, ""2026-01-14"": 138.21, ""2026-01-15"": 106.74, ""2026-01-16"": 60.28, ""2026-01-19"": 82.11, ""2026-01-20"": 282.72, ""2026-01-21"": 54.03, ""2026-01-22"": 136.53, ""2026-01-23"": 212.46, ""2026-01-26"": 107.47, ""2026-01-27"": 93.31, ""2026-01-28"": 71.24, ""2026-01-29"": 193.49, ""2026-01-30"": 52.94, ""2026-02-02"": 19.67}",2026-02-02 23:54
458760,TIGER 미국배당다우존스타겟커버드콜2호,10490,2.84,1.06,-23.98,211.0,A4,추세 전환 시도 중,"{""Ticker"": ""^SOX"", ""2025-12-18"": 6863.6298828125, ""2025-12-19"": 7067.8701171875, ""2025-12-22"": 7145.56982421875, ""2025-12-23"": 7184.5400390625, ""2025-12-24"": 7204.3701171875, ""2025-12-26"": 7207.64013671875, ""2025-12-29"": 7178.27001953125, ""2025-12-30"": 7169.10009765625, ""2025-12-31"": 7083.1298828125, ""2026-01-02"": 7367.47021484375, ""2026-01-05"": 7446.4501953125, ""2026-01-06"": 7650.93017578125, ""2026-01-07"": 7574.8701171875, ""2026-01-08"": 7436.10009765625, ""2026-01-09"": 7638.77978515625, ""2026-01-12"": 7674.83984375, ""2026-01-13"": 7747.990234375, ""2026-01-14"": 7701.47021484375, ""2026-01-15"": 7837.2998046875, ""2026-01-16"": 7927.41015625, ""2026-01-19"": NaN, ""2026-01-20"": 7794.18994140625, ""2026-01-21"": 8042.06982421875, ""2026-01-22"": 8055.169921875, ""2026-01-23"": 7957.93017578125, ""2026-01-26"": 7927.0400390625, ""2026-01-27"": 8117.18017578125, ""2026-01-28"": 8306.740234375, ""2026-01-29"": 8320.3896484375, ""2026-01-30"": 7998.47021484375, ""2026-02-02"": 8134.48828125}","{""metric"": ""Market_ADR"", ""2025-12-18"": 61.7, ""2025-12-19"": 131.39, ""2025-12-22"": 97.41, ""2025-12-23"": 32.29, ""2025-12-24"": 60.54, ""2025-12-26"": 37.91, ""2025-12-29"": 88.09, ""2025-12-30"": 74.29, ""2026-01-02"": 71.11, ""2026-01-05"": 89.71, ""2026-01-06"": 63.36, ""2026-01-07"": 33.14, ""2026-01-08"": 30.17, ""2026-01-09"": 121.26, ""2026-01-12"": 131.65, ""2026-01-13"": 81.94, ""2026-01-14"": 138.21, ""2026-01-15"": 106.74, ""2026-01-16"": 60.28, ""2026-01-19"": 82.11, ""2026-01-20"": 282.72, ""2026-01-21"": 54.03, ""2026-01-22"": 136.53, ""2026-01-23"": 212.46, ""2026-01-26"": 107.47, ""2026-01-27"": 93.31, ""2026-01-28"": 71.24, ""2026-01-29"": 193.49, ""2026-01-30"": 52.94, ""2026-02-02"": 19.67}",2026-02-02 23:54
269420,KODEX S&P글로벌인프라(합성),22765,1.38,3.31,-24.02,94.3,A3,추세 전환 시도 중,"{""Ticker"": ""^SOX"", ""2025-12-18"": 6863.6298828125, ""2025-12-19"": 7067.8701171875, ""2025-12-22"": 7145.56982421875, ""2025-12-23"": 7184.5400390625, ""2025-12-24"": 7204.3701171875, ""2025-12-26"": 7207.64013671875, ""2025-12-29"": 7178.27001953125, ""2025-12-30"": 7169.10009765625, ""2025-12-31"": 7083.1298828125, ""2026-01-02"": 7367.47021484375, ""2026-01-05"": 7446.4501953125, ""2026-01-06"": 7650.93017578125, ""2026-01-07"": 7574.8701171875, ""2026-01-08"": 7436.10009765625, ""2026-01-09"": 7638.77978515625, ""2026-01-12"": 7674.83984375, ""2026-01-13"": 7747.990234375, ""2026-01-14"": 7701.47021484375, ""2026-01-15"": 7837.2998046875, ""2026-01-16"": 7927.41015625, ""2026-01-19"": NaN, ""2026-01-20"": 7794.18994140625, ""2026-01-21"": 8042.06982421875, ""2026-01-22"": 8055.169921875, ""2026-01-23"": 7957.93017578125, ""2026-01-26"": 7927.0400390625, ""2026-01-27"": 8117.18017578125, ""2026-01-28"": 8306.740234375, ""2026-01-29"": 8320.3896484375, ""2026-01-30"": 7998.47021484375, ""2026-02-02"": 8134.48828125}","{""metric"": ""Market_ADR"", ""2025-12-18"": 61.7, ""2025-12-19"": 131.39, ""2025-12-22"": 97.41, ""2025-12-23"": 32.29, ""2025-12-24"": 60.54, ""2025-12-26"": 37.91, ""2025-12-29"": 88.09, ""2025-12-30"": 74.29, ""2026-01-02"": 71.11, ""2026-01-05"": 89.71, ""2026-01-06"": 63.36, ""2026-01-07"": 33.14, ""2026-01-08"": 30.17, ""2026-01-09"": 121.26, ""2026-01-12"": 131.65, ""2026-01-13"": 81.94, ""2026-01-14"": 138.21, ""2026-01-15"": 106.74, ""2026-01-16"": 60.28, ""2026-01-19"": 82.11, ""2026-01-20"": 282.72, ""2026-01-21"": 54.03, ""2026-01-22"": 136.53, ""2026-01-23"": 212.46, ""2026-01-26"": 107.47, ""2026-01-27"": 93.31, ""2026-01-28"": 71.24, ""2026-01-29"": 193.49, ""2026-01-30"": 52.94, ""2026-02-02"": 19.67}",2026-02-02 23:54
0127M0,ACE 미국대형가치주액티브,10775,0.65,1.46,-24.02,70.7,A1,단기 반짝 가능성 체크,"{""Ticker"": ""^SOX"", ""2025-12-18"": 6863.6298828125, ""2025-12-19"": 7067.8701171875, ""2025-12-22"": 7145.56982421875, ""2025-12-23"": 7184.5400390625, ""2025-12-24"": 7204.3701171875, ""2025-12-26"": 7207.64013671875, ""2025-12-29"": 7178.27001953125, ""2025-12-30"": 7169.10009765625, ""2025-12-31"": 7083.1298828125, ""2026-01-02"": 7367.47021484375, ""2026-01-05"": 7446.4501953125, ""2026-01-06"": 7650.93017578125, ""2026-01-07"": 7574.8701171875, ""2026-01-08"": 7436.10009765625, ""2026-01-09"": 7638.77978515625, ""2026-01-12"": 7674.83984375, ""2026-01-13"": 7747.990234375, ""2026-01-14"": 7701.47021484375, ""2026-01-15"": 7837.2998046875, ""2026-01-16"": 7927.41015625, ""2026-01-19"": NaN, ""2026-01-20"": 7794.18994140625, ""2026-01-21"": 8042.06982421875, ""2026-01-22"": 8055.169921875, ""2026-01-23"": 7957.93017578125, ""2026-01-26"": 7927.0400390625, ""2026-01-27"": 8117.18017578125, ""2026-01-28"": 8306.740234375, ""2026-01-29"": 8320.3896484375, ""2026-01-30"": 7998.47021484375, ""2026-02-02"": 8134.48828125}","{""metric"": ""Market_ADR"", ""2025-12-18"": 61.7, ""2025-12-19"": 131.39, ""2025-12-22"": 97.41, ""2025-12-23"": 32.29, ""2025-12-24"": 60.54, ""2025-12-26"": 37.91, ""2025-12-29"": 88.09, ""2025-12-30"": 74.29, ""2026-01-02"": 71.11, ""2026-01-05"": 89.71, ""2026-01-06"": 63.36, ""2026-01-07"": 33.14, ""2026-01-08"": 30.17, ""2026-01-09"": 121.26, ""2026-01-12"": 131.65, ""2026-01-13"": 81.94, ""2026-01-14"": 138.21, ""2026-01-15"": 106.74, ""2026-01-16"": 60.28, ""2026-01-19"": 82.11, ""2026-01-20"": 282.72, ""2026-01-21"": 54.03, ""2026-01-22"": 136.53, ""2026-01-23"": 212.46, ""2026-01-26"": 107.47, ""2026-01-27"": 93.31, ""2026-01-28"": 71.24, ""2026-01-29"": 193.49, ""2026-01-30"": 52.94, ""2026-02-02"": 19.67}",2026-02-02 23:54
266550,PLUS 중형주저변동50,16095,-1.98,0.37,-24.42,557.0,F5,시장 소외주: 관망 권고,"{""Ticker"": ""^SOX"", ""2025-12-18"": 6863.6298828125, ""2025-12-19"": 7067.8701171875, ""2025-12-22"": 7145.56982421875, ""2025-12-23"": 7184.5400390625, ""2025-12-24"": 7204.3701171875, ""2025-12-26"": 7207.64013671875, ""2025-12-29"": 7178.27001953125, ""2025-12-30"": 7169.10009765625, ""2025-12-31"": 7083.1298828125, ""2026-01-02"": 7367.47021484375, ""2026-01-05"": 7446.4501953125, ""2026-01-06"": 7650.93017578125, ""2026-01-07"": 7574.8701171875, ""2026-01-08"": 7436.10009765625, ""2026-01-09"": 7638.77978515625, ""2026-01-12"": 7674.83984375, ""2026-01-13"": 7747.990234375, ""2026-01-14"": 7701.47021484375, ""2026-01-15"": 7837.2998046875, ""2026-01-16"": 7927.41015625, ""2026-01-19"": NaN, ""2026-01-20"": 7794.18994140625, ""2026-01-21"": 8042.06982421875, ""2026-01-22"": 8055.169921875, ""2026-01-23"": 7957.93017578125, ""2026-01-26"": 7927.0400390625, ""2026-01-27"": 8117.18017578125, ""2026-01-28"": 8306.740234375, ""2026-01-29"": 8320.3896484375, ""2026-01-30"": 7998.47021484375, ""2026-02-02"": 8134.48828125}","{""metric"": ""Market_ADR"", ""2025-12-18"": 61.7, ""2025-12-19"": 131.39, ""2025-12-22"": 97.41, ""2025-12-23"": 32.29, ""2025-12-24"": 60.54, ""2025-12-26"": 37.91, ""2025-12-29"": 88.09, ""2025-12-30"": 74.29, ""2026-01-02"": 71.11, ""2026-01-05"": 89.71, ""2026-01-06"": 63.36, ""2026-01-07"": 33.14, ""2026-01-08"": 30.17, ""2026-01-09"": 121.26, ""2026-01-12"": 131.65, ""2026-01-13"": 81.94, ""2026-01-14"": 138.21, ""2026-01-15"": 106.74, ""2026-01-16"": 60.28, ""2026-01-19"": 82.11, ""2026-01-20"": 282.72, ""2026-01-21"": 54.03, ""2026-01-22"": 136.53, ""2026-01-23"": 212.46, ""2026-01-26"": 107.47, ""2026-01-27"": 93.31, ""2026-01-28"": 71.24, ""2026-01-29"": 193.49, ""2026-01-30"": 52.94, ""2026-02-02"": 19.67}",2026-02-02 23:54
244670,KODEX 밸류Plus,11040,-3.75,0.91,-24.58,303.1,A5,추세 전환 시도 중,"{""Ticker"": ""^SOX"", ""2025-12-18"": 6863.6298828125, ""2025-12-19"": 7067.8701171875, ""2025-12-22"": 7145.56982421875, ""2025-12-23"": 7184.5400390625, ""2025-12-24"": 7204.3701171875, ""2025-12-26"": 7207.64013671875, ""2025-12-29"": 7178.27001953125, ""2025-12-30"": 7169.10009765625, ""2025-12-31"": 7083.1298828125, ""2026-01-02"": 7367.47021484375, ""2026-01-05"": 7446.4501953125, ""2026-01-06"": 7650.93017578125, ""2026-01-07"": 7574.8701171875, ""2026-01-08"": 7436.10009765625, ""2026-01-09"": 7638.77978515625, ""2026-01-12"": 7674.83984375, ""2026-01-13"": 7747.990234375, ""2026-01-14"": 7701.47021484375, ""2026-01-15"": 7837.2998046875, ""2026-01-16"": 7927.41015625, ""2026-01-19"": NaN, ""2026-01-20"": 7794.18994140625, ""2026-01-21"": 8042.06982421875, ""2026-01-22"": 8055.169921875, ""2026-01-23"": 7957.93017578125, ""2026-01-26"": 7927.0400390625, ""2026-01-27"": 8117.18017578125, ""2026-01-28"": 8306.740234375, ""2026-01-29"": 8320.3896484375, ""2026-01-30"": 7998.47021484375, ""2026-02-02"": 8134.48828125}","{""metric"": ""Market_ADR"", ""2025-12-18"": 61.7, ""2025-12-19"": 131.39, ""2025-12-22"": 97.41, ""2025-12-23"": 32.29, ""2025-12-24"": 60.54, ""2025-12-26"": 37.91, ""2025-12-29"": 88.09, ""2025-12-30"": 74.29, ""2026-01-02"": 71.11, ""2026-01-05"": 89.71, ""2026-01-06"": 63.36, ""2026-01-07"": 33.14, ""2026-01-08"": 30.17, ""2026-01-09"": 121.26, ""2026-01-12"": 131.65, ""2026-01-13"": 81.94, ""2026-01-14"": 138.21, ""2026-01-15"": 106.74, ""2026-01-16"": 60.28, ""2026-01-19"": 82.11, ""2026-01-20"": 282.72, ""2026-01-21"": 54.03, ""2026-01-22"": 136.53, ""2026-01-23"": 212.46, ""2026-01-26"": 107.47, ""2026-01-27"": 93.31, ""2026-01-28"": 71.24, ""2026-01-29"": 193.49, ""2026-01-30"": 52.94, ""2026-02-02"": 19.67}",2026-02-02 23:54
483290,KODEX 미국배당다우존스타겟커버드콜,9990,2.72,0.91,-24.71,183.2,A3,추세 전환 시도 중,"{""Ticker"": ""^SOX"", ""2025-12-18"": 6863.6298828125, ""2025-12-19"": 7067.8701171875, ""2025-12-22"": 7145.56982421875, ""2025-12-23"": 7184.5400390625, ""2025-12-24"": 7204.3701171875, ""2025-12-26"": 7207.64013671875, ""2025-12-29"": 7178.27001953125, ""2025-12-30"": 7169.10009765625, ""2025-12-31"": 7083.1298828125, ""2026-01-02"": 7367.47021484375, ""2026-01-05"": 7446.4501953125, ""2026-01-06"": 7650.93017578125, ""2026-01-07"": 7574.8701171875, ""2026-01-08"": 7436.10009765625, ""2026-01-09"": 7638.77978515625, ""2026-01-12"": 7674.83984375, ""2026-01-13"": 7747.990234375, ""2026-01-14"": 7701.47021484375, ""2026-01-15"": 7837.2998046875, ""2026-01-16"": 7927.41015625, ""2026-01-19"": NaN, ""2026-01-20"": 7794.18994140625, ""2026-01-21"": 8042.06982421875, ""2026-01-22"": 8055.169921875, ""2026-01-23"": 7957.93017578125, ""2026-01-26"": 7927.0400390625, ""2026-01-27"": 8117.18017578125, ""2026-01-28"": 8306.740234375, ""2026-01-29"": 8320.3896484375, ""2026-01-30"": 7998.47021484375, ""2026-02-02"": 8134.48828125}","{""metric"": ""Market_ADR"", ""2025-12-18"": 61.7, ""2025-12-19"": 131.39, ""2025-12-22"": 97.41, ""2025-12-23"": 32.29, ""2025-12-24"": 60.54, ""2025-12-26"": 37.91, ""2025-12-29"": 88.09, ""2025-12-30"": 74.29, ""2026-01-02"": 71.11, ""2026-01-05"": 89.71, ""2026-01-06"": 63.36, ""2026-01-07"": 33.14, ""2026-01-08"": 30.17, ""2026-01-09"": 121.26, ""2026-01-12"": 131.65, ""2026-01-13"": 81.94, ""2026-01-14"": 138.21, ""2026-01-15"": 106.74, ""2026-01-16"": 60.28, ""2026-01-19"": 82.11, ""2026-01-20"": 282.72, ""2026-01-21"": 54.03, ""2026-01-22"": 136.53, ""2026-01-23"": 212.46, ""2026-01-26"": 107.47, ""2026-01-27"": 93.31, ""2026-01-28"": 71.24, ""2026-01-29"": 193.49, ""2026-01-30"": 52.94, ""2026-02-02"": 19.67}",2026-02-02 23:54
453630,KODEX 미국S&P500필수소비재,12795,3.27,1.19,-24.76,244.7,A4,추세 전환 시도 중,"{""Ticker"": ""^SOX"", ""2025-12-18"": 6863.6298828125, ""2025-12-19"": 7067.8701171875, ""2025-12-22"": 7145.56982421875, ""2025-12-23"": 7184.5400390625, ""2025-12-24"": 7204.3701171875, ""2025-12-26"": 7207.64013671875, ""2025-12-29"": 7178.27001953125, ""2025-12-30"": 7169.10009765625, ""2025-12-31"": 7083.1298828125, ""2026-01-02"": 7367.47021484375, ""2026-01-05"": 7446.4501953125, ""2026-01-06"": 7650.93017578125, ""2026-01-07"": 7574.8701171875, ""2026-01-08"": 7436.10009765625, ""2026-01-09"": 7638.77978515625, ""2026-01-12"": 7674.83984375, ""2026-01-13"": 7747.990234375, ""2026-01-14"": 7701.47021484375, ""2026-01-15"": 7837.2998046875, ""2026-01-16"": 7927.41015625, ""2026-01-19"": NaN, ""2026-01-20"": 7794.18994140625, ""2026-01-21"": 8042.06982421875, ""2026-01-22"": 8055.169921875, ""2026-01-23"": 7957.93017578125, ""2026-01-26"": 7927.0400390625, ""2026-01-27"": 8117.18017578125, ""2026-01-28"": 8306.740234375, ""2026-01-29"": 8320.3896484375, ""2026-01-30"": 7998.47021484375, ""2026-02-02"": 8134.48828125}","{""metric"": ""Market_ADR"", ""2025-12-18"": 61.7, ""2025-12-19"": 131.39, ""2025-12-22"": 97.41, ""2025-12-23"": 32.29, ""2025-12-24"": 60.54, ""2025-12-26"": 37.91, ""2025-12-29"": 88.09, ""2025-12-30"": 74.29, ""2026-01-02"": 71.11, ""2026-01-05"": 89.71, ""2026-01-06"": 63.36, ""2026-01-07"": 33.14, ""2026-01-08"": 30.17, ""2026-01-09"": 121.26, ""2026-01-12"": 131.65, ""2026-01-13"": 81.94, ""2026-01-14"": 138.21, ""2026-01-15"": 106.74, ""2026-01-16"": 60.28, ""2026-01-19"": 82.11, ""2026-01-20"": 282.72, ""2026-01-21"": 54.03, ""2026-01-22"": 136.53, ""2026-01-23"": 212.46, ""2026-01-26"": 107.47, ""2026-01-27"": 93.31, ""2026-01-28"": 71.24, ""2026-01-29"": 193.49, ""2026-01-30"": 52.94, ""2026-02-02"": 19.67}",2026-02-02 23:54
459750,RISE 글로벌주식분산액티브,17220,0.38,1.29,-24.95,99.0,A3,추세 전환 시도 중,"{""Ticker"": ""^SOX"", ""2025-12-18"": 6863.6298828125, ""2025-12-19"": 7067.8701171875, ""2025-12-22"": 7145.56982421875, ""2025-12-23"": 7184.5400390625, ""2025-12-24"": 7204.3701171875, ""2025-12-26"": 7207.64013671875, ""2025-12-29"": 7178.27001953125, ""2025-12-30"": 7169.10009765625, ""2025-12-31"": 7083.1298828125, ""2026-01-02"": 7367.47021484375, ""2026-01-05"": 7446.4501953125, ""2026-01-06"": 7650.93017578125, ""2026-01-07"": 7574.8701171875, ""2026-01-08"": 7436.10009765625, ""2026-01-09"": 7638.77978515625, ""2026-01-12"": 7674.83984375, ""2026-01-13"": 7747.990234375, ""2026-01-14"": 7701.47021484375, ""2026-01-15"": 7837.2998046875, ""2026-01-16"": 7927.41015625, ""2026-01-19"": NaN, ""2026-01-20"": 7794.18994140625, ""2026-01-21"": 8042.06982421875, ""2026-01-22"": 8055.169921875, ""2026-01-23"": 7957.93017578125, ""2026-01-26"": 7927.0400390625, ""2026-01-27"": 8117.18017578125, ""2026-01-28"": 8306.740234375, ""2026-01-29"": 8320.3896484375, ""2026-01-30"": 7998.47021484375, ""2026-02-02"": 8134.48828125}","{""metric"": ""Market_ADR"", ""2025-12-18"": 61.7, ""2025-12-19"": 131.39, ""2025-12-22"": 97.41, ""2025-12-23"": 32.29, ""2025-12-24"": 60.54, ""2025-12-26"": 37.91, ""2025-12-29"": 88.09, ""2025-12-30"": 74.29, ""2026-01-02"": 71.11, ""2026-01-05"": 89.71, ""2026-01-06"": 63.36, ""2026-01-07"": 33.14, ""2026-01-08"": 30.17, ""2026-01-09"": 121.26, ""2026-01-12"": 131.65, ""2026-01-13"": 81.94, ""2026-01-14"": 138.21, ""2026-01-15"": 106.74, ""2026-01-16"": 60.28, ""2026-01-19"": 82.11, ""2026-01-20"": 282.72, ""2026-01-21"": 54.03, ""2026-01-22"": 136.53, ""2026-01-23"": 212.46, ""2026-01-26"": 107.47, ""2026-01-27"": 93.31, ""2026-01-28"": 71.24, ""2026-01-29"": 193.49, ""2026-01-30"": 52.94, ""2026-02-02"": 19.67}",2026-02-02 23:54
237440,TIGER 경기방어채권혼합,10380,-0.86,0.05,-25.21,249.2,F5,시장 소외주: 관망 권고,"{""Ticker"": ""^SOX"", ""2025-12-18"": 6863.6298828125, ""2025-12-19"": 7067.8701171875, ""2025-12-22"": 7145.56982421875, ""2025-12-23"": 7184.5400390625, ""2025-12-24"": 7204.3701171875, ""2025-12-26"": 7207.64013671875, ""2025-12-29"": 7178.27001953125, ""2025-12-30"": 7169.10009765625, ""2025-12-31"": 7083.1298828125, ""2026-01-02"": 7367.47021484375, ""2026-01-05"": 7446.4501953125, ""2026-01-06"": 7650.93017578125, ""2026-01-07"": 7574.8701171875, ""2026-01-08"": 7436.10009765625, ""2026-01-09"": 7638.77978515625, ""2026-01-12"": 7674.83984375, ""2026-01-13"": 7747.990234375, ""2026-01-14"": 7701.47021484375, ""2026-01-15"": 7837.2998046875, ""2026-01-16"": 7927.41015625, ""2026-01-19"": NaN, ""2026-01-20"": 7794.18994140625, ""2026-01-21"": 8042.06982421875, ""2026-01-22"": 8055.169921875, ""2026-01-23"": 7957.93017578125, ""2026-01-26"": 7927.0400390625, ""2026-01-27"": 8117.18017578125, ""2026-01-28"": 8306.740234375, ""2026-01-29"": 8320.3896484375, ""2026-01-30"": 7998.47021484375, ""2026-02-02"": 8134.48828125}","{""metric"": ""Market_ADR"", ""2025-12-18"": 61.7, ""2025-12-19"": 131.39, ""2025-12-22"": 97.41, ""2025-12-23"": 32.29, ""2025-12-24"": 60.54, ""2025-12-26"": 37.91, ""2025-12-29"": 88.09, ""2025-12-30"": 74.29, ""2026-01-02"": 71.11, ""2026-01-05"": 89.71, ""2026-01-06"": 63.36, ""2026-01-07"": 33.14, ""2026-01-08"": 30.17, ""2026-01-09"": 121.26, ""2026-01-12"": 131.65, ""2026-01-13"": 81.94, ""2026-01-14"": 138.21, ""2026-01-15"": 106.74, ""2026-01-16"": 60.28, ""2026-01-19"": 82.11, ""2026-01-20"": 282.72, ""2026-01-21"": 54.03, ""2026-01-22"": 136.53, ""2026-01-23"": 212.46, ""2026-01-26"": 107.47, ""2026-01-27"": 93.31, ""2026-01-28"": 71.24, ""2026-01-29"": 193.49, ""2026-01-30"": 52.94, ""2026-02-02"": 19.67}",2026-02-02 23:54
490490,SOL 미국배당미국채혼합50,11025,1.94,1.29,-25.39,111.4,A2,추세 전환 시도 중,"{""Ticker"": ""^SOX"", ""2025-12-18"": 6863.6298828125, ""2025-12-19"": 7067.8701171875, ""2025-12-22"": 7145.56982421875, ""2025-12-23"": 7184.5400390625, ""2025-12-24"": 7204.3701171875, ""2025-12-26"": 7207.64013671875, ""2025-12-29"": 7178.27001953125, ""2025-12-30"": 7169.10009765625, ""2025-12-31"": 7083.1298828125, ""2026-01-02"": 7367.47021484375, ""2026-01-05"": 7446.4501953125, ""2026-01-06"": 7650.93017578125, ""2026-01-07"": 7574.8701171875, ""2026-01-08"": 7436.10009765625, ""2026-01-09"": 7638.77978515625, ""2026-01-12"": 7674.83984375, ""2026-01-13"": 7747.990234375, ""2026-01-14"": 7701.47021484375, ""2026-01-15"": 7837.2998046875, ""2026-01-16"": 7927.41015625, ""2026-01-19"": NaN, ""2026-01-20"": 7794.18994140625, ""2026-01-21"": 8042.06982421875, ""2026-01-22"": 8055.169921875, ""2026-01-23"": 7957.93017578125, ""2026-01-26"": 7927.0400390625, ""2026-01-27"": 8117.18017578125, ""2026-01-28"": 8306.740234375, ""2026-01-29"": 8320.3896484375, ""2026-01-30"": 7998.47021484375, ""2026-02-02"": 8134.48828125}","{""metric"": ""Market_ADR"", ""2025-12-18"": 61.7, ""2025-12-19"": 131.39, ""2025-12-22"": 97.41, ""2025-12-23"": 32.29, ""2025-12-24"": 60.54, ""2025-12-26"": 37.91, ""2025-12-29"": 88.09, ""2025-12-30"": 74.29, ""2026-01-02"": 71.11, ""2026-01-05"": 89.71, ""2026-01-06"": 63.36, ""2026-01-07"": 33.14, ""2026-01-08"": 30.17, ""2026-01-09"": 121.26, ""2026-01-12"": 131.65, ""2026-01-13"": 81.94, ""2026-01-14"": 138.21, ""2026-01-15"": 106.74, ""2026-01-16"": 60.28, ""2026-01-19"": 82.11, ""2026-01-20"": 282.72, ""2026-01-21"": 54.03, ""2026-01-22"": 136.53, ""2026-01-23"": 212.46, ""2026-01-26"": 107.47, ""2026-01-27"": 93.31, ""2026-01-28"": 71.24, ""2026-01-29"": 193.49, ""2026-01-30"": 52.94, ""2026-02-02"": 19.67}",2026-02-02 23:54
0036D0,TIME 미국배당다우존스액티브,10730,1.23,1.37,-25.43,69.7,A2,추세 전환 시도 중,"{""Ticker"": ""^SOX"", ""2025-12-18"": 6863.6298828125, ""2025-12-19"": 7067.8701171875, ""2025-12-22"": 7145.56982421875, ""2025-12-23"": 7184.5400390625, ""2025-12-24"": 7204.3701171875, ""2025-12-26"": 7207.64013671875, ""2025-12-29"": 7178.27001953125, ""2025-12-30"": 7169.10009765625, ""2025-12-31"": 7083.1298828125, ""2026-01-02"": 7367.47021484375, ""2026-01-05"": 7446.4501953125, ""2026-01-06"": 7650.93017578125, ""2026-01-07"": 7574.8701171875, ""2026-01-08"": 7436.10009765625, ""2026-01-09"": 7638.77978515625, ""2026-01-12"": 7674.83984375, ""2026-01-13"": 7747.990234375, ""2026-01-14"": 7701.47021484375, ""2026-01-15"": 7837.2998046875, ""2026-01-16"": 7927.41015625, ""2026-01-19"": NaN, ""2026-01-20"": 7794.18994140625, ""2026-01-21"": 8042.06982421875, ""2026-01-22"": 8055.169921875, ""2026-01-23"": 7957.93017578125, ""2026-01-26"": 7927.0400390625, ""2026-01-27"": 8117.18017578125, ""2026-01-28"": 8306.740234375, ""2026-01-29"": 8320.3896484375, ""2026-01-30"": 7998.47021484375, ""2026-02-02"": 8134.48828125}","{""metric"": ""Market_ADR"", ""2025-12-18"": 61.7, ""2025-12-19"": 131.39, ""2025-12-22"": 97.41, ""2025-12-23"": 32.29, ""2025-12-24"": 60.54, ""2025-12-26"": 37.91, ""2025-12-29"": 88.09, ""2025-12-30"": 74.29, ""2026-01-02"": 71.11, ""2026-01-05"": 89.71, ""2026-01-06"": 63.36, ""2026-01-07"": 33.14, ""2026-01-08"": 30.17, ""2026-01-09"": 121.26, ""2026-01-12"": 131.65, ""2026-01-13"": 81.94, ""2026-01-14"": 138.21, ""2026-01-15"": 106.74, ""2026-01-16"": 60.28, ""2026-01-19"": 82.11, ""2026-01-20"": 282.72, ""2026-01-21"": 54.03, ""2026-01-22"": 136.53, ""2026-01-23"": 212.46, ""2026-01-26"": 107.47, ""2026-01-27"": 93.31, ""2026-01-28"": 71.24, ""2026-01-29"": 193.49, ""2026-01-30"": 52.94, ""2026-02-02"": 19.67}",2026-02-02 23:54
463690,KODEX 미국S&P500커뮤니케이션,19940,2.05,3.4,-25.52,203.5,A5,추세 전환 시도 중,"{""Ticker"": ""^SOX"", ""2025-12-18"": 6863.6298828125, ""2025-12-19"": 7067.8701171875, ""2025-12-22"": 7145.56982421875, ""2025-12-23"": 7184.5400390625, ""2025-12-24"": 7204.3701171875, ""2025-12-26"": 7207.64013671875, ""2025-12-29"": 7178.27001953125, ""2025-12-30"": 7169.10009765625, ""2025-12-31"": 7083.1298828125, ""2026-01-02"": 7367.47021484375, ""2026-01-05"": 7446.4501953125, ""2026-01-06"": 7650.93017578125, ""2026-01-07"": 7574.8701171875, ""2026-01-08"": 7436.10009765625, ""2026-01-09"": 7638.77978515625, ""2026-01-12"": 7674.83984375, ""2026-01-13"": 7747.990234375, ""2026-01-14"": 7701.47021484375, ""2026-01-15"": 7837.2998046875, ""2026-01-16"": 7927.41015625, ""2026-01-19"": NaN, ""2026-01-20"": 7794.18994140625, ""2026-01-21"": 8042.06982421875, ""2026-01-22"": 8055.169921875, ""2026-01-23"": 7957.93017578125, ""2026-01-26"": 7927.0400390625, ""2026-01-27"": 8117.18017578125, ""2026-01-28"": 8306.740234375, ""2026-01-29"": 8320.3896484375, ""2026-01-30"": 7998.47021484375, ""2026-02-02"": 8134.48828125}","{""metric"": ""Market_ADR"", ""2025-12-18"": 61.7, ""2025-12-19"": 131.39, ""2025-12-22"": 97.41, ""2025-12-23"": 32.29, ""2025-12-24"": 60.54, ""2025-12-26"": 37.91, ""2025-12-29"": 88.09, ""2025-12-30"": 74.29, ""2026-01-02"": 71.11, ""2026-01-05"": 89.71, ""2026-01-06"": 63.36, ""2026-01-07"": 33.14, ""2026-01-08"": 30.17, ""2026-01-09"": 121.26, ""2026-01-12"": 131.65, ""2026-01-13"": 81.94, ""2026-01-14"": 138.21, ""2026-01-15"": 106.74, ""2026-01-16"": 60.28, ""2026-01-19"": 82.11, ""2026-01-20"": 282.72, ""2026-01-21"": 54.03, ""2026-01-22"": 136.53, ""2026-01-23"": 212.46, ""2026-01-26"": 107.47, ""2026-01-27"": 93.31, ""2026-01-28"": 71.24, ""2026-01-29"": 193.49, ""2026-01-30"": 52.94, ""2026-02-02"": 19.67}",2026-02-02 23:54
373790,KIWOOM 미국방어배당성장나스닥,16370,3.71,3.28,-25.65,299.9,A4,추세 전환 시도 중,"{""Ticker"": ""^SOX"", ""2025-12-18"": 6863.6298828125, ""2025-12-19"": 7067.8701171875, ""2025-12-22"": 7145.56982421875, ""2025-12-23"": 7184.5400390625, ""2025-12-24"": 7204.3701171875, ""2025-12-26"": 7207.64013671875, ""2025-12-29"": 7178.27001953125, ""2025-12-30"": 7169.10009765625, ""2025-12-31"": 7083.1298828125, ""2026-01-02"": 7367.47021484375, ""2026-01-05"": 7446.4501953125, ""2026-01-06"": 7650.93017578125, ""2026-01-07"": 7574.8701171875, ""2026-01-08"": 7436.10009765625, ""2026-01-09"": 7638.77978515625, ""2026-01-12"": 7674.83984375, ""2026-01-13"": 7747.990234375, ""2026-01-14"": 7701.47021484375, ""2026-01-15"": 7837.2998046875, ""2026-01-16"": 7927.41015625, ""2026-01-19"": NaN, ""2026-01-20"": 7794.18994140625, ""2026-01-21"": 8042.06982421875, ""2026-01-22"": 8055.169921875, ""2026-01-23"": 7957.93017578125, ""2026-01-26"": 7927.0400390625, ""2026-01-27"": 8117.18017578125, ""2026-01-28"": 8306.740234375, ""2026-01-29"": 8320.3896484375, ""2026-01-30"": 7998.47021484375, ""2026-02-02"": 8134.48828125}","{""metric"": ""Market_ADR"", ""2025-12-18"": 61.7, ""2025-12-19"": 131.39, ""2025-12-22"": 97.41, ""2025-12-23"": 32.29, ""2025-12-24"": 60.54, ""2025-12-26"": 37.91, ""2025-12-29"": 88.09, ""2025-12-30"": 74.29, ""2026-01-02"": 71.11, ""2026-01-05"": 89.71, ""2026-01-06"": 63.36, ""2026-01-07"": 33.14, ""2026-01-08"": 30.17, ""2026-01-09"": 121.26, ""2026-01-12"": 131.65, ""2026-01-13"": 81.94, ""2026-01-14"": 138.21, ""2026-01-15"": 106.74, ""2026-01-16"": 60.28, ""2026-01-19"": 82.11, ""2026-01-20"": 282.72, ""2026-01-21"": 54.03, ""2026-01-22"": 136.53, ""2026-01-23"": 212.46, ""2026-01-26"": 107.47, ""2026-01-27"": 93.31, ""2026-01-28"": 71.24, ""2026-01-29"": 193.49, ""2026-01-30"": 52.94, ""2026-02-02"": 19.67}",2026-02-02 23:54
0127T0,KIWOOM 미국S&P500&배당다우존스비중전환,10385,1.07,1.22,-25.67,31.7,A1,단기 반짝 가능성 체크,"{""Ticker"": ""^SOX"", ""2025-12-18"": 6863.6298828125, ""2025-12-19"": 7067.8701171875, ""2025-12-22"": 7145.56982421875, ""2025-12-23"": 7184.5400390625, ""2025-12-24"": 7204.3701171875, ""2025-12-26"": 7207.64013671875, ""2025-12-29"": 7178.27001953125, ""2025-12-30"": 7169.10009765625, ""2025-12-31"": 7083.1298828125, ""2026-01-02"": 7367.47021484375, ""2026-01-05"": 7446.4501953125, ""2026-01-06"": 7650.93017578125, ""2026-01-07"": 7574.8701171875, ""2026-01-08"": 7436.10009765625, ""2026-01-09"": 7638.77978515625, ""2026-01-12"": 7674.83984375, ""2026-01-13"": 7747.990234375, ""2026-01-14"": 7701.47021484375, ""2026-01-15"": 7837.2998046875, ""2026-01-16"": 7927.41015625, ""2026-01-19"": NaN, ""2026-01-20"": 7794.18994140625, ""2026-01-21"": 8042.06982421875, ""2026-01-22"": 8055.169921875, ""2026-01-23"": 7957.93017578125, ""2026-01-26"": 7927.0400390625, ""2026-01-27"": 8117.18017578125, ""2026-01-28"": 8306.740234375, ""2026-01-29"": 8320.3896484375, ""2026-01-30"": 7998.47021484375, ""2026-02-02"": 8134.48828125}","{""metric"": ""Market_ADR"", ""2025-12-18"": 61.7, ""2025-12-19"": 131.39, ""2025-12-22"": 97.41, ""2025-12-23"": 32.29, ""2025-12-24"": 60.54, ""2025-12-26"": 37.91, ""2025-12-29"": 88.09, ""2025-12-30"": 74.29, ""2026-01-02"": 71.11, ""2026-01-05"": 89.71, ""2026-01-06"": 63.36, ""2026-01-07"": 33.14, ""2026-01-08"": 30.17, ""2026-01-09"": 121.26, ""2026-01-12"": 131.65, ""2026-01-13"": 81.94, ""2026-01-14"": 138.21, ""2026-01-15"": 106.74, ""2026-01-16"": 60.28, ""2026-01-19"": 82.11, ""2026-01-20"": 282.72, ""2026-01-21"": 54.03, ""2026-01-22"": 136.53, ""2026-01-23"": 212.46, ""2026-01-26"": 107.47, ""2026-01-27"": 93.31, ""2026-01-28"": 71.24, ""2026-01-29"": 193.49, ""2026-01-30"": 52.94, ""2026-02-02"": 19.67}",2026-02-02 23:54
244660,KODEX 퀄리티Plus,9525,-2.61,1.06,-25.68,0.8,A2,추세 전환 시도 중,"{""Ticker"": ""^SOX"", ""2025-12-18"": 6863.6298828125, ""2025-12-19"": 7067.8701171875, ""2025-12-22"": 7145.56982421875, ""2025-12-23"": 7184.5400390625, ""2025-12-24"": 7204.3701171875, ""2025-12-26"": 7207.64013671875, ""2025-12-29"": 7178.27001953125, ""2025-12-30"": 7169.10009765625, ""2025-12-31"": 7083.1298828125, ""2026-01-02"": 7367.47021484375, ""2026-01-05"": 7446.4501953125, ""2026-01-06"": 7650.93017578125, ""2026-01-07"": 7574.8701171875, ""2026-01-08"": 7436.10009765625, ""2026-01-09"": 7638.77978515625, ""2026-01-12"": 7674.83984375, ""2026-01-13"": 7747.990234375, ""2026-01-14"": 7701.47021484375, ""2026-01-15"": 7837.2998046875, ""2026-01-16"": 7927.41015625, ""2026-01-19"": NaN, ""2026-01-20"": 7794.18994140625, ""2026-01-21"": 8042.06982421875, ""2026-01-22"": 8055.169921875, ""2026-01-23"": 7957.93017578125, ""2026-01-26"": 7927.0400390625, ""2026-01-27"": 8117.18017578125, ""2026-01-28"": 8306.740234375, ""2026-01-29"": 8320.3896484375, ""2026-01-30"": 7998.47021484375, ""2026-02-02"": 8134.48828125}","{""metric"": ""Market_ADR"", ""2025-12-18"": 61.7, ""2025-12-19"": 131.39, ""2025-12-22"": 97.41, ""2025-12-23"": 32.29, ""2025-12-24"": 60.54, ""2025-12-26"": 37.91, ""2025-12-29"": 88.09, ""2025-12-30"": 74.29, ""2026-01-02"": 71.11, ""2026-01-05"": 89.71, ""2026-01-06"": 63.36, ""2026-01-07"": 33.14, ""2026-01-08"": 30.17, ""2026-01-09"": 121.26, ""2026-01-12"": 131.65, ""2026-01-13"": 81.94, ""2026-01-14"": 138.21, ""2026-01-15"": 106.74, ""2026-01-16"": 60.28, ""2026-01-19"": 82.11, ""2026-01-20"": 282.72, ""2026-01-21"": 54.03, ""2026-01-22"": 136.53, ""2026-01-23"": 212.46, ""2026-01-26"": 107.47, ""2026-01-27"": 93.31, ""2026-01-28"": 71.24, ""2026-01-29"": 193.49, ""2026-01-30"": 52.94, ""2026-02-02"": 19.67}",2026-02-02 23:54
480020,ACE 미국빅테크7+데일리타겟커버드콜(합성),12640,0.04,1.81,-25.72,207.1,A4,추세 전환 시도 중,"{""Ticker"": ""^SOX"", ""2025-12-18"": 6863.6298828125, ""2025-12-19"": 7067.8701171875, ""2025-12-22"": 7145.56982421875, ""2025-12-23"": 7184.5400390625, ""2025-12-24"": 7204.3701171875, ""2025-12-26"": 7207.64013671875, ""2025-12-29"": 7178.27001953125, ""2025-12-30"": 7169.10009765625, ""2025-12-31"": 7083.1298828125, ""2026-01-02"": 7367.47021484375, ""2026-01-05"": 7446.4501953125, ""2026-01-06"": 7650.93017578125, ""2026-01-07"": 7574.8701171875, ""2026-01-08"": 7436.10009765625, ""2026-01-09"": 7638.77978515625, ""2026-01-12"": 7674.83984375, ""2026-01-13"": 7747.990234375, ""2026-01-14"": 7701.47021484375, ""2026-01-15"": 7837.2998046875, ""2026-01-16"": 7927.41015625, ""2026-01-19"": NaN, ""2026-01-20"": 7794.18994140625, ""2026-01-21"": 8042.06982421875, ""2026-01-22"": 8055.169921875, ""2026-01-23"": 7957.93017578125, ""2026-01-26"": 7927.0400390625, ""2026-01-27"": 8117.18017578125, ""2026-01-28"": 8306.740234375, ""2026-01-29"": 8320.3896484375, ""2026-01-30"": 7998.47021484375, ""2026-02-02"": 8134.48828125}","{""metric"": ""Market_ADR"", ""2025-12-18"": 61.7, ""2025-12-19"": 131.39, ""2025-12-22"": 97.41, ""2025-12-23"": 32.29, ""2025-12-24"": 60.54, ""2025-12-26"": 37.91, ""2025-12-29"": 88.09, ""2025-12-30"": 74.29, ""2026-01-02"": 71.11, ""2026-01-05"": 89.71, ""2026-01-06"": 63.36, ""2026-01-07"": 33.14, ""2026-01-08"": 30.17, ""2026-01-09"": 121.26, ""2026-01-12"": 131.65, ""2026-01-13"": 81.94, ""2026-01-14"": 138.21, ""2026-01-15"": 106.74, ""2026-01-16"": 60.28, ""2026-01-19"": 82.11, ""2026-01-20"": 282.72, ""2026-01-21"": 54.03, ""2026-01-22"": 136.53, ""2026-01-23"": 212.46, ""2026-01-26"": 107.47, ""2026-01-27"": 93.31, ""2026-01-28"": 71.24, ""2026-01-29"": 193.49, ""2026-01-30"": 52.94, ""2026-02-02"": 19.67}",2026-02-02 23:54
329670,KODEX TRF7030,21635,1.19,1.07,-25.85,98.4,A2,추세 전환 시도 중,"{""Ticker"": ""^SOX"", ""2025-12-18"": 6863.6298828125, ""2025-12-19"": 7067.8701171875, ""2025-12-22"": 7145.56982421875, ""2025-12-23"": 7184.5400390625, ""2025-12-24"": 7204.3701171875, ""2025-12-26"": 7207.64013671875, ""2025-12-29"": 7178.27001953125, ""2025-12-30"": 7169.10009765625, ""2025-12-31"": 7083.1298828125, ""2026-01-02"": 7367.47021484375, ""2026-01-05"": 7446.4501953125, ""2026-01-06"": 7650.93017578125, ""2026-01-07"": 7574.8701171875, ""2026-01-08"": 7436.10009765625, ""2026-01-09"": 7638.77978515625, ""2026-01-12"": 7674.83984375, ""2026-01-13"": 7747.990234375, ""2026-01-14"": 7701.47021484375, ""2026-01-15"": 7837.2998046875, ""2026-01-16"": 7927.41015625, ""2026-01-19"": NaN, ""2026-01-20"": 7794.18994140625, ""2026-01-21"": 8042.06982421875, ""2026-01-22"": 8055.169921875, ""2026-01-23"": 7957.93017578125, ""2026-01-26"": 7927.0400390625, ""2026-01-27"": 8117.18017578125, ""2026-01-28"": 8306.740234375, ""2026-01-29"": 8320.3896484375, ""2026-01-30"": 7998.47021484375, ""2026-02-02"": 8134.48828125}","{""metric"": ""Market_ADR"", ""2025-12-18"": 61.7, ""2025-12-19"": 131.39, ""2025-12-22"": 97.41, ""2025-12-23"": 32.29, ""2025-12-24"": 60.54, ""2025-12-26"": 37.91, ""2025-12-29"": 88.09, ""2025-12-30"": 74.29, ""2026-01-02"": 71.11, ""2026-01-05"": 89.71, ""2026-01-06"": 63.36, ""2026-01-07"": 33.14, ""2026-01-08"": 30.17, ""2026-01-09"": 121.26, ""2026-01-12"": 131.65, ""2026-01-13"": 81.94, ""2026-01-14"": 138.21, ""2026-01-15"": 106.74, ""2026-01-16"": 60.28, ""2026-01-19"": 82.11, ""2026-01-20"": 282.72, ""2026-01-21"": 54.03, ""2026-01-22"": 136.53, ""2026-01-23"": 212.46, ""2026-01-26"": 107.47, ""2026-01-27"": 93.31, ""2026-01-28"": 71.24, ""2026-01-29"": 193.49, ""2026-01-30"": 52.94, ""2026-02-02"": 19.67}",2026-02-02 23:54
475380,RISE 글로벌리얼티인컴,10630,1.24,0.85,-25.99,98.6,A2,추세 전환 시도 중,"{""Ticker"": ""^SOX"", ""2025-12-18"": 6863.6298828125, ""2025-12-19"": 7067.8701171875, ""2025-12-22"": 7145.56982421875, ""2025-12-23"": 7184.5400390625, ""2025-12-24"": 7204.3701171875, ""2025-12-26"": 7207.64013671875, ""2025-12-29"": 7178.27001953125, ""2025-12-30"": 7169.10009765625, ""2025-12-31"": 7083.1298828125, ""2026-01-02"": 7367.47021484375, ""2026-01-05"": 7446.4501953125, ""2026-01-06"": 7650.93017578125, ""2026-01-07"": 7574.8701171875, ""2026-01-08"": 7436.10009765625, ""2026-01-09"": 7638.77978515625, ""2026-01-12"": 7674.83984375, ""2026-01-13"": 7747.990234375, ""2026-01-14"": 7701.47021484375, ""2026-01-15"": 7837.2998046875, ""2026-01-16"": 7927.41015625, ""2026-01-19"": NaN, ""2026-01-20"": 7794.18994140625, ""2026-01-21"": 8042.06982421875, ""2026-01-22"": 8055.169921875, ""2026-01-23"": 7957.93017578125, ""2026-01-26"": 7927.0400390625, ""2026-01-27"": 8117.18017578125, ""2026-01-28"": 8306.740234375, ""2026-01-29"": 8320.3896484375, ""2026-01-30"": 7998.47021484375, ""2026-02-02"": 8134.48828125}","{""metric"": ""Market_ADR"", ""2025-12-18"": 61.7, ""2025-12-19"": 131.39, ""2025-12-22"": 97.41, ""2025-12-23"": 32.29, ""2025-12-24"": 60.54, ""2025-12-26"": 37.91, ""2025-12-29"": 88.09, ""2025-12-30"": 74.29, ""2026-01-02"": 71.11, ""2026-01-05"": 89.71, ""2026-01-06"": 63.36, ""2026-01-07"": 33.14, ""2026-01-08"": 30.17, ""2026-01-09"": 121.26, ""2026-01-12"": 131.65, ""2026-01-13"": 81.94, ""2026-01-14"": 138.21, ""2026-01-15"": 106.74, ""2026-01-16"": 60.28, ""2026-01-19"": 82.11, ""2026-01-20"": 282.72, ""2026-01-21"": 54.03, ""2026-01-22"": 136.53, ""2026-01-23"": 212.46, ""2026-01-26"": 107.47, ""2026-01-27"": 93.31, ""2026-01-28"": 71.24, ""2026-01-29"": 193.49, ""2026-01-30"": 52.94, ""2026-02-02"": 19.67}",2026-02-02 23:54
261920,ACE MSCI필리핀(합성),13930,1.57,1.68,-26.2,58.8,A1,단기 반짝 가능성 체크,"{""Ticker"": ""^SOX"", ""2025-12-18"": 6863.6298828125, ""2025-12-19"": 7067.8701171875, ""2025-12-22"": 7145.56982421875, ""2025-12-23"": 7184.5400390625, ""2025-12-24"": 7204.3701171875, ""2025-12-26"": 7207.64013671875, ""2025-12-29"": 7178.27001953125, ""2025-12-30"": 7169.10009765625, ""2025-12-31"": 7083.1298828125, ""2026-01-02"": 7367.47021484375, ""2026-01-05"": 7446.4501953125, ""2026-01-06"": 7650.93017578125, ""2026-01-07"": 7574.8701171875, ""2026-01-08"": 7436.10009765625, ""2026-01-09"": 7638.77978515625, ""2026-01-12"": 7674.83984375, ""2026-01-13"": 7747.990234375, ""2026-01-14"": 7701.47021484375, ""2026-01-15"": 7837.2998046875, ""2026-01-16"": 7927.41015625, ""2026-01-19"": NaN, ""2026-01-20"": 7794.18994140625, ""2026-01-21"": 8042.06982421875, ""2026-01-22"": 8055.169921875, ""2026-01-23"": 7957.93017578125, ""2026-01-26"": 7927.0400390625, ""2026-01-27"": 8117.18017578125, ""2026-01-28"": 8306.740234375, ""2026-01-29"": 8320.3896484375, ""2026-01-30"": 7998.47021484375, ""2026-02-02"": 8134.48828125}","{""metric"": ""Market_ADR"", ""2025-12-18"": 61.7, ""2025-12-19"": 131.39, ""2025-12-22"": 97.41, ""2025-12-23"": 32.29, ""2025-12-24"": 60.54, ""2025-12-26"": 37.91, ""2025-12-29"": 88.09, ""2025-12-30"": 74.29, ""2026-01-02"": 71.11, ""2026-01-05"": 89.71, ""2026-01-06"": 63.36, ""2026-01-07"": 33.14, ""2026-01-08"": 30.17, ""2026-01-09"": 121.26, ""2026-01-12"": 131.65, ""2026-01-13"": 81.94, ""2026-01-14"": 138.21, ""2026-01-15"": 106.74, ""2026-01-16"": 60.28, ""2026-01-19"": 82.11, ""2026-01-20"": 282.72, ""2026-01-21"": 54.03, ""2026-01-22"": 136.53, ""2026-01-23"": 212.46, ""2026-01-26"": 107.47, ""2026-01-27"": 93.31, ""2026-01-28"": 71.24, ""2026-01-29"": 193.49, ""2026-01-30"": 52.94, ""2026-02-02"": 19.67}",2026-02-02 23:54
0107F0,KIWOOM 미국고배당&AI테크,10650,2.16,1.82,-26.33,99.3,A2,추세 전환 시도 중,"{""Ticker"": ""^SOX"", ""2025-12-18"": 6863.6298828125, ""2025-12-19"": 7067.8701171875, ""2025-12-22"": 7145.56982421875, ""2025-12-23"": 7184.5400390625, ""2025-12-24"": 7204.3701171875, ""2025-12-26"": 7207.64013671875, ""2025-12-29"": 7178.27001953125, ""2025-12-30"": 7169.10009765625, ""2025-12-31"": 7083.1298828125, ""2026-01-02"": 7367.47021484375, ""2026-01-05"": 7446.4501953125, ""2026-01-06"": 7650.93017578125, ""2026-01-07"": 7574.8701171875, ""2026-01-08"": 7436.10009765625, ""2026-01-09"": 7638.77978515625, ""2026-01-12"": 7674.83984375, ""2026-01-13"": 7747.990234375, ""2026-01-14"": 7701.47021484375, ""2026-01-15"": 7837.2998046875, ""2026-01-16"": 7927.41015625, ""2026-01-19"": NaN, ""2026-01-20"": 7794.18994140625, ""2026-01-21"": 8042.06982421875, ""2026-01-22"": 8055.169921875, ""2026-01-23"": 7957.93017578125, ""2026-01-26"": 7927.0400390625, ""2026-01-27"": 8117.18017578125, ""2026-01-28"": 8306.740234375, ""2026-01-29"": 8320.3896484375, ""2026-01-30"": 7998.47021484375, ""2026-02-02"": 8134.48828125}","{""metric"": ""Market_ADR"", ""2025-12-18"": 61.7, ""2025-12-19"": 131.39, ""2025-12-22"": 97.41, ""2025-12-23"": 32.29, ""2025-12-24"": 60.54, ""2025-12-26"": 37.91, ""2025-12-29"": 88.09, ""2025-12-30"": 74.29, ""2026-01-02"": 71.11, ""2026-01-05"": 89.71, ""2026-01-06"": 63.36, ""2026-01-07"": 33.14, ""2026-01-08"": 30.17, ""2026-01-09"": 121.26, ""2026-01-12"": 131.65, ""2026-01-13"": 81.94, ""2026-01-14"": 138.21, ""2026-01-15"": 106.74, ""2026-01-16"": 60.28, ""2026-01-19"": 82.11, ""2026-01-20"": 282.72, ""2026-01-21"": 54.03, ""2026-01-22"": 136.53, ""2026-01-23"": 212.46, ""2026-01-26"": 107.47, ""2026-01-27"": 93.31, ""2026-01-28"": 71.24, ""2026-01-29"": 193.49, ""2026-01-30"": 52.94, ""2026-02-02"": 19.67}",2026-02-02 23:54
444490,WON 미국S&P500,19015,0.74,0.77,-26.37,106.2,A2,추세 전환 시도 중,"{""Ticker"": ""^SOX"", ""2025-12-18"": 6863.6298828125, ""2025-12-19"": 7067.8701171875, ""2025-12-22"": 7145.56982421875, ""2025-12-23"": 7184.5400390625, ""2025-12-24"": 7204.3701171875, ""2025-12-26"": 7207.64013671875, ""2025-12-29"": 7178.27001953125, ""2025-12-30"": 7169.10009765625, ""2025-12-31"": 7083.1298828125, ""2026-01-02"": 7367.47021484375, ""2026-01-05"": 7446.4501953125, ""2026-01-06"": 7650.93017578125, ""2026-01-07"": 7574.8701171875, ""2026-01-08"": 7436.10009765625, ""2026-01-09"": 7638.77978515625, ""2026-01-12"": 7674.83984375, ""2026-01-13"": 7747.990234375, ""2026-01-14"": 7701.47021484375, ""2026-01-15"": 7837.2998046875, ""2026-01-16"": 7927.41015625, ""2026-01-19"": NaN, ""2026-01-20"": 7794.18994140625, ""2026-01-21"": 8042.06982421875, ""2026-01-22"": 8055.169921875, ""2026-01-23"": 7957.93017578125, ""2026-01-26"": 7927.0400390625, ""2026-01-27"": 8117.18017578125, ""2026-01-28"": 8306.740234375, ""2026-01-29"": 8320.3896484375, ""2026-01-30"": 7998.47021484375, ""2026-02-02"": 8134.48828125}","{""metric"": ""Market_ADR"", ""2025-12-18"": 61.7, ""2025-12-19"": 131.39, ""2025-12-22"": 97.41, ""2025-12-23"": 32.29, ""2025-12-24"": 60.54, ""2025-12-26"": 37.91, ""2025-12-29"": 88.09, ""2025-12-30"": 74.29, ""2026-01-02"": 71.11, ""2026-01-05"": 89.71, ""2026-01-06"": 63.36, ""2026-01-07"": 33.14, ""2026-01-08"": 30.17, ""2026-01-09"": 121.26, ""2026-01-12"": 131.65, ""2026-01-13"": 81.94, ""2026-01-14"": 138.21, ""2026-01-15"": 106.74, ""2026-01-16"": 60.28, ""2026-01-19"": 82.11, ""2026-01-20"": 282.72, ""2026-01-21"": 54.03, ""2026-01-22"": 136.53, ""2026-01-23"": 212.46, ""2026-01-26"": 107.47, ""2026-01-27"": 93.31, ""2026-01-28"": 71.24, ""2026-01-29"": 193.49, ""2026-01-30"": 52.94, ""2026-02-02"": 19.67}",2026-02-02 23:54
0127V0,KIWOOM 미국S&P500 TOP10&배당다우비중전환,10185,0.89,1.39,-26.69,86.3,A2,추세 전환 시도 중,"{""Ticker"": ""^SOX"", ""2025-12-18"": 6863.6298828125, ""2025-12-19"": 7067.8701171875, ""2025-12-22"": 7145.56982421875, ""2025-12-23"": 7184.5400390625, ""2025-12-24"": 7204.3701171875, ""2025-12-26"": 7207.64013671875, ""2025-12-29"": 7178.27001953125, ""2025-12-30"": 7169.10009765625, ""2025-12-31"": 7083.1298828125, ""2026-01-02"": 7367.47021484375, ""2026-01-05"": 7446.4501953125, ""2026-01-06"": 7650.93017578125, ""2026-01-07"": 7574.8701171875, ""2026-01-08"": 7436.10009765625, ""2026-01-09"": 7638.77978515625, ""2026-01-12"": 7674.83984375, ""2026-01-13"": 7747.990234375, ""2026-01-14"": 7701.47021484375, ""2026-01-15"": 7837.2998046875, ""2026-01-16"": 7927.41015625, ""2026-01-19"": NaN, ""2026-01-20"": 7794.18994140625, ""2026-01-21"": 8042.06982421875, ""2026-01-22"": 8055.169921875, ""2026-01-23"": 7957.93017578125, ""2026-01-26"": 7927.0400390625, ""2026-01-27"": 8117.18017578125, ""2026-01-28"": 8306.740234375, ""2026-01-29"": 8320.3896484375, ""2026-01-30"": 7998.47021484375, ""2026-02-02"": 8134.48828125}","{""metric"": ""Market_ADR"", ""2025-12-18"": 61.7, ""2025-12-19"": 131.39, ""2025-12-22"": 97.41, ""2025-12-23"": 32.29, ""2025-12-24"": 60.54, ""2025-12-26"": 37.91, ""2025-12-29"": 88.09, ""2025-12-30"": 74.29, ""2026-01-02"": 71.11, ""2026-01-05"": 89.71, ""2026-01-06"": 63.36, ""2026-01-07"": 33.14, ""2026-01-08"": 30.17, ""2026-01-09"": 121.26, ""2026-01-12"": 131.65, ""2026-01-13"": 81.94, ""2026-01-14"": 138.21, ""2026-01-15"": 106.74, ""2026-01-16"": 60.28, ""2026-01-19"": 82.11, ""2026-01-20"": 282.72, ""2026-01-21"": 54.03, ""2026-01-22"": 136.53, ""2026-01-23"": 212.46, ""2026-01-26"": 107.47, ""2026-01-27"": 93.31, ""2026-01-28"": 71.24, ""2026-01-29"": 193.49, ""2026-01-30"": 52.94, ""2026-02-02"": 19.67}",2026-02-02 23:54
379780,RISE 미국S&P500,21700,0.7,0.77,-26.91,92.6,A2,추세 전환 시도 중,"{""Ticker"": ""^SOX"", ""2025-12-18"": 6863.6298828125, ""2025-12-19"": 7067.8701171875, ""2025-12-22"": 7145.56982421875, ""2025-12-23"": 7184.5400390625, ""2025-12-24"": 7204.3701171875, ""2025-12-26"": 7207.64013671875, ""2025-12-29"": 7178.27001953125, ""2025-12-30"": 7169.10009765625, ""2025-12-31"": 7083.1298828125, ""2026-01-02"": 7367.47021484375, ""2026-01-05"": 7446.4501953125, ""2026-01-06"": 7650.93017578125, ""2026-01-07"": 7574.8701171875, ""2026-01-08"": 7436.10009765625, ""2026-01-09"": 7638.77978515625, ""2026-01-12"": 7674.83984375, ""2026-01-13"": 7747.990234375, ""2026-01-14"": 7701.47021484375, ""2026-01-15"": 7837.2998046875, ""2026-01-16"": 7927.41015625, ""2026-01-19"": NaN, ""2026-01-20"": 7794.18994140625, ""2026-01-21"": 8042.06982421875, ""2026-01-22"": 8055.169921875, ""2026-01-23"": 7957.93017578125, ""2026-01-26"": 7927.0400390625, ""2026-01-27"": 8117.18017578125, ""2026-01-28"": 8306.740234375, ""2026-01-29"": 8320.3896484375, ""2026-01-30"": 7998.47021484375, ""2026-02-02"": 8134.48828125}","{""metric"": ""Market_ADR"", ""2025-12-18"": 61.7, ""2025-12-19"": 131.39, ""2025-12-22"": 97.41, ""2025-12-23"": 32.29, ""2025-12-24"": 60.54, ""2025-12-26"": 37.91, ""2025-12-29"": 88.09, ""2025-12-30"": 74.29, ""2026-01-02"": 71.11, ""2026-01-05"": 89.71, ""2026-01-06"": 63.36, ""2026-01-07"": 33.14, ""2026-01-08"": 30.17, ""2026-01-09"": 121.26, ""2026-01-12"": 131.65, ""2026-01-13"": 81.94, ""2026-01-14"": 138.21, ""2026-01-15"": 106.74, ""2026-01-16"": 60.28, ""2026-01-19"": 82.11, ""2026-01-20"": 282.72, ""2026-01-21"": 54.03, ""2026-01-22"": 136.53, ""2026-01-23"": 212.46, ""2026-01-26"": 107.47, ""2026-01-27"": 93.31, ""2026-01-28"": 71.24, ""2026-01-29"": 193.49, ""2026-01-30"": 52.94, ""2026-02-02"": 19.67}",2026-02-02 23:54
479520,RISE KOFR금리액티브(합성),104795,0.0,0.04,-27.01,206.5,F5,시장 소외주: 관망 권고,"{""Ticker"": ""^SOX"", ""2025-12-18"": 6863.6298828125, ""2025-12-19"": 7067.8701171875, ""2025-12-22"": 7145.56982421875, ""2025-12-23"": 7184.5400390625, ""2025-12-24"": 7204.3701171875, ""2025-12-26"": 7207.64013671875, ""2025-12-29"": 7178.27001953125, ""2025-12-30"": 7169.10009765625, ""2025-12-31"": 7083.1298828125, ""2026-01-02"": 7367.47021484375, ""2026-01-05"": 7446.4501953125, ""2026-01-06"": 7650.93017578125, ""2026-01-07"": 7574.8701171875, ""2026-01-08"": 7436.10009765625, ""2026-01-09"": 7638.77978515625, ""2026-01-12"": 7674.83984375, ""2026-01-13"": 7747.990234375, ""2026-01-14"": 7701.47021484375, ""2026-01-15"": 7837.2998046875, ""2026-01-16"": 7927.41015625, ""2026-01-19"": NaN, ""2026-01-20"": 7794.18994140625, ""2026-01-21"": 8042.06982421875, ""2026-01-22"": 8055.169921875, ""2026-01-23"": 7957.93017578125, ""2026-01-26"": 7927.0400390625, ""2026-01-27"": 8117.18017578125, ""2026-01-28"": 8306.740234375, ""2026-01-29"": 8320.3896484375, ""2026-01-30"": 7998.47021484375, ""2026-02-02"": 8134.48828125}","{""metric"": ""Market_ADR"", ""2025-12-18"": 61.7, ""2025-12-19"": 131.39, ""2025-12-22"": 97.41, ""2025-12-23"": 32.29, ""2025-12-24"": 60.54, ""2025-12-26"": 37.91, ""2025-12-29"": 88.09, ""2025-12-30"": 74.29, ""2026-01-02"": 71.11, ""2026-01-05"": 89.71, ""2026-01-06"": 63.36, ""2026-01-07"": 33.14, ""2026-01-08"": 30.17, ""2026-01-09"": 121.26, ""2026-01-12"": 131.65, ""2026-01-13"": 81.94, ""2026-01-14"": 138.21, ""2026-01-15"": 106.74, ""2026-01-16"": 60.28, ""2026-01-19"": 82.11, ""2026-01-20"": 282.72, ""2026-01-21"": 54.03, ""2026-01-22"": 136.53, ""2026-01-23"": 212.46, ""2026-01-26"": 107.47, ""2026-01-27"": 93.31, ""2026-01-28"": 71.24, ""2026-01-29"": 193.49, ""2026-01-30"": 52.94, ""2026-02-02"": 19.67}",2026-02-02 23:54
440340,TIGER 글로벌멀티에셋TIF액티브,12160,1.84,0.95,-27.08,60.3,A1,단기 반짝 가능성 체크,"{""Ticker"": ""^SOX"", ""2025-12-18"": 6863.6298828125, ""2025-12-19"": 7067.8701171875, ""2025-12-22"": 7145.56982421875, ""2025-12-23"": 7184.5400390625, ""2025-12-24"": 7204.3701171875, ""2025-12-26"": 7207.64013671875, ""2025-12-29"": 7178.27001953125, ""2025-12-30"": 7169.10009765625, ""2025-12-31"": 7083.1298828125, ""2026-01-02"": 7367.47021484375, ""2026-01-05"": 7446.4501953125, ""2026-01-06"": 7650.93017578125, ""2026-01-07"": 7574.8701171875, ""2026-01-08"": 7436.10009765625, ""2026-01-09"": 7638.77978515625, ""2026-01-12"": 7674.83984375, ""2026-01-13"": 7747.990234375, ""2026-01-14"": 7701.47021484375, ""2026-01-15"": 7837.2998046875, ""2026-01-16"": 7927.41015625, ""2026-01-19"": NaN, ""2026-01-20"": 7794.18994140625, ""2026-01-21"": 8042.06982421875, ""2026-01-22"": 8055.169921875, ""2026-01-23"": 7957.93017578125, ""2026-01-26"": 7927.0400390625, ""2026-01-27"": 8117.18017578125, ""2026-01-28"": 8306.740234375, ""2026-01-29"": 8320.3896484375, ""2026-01-30"": 7998.47021484375, ""2026-02-02"": 8134.48828125}","{""metric"": ""Market_ADR"", ""2025-12-18"": 61.7, ""2025-12-19"": 131.39, ""2025-12-22"": 97.41, ""2025-12-23"": 32.29, ""2025-12-24"": 60.54, ""2025-12-26"": 37.91, ""2025-12-29"": 88.09, ""2025-12-30"": 74.29, ""2026-01-02"": 71.11, ""2026-01-05"": 89.71, ""2026-01-06"": 63.36, ""2026-01-07"": 33.14, ""2026-01-08"": 30.17, ""2026-01-09"": 121.26, ""2026-01-12"": 131.65, ""2026-01-13"": 81.94, ""2026-01-14"": 138.21, ""2026-01-15"": 106.74, ""2026-01-16"": 60.28, ""2026-01-19"": 82.11, ""2026-01-20"": 282.72, ""2026-01-21"": 54.03, ""2026-01-22"": 136.53, ""2026-01-23"": 212.46, ""2026-01-26"": 107.47, ""2026-01-27"": 93.31, ""2026-01-28"": 71.24, ""2026-01-29"": 193.49, ""2026-01-30"": 52.94, ""2026-02-02"": 19.67}",2026-02-02 23:54
360150,KODEX 코스닥150롱코스피200숏선물,7010,0.14,4.39,-27.12,110.8,A2,추세 전환 시도 중,"{""Ticker"": ""^SOX"", ""2025-12-18"": 6863.6298828125, ""2025-12-19"": 7067.8701171875, ""2025-12-22"": 7145.56982421875, ""2025-12-23"": 7184.5400390625, ""2025-12-24"": 7204.3701171875, ""2025-12-26"": 7207.64013671875, ""2025-12-29"": 7178.27001953125, ""2025-12-30"": 7169.10009765625, ""2025-12-31"": 7083.1298828125, ""2026-01-02"": 7367.47021484375, ""2026-01-05"": 7446.4501953125, ""2026-01-06"": 7650.93017578125, ""2026-01-07"": 7574.8701171875, ""2026-01-08"": 7436.10009765625, ""2026-01-09"": 7638.77978515625, ""2026-01-12"": 7674.83984375, ""2026-01-13"": 7747.990234375, ""2026-01-14"": 7701.47021484375, ""2026-01-15"": 7837.2998046875, ""2026-01-16"": 7927.41015625, ""2026-01-19"": NaN, ""2026-01-20"": 7794.18994140625, ""2026-01-21"": 8042.06982421875, ""2026-01-22"": 8055.169921875, ""2026-01-23"": 7957.93017578125, ""2026-01-26"": 7927.0400390625, ""2026-01-27"": 8117.18017578125, ""2026-01-28"": 8306.740234375, ""2026-01-29"": 8320.3896484375, ""2026-01-30"": 7998.47021484375, ""2026-02-02"": 8134.48828125}","{""metric"": ""Market_ADR"", ""2025-12-18"": 61.7, ""2025-12-19"": 131.39, ""2025-12-22"": 97.41, ""2025-12-23"": 32.29, ""2025-12-24"": 60.54, ""2025-12-26"": 37.91, ""2025-12-29"": 88.09, ""2025-12-30"": 74.29, ""2026-01-02"": 71.11, ""2026-01-05"": 89.71, ""2026-01-06"": 63.36, ""2026-01-07"": 33.14, ""2026-01-08"": 30.17, ""2026-01-09"": 121.26, ""2026-01-12"": 131.65, ""2026-01-13"": 81.94, ""2026-01-14"": 138.21, ""2026-01-15"": 106.74, ""2026-01-16"": 60.28, ""2026-01-19"": 82.11, ""2026-01-20"": 282.72, ""2026-01-21"": 54.03, ""2026-01-22"": 136.53, ""2026-01-23"": 212.46, ""2026-01-26"": 107.47, ""2026-01-27"": 93.31, ""2026-01-28"": 71.24, ""2026-01-29"": 193.49, ""2026-01-30"": 52.94, ""2026-02-02"": 19.67}",2026-02-02 23:54
0004G0,1Q 미국배당TOP30,9310,2.82,1.03,-27.22,130.6,A3,추세 전환 시도 중,"{""Ticker"": ""^SOX"", ""2025-12-18"": 6863.6298828125, ""2025-12-19"": 7067.8701171875, ""2025-12-22"": 7145.56982421875, ""2025-12-23"": 7184.5400390625, ""2025-12-24"": 7204.3701171875, ""2025-12-26"": 7207.64013671875, ""2025-12-29"": 7178.27001953125, ""2025-12-30"": 7169.10009765625, ""2025-12-31"": 7083.1298828125, ""2026-01-02"": 7367.47021484375, ""2026-01-05"": 7446.4501953125, ""2026-01-06"": 7650.93017578125, ""2026-01-07"": 7574.8701171875, ""2026-01-08"": 7436.10009765625, ""2026-01-09"": 7638.77978515625, ""2026-01-12"": 7674.83984375, ""2026-01-13"": 7747.990234375, ""2026-01-14"": 7701.47021484375, ""2026-01-15"": 7837.2998046875, ""2026-01-16"": 7927.41015625, ""2026-01-19"": NaN, ""2026-01-20"": 7794.18994140625, ""2026-01-21"": 8042.06982421875, ""2026-01-22"": 8055.169921875, ""2026-01-23"": 7957.93017578125, ""2026-01-26"": 7927.0400390625, ""2026-01-27"": 8117.18017578125, ""2026-01-28"": 8306.740234375, ""2026-01-29"": 8320.3896484375, ""2026-01-30"": 7998.47021484375, ""2026-02-02"": 8134.48828125}","{""metric"": ""Market_ADR"", ""2025-12-18"": 61.7, ""2025-12-19"": 131.39, ""2025-12-22"": 97.41, ""2025-12-23"": 32.29, ""2025-12-24"": 60.54, ""2025-12-26"": 37.91, ""2025-12-29"": 88.09, ""2025-12-30"": 74.29, ""2026-01-02"": 71.11, ""2026-01-05"": 89.71, ""2026-01-06"": 63.36, ""2026-01-07"": 33.14, ""2026-01-08"": 30.17, ""2026-01-09"": 121.26, ""2026-01-12"": 131.65, ""2026-01-13"": 81.94, ""2026-01-14"": 138.21, ""2026-01-15"": 106.74, ""2026-01-16"": 60.28, ""2026-01-19"": 82.11, ""2026-01-20"": 282.72, ""2026-01-21"": 54.03, ""2026-01-22"": 136.53, ""2026-01-23"": 212.46, ""2026-01-26"": 107.47, ""2026-01-27"": 93.31, ""2026-01-28"": 71.24, ""2026-01-29"": 193.49, ""2026-01-30"": 52.94, ""2026-02-02"": 19.67}",2026-02-02 23:54
0089C0,KODEX 미국S&P500변동성확대시커버드콜,11070,1.1,1.0,-27.24,115.1,A2,추세 전환 시도 중,"{""Ticker"": ""^SOX"", ""2025-12-18"": 6863.6298828125, ""2025-12-19"": 7067.8701171875, ""2025-12-22"": 7145.56982421875, ""2025-12-23"": 7184.5400390625, ""2025-12-24"": 7204.3701171875, ""2025-12-26"": 7207.64013671875, ""2025-12-29"": 7178.27001953125, ""2025-12-30"": 7169.10009765625, ""2025-12-31"": 7083.1298828125, ""2026-01-02"": 7367.47021484375, ""2026-01-05"": 7446.4501953125, ""2026-01-06"": 7650.93017578125, ""2026-01-07"": 7574.8701171875, ""2026-01-08"": 7436.10009765625, ""2026-01-09"": 7638.77978515625, ""2026-01-12"": 7674.83984375, ""2026-01-13"": 7747.990234375, ""2026-01-14"": 7701.47021484375, ""2026-01-15"": 7837.2998046875, ""2026-01-16"": 7927.41015625, ""2026-01-19"": NaN, ""2026-01-20"": 7794.18994140625, ""2026-01-21"": 8042.06982421875, ""2026-01-22"": 8055.169921875, ""2026-01-23"": 7957.93017578125, ""2026-01-26"": 7927.0400390625, ""2026-01-27"": 8117.18017578125, ""2026-01-28"": 8306.740234375, ""2026-01-29"": 8320.3896484375, ""2026-01-30"": 7998.47021484375, ""2026-02-02"": 8134.48828125}","{""metric"": ""Market_ADR"", ""2025-12-18"": 61.7, ""2025-12-19"": 131.39, ""2025-12-22"": 97.41, ""2025-12-23"": 32.29, ""2025-12-24"": 60.54, ""2025-12-26"": 37.91, ""2025-12-29"": 88.09, ""2025-12-30"": 74.29, ""2026-01-02"": 71.11, ""2026-01-05"": 89.71, ""2026-01-06"": 63.36, ""2026-01-07"": 33.14, ""2026-01-08"": 30.17, ""2026-01-09"": 121.26, ""2026-01-12"": 131.65, ""2026-01-13"": 81.94, ""2026-01-14"": 138.21, ""2026-01-15"": 106.74, ""2026-01-16"": 60.28, ""2026-01-19"": 82.11, ""2026-01-20"": 282.72, ""2026-01-21"": 54.03, ""2026-01-22"": 136.53, ""2026-01-23"": 212.46, ""2026-01-26"": 107.47, ""2026-01-27"": 93.31, ""2026-01-28"": 71.24, ""2026-01-29"": 193.49, ""2026-01-30"": 52.94, ""2026-02-02"": 19.67}",2026-02-02 23:54
465580,ACE 미국빅테크TOP7 Plus,22460,0.0,0.81,-27.44,91.7,A1,단기 반짝 가능성 체크,"{""Ticker"": ""^SOX"", ""2025-12-18"": 6863.6298828125, ""2025-12-19"": 7067.8701171875, ""2025-12-22"": 7145.56982421875, ""2025-12-23"": 7184.5400390625, ""2025-12-24"": 7204.3701171875, ""2025-12-26"": 7207.64013671875, ""2025-12-29"": 7178.27001953125, ""2025-12-30"": 7169.10009765625, ""2025-12-31"": 7083.1298828125, ""2026-01-02"": 7367.47021484375, ""2026-01-05"": 7446.4501953125, ""2026-01-06"": 7650.93017578125, ""2026-01-07"": 7574.8701171875, ""2026-01-08"": 7436.10009765625, ""2026-01-09"": 7638.77978515625, ""2026-01-12"": 7674.83984375, ""2026-01-13"": 7747.990234375, ""2026-01-14"": 7701.47021484375, ""2026-01-15"": 7837.2998046875, ""2026-01-16"": 7927.41015625, ""2026-01-19"": NaN, ""2026-01-20"": 7794.18994140625, ""2026-01-21"": 8042.06982421875, ""2026-01-22"": 8055.169921875, ""2026-01-23"": 7957.93017578125, ""2026-01-26"": 7927.0400390625, ""2026-01-27"": 8117.18017578125, ""2026-01-28"": 8306.740234375, ""2026-01-29"": 8320.3896484375, ""2026-01-30"": 7998.47021484375, ""2026-02-02"": 8134.48828125}","{""metric"": ""Market_ADR"", ""2025-12-18"": 61.7, ""2025-12-19"": 131.39, ""2025-12-22"": 97.41, ""2025-12-23"": 32.29, ""2025-12-24"": 60.54, ""2025-12-26"": 37.91, ""2025-12-29"": 88.09, ""2025-12-30"": 74.29, ""2026-01-02"": 71.11, ""2026-01-05"": 89.71, ""2026-01-06"": 63.36, ""2026-01-07"": 33.14, ""2026-01-08"": 30.17, ""2026-01-09"": 121.26, ""2026-01-12"": 131.65, ""2026-01-13"": 81.94, ""2026-01-14"": 138.21, ""2026-01-15"": 106.74, ""2026-01-16"": 60.28, ""2026-01-19"": 82.11, ""2026-01-20"": 282.72, ""2026-01-21"": 54.03, ""2026-01-22"": 136.53, ""2026-01-23"": 212.46, ""2026-01-26"": 107.47, ""2026-01-27"": 93.31, ""2026-01-28"": 71.24, ""2026-01-29"": 193.49, ""2026-01-30"": 52.94, ""2026-02-02"": 19.67}",2026-02-02 23:54
0137V0,KIWOOM 미국S&P500모멘텀,9665,0.05,1.31,-27.59,40.2,A1,단기 반짝 가능성 체크,"{""Ticker"": ""^SOX"", ""2025-12-18"": 6863.6298828125, ""2025-12-19"": 7067.8701171875, ""2025-12-22"": 7145.56982421875, ""2025-12-23"": 7184.5400390625, ""2025-12-24"": 7204.3701171875, ""2025-12-26"": 7207.64013671875, ""2025-12-29"": 7178.27001953125, ""2025-12-30"": 7169.10009765625, ""2025-12-31"": 7083.1298828125, ""2026-01-02"": 7367.47021484375, ""2026-01-05"": 7446.4501953125, ""2026-01-06"": 7650.93017578125, ""2026-01-07"": 7574.8701171875, ""2026-01-08"": 7436.10009765625, ""2026-01-09"": 7638.77978515625, ""2026-01-12"": 7674.83984375, ""2026-01-13"": 7747.990234375, ""2026-01-14"": 7701.47021484375, ""2026-01-15"": 7837.2998046875, ""2026-01-16"": 7927.41015625, ""2026-01-19"": NaN, ""2026-01-20"": 7794.18994140625, ""2026-01-21"": 8042.06982421875, ""2026-01-22"": 8055.169921875, ""2026-01-23"": 7957.93017578125, ""2026-01-26"": 7927.0400390625, ""2026-01-27"": 8117.18017578125, ""2026-01-28"": 8306.740234375, ""2026-01-29"": 8320.3896484375, ""2026-01-30"": 7998.47021484375, ""2026-02-02"": 8134.48828125}","{""metric"": ""Market_ADR"", ""2025-12-18"": 61.7, ""2025-12-19"": 131.39, ""2025-12-22"": 97.41, ""2025-12-23"": 32.29, ""2025-12-24"": 60.54, ""2025-12-26"": 37.91, ""2025-12-29"": 88.09, ""2025-12-30"": 74.29, ""2026-01-02"": 71.11, ""2026-01-05"": 89.71, ""2026-01-06"": 63.36, ""2026-01-07"": 33.14, ""2026-01-08"": 30.17, ""2026-01-09"": 121.26, ""2026-01-12"": 131.65, ""2026-01-13"": 81.94, ""2026-01-14"": 138.21, ""2026-01-15"": 106.74, ""2026-01-16"": 60.28, ""2026-01-19"": 82.11, ""2026-01-20"": 282.72, ""2026-01-21"": 54.03, ""2026-01-22"": 136.53, ""2026-01-23"": 212.46, ""2026-01-26"": 107.47, ""2026-01-27"": 93.31, ""2026-01-28"": 71.24, ""2026-01-29"": 193.49, ""2026-01-30"": 52.94, ""2026-02-02"": 19.67}",2026-02-02 23:54
0080X0,SOL 미국S&P500미국채혼합50,11160,1.45,1.09,-27.78,90.8,A3,추세 전환 시도 중,"{""Ticker"": ""^SOX"", ""2025-12-18"": 6863.6298828125, ""2025-12-19"": 7067.8701171875, ""2025-12-22"": 7145.56982421875, ""2025-12-23"": 7184.5400390625, ""2025-12-24"": 7204.3701171875, ""2025-12-26"": 7207.64013671875, ""2025-12-29"": 7178.27001953125, ""2025-12-30"": 7169.10009765625, ""2025-12-31"": 7083.1298828125, ""2026-01-02"": 7367.47021484375, ""2026-01-05"": 7446.4501953125, ""2026-01-06"": 7650.93017578125, ""2026-01-07"": 7574.8701171875, ""2026-01-08"": 7436.10009765625, ""2026-01-09"": 7638.77978515625, ""2026-01-12"": 7674.83984375, ""2026-01-13"": 7747.990234375, ""2026-01-14"": 7701.47021484375, ""2026-01-15"": 7837.2998046875, ""2026-01-16"": 7927.41015625, ""2026-01-19"": NaN, ""2026-01-20"": 7794.18994140625, ""2026-01-21"": 8042.06982421875, ""2026-01-22"": 8055.169921875, ""2026-01-23"": 7957.93017578125, ""2026-01-26"": 7927.0400390625, ""2026-01-27"": 8117.18017578125, ""2026-01-28"": 8306.740234375, ""2026-01-29"": 8320.3896484375, ""2026-01-30"": 7998.47021484375, ""2026-02-02"": 8134.48828125}","{""metric"": ""Market_ADR"", ""2025-12-18"": 61.7, ""2025-12-19"": 131.39, ""2025-12-22"": 97.41, ""2025-12-23"": 32.29, ""2025-12-24"": 60.54, ""2025-12-26"": 37.91, ""2025-12-29"": 88.09, ""2025-12-30"": 74.29, ""2026-01-02"": 71.11, ""2026-01-05"": 89.71, ""2026-01-06"": 63.36, ""2026-01-07"": 33.14, ""2026-01-08"": 30.17, ""2026-01-09"": 121.26, ""2026-01-12"": 131.65, ""2026-01-13"": 81.94, ""2026-01-14"": 138.21, ""2026-01-15"": 106.74, ""2026-01-16"": 60.28, ""2026-01-19"": 82.11, ""2026-01-20"": 282.72, ""2026-01-21"": 54.03, ""2026-01-22"": 136.53, ""2026-01-23"": 212.46, ""2026-01-26"": 107.47, ""2026-01-27"": 93.31, ""2026-01-28"": 71.24, ""2026-01-29"": 193.49, ""2026-01-30"": 52.94, ""2026-02-02"": 19.67}",2026-02-02 23:54
409810,KODEX 미국나스닥100선물인버스(H),6490,2.04,2.12,-27.94,218.0,A4,추세 전환 시도 중,"{""Ticker"": ""^SOX"", ""2025-12-18"": 6863.6298828125, ""2025-12-19"": 7067.8701171875, ""2025-12-22"": 7145.56982421875, ""2025-12-23"": 7184.5400390625, ""2025-12-24"": 7204.3701171875, ""2025-12-26"": 7207.64013671875, ""2025-12-29"": 7178.27001953125, ""2025-12-30"": 7169.10009765625, ""2025-12-31"": 7083.1298828125, ""2026-01-02"": 7367.47021484375, ""2026-01-05"": 7446.4501953125, ""2026-01-06"": 7650.93017578125, ""2026-01-07"": 7574.8701171875, ""2026-01-08"": 7436.10009765625, ""2026-01-09"": 7638.77978515625, ""2026-01-12"": 7674.83984375, ""2026-01-13"": 7747.990234375, ""2026-01-14"": 7701.47021484375, ""2026-01-15"": 7837.2998046875, ""2026-01-16"": 7927.41015625, ""2026-01-19"": NaN, ""2026-01-20"": 7794.18994140625, ""2026-01-21"": 8042.06982421875, ""2026-01-22"": 8055.169921875, ""2026-01-23"": 7957.93017578125, ""2026-01-26"": 7927.0400390625, ""2026-01-27"": 8117.18017578125, ""2026-01-28"": 8306.740234375, ""2026-01-29"": 8320.3896484375, ""2026-01-30"": 7998.47021484375, ""2026-02-02"": 8134.48828125}","{""metric"": ""Market_ADR"", ""2025-12-18"": 61.7, ""2025-12-19"": 131.39, ""2025-12-22"": 97.41, ""2025-12-23"": 32.29, ""2025-12-24"": 60.54, ""2025-12-26"": 37.91, ""2025-12-29"": 88.09, ""2025-12-30"": 74.29, ""2026-01-02"": 71.11, ""2026-01-05"": 89.71, ""2026-01-06"": 63.36, ""2026-01-07"": 33.14, ""2026-01-08"": 30.17, ""2026-01-09"": 121.26, ""2026-01-12"": 131.65, ""2026-01-13"": 81.94, ""2026-01-14"": 138.21, ""2026-01-15"": 106.74, ""2026-01-16"": 60.28, ""2026-01-19"": 82.11, ""2026-01-20"": 282.72, ""2026-01-21"": 54.03, ""2026-01-22"": 136.53, ""2026-01-23"": 212.46, ""2026-01-26"": 107.47, ""2026-01-27"": 93.31, ""2026-01-28"": 71.24, ""2026-01-29"": 193.49, ""2026-01-30"": 52.94, ""2026-02-02"": 19.67}",2026-02-02 23:54
456610,TIGER 미국달러SOFR금리액티브(합성),62150,1.68,1.6,-27.95,137.6,A4,추세 전환 시도 중,"{""Ticker"": ""^SOX"", ""2025-12-18"": 6863.6298828125, ""2025-12-19"": 7067.8701171875, ""2025-12-22"": 7145.56982421875, ""2025-12-23"": 7184.5400390625, ""2025-12-24"": 7204.3701171875, ""2025-12-26"": 7207.64013671875, ""2025-12-29"": 7178.27001953125, ""2025-12-30"": 7169.10009765625, ""2025-12-31"": 7083.1298828125, ""2026-01-02"": 7367.47021484375, ""2026-01-05"": 7446.4501953125, ""2026-01-06"": 7650.93017578125, ""2026-01-07"": 7574.8701171875, ""2026-01-08"": 7436.10009765625, ""2026-01-09"": 7638.77978515625, ""2026-01-12"": 7674.83984375, ""2026-01-13"": 7747.990234375, ""2026-01-14"": 7701.47021484375, ""2026-01-15"": 7837.2998046875, ""2026-01-16"": 7927.41015625, ""2026-01-19"": NaN, ""2026-01-20"": 7794.18994140625, ""2026-01-21"": 8042.06982421875, ""2026-01-22"": 8055.169921875, ""2026-01-23"": 7957.93017578125, ""2026-01-26"": 7927.0400390625, ""2026-01-27"": 8117.18017578125, ""2026-01-28"": 8306.740234375, ""2026-01-29"": 8320.3896484375, ""2026-01-30"": 7998.47021484375, ""2026-02-02"": 8134.48828125}","{""metric"": ""Market_ADR"", ""2025-12-18"": 61.7, ""2025-12-19"": 131.39, ""2025-12-22"": 97.41, ""2025-12-23"": 32.29, ""2025-12-24"": 60.54, ""2025-12-26"": 37.91, ""2025-12-29"": 88.09, ""2025-12-30"": 74.29, ""2026-01-02"": 71.11, ""2026-01-05"": 89.71, ""2026-01-06"": 63.36, ""2026-01-07"": 33.14, ""2026-01-08"": 30.17, ""2026-01-09"": 121.26, ""2026-01-12"": 131.65, ""2026-01-13"": 81.94, ""2026-01-14"": 138.21, ""2026-01-15"": 106.74, ""2026-01-16"": 60.28, ""2026-01-19"": 82.11, ""2026-01-20"": 282.72, ""2026-01-21"": 54.03, ""2026-01-22"": 136.53, ""2026-01-23"": 212.46, ""2026-01-26"": 107.47, ""2026-01-27"": 93.31, ""2026-01-28"": 71.24, ""2026-01-29"": 193.49, ""2026-01-30"": 52.94, ""2026-02-02"": 19.67}",2026-02-02 23:54
456880,ACE 미국달러SOFR금리(합성),12590,1.78,1.61,-28.0,172.1,A4,추세 전환 시도 중,"{""Ticker"": ""^SOX"", ""2025-12-18"": 6863.6298828125, ""2025-12-19"": 7067.8701171875, ""2025-12-22"": 7145.56982421875, ""2025-12-23"": 7184.5400390625, ""2025-12-24"": 7204.3701171875, ""2025-12-26"": 7207.64013671875, ""2025-12-29"": 7178.27001953125, ""2025-12-30"": 7169.10009765625, ""2025-12-31"": 7083.1298828125, ""2026-01-02"": 7367.47021484375, ""2026-01-05"": 7446.4501953125, ""2026-01-06"": 7650.93017578125, ""2026-01-07"": 7574.8701171875, ""2026-01-08"": 7436.10009765625, ""2026-01-09"": 7638.77978515625, ""2026-01-12"": 7674.83984375, ""2026-01-13"": 7747.990234375, ""2026-01-14"": 7701.47021484375, ""2026-01-15"": 7837.2998046875, ""2026-01-16"": 7927.41015625, ""2026-01-19"": NaN, ""2026-01-20"": 7794.18994140625, ""2026-01-21"": 8042.06982421875, ""2026-01-22"": 8055.169921875, ""2026-01-23"": 7957.93017578125, ""2026-01-26"": 7927.0400390625, ""2026-01-27"": 8117.18017578125, ""2026-01-28"": 8306.740234375, ""2026-01-29"": 8320.3896484375, ""2026-01-30"": 7998.47021484375, ""2026-02-02"": 8134.48828125}","{""metric"": ""Market_ADR"", ""2025-12-18"": 61.7, ""2025-12-19"": 131.39, ""2025-12-22"": 97.41, ""2025-12-23"": 32.29, ""2025-12-24"": 60.54, ""2025-12-26"": 37.91, ""2025-12-29"": 88.09, ""2025-12-30"": 74.29, ""2026-01-02"": 71.11, ""2026-01-05"": 89.71, ""2026-01-06"": 63.36, ""2026-01-07"": 33.14, ""2026-01-08"": 30.17, ""2026-01-09"": 121.26, ""2026-01-12"": 131.65, ""2026-01-13"": 81.94, ""2026-01-14"": 138.21, ""2026-01-15"": 106.74, ""2026-01-16"": 60.28, ""2026-01-19"": 82.11, ""2026-01-20"": 282.72, ""2026-01-21"": 54.03, ""2026-01-22"": 136.53, ""2026-01-23"": 212.46, ""2026-01-26"": 107.47, ""2026-01-27"": 93.31, ""2026-01-28"": 71.24, ""2026-01-29"": 193.49, ""2026-01-30"": 52.94, ""2026-02-02"": 19.67}",2026-02-02 23:54
456200,PLUS 미국달러SOFR금리액티브(합성),62050,1.75,1.46,-28.03,7.8,A2,추세 전환 시도 중,"{""Ticker"": ""^SOX"", ""2025-12-18"": 6863.6298828125, ""2025-12-19"": 7067.8701171875, ""2025-12-22"": 7145.56982421875, ""2025-12-23"": 7184.5400390625, ""2025-12-24"": 7204.3701171875, ""2025-12-26"": 7207.64013671875, ""2025-12-29"": 7178.27001953125, ""2025-12-30"": 7169.10009765625, ""2025-12-31"": 7083.1298828125, ""2026-01-02"": 7367.47021484375, ""2026-01-05"": 7446.4501953125, ""2026-01-06"": 7650.93017578125, ""2026-01-07"": 7574.8701171875, ""2026-01-08"": 7436.10009765625, ""2026-01-09"": 7638.77978515625, ""2026-01-12"": 7674.83984375, ""2026-01-13"": 7747.990234375, ""2026-01-14"": 7701.47021484375, ""2026-01-15"": 7837.2998046875, ""2026-01-16"": 7927.41015625, ""2026-01-19"": NaN, ""2026-01-20"": 7794.18994140625, ""2026-01-21"": 8042.06982421875, ""2026-01-22"": 8055.169921875, ""2026-01-23"": 7957.93017578125, ""2026-01-26"": 7927.0400390625, ""2026-01-27"": 8117.18017578125, ""2026-01-28"": 8306.740234375, ""2026-01-29"": 8320.3896484375, ""2026-01-30"": 7998.47021484375, ""2026-02-02"": 8134.48828125}","{""metric"": ""Market_ADR"", ""2025-12-18"": 61.7, ""2025-12-19"": 131.39, ""2025-12-22"": 97.41, ""2025-12-23"": 32.29, ""2025-12-24"": 60.54, ""2025-12-26"": 37.91, ""2025-12-29"": 88.09, ""2025-12-30"": 74.29, ""2026-01-02"": 71.11, ""2026-01-05"": 89.71, ""2026-01-06"": 63.36, ""2026-01-07"": 33.14, ""2026-01-08"": 30.17, ""2026-01-09"": 121.26, ""2026-01-12"": 131.65, ""2026-01-13"": 81.94, ""2026-01-14"": 138.21, ""2026-01-15"": 106.74, ""2026-01-16"": 60.28, ""2026-01-19"": 82.11, ""2026-01-20"": 282.72, ""2026-01-21"": 54.03, ""2026-01-22"": 136.53, ""2026-01-23"": 212.46, ""2026-01-26"": 107.47, ""2026-01-27"": 93.31, ""2026-01-28"": 71.24, ""2026-01-29"": 193.49, ""2026-01-30"": 52.94, ""2026-02-02"": 19.67}",2026-02-02 23:54
460270,KIWOOM 미국달러SOFR금리액티브(합성),12980,1.6,1.53,-28.13,73.7,A2,추세 전환 시도 중,"{""Ticker"": ""^SOX"", ""2025-12-18"": 6863.6298828125, ""2025-12-19"": 7067.8701171875, ""2025-12-22"": 7145.56982421875, ""2025-12-23"": 7184.5400390625, ""2025-12-24"": 7204.3701171875, ""2025-12-26"": 7207.64013671875, ""2025-12-29"": 7178.27001953125, ""2025-12-30"": 7169.10009765625, ""2025-12-31"": 7083.1298828125, ""2026-01-02"": 7367.47021484375, ""2026-01-05"": 7446.4501953125, ""2026-01-06"": 7650.93017578125, ""2026-01-07"": 7574.8701171875, ""2026-01-08"": 7436.10009765625, ""2026-01-09"": 7638.77978515625, ""2026-01-12"": 7674.83984375, ""2026-01-13"": 7747.990234375, ""2026-01-14"": 7701.47021484375, ""2026-01-15"": 7837.2998046875, ""2026-01-16"": 7927.41015625, ""2026-01-19"": NaN, ""2026-01-20"": 7794.18994140625, ""2026-01-21"": 8042.06982421875, ""2026-01-22"": 8055.169921875, ""2026-01-23"": 7957.93017578125, ""2026-01-26"": 7927.0400390625, ""2026-01-27"": 8117.18017578125, ""2026-01-28"": 8306.740234375, ""2026-01-29"": 8320.3896484375, ""2026-01-30"": 7998.47021484375, ""2026-02-02"": 8134.48828125}","{""metric"": ""Market_ADR"", ""2025-12-18"": 61.7, ""2025-12-19"": 131.39, ""2025-12-22"": 97.41, ""2025-12-23"": 32.29, ""2025-12-24"": 60.54, ""2025-12-26"": 37.91, ""2025-12-29"": 88.09, ""2025-12-30"": 74.29, ""2026-01-02"": 71.11, ""2026-01-05"": 89.71, ""2026-01-06"": 63.36, ""2026-01-07"": 33.14, ""2026-01-08"": 30.17, ""2026-01-09"": 121.26, ""2026-01-12"": 131.65, ""2026-01-13"": 81.94, ""2026-01-14"": 138.21, ""2026-01-15"": 106.74, ""2026-01-16"": 60.28, ""2026-01-19"": 82.11, ""2026-01-20"": 282.72, ""2026-01-21"": 54.03, ""2026-01-22"": 136.53, ""2026-01-23"": 212.46, ""2026-01-26"": 107.47, ""2026-01-27"": 93.31, ""2026-01-28"": 71.24, ""2026-01-29"": 193.49, ""2026-01-30"": 52.94, ""2026-02-02"": 19.67}",2026-02-02 23:54
455960,RISE 미국달러SOFR금리액티브(합성),12505,1.5,1.58,-28.2,184.4,A3,추세 전환 시도 중,"{""Ticker"": ""^SOX"", ""2025-12-18"": 6863.6298828125, ""2025-12-19"": 7067.8701171875, ""2025-12-22"": 7145.56982421875, ""2025-12-23"": 7184.5400390625, ""2025-12-24"": 7204.3701171875, ""2025-12-26"": 7207.64013671875, ""2025-12-29"": 7178.27001953125, ""2025-12-30"": 7169.10009765625, ""2025-12-31"": 7083.1298828125, ""2026-01-02"": 7367.47021484375, ""2026-01-05"": 7446.4501953125, ""2026-01-06"": 7650.93017578125, ""2026-01-07"": 7574.8701171875, ""2026-01-08"": 7436.10009765625, ""2026-01-09"": 7638.77978515625, ""2026-01-12"": 7674.83984375, ""2026-01-13"": 7747.990234375, ""2026-01-14"": 7701.47021484375, ""2026-01-15"": 7837.2998046875, ""2026-01-16"": 7927.41015625, ""2026-01-19"": NaN, ""2026-01-20"": 7794.18994140625, ""2026-01-21"": 8042.06982421875, ""2026-01-22"": 8055.169921875, ""2026-01-23"": 7957.93017578125, ""2026-01-26"": 7927.0400390625, ""2026-01-27"": 8117.18017578125, ""2026-01-28"": 8306.740234375, ""2026-01-29"": 8320.3896484375, ""2026-01-30"": 7998.47021484375, ""2026-02-02"": 8134.48828125}","{""metric"": ""Market_ADR"", ""2025-12-18"": 61.7, ""2025-12-19"": 131.39, ""2025-12-22"": 97.41, ""2025-12-23"": 32.29, ""2025-12-24"": 60.54, ""2025-12-26"": 37.91, ""2025-12-29"": 88.09, ""2025-12-30"": 74.29, ""2026-01-02"": 71.11, ""2026-01-05"": 89.71, ""2026-01-06"": 63.36, ""2026-01-07"": 33.14, ""2026-01-08"": 30.17, ""2026-01-09"": 121.26, ""2026-01-12"": 131.65, ""2026-01-13"": 81.94, ""2026-01-14"": 138.21, ""2026-01-15"": 106.74, ""2026-01-16"": 60.28, ""2026-01-19"": 82.11, ""2026-01-20"": 282.72, ""2026-01-21"": 54.03, ""2026-01-22"": 136.53, ""2026-01-23"": 212.46, ""2026-01-26"": 107.47, ""2026-01-27"": 93.31, ""2026-01-28"": 71.24, ""2026-01-29"": 193.49, ""2026-01-30"": 52.94, ""2026-02-02"": 19.67}",2026-02-02 23:54
329750,TIGER 미국달러단기채권액티브,13545,1.65,1.46,-28.21,184.7,A4,추세 전환 시도 중,"{""Ticker"": ""^SOX"", ""2025-12-18"": 6863.6298828125, ""2025-12-19"": 7067.8701171875, ""2025-12-22"": 7145.56982421875, ""2025-12-23"": 7184.5400390625, ""2025-12-24"": 7204.3701171875, ""2025-12-26"": 7207.64013671875, ""2025-12-29"": 7178.27001953125, ""2025-12-30"": 7169.10009765625, ""2025-12-31"": 7083.1298828125, ""2026-01-02"": 7367.47021484375, ""2026-01-05"": 7446.4501953125, ""2026-01-06"": 7650.93017578125, ""2026-01-07"": 7574.8701171875, ""2026-01-08"": 7436.10009765625, ""2026-01-09"": 7638.77978515625, ""2026-01-12"": 7674.83984375, ""2026-01-13"": 7747.990234375, ""2026-01-14"": 7701.47021484375, ""2026-01-15"": 7837.2998046875, ""2026-01-16"": 7927.41015625, ""2026-01-19"": NaN, ""2026-01-20"": 7794.18994140625, ""2026-01-21"": 8042.06982421875, ""2026-01-22"": 8055.169921875, ""2026-01-23"": 7957.93017578125, ""2026-01-26"": 7927.0400390625, ""2026-01-27"": 8117.18017578125, ""2026-01-28"": 8306.740234375, ""2026-01-29"": 8320.3896484375, ""2026-01-30"": 7998.47021484375, ""2026-02-02"": 8134.48828125}","{""metric"": ""Market_ADR"", ""2025-12-18"": 61.7, ""2025-12-19"": 131.39, ""2025-12-22"": 97.41, ""2025-12-23"": 32.29, ""2025-12-24"": 60.54, ""2025-12-26"": 37.91, ""2025-12-29"": 88.09, ""2025-12-30"": 74.29, ""2026-01-02"": 71.11, ""2026-01-05"": 89.71, ""2026-01-06"": 63.36, ""2026-01-07"": 33.14, ""2026-01-08"": 30.17, ""2026-01-09"": 121.26, ""2026-01-12"": 131.65, ""2026-01-13"": 81.94, ""2026-01-14"": 138.21, ""2026-01-15"": 106.74, ""2026-01-16"": 60.28, ""2026-01-19"": 82.11, ""2026-01-20"": 282.72, ""2026-01-21"": 54.03, ""2026-01-22"": 136.53, ""2026-01-23"": 212.46, ""2026-01-26"": 107.47, ""2026-01-27"": 93.31, ""2026-01-28"": 71.24, ""2026-01-29"": 193.49, ""2026-01-30"": 52.94, ""2026-02-02"": 19.67}",2026-02-02 23:54
463640,KODEX 미국S&P500유틸리티,14415,0.45,1.26,-28.22,35.5,A2,추세 전환 시도 중,"{""Ticker"": ""^SOX"", ""2025-12-18"": 6863.6298828125, ""2025-12-19"": 7067.8701171875, ""2025-12-22"": 7145.56982421875, ""2025-12-23"": 7184.5400390625, ""2025-12-24"": 7204.3701171875, ""2025-12-26"": 7207.64013671875, ""2025-12-29"": 7178.27001953125, ""2025-12-30"": 7169.10009765625, ""2025-12-31"": 7083.1298828125, ""2026-01-02"": 7367.47021484375, ""2026-01-05"": 7446.4501953125, ""2026-01-06"": 7650.93017578125, ""2026-01-07"": 7574.8701171875, ""2026-01-08"": 7436.10009765625, ""2026-01-09"": 7638.77978515625, ""2026-01-12"": 7674.83984375, ""2026-01-13"": 7747.990234375, ""2026-01-14"": 7701.47021484375, ""2026-01-15"": 7837.2998046875, ""2026-01-16"": 7927.41015625, ""2026-01-19"": NaN, ""2026-01-20"": 7794.18994140625, ""2026-01-21"": 8042.06982421875, ""2026-01-22"": 8055.169921875, ""2026-01-23"": 7957.93017578125, ""2026-01-26"": 7927.0400390625, ""2026-01-27"": 8117.18017578125, ""2026-01-28"": 8306.740234375, ""2026-01-29"": 8320.3896484375, ""2026-01-30"": 7998.47021484375, ""2026-02-02"": 8134.48828125}","{""metric"": ""Market_ADR"", ""2025-12-18"": 61.7, ""2025-12-19"": 131.39, ""2025-12-22"": 97.41, ""2025-12-23"": 32.29, ""2025-12-24"": 60.54, ""2025-12-26"": 37.91, ""2025-12-29"": 88.09, ""2025-12-30"": 74.29, ""2026-01-02"": 71.11, ""2026-01-05"": 89.71, ""2026-01-06"": 63.36, ""2026-01-07"": 33.14, ""2026-01-08"": 30.17, ""2026-01-09"": 121.26, ""2026-01-12"": 131.65, ""2026-01-13"": 81.94, ""2026-01-14"": 138.21, ""2026-01-15"": 106.74, ""2026-01-16"": 60.28, ""2026-01-19"": 82.11, ""2026-01-20"": 282.72, ""2026-01-21"": 54.03, ""2026-01-22"": 136.53, ""2026-01-23"": 212.46, ""2026-01-26"": 107.47, ""2026-01-27"": 93.31, ""2026-01-28"": 71.24, ""2026-01-29"": 193.49, ""2026-01-30"": 52.94, ""2026-02-02"": 19.67}",2026-02-02 23:54
483570,KCGI 미국S&P500 TOP10,15155,0.13,0.83,-28.28,55.1,A1,단기 반짝 가능성 체크,"{""Ticker"": ""^SOX"", ""2025-12-18"": 6863.6298828125, ""2025-12-19"": 7067.8701171875, ""2025-12-22"": 7145.56982421875, ""2025-12-23"": 7184.5400390625, ""2025-12-24"": 7204.3701171875, ""2025-12-26"": 7207.64013671875, ""2025-12-29"": 7178.27001953125, ""2025-12-30"": 7169.10009765625, ""2025-12-31"": 7083.1298828125, ""2026-01-02"": 7367.47021484375, ""2026-01-05"": 7446.4501953125, ""2026-01-06"": 7650.93017578125, ""2026-01-07"": 7574.8701171875, ""2026-01-08"": 7436.10009765625, ""2026-01-09"": 7638.77978515625, ""2026-01-12"": 7674.83984375, ""2026-01-13"": 7747.990234375, ""2026-01-14"": 7701.47021484375, ""2026-01-15"": 7837.2998046875, ""2026-01-16"": 7927.41015625, ""2026-01-19"": NaN, ""2026-01-20"": 7794.18994140625, ""2026-01-21"": 8042.06982421875, ""2026-01-22"": 8055.169921875, ""2026-01-23"": 7957.93017578125, ""2026-01-26"": 7927.0400390625, ""2026-01-27"": 8117.18017578125, ""2026-01-28"": 8306.740234375, ""2026-01-29"": 8320.3896484375, ""2026-01-30"": 7998.47021484375, ""2026-02-02"": 8134.48828125}","{""metric"": ""Market_ADR"", ""2025-12-18"": 61.7, ""2025-12-19"": 131.39, ""2025-12-22"": 97.41, ""2025-12-23"": 32.29, ""2025-12-24"": 60.54, ""2025-12-26"": 37.91, ""2025-12-29"": 88.09, ""2025-12-30"": 74.29, ""2026-01-02"": 71.11, ""2026-01-05"": 89.71, ""2026-01-06"": 63.36, ""2026-01-07"": 33.14, ""2026-01-08"": 30.17, ""2026-01-09"": 121.26, ""2026-01-12"": 131.65, ""2026-01-13"": 81.94, ""2026-01-14"": 138.21, ""2026-01-15"": 106.74, ""2026-01-16"": 60.28, ""2026-01-19"": 82.11, ""2026-01-20"": 282.72, ""2026-01-21"": 54.03, ""2026-01-22"": 136.53, ""2026-01-23"": 212.46, ""2026-01-26"": 107.47, ""2026-01-27"": 93.31, ""2026-01-28"": 71.24, ""2026-01-29"": 193.49, ""2026-01-30"": 52.94, ""2026-02-02"": 19.67}",2026-02-02 23:54
0046A0,TIGER 미국초단기(3개월이하)국채,10140,1.71,1.45,-28.4,105.7,A2,추세 전환 시도 중,"{""Ticker"": ""^SOX"", ""2025-12-18"": 6863.6298828125, ""2025-12-19"": 7067.8701171875, ""2025-12-22"": 7145.56982421875, ""2025-12-23"": 7184.5400390625, ""2025-12-24"": 7204.3701171875, ""2025-12-26"": 7207.64013671875, ""2025-12-29"": 7178.27001953125, ""2025-12-30"": 7169.10009765625, ""2025-12-31"": 7083.1298828125, ""2026-01-02"": 7367.47021484375, ""2026-01-05"": 7446.4501953125, ""2026-01-06"": 7650.93017578125, ""2026-01-07"": 7574.8701171875, ""2026-01-08"": 7436.10009765625, ""2026-01-09"": 7638.77978515625, ""2026-01-12"": 7674.83984375, ""2026-01-13"": 7747.990234375, ""2026-01-14"": 7701.47021484375, ""2026-01-15"": 7837.2998046875, ""2026-01-16"": 7927.41015625, ""2026-01-19"": NaN, ""2026-01-20"": 7794.18994140625, ""2026-01-21"": 8042.06982421875, ""2026-01-22"": 8055.169921875, ""2026-01-23"": 7957.93017578125, ""2026-01-26"": 7927.0400390625, ""2026-01-27"": 8117.18017578125, ""2026-01-28"": 8306.740234375, ""2026-01-29"": 8320.3896484375, ""2026-01-30"": 7998.47021484375, ""2026-02-02"": 8134.48828125}","{""metric"": ""Market_ADR"", ""2025-12-18"": 61.7, ""2025-12-19"": 131.39, ""2025-12-22"": 97.41, ""2025-12-23"": 32.29, ""2025-12-24"": 60.54, ""2025-12-26"": 37.91, ""2025-12-29"": 88.09, ""2025-12-30"": 74.29, ""2026-01-02"": 71.11, ""2026-01-05"": 89.71, ""2026-01-06"": 63.36, ""2026-01-07"": 33.14, ""2026-01-08"": 30.17, ""2026-01-09"": 121.26, ""2026-01-12"": 131.65, ""2026-01-13"": 81.94, ""2026-01-14"": 138.21, ""2026-01-15"": 106.74, ""2026-01-16"": 60.28, ""2026-01-19"": 82.11, ""2026-01-20"": 282.72, ""2026-01-21"": 54.03, ""2026-01-22"": 136.53, ""2026-01-23"": 212.46, ""2026-01-26"": 107.47, ""2026-01-27"": 93.31, ""2026-01-28"": 71.24, ""2026-01-29"": 193.49, ""2026-01-30"": 52.94, ""2026-02-02"": 19.67}",2026-02-02 23:54
468380,KODEX iShares미국하이일드액티브,11830,1.76,0.94,-28.42,142.0,A3,추세 전환 시도 중,"{""Ticker"": ""^SOX"", ""2025-12-18"": 6863.6298828125, ""2025-12-19"": 7067.8701171875, ""2025-12-22"": 7145.56982421875, ""2025-12-23"": 7184.5400390625, ""2025-12-24"": 7204.3701171875, ""2025-12-26"": 7207.64013671875, ""2025-12-29"": 7178.27001953125, ""2025-12-30"": 7169.10009765625, ""2025-12-31"": 7083.1298828125, ""2026-01-02"": 7367.47021484375, ""2026-01-05"": 7446.4501953125, ""2026-01-06"": 7650.93017578125, ""2026-01-07"": 7574.8701171875, ""2026-01-08"": 7436.10009765625, ""2026-01-09"": 7638.77978515625, ""2026-01-12"": 7674.83984375, ""2026-01-13"": 7747.990234375, ""2026-01-14"": 7701.47021484375, ""2026-01-15"": 7837.2998046875, ""2026-01-16"": 7927.41015625, ""2026-01-19"": NaN, ""2026-01-20"": 7794.18994140625, ""2026-01-21"": 8042.06982421875, ""2026-01-22"": 8055.169921875, ""2026-01-23"": 7957.93017578125, ""2026-01-26"": 7927.0400390625, ""2026-01-27"": 8117.18017578125, ""2026-01-28"": 8306.740234375, ""2026-01-29"": 8320.3896484375, ""2026-01-30"": 7998.47021484375, ""2026-02-02"": 8134.48828125}","{""metric"": ""Market_ADR"", ""2025-12-18"": 61.7, ""2025-12-19"": 131.39, ""2025-12-22"": 97.41, ""2025-12-23"": 32.29, ""2025-12-24"": 60.54, ""2025-12-26"": 37.91, ""2025-12-29"": 88.09, ""2025-12-30"": 74.29, ""2026-01-02"": 71.11, ""2026-01-05"": 89.71, ""2026-01-06"": 63.36, ""2026-01-07"": 33.14, ""2026-01-08"": 30.17, ""2026-01-09"": 121.26, ""2026-01-12"": 131.65, ""2026-01-13"": 81.94, ""2026-01-14"": 138.21, ""2026-01-15"": 106.74, ""2026-01-16"": 60.28, ""2026-01-19"": 82.11, ""2026-01-20"": 282.72, ""2026-01-21"": 54.03, ""2026-01-22"": 136.53, ""2026-01-23"": 212.46, ""2026-01-26"": 107.47, ""2026-01-27"": 93.31, ""2026-01-28"": 71.24, ""2026-01-29"": 193.49, ""2026-01-30"": 52.94, ""2026-02-02"": 19.67}",2026-02-02 23:54
468370,KODEX iShares미국인플레이션국채액티브,11580,1.94,1.49,-28.44,95.0,A2,추세 전환 시도 중,"{""Ticker"": ""^SOX"", ""2025-12-18"": 6863.6298828125, ""2025-12-19"": 7067.8701171875, ""2025-12-22"": 7145.56982421875, ""2025-12-23"": 7184.5400390625, ""2025-12-24"": 7204.3701171875, ""2025-12-26"": 7207.64013671875, ""2025-12-29"": 7178.27001953125, ""2025-12-30"": 7169.10009765625, ""2025-12-31"": 7083.1298828125, ""2026-01-02"": 7367.47021484375, ""2026-01-05"": 7446.4501953125, ""2026-01-06"": 7650.93017578125, ""2026-01-07"": 7574.8701171875, ""2026-01-08"": 7436.10009765625, ""2026-01-09"": 7638.77978515625, ""2026-01-12"": 7674.83984375, ""2026-01-13"": 7747.990234375, ""2026-01-14"": 7701.47021484375, ""2026-01-15"": 7837.2998046875, ""2026-01-16"": 7927.41015625, ""2026-01-19"": NaN, ""2026-01-20"": 7794.18994140625, ""2026-01-21"": 8042.06982421875, ""2026-01-22"": 8055.169921875, ""2026-01-23"": 7957.93017578125, ""2026-01-26"": 7927.0400390625, ""2026-01-27"": 8117.18017578125, ""2026-01-28"": 8306.740234375, ""2026-01-29"": 8320.3896484375, ""2026-01-30"": 7998.47021484375, ""2026-02-02"": 8134.48828125}","{""metric"": ""Market_ADR"", ""2025-12-18"": 61.7, ""2025-12-19"": 131.39, ""2025-12-22"": 97.41, ""2025-12-23"": 32.29, ""2025-12-24"": 60.54, ""2025-12-26"": 37.91, ""2025-12-29"": 88.09, ""2025-12-30"": 74.29, ""2026-01-02"": 71.11, ""2026-01-05"": 89.71, ""2026-01-06"": 63.36, ""2026-01-07"": 33.14, ""2026-01-08"": 30.17, ""2026-01-09"": 121.26, ""2026-01-12"": 131.65, ""2026-01-13"": 81.94, ""2026-01-14"": 138.21, ""2026-01-15"": 106.74, ""2026-01-16"": 60.28, ""2026-01-19"": 82.11, ""2026-01-20"": 282.72, ""2026-01-21"": 54.03, ""2026-01-22"": 136.53, ""2026-01-23"": 212.46, ""2026-01-26"": 107.47, ""2026-01-27"": 93.31, ""2026-01-28"": 71.24, ""2026-01-29"": 193.49, ""2026-01-30"": 52.94, ""2026-02-02"": 19.67}",2026-02-02 23:54
468630,KODEX iShares미국투자등급회사채액티브,11960,2.18,0.97,-28.45,121.0,A3,추세 전환 시도 중,"{""Ticker"": ""^SOX"", ""2025-12-18"": 6863.6298828125, ""2025-12-19"": 7067.8701171875, ""2025-12-22"": 7145.56982421875, ""2025-12-23"": 7184.5400390625, ""2025-12-24"": 7204.3701171875, ""2025-12-26"": 7207.64013671875, ""2025-12-29"": 7178.27001953125, ""2025-12-30"": 7169.10009765625, ""2025-12-31"": 7083.1298828125, ""2026-01-02"": 7367.47021484375, ""2026-01-05"": 7446.4501953125, ""2026-01-06"": 7650.93017578125, ""2026-01-07"": 7574.8701171875, ""2026-01-08"": 7436.10009765625, ""2026-01-09"": 7638.77978515625, ""2026-01-12"": 7674.83984375, ""2026-01-13"": 7747.990234375, ""2026-01-14"": 7701.47021484375, ""2026-01-15"": 7837.2998046875, ""2026-01-16"": 7927.41015625, ""2026-01-19"": NaN, ""2026-01-20"": 7794.18994140625, ""2026-01-21"": 8042.06982421875, ""2026-01-22"": 8055.169921875, ""2026-01-23"": 7957.93017578125, ""2026-01-26"": 7927.0400390625, ""2026-01-27"": 8117.18017578125, ""2026-01-28"": 8306.740234375, ""2026-01-29"": 8320.3896484375, ""2026-01-30"": 7998.47021484375, ""2026-02-02"": 8134.48828125}","{""metric"": ""Market_ADR"", ""2025-12-18"": 61.7, ""2025-12-19"": 131.39, ""2025-12-22"": 97.41, ""2025-12-23"": 32.29, ""2025-12-24"": 60.54, ""2025-12-26"": 37.91, ""2025-12-29"": 88.09, ""2025-12-30"": 74.29, ""2026-01-02"": 71.11, ""2026-01-05"": 89.71, ""2026-01-06"": 63.36, ""2026-01-07"": 33.14, ""2026-01-08"": 30.17, ""2026-01-09"": 121.26, ""2026-01-12"": 131.65, ""2026-01-13"": 81.94, ""2026-01-14"": 138.21, ""2026-01-15"": 106.74, ""2026-01-16"": 60.28, ""2026-01-19"": 82.11, ""2026-01-20"": 282.72, ""2026-01-21"": 54.03, ""2026-01-22"": 136.53, ""2026-01-23"": 212.46, ""2026-01-26"": 107.47, ""2026-01-27"": 93.31, ""2026-01-28"": 71.24, ""2026-01-29"": 193.49, ""2026-01-30"": 52.94, ""2026-02-02"": 19.67}",2026-02-02 23:54
455030,KODEX 미국달러SOFR금리액티브(합성),12550,1.62,1.13,-28.55,184.1,A3,추세 전환 시도 중,"{""Ticker"": ""^SOX"", ""2025-12-18"": 6863.6298828125, ""2025-12-19"": 7067.8701171875, ""2025-12-22"": 7145.56982421875, ""2025-12-23"": 7184.5400390625, ""2025-12-24"": 7204.3701171875, ""2025-12-26"": 7207.64013671875, ""2025-12-29"": 7178.27001953125, ""2025-12-30"": 7169.10009765625, ""2025-12-31"": 7083.1298828125, ""2026-01-02"": 7367.47021484375, ""2026-01-05"": 7446.4501953125, ""2026-01-06"": 7650.93017578125, ""2026-01-07"": 7574.8701171875, ""2026-01-08"": 7436.10009765625, ""2026-01-09"": 7638.77978515625, ""2026-01-12"": 7674.83984375, ""2026-01-13"": 7747.990234375, ""2026-01-14"": 7701.47021484375, ""2026-01-15"": 7837.2998046875, ""2026-01-16"": 7927.41015625, ""2026-01-19"": NaN, ""2026-01-20"": 7794.18994140625, ""2026-01-21"": 8042.06982421875, ""2026-01-22"": 8055.169921875, ""2026-01-23"": 7957.93017578125, ""2026-01-26"": 7927.0400390625, ""2026-01-27"": 8117.18017578125, ""2026-01-28"": 8306.740234375, ""2026-01-29"": 8320.3896484375, ""2026-01-30"": 7998.47021484375, ""2026-02-02"": 8134.48828125}","{""metric"": ""Market_ADR"", ""2025-12-18"": 61.7, ""2025-12-19"": 131.39, ""2025-12-22"": 97.41, ""2025-12-23"": 32.29, ""2025-12-24"": 60.54, ""2025-12-26"": 37.91, ""2025-12-29"": 88.09, ""2025-12-30"": 74.29, ""2026-01-02"": 71.11, ""2026-01-05"": 89.71, ""2026-01-06"": 63.36, ""2026-01-07"": 33.14, ""2026-01-08"": 30.17, ""2026-01-09"": 121.26, ""2026-01-12"": 131.65, ""2026-01-13"": 81.94, ""2026-01-14"": 138.21, ""2026-01-15"": 106.74, ""2026-01-16"": 60.28, ""2026-01-19"": 82.11, ""2026-01-20"": 282.72, ""2026-01-21"": 54.03, ""2026-01-22"": 136.53, ""2026-01-23"": 212.46, ""2026-01-26"": 107.47, ""2026-01-27"": 93.31, ""2026-01-28"": 71.24, ""2026-01-29"": 193.49, ""2026-01-30"": 52.94, ""2026-02-02"": 19.67}",2026-02-02 23:54
332610,PLUS 미국단기회사채(AAA~A),133660,1.65,1.32,-28.58,347.9,A4,추세 전환 시도 중,"{""Ticker"": ""^SOX"", ""2025-12-18"": 6863.6298828125, ""2025-12-19"": 7067.8701171875, ""2025-12-22"": 7145.56982421875, ""2025-12-23"": 7184.5400390625, ""2025-12-24"": 7204.3701171875, ""2025-12-26"": 7207.64013671875, ""2025-12-29"": 7178.27001953125, ""2025-12-30"": 7169.10009765625, ""2025-12-31"": 7083.1298828125, ""2026-01-02"": 7367.47021484375, ""2026-01-05"": 7446.4501953125, ""2026-01-06"": 7650.93017578125, ""2026-01-07"": 7574.8701171875, ""2026-01-08"": 7436.10009765625, ""2026-01-09"": 7638.77978515625, ""2026-01-12"": 7674.83984375, ""2026-01-13"": 7747.990234375, ""2026-01-14"": 7701.47021484375, ""2026-01-15"": 7837.2998046875, ""2026-01-16"": 7927.41015625, ""2026-01-19"": NaN, ""2026-01-20"": 7794.18994140625, ""2026-01-21"": 8042.06982421875, ""2026-01-22"": 8055.169921875, ""2026-01-23"": 7957.93017578125, ""2026-01-26"": 7927.0400390625, ""2026-01-27"": 8117.18017578125, ""2026-01-28"": 8306.740234375, ""2026-01-29"": 8320.3896484375, ""2026-01-30"": 7998.47021484375, ""2026-02-02"": 8134.48828125}","{""metric"": ""Market_ADR"", ""2025-12-18"": 61.7, ""2025-12-19"": 131.39, ""2025-12-22"": 97.41, ""2025-12-23"": 32.29, ""2025-12-24"": 60.54, ""2025-12-26"": 37.91, ""2025-12-29"": 88.09, ""2025-12-30"": 74.29, ""2026-01-02"": 71.11, ""2026-01-05"": 89.71, ""2026-01-06"": 63.36, ""2026-01-07"": 33.14, ""2026-01-08"": 30.17, ""2026-01-09"": 121.26, ""2026-01-12"": 131.65, ""2026-01-13"": 81.94, ""2026-01-14"": 138.21, ""2026-01-15"": 106.74, ""2026-01-16"": 60.28, ""2026-01-19"": 82.11, ""2026-01-20"": 282.72, ""2026-01-21"": 54.03, ""2026-01-22"": 136.53, ""2026-01-23"": 212.46, ""2026-01-26"": 107.47, ""2026-01-27"": 93.31, ""2026-01-28"": 71.24, ""2026-01-29"": 193.49, ""2026-01-30"": 52.94, ""2026-02-02"": 19.67}",2026-02-02 23:54
0085P0,ACE 미국10년국채액티브,10720,2.1,1.28,-28.62,118.5,A2,추세 전환 시도 중,"{""Ticker"": ""^SOX"", ""2025-12-18"": 6863.6298828125, ""2025-12-19"": 7067.8701171875, ""2025-12-22"": 7145.56982421875, ""2025-12-23"": 7184.5400390625, ""2025-12-24"": 7204.3701171875, ""2025-12-26"": 7207.64013671875, ""2025-12-29"": 7178.27001953125, ""2025-12-30"": 7169.10009765625, ""2025-12-31"": 7083.1298828125, ""2026-01-02"": 7367.47021484375, ""2026-01-05"": 7446.4501953125, ""2026-01-06"": 7650.93017578125, ""2026-01-07"": 7574.8701171875, ""2026-01-08"": 7436.10009765625, ""2026-01-09"": 7638.77978515625, ""2026-01-12"": 7674.83984375, ""2026-01-13"": 7747.990234375, ""2026-01-14"": 7701.47021484375, ""2026-01-15"": 7837.2998046875, ""2026-01-16"": 7927.41015625, ""2026-01-19"": NaN, ""2026-01-20"": 7794.18994140625, ""2026-01-21"": 8042.06982421875, ""2026-01-22"": 8055.169921875, ""2026-01-23"": 7957.93017578125, ""2026-01-26"": 7927.0400390625, ""2026-01-27"": 8117.18017578125, ""2026-01-28"": 8306.740234375, ""2026-01-29"": 8320.3896484375, ""2026-01-30"": 7998.47021484375, ""2026-02-02"": 8134.48828125}","{""metric"": ""Market_ADR"", ""2025-12-18"": 61.7, ""2025-12-19"": 131.39, ""2025-12-22"": 97.41, ""2025-12-23"": 32.29, ""2025-12-24"": 60.54, ""2025-12-26"": 37.91, ""2025-12-29"": 88.09, ""2025-12-30"": 74.29, ""2026-01-02"": 71.11, ""2026-01-05"": 89.71, ""2026-01-06"": 63.36, ""2026-01-07"": 33.14, ""2026-01-08"": 30.17, ""2026-01-09"": 121.26, ""2026-01-12"": 131.65, ""2026-01-13"": 81.94, ""2026-01-14"": 138.21, ""2026-01-15"": 106.74, ""2026-01-16"": 60.28, ""2026-01-19"": 82.11, ""2026-01-20"": 282.72, ""2026-01-21"": 54.03, ""2026-01-22"": 136.53, ""2026-01-23"": 212.46, ""2026-01-26"": 107.47, ""2026-01-27"": 93.31, ""2026-01-28"": 71.24, ""2026-01-29"": 193.49, ""2026-01-30"": 52.94, ""2026-02-02"": 19.67}",2026-02-02 23:54
0048J0,KODEX 미국머니마켓액티브,14635,1.74,1.28,-28.64,145.3,A3,추세 전환 시도 중,"{""Ticker"": ""^SOX"", ""2025-12-18"": 6863.6298828125, ""2025-12-19"": 7067.8701171875, ""2025-12-22"": 7145.56982421875, ""2025-12-23"": 7184.5400390625, ""2025-12-24"": 7204.3701171875, ""2025-12-26"": 7207.64013671875, ""2025-12-29"": 7178.27001953125, ""2025-12-30"": 7169.10009765625, ""2025-12-31"": 7083.1298828125, ""2026-01-02"": 7367.47021484375, ""2026-01-05"": 7446.4501953125, ""2026-01-06"": 7650.93017578125, ""2026-01-07"": 7574.8701171875, ""2026-01-08"": 7436.10009765625, ""2026-01-09"": 7638.77978515625, ""2026-01-12"": 7674.83984375, ""2026-01-13"": 7747.990234375, ""2026-01-14"": 7701.47021484375, ""2026-01-15"": 7837.2998046875, ""2026-01-16"": 7927.41015625, ""2026-01-19"": NaN, ""2026-01-20"": 7794.18994140625, ""2026-01-21"": 8042.06982421875, ""2026-01-22"": 8055.169921875, ""2026-01-23"": 7957.93017578125, ""2026-01-26"": 7927.0400390625, ""2026-01-27"": 8117.18017578125, ""2026-01-28"": 8306.740234375, ""2026-01-29"": 8320.3896484375, ""2026-01-30"": 7998.47021484375, ""2026-02-02"": 8134.48828125}","{""metric"": ""Market_ADR"", ""2025-12-18"": 61.7, ""2025-12-19"": 131.39, ""2025-12-22"": 97.41, ""2025-12-23"": 32.29, ""2025-12-24"": 60.54, ""2025-12-26"": 37.91, ""2025-12-29"": 88.09, ""2025-12-30"": 74.29, ""2026-01-02"": 71.11, ""2026-01-05"": 89.71, ""2026-01-06"": 63.36, ""2026-01-07"": 33.14, ""2026-01-08"": 30.17, ""2026-01-09"": 121.26, ""2026-01-12"": 131.65, ""2026-01-13"": 81.94, ""2026-01-14"": 138.21, ""2026-01-15"": 106.74, ""2026-01-16"": 60.28, ""2026-01-19"": 82.11, ""2026-01-20"": 282.72, ""2026-01-21"": 54.03, ""2026-01-22"": 136.53, ""2026-01-23"": 212.46, ""2026-01-26"": 107.47, ""2026-01-27"": 93.31, ""2026-01-28"": 71.24, ""2026-01-29"": 193.49, ""2026-01-30"": 52.94, ""2026-02-02"": 19.67}",2026-02-02 23:54
437070,KODEX 아시아달러채권ESG플러스액티브,64355,1.96,1.16,-28.77,241.0,A4,추세 전환 시도 중,"{""Ticker"": ""^SOX"", ""2025-12-18"": 6863.6298828125, ""2025-12-19"": 7067.8701171875, ""2025-12-22"": 7145.56982421875, ""2025-12-23"": 7184.5400390625, ""2025-12-24"": 7204.3701171875, ""2025-12-26"": 7207.64013671875, ""2025-12-29"": 7178.27001953125, ""2025-12-30"": 7169.10009765625, ""2025-12-31"": 7083.1298828125, ""2026-01-02"": 7367.47021484375, ""2026-01-05"": 7446.4501953125, ""2026-01-06"": 7650.93017578125, ""2026-01-07"": 7574.8701171875, ""2026-01-08"": 7436.10009765625, ""2026-01-09"": 7638.77978515625, ""2026-01-12"": 7674.83984375, ""2026-01-13"": 7747.990234375, ""2026-01-14"": 7701.47021484375, ""2026-01-15"": 7837.2998046875, ""2026-01-16"": 7927.41015625, ""2026-01-19"": NaN, ""2026-01-20"": 7794.18994140625, ""2026-01-21"": 8042.06982421875, ""2026-01-22"": 8055.169921875, ""2026-01-23"": 7957.93017578125, ""2026-01-26"": 7927.0400390625, ""2026-01-27"": 8117.18017578125, ""2026-01-28"": 8306.740234375, ""2026-01-29"": 8320.3896484375, ""2026-01-30"": 7998.47021484375, ""2026-02-02"": 8134.48828125}","{""metric"": ""Market_ADR"", ""2025-12-18"": 61.7, ""2025-12-19"": 131.39, ""2025-12-22"": 97.41, ""2025-12-23"": 32.29, ""2025-12-24"": 60.54, ""2025-12-26"": 37.91, ""2025-12-29"": 88.09, ""2025-12-30"": 74.29, ""2026-01-02"": 71.11, ""2026-01-05"": 89.71, ""2026-01-06"": 63.36, ""2026-01-07"": 33.14, ""2026-01-08"": 30.17, ""2026-01-09"": 121.26, ""2026-01-12"": 131.65, ""2026-01-13"": 81.94, ""2026-01-14"": 138.21, ""2026-01-15"": 106.74, ""2026-01-16"": 60.28, ""2026-01-19"": 82.11, ""2026-01-20"": 282.72, ""2026-01-21"": 54.03, ""2026-01-22"": 136.53, ""2026-01-23"": 212.46, ""2026-01-26"": 107.47, ""2026-01-27"": 93.31, ""2026-01-28"": 71.24, ""2026-01-29"": 193.49, ""2026-01-30"": 52.94, ""2026-02-02"": 19.67}",2026-02-02 23:54
305080,TIGER 미국채10년선물,13275,2.04,1.57,-28.78,269.5,A4,추세 전환 시도 중,"{""Ticker"": ""^SOX"", ""2025-12-18"": 6863.6298828125, ""2025-12-19"": 7067.8701171875, ""2025-12-22"": 7145.56982421875, ""2025-12-23"": 7184.5400390625, ""2025-12-24"": 7204.3701171875, ""2025-12-26"": 7207.64013671875, ""2025-12-29"": 7178.27001953125, ""2025-12-30"": 7169.10009765625, ""2025-12-31"": 7083.1298828125, ""2026-01-02"": 7367.47021484375, ""2026-01-05"": 7446.4501953125, ""2026-01-06"": 7650.93017578125, ""2026-01-07"": 7574.8701171875, ""2026-01-08"": 7436.10009765625, ""2026-01-09"": 7638.77978515625, ""2026-01-12"": 7674.83984375, ""2026-01-13"": 7747.990234375, ""2026-01-14"": 7701.47021484375, ""2026-01-15"": 7837.2998046875, ""2026-01-16"": 7927.41015625, ""2026-01-19"": NaN, ""2026-01-20"": 7794.18994140625, ""2026-01-21"": 8042.06982421875, ""2026-01-22"": 8055.169921875, ""2026-01-23"": 7957.93017578125, ""2026-01-26"": 7927.0400390625, ""2026-01-27"": 8117.18017578125, ""2026-01-28"": 8306.740234375, ""2026-01-29"": 8320.3896484375, ""2026-01-30"": 7998.47021484375, ""2026-02-02"": 8134.48828125}","{""metric"": ""Market_ADR"", ""2025-12-18"": 61.7, ""2025-12-19"": 131.39, ""2025-12-22"": 97.41, ""2025-12-23"": 32.29, ""2025-12-24"": 60.54, ""2025-12-26"": 37.91, ""2025-12-29"": 88.09, ""2025-12-30"": 74.29, ""2026-01-02"": 71.11, ""2026-01-05"": 89.71, ""2026-01-06"": 63.36, ""2026-01-07"": 33.14, ""2026-01-08"": 30.17, ""2026-01-09"": 121.26, ""2026-01-12"": 131.65, ""2026-01-13"": 81.94, ""2026-01-14"": 138.21, ""2026-01-15"": 106.74, ""2026-01-16"": 60.28, ""2026-01-19"": 82.11, ""2026-01-20"": 282.72, ""2026-01-21"": 54.03, ""2026-01-22"": 136.53, ""2026-01-23"": 212.46, ""2026-01-26"": 107.47, ""2026-01-27"": 93.31, ""2026-01-28"": 71.24, ""2026-01-29"": 193.49, ""2026-01-30"": 52.94, ""2026-02-02"": 19.67}",2026-02-02 23:54
489000,PLUS 일본엔화초단기국채(합성),9985,0.96,1.01,-28.91,128.7,A3,추세 전환 시도 중,"{""Ticker"": ""^SOX"", ""2025-12-18"": 6863.6298828125, ""2025-12-19"": 7067.8701171875, ""2025-12-22"": 7145.56982421875, ""2025-12-23"": 7184.5400390625, ""2025-12-24"": 7204.3701171875, ""2025-12-26"": 7207.64013671875, ""2025-12-29"": 7178.27001953125, ""2025-12-30"": 7169.10009765625, ""2025-12-31"": 7083.1298828125, ""2026-01-02"": 7367.47021484375, ""2026-01-05"": 7446.4501953125, ""2026-01-06"": 7650.93017578125, ""2026-01-07"": 7574.8701171875, ""2026-01-08"": 7436.10009765625, ""2026-01-09"": 7638.77978515625, ""2026-01-12"": 7674.83984375, ""2026-01-13"": 7747.990234375, ""2026-01-14"": 7701.47021484375, ""2026-01-15"": 7837.2998046875, ""2026-01-16"": 7927.41015625, ""2026-01-19"": NaN, ""2026-01-20"": 7794.18994140625, ""2026-01-21"": 8042.06982421875, ""2026-01-22"": 8055.169921875, ""2026-01-23"": 7957.93017578125, ""2026-01-26"": 7927.0400390625, ""2026-01-27"": 8117.18017578125, ""2026-01-28"": 8306.740234375, ""2026-01-29"": 8320.3896484375, ""2026-01-30"": 7998.47021484375, ""2026-02-02"": 8134.48828125}","{""metric"": ""Market_ADR"", ""2025-12-18"": 61.7, ""2025-12-19"": 131.39, ""2025-12-22"": 97.41, ""2025-12-23"": 32.29, ""2025-12-24"": 60.54, ""2025-12-26"": 37.91, ""2025-12-29"": 88.09, ""2025-12-30"": 74.29, ""2026-01-02"": 71.11, ""2026-01-05"": 89.71, ""2026-01-06"": 63.36, ""2026-01-07"": 33.14, ""2026-01-08"": 30.17, ""2026-01-09"": 121.26, ""2026-01-12"": 131.65, ""2026-01-13"": 81.94, ""2026-01-14"": 138.21, ""2026-01-15"": 106.74, ""2026-01-16"": 60.28, ""2026-01-19"": 82.11, ""2026-01-20"": 282.72, ""2026-01-21"": 54.03, ""2026-01-22"": 136.53, ""2026-01-23"": 212.46, ""2026-01-26"": 107.47, ""2026-01-27"": 93.31, ""2026-01-28"": 71.24, ""2026-01-29"": 193.49, ""2026-01-30"": 52.94, ""2026-02-02"": 19.67}",2026-02-02 23:54
261240,KODEX 미국달러선물,14850,1.64,1.57,-28.92,197.0,A4,추세 전환 시도 중,"{""Ticker"": ""^SOX"", ""2025-12-18"": 6863.6298828125, ""2025-12-19"": 7067.8701171875, ""2025-12-22"": 7145.56982421875, ""2025-12-23"": 7184.5400390625, ""2025-12-24"": 7204.3701171875, ""2025-12-26"": 7207.64013671875, ""2025-12-29"": 7178.27001953125, ""2025-12-30"": 7169.10009765625, ""2025-12-31"": 7083.1298828125, ""2026-01-02"": 7367.47021484375, ""2026-01-05"": 7446.4501953125, ""2026-01-06"": 7650.93017578125, ""2026-01-07"": 7574.8701171875, ""2026-01-08"": 7436.10009765625, ""2026-01-09"": 7638.77978515625, ""2026-01-12"": 7674.83984375, ""2026-01-13"": 7747.990234375, ""2026-01-14"": 7701.47021484375, ""2026-01-15"": 7837.2998046875, ""2026-01-16"": 7927.41015625, ""2026-01-19"": NaN, ""2026-01-20"": 7794.18994140625, ""2026-01-21"": 8042.06982421875, ""2026-01-22"": 8055.169921875, ""2026-01-23"": 7957.93017578125, ""2026-01-26"": 7927.0400390625, ""2026-01-27"": 8117.18017578125, ""2026-01-28"": 8306.740234375, ""2026-01-29"": 8320.3896484375, ""2026-01-30"": 7998.47021484375, ""2026-02-02"": 8134.48828125}","{""metric"": ""Market_ADR"", ""2025-12-18"": 61.7, ""2025-12-19"": 131.39, ""2025-12-22"": 97.41, ""2025-12-23"": 32.29, ""2025-12-24"": 60.54, ""2025-12-26"": 37.91, ""2025-12-29"": 88.09, ""2025-12-30"": 74.29, ""2026-01-02"": 71.11, ""2026-01-05"": 89.71, ""2026-01-06"": 63.36, ""2026-01-07"": 33.14, ""2026-01-08"": 30.17, ""2026-01-09"": 121.26, ""2026-01-12"": 131.65, ""2026-01-13"": 81.94, ""2026-01-14"": 138.21, ""2026-01-15"": 106.74, ""2026-01-16"": 60.28, ""2026-01-19"": 82.11, ""2026-01-20"": 282.72, ""2026-01-21"": 54.03, ""2026-01-22"": 136.53, ""2026-01-23"": 212.46, ""2026-01-26"": 107.47, ""2026-01-27"": 93.31, ""2026-01-28"": 71.24, ""2026-01-29"": 193.49, ""2026-01-30"": 52.94, ""2026-02-02"": 19.67}",2026-02-02 23:54
138230,KIWOOM 미국달러선물,16805,1.51,1.33,-29.26,94.4,A3,추세 전환 시도 중,"{""Ticker"": ""^SOX"", ""2025-12-18"": 6863.6298828125, ""2025-12-19"": 7067.8701171875, ""2025-12-22"": 7145.56982421875, ""2025-12-23"": 7184.5400390625, ""2025-12-24"": 7204.3701171875, ""2025-12-26"": 7207.64013671875, ""2025-12-29"": 7178.27001953125, ""2025-12-30"": 7169.10009765625, ""2025-12-31"": 7083.1298828125, ""2026-01-02"": 7367.47021484375, ""2026-01-05"": 7446.4501953125, ""2026-01-06"": 7650.93017578125, ""2026-01-07"": 7574.8701171875, ""2026-01-08"": 7436.10009765625, ""2026-01-09"": 7638.77978515625, ""2026-01-12"": 7674.83984375, ""2026-01-13"": 7747.990234375, ""2026-01-14"": 7701.47021484375, ""2026-01-15"": 7837.2998046875, ""2026-01-16"": 7927.41015625, ""2026-01-19"": NaN, ""2026-01-20"": 7794.18994140625, ""2026-01-21"": 8042.06982421875, ""2026-01-22"": 8055.169921875, ""2026-01-23"": 7957.93017578125, ""2026-01-26"": 7927.0400390625, ""2026-01-27"": 8117.18017578125, ""2026-01-28"": 8306.740234375, ""2026-01-29"": 8320.3896484375, ""2026-01-30"": 7998.47021484375, ""2026-02-02"": 8134.48828125}","{""metric"": ""Market_ADR"", ""2025-12-18"": 61.7, ""2025-12-19"": 131.39, ""2025-12-22"": 97.41, ""2025-12-23"": 32.29, ""2025-12-24"": 60.54, ""2025-12-26"": 37.91, ""2025-12-29"": 88.09, ""2025-12-30"": 74.29, ""2026-01-02"": 71.11, ""2026-01-05"": 89.71, ""2026-01-06"": 63.36, ""2026-01-07"": 33.14, ""2026-01-08"": 30.17, ""2026-01-09"": 121.26, ""2026-01-12"": 131.65, ""2026-01-13"": 81.94, ""2026-01-14"": 138.21, ""2026-01-15"": 106.74, ""2026-01-16"": 60.28, ""2026-01-19"": 82.11, ""2026-01-20"": 282.72, ""2026-01-21"": 54.03, ""2026-01-22"": 136.53, ""2026-01-23"": 212.46, ""2026-01-26"": 107.47, ""2026-01-27"": 93.31, ""2026-01-28"": 71.24, ""2026-01-29"": 193.49, ""2026-01-30"": 52.94, ""2026-02-02"": 19.67}",2026-02-02 23:54
438080,ACE 미국S&P500미국채혼합50액티브,13960,1.49,1.45,-29.4,91.4,A2,추세 전환 시도 중,"{""Ticker"": ""^SOX"", ""2025-12-18"": 6863.6298828125, ""2025-12-19"": 7067.8701171875, ""2025-12-22"": 7145.56982421875, ""2025-12-23"": 7184.5400390625, ""2025-12-24"": 7204.3701171875, ""2025-12-26"": 7207.64013671875, ""2025-12-29"": 7178.27001953125, ""2025-12-30"": 7169.10009765625, ""2025-12-31"": 7083.1298828125, ""2026-01-02"": 7367.47021484375, ""2026-01-05"": 7446.4501953125, ""2026-01-06"": 7650.93017578125, ""2026-01-07"": 7574.8701171875, ""2026-01-08"": 7436.10009765625, ""2026-01-09"": 7638.77978515625, ""2026-01-12"": 7674.83984375, ""2026-01-13"": 7747.990234375, ""2026-01-14"": 7701.47021484375, ""2026-01-15"": 7837.2998046875, ""2026-01-16"": 7927.41015625, ""2026-01-19"": NaN, ""2026-01-20"": 7794.18994140625, ""2026-01-21"": 8042.06982421875, ""2026-01-22"": 8055.169921875, ""2026-01-23"": 7957.93017578125, ""2026-01-26"": 7927.0400390625, ""2026-01-27"": 8117.18017578125, ""2026-01-28"": 8306.740234375, ""2026-01-29"": 8320.3896484375, ""2026-01-30"": 7998.47021484375, ""2026-02-02"": 8134.48828125}","{""metric"": ""Market_ADR"", ""2025-12-18"": 61.7, ""2025-12-19"": 131.39, ""2025-12-22"": 97.41, ""2025-12-23"": 32.29, ""2025-12-24"": 60.54, ""2025-12-26"": 37.91, ""2025-12-29"": 88.09, ""2025-12-30"": 74.29, ""2026-01-02"": 71.11, ""2026-01-05"": 89.71, ""2026-01-06"": 63.36, ""2026-01-07"": 33.14, ""2026-01-08"": 30.17, ""2026-01-09"": 121.26, ""2026-01-12"": 131.65, ""2026-01-13"": 81.94, ""2026-01-14"": 138.21, ""2026-01-15"": 106.74, ""2026-01-16"": 60.28, ""2026-01-19"": 82.11, ""2026-01-20"": 282.72, ""2026-01-21"": 54.03, ""2026-01-22"": 136.53, ""2026-01-23"": 212.46, ""2026-01-26"": 107.47, ""2026-01-27"": 93.31, ""2026-01-28"": 71.24, ""2026-01-29"": 193.49, ""2026-01-30"": 52.94, ""2026-02-02"": 19.67}",2026-02-02 23:54
0013P0,RISE 미국은행TOP10,12030,0.92,3.26,-29.41,231.7,A4,추세 전환 시도 중,"{""Ticker"": ""^SOX"", ""2025-12-18"": 6863.6298828125, ""2025-12-19"": 7067.8701171875, ""2025-12-22"": 7145.56982421875, ""2025-12-23"": 7184.5400390625, ""2025-12-24"": 7204.3701171875, ""2025-12-26"": 7207.64013671875, ""2025-12-29"": 7178.27001953125, ""2025-12-30"": 7169.10009765625, ""2025-12-31"": 7083.1298828125, ""2026-01-02"": 7367.47021484375, ""2026-01-05"": 7446.4501953125, ""2026-01-06"": 7650.93017578125, ""2026-01-07"": 7574.8701171875, ""2026-01-08"": 7436.10009765625, ""2026-01-09"": 7638.77978515625, ""2026-01-12"": 7674.83984375, ""2026-01-13"": 7747.990234375, ""2026-01-14"": 7701.47021484375, ""2026-01-15"": 7837.2998046875, ""2026-01-16"": 7927.41015625, ""2026-01-19"": NaN, ""2026-01-20"": 7794.18994140625, ""2026-01-21"": 8042.06982421875, ""2026-01-22"": 8055.169921875, ""2026-01-23"": 7957.93017578125, ""2026-01-26"": 7927.0400390625, ""2026-01-27"": 8117.18017578125, ""2026-01-28"": 8306.740234375, ""2026-01-29"": 8320.3896484375, ""2026-01-30"": 7998.47021484375, ""2026-02-02"": 8134.48828125}","{""metric"": ""Market_ADR"", ""2025-12-18"": 61.7, ""2025-12-19"": 131.39, ""2025-12-22"": 97.41, ""2025-12-23"": 32.29, ""2025-12-24"": 60.54, ""2025-12-26"": 37.91, ""2025-12-29"": 88.09, ""2025-12-30"": 74.29, ""2026-01-02"": 71.11, ""2026-01-05"": 89.71, ""2026-01-06"": 63.36, ""2026-01-07"": 33.14, ""2026-01-08"": 30.17, ""2026-01-09"": 121.26, ""2026-01-12"": 131.65, ""2026-01-13"": 81.94, ""2026-01-14"": 138.21, ""2026-01-15"": 106.74, ""2026-01-16"": 60.28, ""2026-01-19"": 82.11, ""2026-01-20"": 282.72, ""2026-01-21"": 54.03, ""2026-01-22"": 136.53, ""2026-01-23"": 212.46, ""2026-01-26"": 107.47, ""2026-01-27"": 93.31, ""2026-01-28"": 71.24, ""2026-01-29"": 193.49, ""2026-01-30"": 52.94, ""2026-02-02"": 19.67}",2026-02-02 23:54
261250,KODEX 미국달러선물레버리지,17650,3.34,3.19,-29.65,153.4,A4,추세 전환 시도 중,"{""Ticker"": ""^SOX"", ""2025-12-18"": 6863.6298828125, ""2025-12-19"": 7067.8701171875, ""2025-12-22"": 7145.56982421875, ""2025-12-23"": 7184.5400390625, ""2025-12-24"": 7204.3701171875, ""2025-12-26"": 7207.64013671875, ""2025-12-29"": 7178.27001953125, ""2025-12-30"": 7169.10009765625, ""2025-12-31"": 7083.1298828125, ""2026-01-02"": 7367.47021484375, ""2026-01-05"": 7446.4501953125, ""2026-01-06"": 7650.93017578125, ""2026-01-07"": 7574.8701171875, ""2026-01-08"": 7436.10009765625, ""2026-01-09"": 7638.77978515625, ""2026-01-12"": 7674.83984375, ""2026-01-13"": 7747.990234375, ""2026-01-14"": 7701.47021484375, ""2026-01-15"": 7837.2998046875, ""2026-01-16"": 7927.41015625, ""2026-01-19"": NaN, ""2026-01-20"": 7794.18994140625, ""2026-01-21"": 8042.06982421875, ""2026-01-22"": 8055.169921875, ""2026-01-23"": 7957.93017578125, ""2026-01-26"": 7927.0400390625, ""2026-01-27"": 8117.18017578125, ""2026-01-28"": 8306.740234375, ""2026-01-29"": 8320.3896484375, ""2026-01-30"": 7998.47021484375, ""2026-02-02"": 8134.48828125}","{""metric"": ""Market_ADR"", ""2025-12-18"": 61.7, ""2025-12-19"": 131.39, ""2025-12-22"": 97.41, ""2025-12-23"": 32.29, ""2025-12-24"": 60.54, ""2025-12-26"": 37.91, ""2025-12-29"": 88.09, ""2025-12-30"": 74.29, ""2026-01-02"": 71.11, ""2026-01-05"": 89.71, ""2026-01-06"": 63.36, ""2026-01-07"": 33.14, ""2026-01-08"": 30.17, ""2026-01-09"": 121.26, ""2026-01-12"": 131.65, ""2026-01-13"": 81.94, ""2026-01-14"": 138.21, ""2026-01-15"": 106.74, ""2026-01-16"": 60.28, ""2026-01-19"": 82.11, ""2026-01-20"": 282.72, ""2026-01-21"": 54.03, ""2026-01-22"": 136.53, ""2026-01-23"": 212.46, ""2026-01-26"": 107.47, ""2026-01-27"": 93.31, ""2026-01-28"": 71.24, ""2026-01-29"": 193.49, ""2026-01-30"": 52.94, ""2026-02-02"": 19.67}",2026-02-02 23:54
308620,KODEX 미국10년국채선물,12445,2.26,1.8,-29.72,178.5,A3,추세 전환 시도 중,"{""Ticker"": ""^SOX"", ""2025-12-18"": 6863.6298828125, ""2025-12-19"": 7067.8701171875, ""2025-12-22"": 7145.56982421875, ""2025-12-23"": 7184.5400390625, ""2025-12-24"": 7204.3701171875, ""2025-12-26"": 7207.64013671875, ""2025-12-29"": 7178.27001953125, ""2025-12-30"": 7169.10009765625, ""2025-12-31"": 7083.1298828125, ""2026-01-02"": 7367.47021484375, ""2026-01-05"": 7446.4501953125, ""2026-01-06"": 7650.93017578125, ""2026-01-07"": 7574.8701171875, ""2026-01-08"": 7436.10009765625, ""2026-01-09"": 7638.77978515625, ""2026-01-12"": 7674.83984375, ""2026-01-13"": 7747.990234375, ""2026-01-14"": 7701.47021484375, ""2026-01-15"": 7837.2998046875, ""2026-01-16"": 7927.41015625, ""2026-01-19"": NaN, ""2026-01-20"": 7794.18994140625, ""2026-01-21"": 8042.06982421875, ""2026-01-22"": 8055.169921875, ""2026-01-23"": 7957.93017578125, ""2026-01-26"": 7927.0400390625, ""2026-01-27"": 8117.18017578125, ""2026-01-28"": 8306.740234375, ""2026-01-29"": 8320.3896484375, ""2026-01-30"": 7998.47021484375, ""2026-02-02"": 8134.48828125}","{""metric"": ""Market_ADR"", ""2025-12-18"": 61.7, ""2025-12-19"": 131.39, ""2025-12-22"": 97.41, ""2025-12-23"": 32.29, ""2025-12-24"": 60.54, ""2025-12-26"": 37.91, ""2025-12-29"": 88.09, ""2025-12-30"": 74.29, ""2026-01-02"": 71.11, ""2026-01-05"": 89.71, ""2026-01-06"": 63.36, ""2026-01-07"": 33.14, ""2026-01-08"": 30.17, ""2026-01-09"": 121.26, ""2026-01-12"": 131.65, ""2026-01-13"": 81.94, ""2026-01-14"": 138.21, ""2026-01-15"": 106.74, ""2026-01-16"": 60.28, ""2026-01-19"": 82.11, ""2026-01-20"": 282.72, ""2026-01-21"": 54.03, ""2026-01-22"": 136.53, ""2026-01-23"": 212.46, ""2026-01-26"": 107.47, ""2026-01-27"": 93.31, ""2026-01-28"": 71.24, ""2026-01-29"": 193.49, ""2026-01-30"": 52.94, ""2026-02-02"": 19.67}",2026-02-02 23:54
334700,RISE 팔라듐선물인버스(H),3010,14.45,27.0,-29.76,305.9,A5,추세 전환 시도 중,"{""Ticker"": ""^SOX"", ""2025-12-18"": 6863.6298828125, ""2025-12-19"": 7067.8701171875, ""2025-12-22"": 7145.56982421875, ""2025-12-23"": 7184.5400390625, ""2025-12-24"": 7204.3701171875, ""2025-12-26"": 7207.64013671875, ""2025-12-29"": 7178.27001953125, ""2025-12-30"": 7169.10009765625, ""2025-12-31"": 7083.1298828125, ""2026-01-02"": 7367.47021484375, ""2026-01-05"": 7446.4501953125, ""2026-01-06"": 7650.93017578125, ""2026-01-07"": 7574.8701171875, ""2026-01-08"": 7436.10009765625, ""2026-01-09"": 7638.77978515625, ""2026-01-12"": 7674.83984375, ""2026-01-13"": 7747.990234375, ""2026-01-14"": 7701.47021484375, ""2026-01-15"": 7837.2998046875, ""2026-01-16"": 7927.41015625, ""2026-01-19"": NaN, ""2026-01-20"": 7794.18994140625, ""2026-01-21"": 8042.06982421875, ""2026-01-22"": 8055.169921875, ""2026-01-23"": 7957.93017578125, ""2026-01-26"": 7927.0400390625, ""2026-01-27"": 8117.18017578125, ""2026-01-28"": 8306.740234375, ""2026-01-29"": 8320.3896484375, ""2026-01-30"": 7998.47021484375, ""2026-02-02"": 8134.48828125}","{""metric"": ""Market_ADR"", ""2025-12-18"": 61.7, ""2025-12-19"": 131.39, ""2025-12-22"": 97.41, ""2025-12-23"": 32.29, ""2025-12-24"": 60.54, ""2025-12-26"": 37.91, ""2025-12-29"": 88.09, ""2025-12-30"": 74.29, ""2026-01-02"": 71.11, ""2026-01-05"": 89.71, ""2026-01-06"": 63.36, ""2026-01-07"": 33.14, ""2026-01-08"": 30.17, ""2026-01-09"": 121.26, ""2026-01-12"": 131.65, ""2026-01-13"": 81.94, ""2026-01-14"": 138.21, ""2026-01-15"": 106.74, ""2026-01-16"": 60.28, ""2026-01-19"": 82.11, ""2026-01-20"": 282.72, ""2026-01-21"": 54.03, ""2026-01-22"": 136.53, ""2026-01-23"": 212.46, ""2026-01-26"": 107.47, ""2026-01-27"": 93.31, ""2026-01-28"": 71.24, ""2026-01-29"": 193.49, ""2026-01-30"": 52.94, ""2026-02-02"": 19.67}",2026-02-02 23:54
169950,KODEX 차이나A50,25725,0.29,1.16,-29.78,288.5,A5,추세 전환 시도 중,"{""Ticker"": ""^SOX"", ""2025-12-18"": 6863.6298828125, ""2025-12-19"": 7067.8701171875, ""2025-12-22"": 7145.56982421875, ""2025-12-23"": 7184.5400390625, ""2025-12-24"": 7204.3701171875, ""2025-12-26"": 7207.64013671875, ""2025-12-29"": 7178.27001953125, ""2025-12-30"": 7169.10009765625, ""2025-12-31"": 7083.1298828125, ""2026-01-02"": 7367.47021484375, ""2026-01-05"": 7446.4501953125, ""2026-01-06"": 7650.93017578125, ""2026-01-07"": 7574.8701171875, ""2026-01-08"": 7436.10009765625, ""2026-01-09"": 7638.77978515625, ""2026-01-12"": 7674.83984375, ""2026-01-13"": 7747.990234375, ""2026-01-14"": 7701.47021484375, ""2026-01-15"": 7837.2998046875, ""2026-01-16"": 7927.41015625, ""2026-01-19"": NaN, ""2026-01-20"": 7794.18994140625, ""2026-01-21"": 8042.06982421875, ""2026-01-22"": 8055.169921875, ""2026-01-23"": 7957.93017578125, ""2026-01-26"": 7927.0400390625, ""2026-01-27"": 8117.18017578125, ""2026-01-28"": 8306.740234375, ""2026-01-29"": 8320.3896484375, ""2026-01-30"": 7998.47021484375, ""2026-02-02"": 8134.48828125}","{""metric"": ""Market_ADR"", ""2025-12-18"": 61.7, ""2025-12-19"": 131.39, ""2025-12-22"": 97.41, ""2025-12-23"": 32.29, ""2025-12-24"": 60.54, ""2025-12-26"": 37.91, ""2025-12-29"": 88.09, ""2025-12-30"": 74.29, ""2026-01-02"": 71.11, ""2026-01-05"": 89.71, ""2026-01-06"": 63.36, ""2026-01-07"": 33.14, ""2026-01-08"": 30.17, ""2026-01-09"": 121.26, ""2026-01-12"": 131.65, ""2026-01-13"": 81.94, ""2026-01-14"": 138.21, ""2026-01-15"": 106.74, ""2026-01-16"": 60.28, ""2026-01-19"": 82.11, ""2026-01-20"": 282.72, ""2026-01-21"": 54.03, ""2026-01-22"": 136.53, ""2026-01-23"": 212.46, ""2026-01-26"": 107.47, ""2026-01-27"": 93.31, ""2026-01-28"": 71.24, ""2026-01-29"": 193.49, ""2026-01-30"": 52.94, ""2026-02-02"": 19.67}",2026-02-02 23:54
437350,RISE 미국단기투자등급회사채액티브,12865,1.98,1.98,-29.83,162.2,A4,추세 전환 시도 중,"{""Ticker"": ""^SOX"", ""2025-12-18"": 6863.6298828125, ""2025-12-19"": 7067.8701171875, ""2025-12-22"": 7145.56982421875, ""2025-12-23"": 7184.5400390625, ""2025-12-24"": 7204.3701171875, ""2025-12-26"": 7207.64013671875, ""2025-12-29"": 7178.27001953125, ""2025-12-30"": 7169.10009765625, ""2025-12-31"": 7083.1298828125, ""2026-01-02"": 7367.47021484375, ""2026-01-05"": 7446.4501953125, ""2026-01-06"": 7650.93017578125, ""2026-01-07"": 7574.8701171875, ""2026-01-08"": 7436.10009765625, ""2026-01-09"": 7638.77978515625, ""2026-01-12"": 7674.83984375, ""2026-01-13"": 7747.990234375, ""2026-01-14"": 7701.47021484375, ""2026-01-15"": 7837.2998046875, ""2026-01-16"": 7927.41015625, ""2026-01-19"": NaN, ""2026-01-20"": 7794.18994140625, ""2026-01-21"": 8042.06982421875, ""2026-01-22"": 8055.169921875, ""2026-01-23"": 7957.93017578125, ""2026-01-26"": 7927.0400390625, ""2026-01-27"": 8117.18017578125, ""2026-01-28"": 8306.740234375, ""2026-01-29"": 8320.3896484375, ""2026-01-30"": 7998.47021484375, ""2026-02-02"": 8134.48828125}","{""metric"": ""Market_ADR"", ""2025-12-18"": 61.7, ""2025-12-19"": 131.39, ""2025-12-22"": 97.41, ""2025-12-23"": 32.29, ""2025-12-24"": 60.54, ""2025-12-26"": 37.91, ""2025-12-29"": 88.09, ""2025-12-30"": 74.29, ""2026-01-02"": 71.11, ""2026-01-05"": 89.71, ""2026-01-06"": 63.36, ""2026-01-07"": 33.14, ""2026-01-08"": 30.17, ""2026-01-09"": 121.26, ""2026-01-12"": 131.65, ""2026-01-13"": 81.94, ""2026-01-14"": 138.21, ""2026-01-15"": 106.74, ""2026-01-16"": 60.28, ""2026-01-19"": 82.11, ""2026-01-20"": 282.72, ""2026-01-21"": 54.03, ""2026-01-22"": 136.53, ""2026-01-23"": 212.46, ""2026-01-26"": 107.47, ""2026-01-27"": 93.31, ""2026-01-28"": 71.24, ""2026-01-29"": 193.49, ""2026-01-30"": 52.94, ""2026-02-02"": 19.67}",2026-02-02 23:54
292560,TIGER 일본엔선물,8730,0.81,1.04,-30.11,112.7,A2,추세 전환 시도 중,"{""Ticker"": ""^SOX"", ""2025-12-18"": 6863.6298828125, ""2025-12-19"": 7067.8701171875, ""2025-12-22"": 7145.56982421875, ""2025-12-23"": 7184.5400390625, ""2025-12-24"": 7204.3701171875, ""2025-12-26"": 7207.64013671875, ""2025-12-29"": 7178.27001953125, ""2025-12-30"": 7169.10009765625, ""2025-12-31"": 7083.1298828125, ""2026-01-02"": 7367.47021484375, ""2026-01-05"": 7446.4501953125, ""2026-01-06"": 7650.93017578125, ""2026-01-07"": 7574.8701171875, ""2026-01-08"": 7436.10009765625, ""2026-01-09"": 7638.77978515625, ""2026-01-12"": 7674.83984375, ""2026-01-13"": 7747.990234375, ""2026-01-14"": 7701.47021484375, ""2026-01-15"": 7837.2998046875, ""2026-01-16"": 7927.41015625, ""2026-01-19"": NaN, ""2026-01-20"": 7794.18994140625, ""2026-01-21"": 8042.06982421875, ""2026-01-22"": 8055.169921875, ""2026-01-23"": 7957.93017578125, ""2026-01-26"": 7927.0400390625, ""2026-01-27"": 8117.18017578125, ""2026-01-28"": 8306.740234375, ""2026-01-29"": 8320.3896484375, ""2026-01-30"": 7998.47021484375, ""2026-02-02"": 8134.48828125}","{""metric"": ""Market_ADR"", ""2025-12-18"": 61.7, ""2025-12-19"": 131.39, ""2025-12-22"": 97.41, ""2025-12-23"": 32.29, ""2025-12-24"": 60.54, ""2025-12-26"": 37.91, ""2025-12-29"": 88.09, ""2025-12-30"": 74.29, ""2026-01-02"": 71.11, ""2026-01-05"": 89.71, ""2026-01-06"": 63.36, ""2026-01-07"": 33.14, ""2026-01-08"": 30.17, ""2026-01-09"": 121.26, ""2026-01-12"": 131.65, ""2026-01-13"": 81.94, ""2026-01-14"": 138.21, ""2026-01-15"": 106.74, ""2026-01-16"": 60.28, ""2026-01-19"": 82.11, ""2026-01-20"": 282.72, ""2026-01-21"": 54.03, ""2026-01-22"": 136.53, ""2026-01-23"": 212.46, ""2026-01-26"": 107.47, ""2026-01-27"": 93.31, ""2026-01-28"": 71.24, ""2026-01-29"": 193.49, ""2026-01-30"": 52.94, ""2026-02-02"": 19.67}",2026-02-02 23:54
261110,TIGER 미국달러선물레버리지,17665,3.43,3.27,-30.2,248.2,A5,추세 전환 시도 중,"{""Ticker"": ""^SOX"", ""2025-12-18"": 6863.6298828125, ""2025-12-19"": 7067.8701171875, ""2025-12-22"": 7145.56982421875, ""2025-12-23"": 7184.5400390625, ""2025-12-24"": 7204.3701171875, ""2025-12-26"": 7207.64013671875, ""2025-12-29"": 7178.27001953125, ""2025-12-30"": 7169.10009765625, ""2025-12-31"": 7083.1298828125, ""2026-01-02"": 7367.47021484375, ""2026-01-05"": 7446.4501953125, ""2026-01-06"": 7650.93017578125, ""2026-01-07"": 7574.8701171875, ""2026-01-08"": 7436.10009765625, ""2026-01-09"": 7638.77978515625, ""2026-01-12"": 7674.83984375, ""2026-01-13"": 7747.990234375, ""2026-01-14"": 7701.47021484375, ""2026-01-15"": 7837.2998046875, ""2026-01-16"": 7927.41015625, ""2026-01-19"": NaN, ""2026-01-20"": 7794.18994140625, ""2026-01-21"": 8042.06982421875, ""2026-01-22"": 8055.169921875, ""2026-01-23"": 7957.93017578125, ""2026-01-26"": 7927.0400390625, ""2026-01-27"": 8117.18017578125, ""2026-01-28"": 8306.740234375, ""2026-01-29"": 8320.3896484375, ""2026-01-30"": 7998.47021484375, ""2026-02-02"": 8134.48828125}","{""metric"": ""Market_ADR"", ""2025-12-18"": 61.7, ""2025-12-19"": 131.39, ""2025-12-22"": 97.41, ""2025-12-23"": 32.29, ""2025-12-24"": 60.54, ""2025-12-26"": 37.91, ""2025-12-29"": 88.09, ""2025-12-30"": 74.29, ""2026-01-02"": 71.11, ""2026-01-05"": 89.71, ""2026-01-06"": 63.36, ""2026-01-07"": 33.14, ""2026-01-08"": 30.17, ""2026-01-09"": 121.26, ""2026-01-12"": 131.65, ""2026-01-13"": 81.94, ""2026-01-14"": 138.21, ""2026-01-15"": 106.74, ""2026-01-16"": 60.28, ""2026-01-19"": 82.11, ""2026-01-20"": 282.72, ""2026-01-21"": 54.03, ""2026-01-22"": 136.53, ""2026-01-23"": 212.46, ""2026-01-26"": 107.47, ""2026-01-27"": 93.31, ""2026-01-28"": 71.24, ""2026-01-29"": 193.49, ""2026-01-30"": 52.94, ""2026-02-02"": 19.67}",2026-02-02 23:54
225800,KIWOOM 미국달러선물레버리지,16610,2.91,2.69,-30.31,149.4,A4,추세 전환 시도 중,"{""Ticker"": ""^SOX"", ""2025-12-18"": 6863.6298828125, ""2025-12-19"": 7067.8701171875, ""2025-12-22"": 7145.56982421875, ""2025-12-23"": 7184.5400390625, ""2025-12-24"": 7204.3701171875, ""2025-12-26"": 7207.64013671875, ""2025-12-29"": 7178.27001953125, ""2025-12-30"": 7169.10009765625, ""2025-12-31"": 7083.1298828125, ""2026-01-02"": 7367.47021484375, ""2026-01-05"": 7446.4501953125, ""2026-01-06"": 7650.93017578125, ""2026-01-07"": 7574.8701171875, ""2026-01-08"": 7436.10009765625, ""2026-01-09"": 7638.77978515625, ""2026-01-12"": 7674.83984375, ""2026-01-13"": 7747.990234375, ""2026-01-14"": 7701.47021484375, ""2026-01-15"": 7837.2998046875, ""2026-01-16"": 7927.41015625, ""2026-01-19"": NaN, ""2026-01-20"": 7794.18994140625, ""2026-01-21"": 8042.06982421875, ""2026-01-22"": 8055.169921875, ""2026-01-23"": 7957.93017578125, ""2026-01-26"": 7927.0400390625, ""2026-01-27"": 8117.18017578125, ""2026-01-28"": 8306.740234375, ""2026-01-29"": 8320.3896484375, ""2026-01-30"": 7998.47021484375, ""2026-02-02"": 8134.48828125}","{""metric"": ""Market_ADR"", ""2025-12-18"": 61.7, ""2025-12-19"": 131.39, ""2025-12-22"": 97.41, ""2025-12-23"": 32.29, ""2025-12-24"": 60.54, ""2025-12-26"": 37.91, ""2025-12-29"": 88.09, ""2025-12-30"": 74.29, ""2026-01-02"": 71.11, ""2026-01-05"": 89.71, ""2026-01-06"": 63.36, ""2026-01-07"": 33.14, ""2026-01-08"": 30.17, ""2026-01-09"": 121.26, ""2026-01-12"": 131.65, ""2026-01-13"": 81.94, ""2026-01-14"": 138.21, ""2026-01-15"": 106.74, ""2026-01-16"": 60.28, ""2026-01-19"": 82.11, ""2026-01-20"": 282.72, ""2026-01-21"": 54.03, ""2026-01-22"": 136.53, ""2026-01-23"": 212.46, ""2026-01-26"": 107.47, ""2026-01-27"": 93.31, ""2026-01-28"": 71.24, ""2026-01-29"": 193.49, ""2026-01-30"": 52.94, ""2026-02-02"": 19.67}",2026-02-02 23:54
447660,PLUS 애플채권혼합,13000,0.31,0.93,-30.39,160.0,A3,추세 전환 시도 중,"{""Ticker"": ""^SOX"", ""2025-12-18"": 6863.6298828125, ""2025-12-19"": 7067.8701171875, ""2025-12-22"": 7145.56982421875, ""2025-12-23"": 7184.5400390625, ""2025-12-24"": 7204.3701171875, ""2025-12-26"": 7207.64013671875, ""2025-12-29"": 7178.27001953125, ""2025-12-30"": 7169.10009765625, ""2025-12-31"": 7083.1298828125, ""2026-01-02"": 7367.47021484375, ""2026-01-05"": 7446.4501953125, ""2026-01-06"": 7650.93017578125, ""2026-01-07"": 7574.8701171875, ""2026-01-08"": 7436.10009765625, ""2026-01-09"": 7638.77978515625, ""2026-01-12"": 7674.83984375, ""2026-01-13"": 7747.990234375, ""2026-01-14"": 7701.47021484375, ""2026-01-15"": 7837.2998046875, ""2026-01-16"": 7927.41015625, ""2026-01-19"": NaN, ""2026-01-20"": 7794.18994140625, ""2026-01-21"": 8042.06982421875, ""2026-01-22"": 8055.169921875, ""2026-01-23"": 7957.93017578125, ""2026-01-26"": 7927.0400390625, ""2026-01-27"": 8117.18017578125, ""2026-01-28"": 8306.740234375, ""2026-01-29"": 8320.3896484375, ""2026-01-30"": 7998.47021484375, ""2026-02-02"": 8134.48828125}","{""metric"": ""Market_ADR"", ""2025-12-18"": 61.7, ""2025-12-19"": 131.39, ""2025-12-22"": 97.41, ""2025-12-23"": 32.29, ""2025-12-24"": 60.54, ""2025-12-26"": 37.91, ""2025-12-29"": 88.09, ""2025-12-30"": 74.29, ""2026-01-02"": 71.11, ""2026-01-05"": 89.71, ""2026-01-06"": 63.36, ""2026-01-07"": 33.14, ""2026-01-08"": 30.17, ""2026-01-09"": 121.26, ""2026-01-12"": 131.65, ""2026-01-13"": 81.94, ""2026-01-14"": 138.21, ""2026-01-15"": 106.74, ""2026-01-16"": 60.28, ""2026-01-19"": 82.11, ""2026-01-20"": 282.72, ""2026-01-21"": 54.03, ""2026-01-22"": 136.53, ""2026-01-23"": 212.46, ""2026-01-26"": 107.47, ""2026-01-27"": 93.31, ""2026-01-28"": 71.24, ""2026-01-29"": 193.49, ""2026-01-30"": 52.94, ""2026-02-02"": 19.67}",2026-02-02 23:54
465610,ACE 미국빅테크TOP7 Plus레버리지(합성),38455,-0.14,1.2,-30.4,110.1,A1,단기 반짝 가능성 체크,"{""Ticker"": ""^SOX"", ""2025-12-18"": 6863.6298828125, ""2025-12-19"": 7067.8701171875, ""2025-12-22"": 7145.56982421875, ""2025-12-23"": 7184.5400390625, ""2025-12-24"": 7204.3701171875, ""2025-12-26"": 7207.64013671875, ""2025-12-29"": 7178.27001953125, ""2025-12-30"": 7169.10009765625, ""2025-12-31"": 7083.1298828125, ""2026-01-02"": 7367.47021484375, ""2026-01-05"": 7446.4501953125, ""2026-01-06"": 7650.93017578125, ""2026-01-07"": 7574.8701171875, ""2026-01-08"": 7436.10009765625, ""2026-01-09"": 7638.77978515625, ""2026-01-12"": 7674.83984375, ""2026-01-13"": 7747.990234375, ""2026-01-14"": 7701.47021484375, ""2026-01-15"": 7837.2998046875, ""2026-01-16"": 7927.41015625, ""2026-01-19"": NaN, ""2026-01-20"": 7794.18994140625, ""2026-01-21"": 8042.06982421875, ""2026-01-22"": 8055.169921875, ""2026-01-23"": 7957.93017578125, ""2026-01-26"": 7927.0400390625, ""2026-01-27"": 8117.18017578125, ""2026-01-28"": 8306.740234375, ""2026-01-29"": 8320.3896484375, ""2026-01-30"": 7998.47021484375, ""2026-02-02"": 8134.48828125}","{""metric"": ""Market_ADR"", ""2025-12-18"": 61.7, ""2025-12-19"": 131.39, ""2025-12-22"": 97.41, ""2025-12-23"": 32.29, ""2025-12-24"": 60.54, ""2025-12-26"": 37.91, ""2025-12-29"": 88.09, ""2025-12-30"": 74.29, ""2026-01-02"": 71.11, ""2026-01-05"": 89.71, ""2026-01-06"": 63.36, ""2026-01-07"": 33.14, ""2026-01-08"": 30.17, ""2026-01-09"": 121.26, ""2026-01-12"": 131.65, ""2026-01-13"": 81.94, ""2026-01-14"": 138.21, ""2026-01-15"": 106.74, ""2026-01-16"": 60.28, ""2026-01-19"": 82.11, ""2026-01-20"": 282.72, ""2026-01-21"": 54.03, ""2026-01-22"": 136.53, ""2026-01-23"": 212.46, ""2026-01-26"": 107.47, ""2026-01-27"": 93.31, ""2026-01-28"": 71.24, ""2026-01-29"": 193.49, ""2026-01-30"": 52.94, ""2026-02-02"": 19.67}",2026-02-02 23:54
465620,ACE 미국빅테크TOP7 Plus인버스(합성),7250,0.07,-1.29,-30.79,340.1,F5,시장 소외주: 관망 권고,"{""Ticker"": ""^SOX"", ""2025-12-18"": 6863.6298828125, ""2025-12-19"": 7067.8701171875, ""2025-12-22"": 7145.56982421875, ""2025-12-23"": 7184.5400390625, ""2025-12-24"": 7204.3701171875, ""2025-12-26"": 7207.64013671875, ""2025-12-29"": 7178.27001953125, ""2025-12-30"": 7169.10009765625, ""2025-12-31"": 7083.1298828125, ""2026-01-02"": 7367.47021484375, ""2026-01-05"": 7446.4501953125, ""2026-01-06"": 7650.93017578125, ""2026-01-07"": 7574.8701171875, ""2026-01-08"": 7436.10009765625, ""2026-01-09"": 7638.77978515625, ""2026-01-12"": 7674.83984375, ""2026-01-13"": 7747.990234375, ""2026-01-14"": 7701.47021484375, ""2026-01-15"": 7837.2998046875, ""2026-01-16"": 7927.41015625, ""2026-01-19"": NaN, ""2026-01-20"": 7794.18994140625, ""2026-01-21"": 8042.06982421875, ""2026-01-22"": 8055.169921875, ""2026-01-23"": 7957.93017578125, ""2026-01-26"": 7927.0400390625, ""2026-01-27"": 8117.18017578125, ""2026-01-28"": 8306.740234375, ""2026-01-29"": 8320.3896484375, ""2026-01-30"": 7998.47021484375, ""2026-02-02"": 8134.48828125}","{""metric"": ""Market_ADR"", ""2025-12-18"": 61.7, ""2025-12-19"": 131.39, ""2025-12-22"": 97.41, ""2025-12-23"": 32.29, ""2025-12-24"": 60.54, ""2025-12-26"": 37.91, ""2025-12-29"": 88.09, ""2025-12-30"": 74.29, ""2026-01-02"": 71.11, ""2026-01-05"": 89.71, ""2026-01-06"": 63.36, ""2026-01-07"": 33.14, ""2026-01-08"": 30.17, ""2026-01-09"": 121.26, ""2026-01-12"": 131.65, ""2026-01-13"": 81.94, ""2026-01-14"": 138.21, ""2026-01-15"": 106.74, ""2026-01-16"": 60.28, ""2026-01-19"": 82.11, ""2026-01-20"": 282.72, ""2026-01-21"": 54.03, ""2026-01-22"": 136.53, ""2026-01-23"": 212.46, ""2026-01-26"": 107.47, ""2026-01-27"": 93.31, ""2026-01-28"": 71.24, ""2026-01-29"": 193.49, ""2026-01-30"": 52.94, ""2026-02-02"": 19.67}",2026-02-02 23:54
440650,ACE 미국달러단기채권액티브,12085,1.77,1.77,-30.96,247.1,A5,추세 전환 시도 중,"{""Ticker"": ""^SOX"", ""2025-12-18"": 6863.6298828125, ""2025-12-19"": 7067.8701171875, ""2025-12-22"": 7145.56982421875, ""2025-12-23"": 7184.5400390625, ""2025-12-24"": 7204.3701171875, ""2025-12-26"": 7207.64013671875, ""2025-12-29"": 7178.27001953125, ""2025-12-30"": 7169.10009765625, ""2025-12-31"": 7083.1298828125, ""2026-01-02"": 7367.47021484375, ""2026-01-05"": 7446.4501953125, ""2026-01-06"": 7650.93017578125, ""2026-01-07"": 7574.8701171875, ""2026-01-08"": 7436.10009765625, ""2026-01-09"": 7638.77978515625, ""2026-01-12"": 7674.83984375, ""2026-01-13"": 7747.990234375, ""2026-01-14"": 7701.47021484375, ""2026-01-15"": 7837.2998046875, ""2026-01-16"": 7927.41015625, ""2026-01-19"": NaN, ""2026-01-20"": 7794.18994140625, ""2026-01-21"": 8042.06982421875, ""2026-01-22"": 8055.169921875, ""2026-01-23"": 7957.93017578125, ""2026-01-26"": 7927.0400390625, ""2026-01-27"": 8117.18017578125, ""2026-01-28"": 8306.740234375, ""2026-01-29"": 8320.3896484375, ""2026-01-30"": 7998.47021484375, ""2026-02-02"": 8134.48828125}","{""metric"": ""Market_ADR"", ""2025-12-18"": 61.7, ""2025-12-19"": 131.39, ""2025-12-22"": 97.41, ""2025-12-23"": 32.29, ""2025-12-24"": 60.54, ""2025-12-26"": 37.91, ""2025-12-29"": 88.09, ""2025-12-30"": 74.29, ""2026-01-02"": 71.11, ""2026-01-05"": 89.71, ""2026-01-06"": 63.36, ""2026-01-07"": 33.14, ""2026-01-08"": 30.17, ""2026-01-09"": 121.26, ""2026-01-12"": 131.65, ""2026-01-13"": 81.94, ""2026-01-14"": 138.21, ""2026-01-15"": 106.74, ""2026-01-16"": 60.28, ""2026-01-19"": 82.11, ""2026-01-20"": 282.72, ""2026-01-21"": 54.03, ""2026-01-22"": 136.53, ""2026-01-23"": 212.46, ""2026-01-26"": 107.47, ""2026-01-27"": 93.31, ""2026-01-28"": 71.24, ""2026-01-29"": 193.49, ""2026-01-30"": 52.94, ""2026-02-02"": 19.67}",2026-02-02 23:54
225030,TIGER 미국S&P500선물인버스(H),2510,1.01,1.21,-30.98,218.8,A4,추세 전환 시도 중,"{""Ticker"": ""^SOX"", ""2025-12-18"": 6863.6298828125, ""2025-12-19"": 7067.8701171875, ""2025-12-22"": 7145.56982421875, ""2025-12-23"": 7184.5400390625, ""2025-12-24"": 7204.3701171875, ""2025-12-26"": 7207.64013671875, ""2025-12-29"": 7178.27001953125, ""2025-12-30"": 7169.10009765625, ""2025-12-31"": 7083.1298828125, ""2026-01-02"": 7367.47021484375, ""2026-01-05"": 7446.4501953125, ""2026-01-06"": 7650.93017578125, ""2026-01-07"": 7574.8701171875, ""2026-01-08"": 7436.10009765625, ""2026-01-09"": 7638.77978515625, ""2026-01-12"": 7674.83984375, ""2026-01-13"": 7747.990234375, ""2026-01-14"": 7701.47021484375, ""2026-01-15"": 7837.2998046875, ""2026-01-16"": 7927.41015625, ""2026-01-19"": NaN, ""2026-01-20"": 7794.18994140625, ""2026-01-21"": 8042.06982421875, ""2026-01-22"": 8055.169921875, ""2026-01-23"": 7957.93017578125, ""2026-01-26"": 7927.0400390625, ""2026-01-27"": 8117.18017578125, ""2026-01-28"": 8306.740234375, ""2026-01-29"": 8320.3896484375, ""2026-01-30"": 7998.47021484375, ""2026-02-02"": 8134.48828125}","{""metric"": ""Market_ADR"", ""2025-12-18"": 61.7, ""2025-12-19"": 131.39, ""2025-12-22"": 97.41, ""2025-12-23"": 32.29, ""2025-12-24"": 60.54, ""2025-12-26"": 37.91, ""2025-12-29"": 88.09, ""2025-12-30"": 74.29, ""2026-01-02"": 71.11, ""2026-01-05"": 89.71, ""2026-01-06"": 63.36, ""2026-01-07"": 33.14, ""2026-01-08"": 30.17, ""2026-01-09"": 121.26, ""2026-01-12"": 131.65, ""2026-01-13"": 81.94, ""2026-01-14"": 138.21, ""2026-01-15"": 106.74, ""2026-01-16"": 60.28, ""2026-01-19"": 82.11, ""2026-01-20"": 282.72, ""2026-01-21"": 54.03, ""2026-01-22"": 136.53, ""2026-01-23"": 212.46, ""2026-01-26"": 107.47, ""2026-01-27"": 93.31, ""2026-01-28"": 71.24, ""2026-01-29"": 193.49, ""2026-01-30"": 52.94, ""2026-02-02"": 19.67}",2026-02-02 23:54
291680,RISE 차이나H선물인버스(H),7535,3.86,1.96,-31.77,124.3,A3,추세 전환 시도 중,"{""Ticker"": ""^SOX"", ""2025-12-18"": 6863.6298828125, ""2025-12-19"": 7067.8701171875, ""2025-12-22"": 7145.56982421875, ""2025-12-23"": 7184.5400390625, ""2025-12-24"": 7204.3701171875, ""2025-12-26"": 7207.64013671875, ""2025-12-29"": 7178.27001953125, ""2025-12-30"": 7169.10009765625, ""2025-12-31"": 7083.1298828125, ""2026-01-02"": 7367.47021484375, ""2026-01-05"": 7446.4501953125, ""2026-01-06"": 7650.93017578125, ""2026-01-07"": 7574.8701171875, ""2026-01-08"": 7436.10009765625, ""2026-01-09"": 7638.77978515625, ""2026-01-12"": 7674.83984375, ""2026-01-13"": 7747.990234375, ""2026-01-14"": 7701.47021484375, ""2026-01-15"": 7837.2998046875, ""2026-01-16"": 7927.41015625, ""2026-01-19"": NaN, ""2026-01-20"": 7794.18994140625, ""2026-01-21"": 8042.06982421875, ""2026-01-22"": 8055.169921875, ""2026-01-23"": 7957.93017578125, ""2026-01-26"": 7927.0400390625, ""2026-01-27"": 8117.18017578125, ""2026-01-28"": 8306.740234375, ""2026-01-29"": 8320.3896484375, ""2026-01-30"": 7998.47021484375, ""2026-02-02"": 8134.48828125}","{""metric"": ""Market_ADR"", ""2025-12-18"": 61.7, ""2025-12-19"": 131.39, ""2025-12-22"": 97.41, ""2025-12-23"": 32.29, ""2025-12-24"": 60.54, ""2025-12-26"": 37.91, ""2025-12-29"": 88.09, ""2025-12-30"": 74.29, ""2026-01-02"": 71.11, ""2026-01-05"": 89.71, ""2026-01-06"": 63.36, ""2026-01-07"": 33.14, ""2026-01-08"": 30.17, ""2026-01-09"": 121.26, ""2026-01-12"": 131.65, ""2026-01-13"": 81.94, ""2026-01-14"": 138.21, ""2026-01-15"": 106.74, ""2026-01-16"": 60.28, ""2026-01-19"": 82.11, ""2026-01-20"": 282.72, ""2026-01-21"": 54.03, ""2026-01-22"": 136.53, ""2026-01-23"": 212.46, ""2026-01-26"": 107.47, ""2026-01-27"": 93.31, ""2026-01-28"": 71.24, ""2026-01-29"": 193.49, ""2026-01-30"": 52.94, ""2026-02-02"": 19.67}",2026-02-02 23:54
475350,RISE 버크셔포트폴리오TOP10,13980,1.08,2.23,-32.36,138.9,A3,추세 전환 시도 중,"{""Ticker"": ""^SOX"", ""2025-12-18"": 6863.6298828125, ""2025-12-19"": 7067.8701171875, ""2025-12-22"": 7145.56982421875, ""2025-12-23"": 7184.5400390625, ""2025-12-24"": 7204.3701171875, ""2025-12-26"": 7207.64013671875, ""2025-12-29"": 7178.27001953125, ""2025-12-30"": 7169.10009765625, ""2025-12-31"": 7083.1298828125, ""2026-01-02"": 7367.47021484375, ""2026-01-05"": 7446.4501953125, ""2026-01-06"": 7650.93017578125, ""2026-01-07"": 7574.8701171875, ""2026-01-08"": 7436.10009765625, ""2026-01-09"": 7638.77978515625, ""2026-01-12"": 7674.83984375, ""2026-01-13"": 7747.990234375, ""2026-01-14"": 7701.47021484375, ""2026-01-15"": 7837.2998046875, ""2026-01-16"": 7927.41015625, ""2026-01-19"": NaN, ""2026-01-20"": 7794.18994140625, ""2026-01-21"": 8042.06982421875, ""2026-01-22"": 8055.169921875, ""2026-01-23"": 7957.93017578125, ""2026-01-26"": 7927.0400390625, ""2026-01-27"": 8117.18017578125, ""2026-01-28"": 8306.740234375, ""2026-01-29"": 8320.3896484375, ""2026-01-30"": 7998.47021484375, ""2026-02-02"": 8134.48828125}","{""metric"": ""Market_ADR"", ""2025-12-18"": 61.7, ""2025-12-19"": 131.39, ""2025-12-22"": 97.41, ""2025-12-23"": 32.29, ""2025-12-24"": 60.54, ""2025-12-26"": 37.91, ""2025-12-29"": 88.09, ""2025-12-30"": 74.29, ""2026-01-02"": 71.11, ""2026-01-05"": 89.71, ""2026-01-06"": 63.36, ""2026-01-07"": 33.14, ""2026-01-08"": 30.17, ""2026-01-09"": 121.26, ""2026-01-12"": 131.65, ""2026-01-13"": 81.94, ""2026-01-14"": 138.21, ""2026-01-15"": 106.74, ""2026-01-16"": 60.28, ""2026-01-19"": 82.11, ""2026-01-20"": 282.72, ""2026-01-21"": 54.03, ""2026-01-22"": 136.53, ""2026-01-23"": 212.46, ""2026-01-26"": 107.47, ""2026-01-27"": 93.31, ""2026-01-28"": 71.24, ""2026-01-29"": 193.49, ""2026-01-30"": 52.94, ""2026-02-02"": 19.67}",2026-02-02 23:54
280940,KODEX 골드선물인버스(H),3275,11.21,8.44,-34.02,927.4,A4,추세 전환 시도 중,"{""Ticker"": ""^SOX"", ""2025-12-18"": 6863.6298828125, ""2025-12-19"": 7067.8701171875, ""2025-12-22"": 7145.56982421875, ""2025-12-23"": 7184.5400390625, ""2025-12-24"": 7204.3701171875, ""2025-12-26"": 7207.64013671875, ""2025-12-29"": 7178.27001953125, ""2025-12-30"": 7169.10009765625, ""2025-12-31"": 7083.1298828125, ""2026-01-02"": 7367.47021484375, ""2026-01-05"": 7446.4501953125, ""2026-01-06"": 7650.93017578125, ""2026-01-07"": 7574.8701171875, ""2026-01-08"": 7436.10009765625, ""2026-01-09"": 7638.77978515625, ""2026-01-12"": 7674.83984375, ""2026-01-13"": 7747.990234375, ""2026-01-14"": 7701.47021484375, ""2026-01-15"": 7837.2998046875, ""2026-01-16"": 7927.41015625, ""2026-01-19"": NaN, ""2026-01-20"": 7794.18994140625, ""2026-01-21"": 8042.06982421875, ""2026-01-22"": 8055.169921875, ""2026-01-23"": 7957.93017578125, ""2026-01-26"": 7927.0400390625, ""2026-01-27"": 8117.18017578125, ""2026-01-28"": 8306.740234375, ""2026-01-29"": 8320.3896484375, ""2026-01-30"": 7998.47021484375, ""2026-02-02"": 8134.48828125}","{""metric"": ""Market_ADR"", ""2025-12-18"": 61.7, ""2025-12-19"": 131.39, ""2025-12-22"": 97.41, ""2025-12-23"": 32.29, ""2025-12-24"": 60.54, ""2025-12-26"": 37.91, ""2025-12-29"": 88.09, ""2025-12-30"": 74.29, ""2026-01-02"": 71.11, ""2026-01-05"": 89.71, ""2026-01-06"": 63.36, ""2026-01-07"": 33.14, ""2026-01-08"": 30.17, ""2026-01-09"": 121.26, ""2026-01-12"": 131.65, ""2026-01-13"": 81.94, ""2026-01-14"": 138.21, ""2026-01-15"": 106.74, ""2026-01-16"": 60.28, ""2026-01-19"": 82.11, ""2026-01-20"": 282.72, ""2026-01-21"": 54.03, ""2026-01-22"": 136.53, ""2026-01-23"": 212.46, ""2026-01-26"": 107.47, ""2026-01-27"": 93.31, ""2026-01-28"": 71.24, ""2026-01-29"": 193.49, ""2026-01-30"": 52.94, ""2026-02-02"": 19.67}",2026-02-02 23:54
0002C0,에셋플러스 인도일등기업포커스20액티브,9475,-0.05,0.8,-36.79,177.8,A3,추세 전환 시도 중,"{""Ticker"": ""^SOX"", ""2025-12-18"": 6863.6298828125, ""2025-12-19"": 7067.8701171875, ""2025-12-22"": 7145.56982421875, ""2025-12-23"": 7184.5400390625, ""2025-12-24"": 7204.3701171875, ""2025-12-26"": 7207.64013671875, ""2025-12-29"": 7178.27001953125, ""2025-12-30"": 7169.10009765625, ""2025-12-31"": 7083.1298828125, ""2026-01-02"": 7367.47021484375, ""2026-01-05"": 7446.4501953125, ""2026-01-06"": 7650.93017578125, ""2026-01-07"": 7574.8701171875, ""2026-01-08"": 7436.10009765625, ""2026-01-09"": 7638.77978515625, ""2026-01-12"": 7674.83984375, ""2026-01-13"": 7747.990234375, ""2026-01-14"": 7701.47021484375, ""2026-01-15"": 7837.2998046875, ""2026-01-16"": 7927.41015625, ""2026-01-19"": NaN, ""2026-01-20"": 7794.18994140625, ""2026-01-21"": 8042.06982421875, ""2026-01-22"": 8055.169921875, ""2026-01-23"": 7957.93017578125, ""2026-01-26"": 7927.0400390625, ""2026-01-27"": 8117.18017578125, ""2026-01-28"": 8306.740234375, ""2026-01-29"": 8320.3896484375, ""2026-01-30"": 7998.47021484375, ""2026-02-02"": 8134.48828125}","{""metric"": ""Market_ADR"", ""2025-12-18"": 61.7, ""2025-12-19"": 131.39, ""2025-12-22"": 97.41, ""2025-12-23"": 32.29, ""2025-12-24"": 60.54, ""2025-12-26"": 37.91, ""2025-12-29"": 88.09, ""2025-12-30"": 74.29, ""2026-01-02"": 71.11, ""2026-01-05"": 89.71, ""2026-01-06"": 63.36, ""2026-01-07"": 33.14, ""2026-01-08"": 30.17, ""2026-01-09"": 121.26, ""2026-01-12"": 131.65, ""2026-01-13"": 81.94, ""2026-01-14"": 138.21, ""2026-01-15"": 106.74, ""2026-01-16"": 60.28, ""2026-01-19"": 82.11, ""2026-01-20"": 282.72, ""2026-01-21"": 54.03, ""2026-01-22"": 136.53, ""2026-01-23"": 212.46, ""2026-01-26"": 107.47, ""2026-01-27"": 93.31, ""2026-01-28"": 71.24, ""2026-01-29"": 193.49, ""2026-01-30"": 52.94, ""2026-02-02"": 19.67}",2026-02-02 23:54
491630,RISE 미국반도체인버스(합성 H),10200,4.51,1.64,-48.44,227.7,A4,추세 전환 시도 중,"{""Ticker"": ""^SOX"", ""2025-12-18"": 6863.6298828125, ""2025-12-19"": 7067.8701171875, ""2025-12-22"": 7145.56982421875, ""2025-12-23"": 7184.5400390625, ""2025-12-24"": 7204.3701171875, ""2025-12-26"": 7207.64013671875, ""2025-12-29"": 7178.27001953125, ""2025-12-30"": 7169.10009765625, ""2025-12-31"": 7083.1298828125, ""2026-01-02"": 7367.47021484375, ""2026-01-05"": 7446.4501953125, ""2026-01-06"": 7650.93017578125, ""2026-01-07"": 7574.8701171875, ""2026-01-08"": 7436.10009765625, ""2026-01-09"": 7638.77978515625, ""2026-01-12"": 7674.83984375, ""2026-01-13"": 7747.990234375, ""2026-01-14"": 7701.47021484375, ""2026-01-15"": 7837.2998046875, ""2026-01-16"": 7927.41015625, ""2026-01-19"": NaN, ""2026-01-20"": 7794.18994140625, ""2026-01-21"": 8042.06982421875, ""2026-01-22"": 8055.169921875, ""2026-01-23"": 7957.93017578125, ""2026-01-26"": 7927.0400390625, ""2026-01-27"": 8117.18017578125, ""2026-01-28"": 8306.740234375, ""2026-01-29"": 8320.3896484375, ""2026-01-30"": 7998.47021484375, ""2026-02-02"": 8134.48828125}","{""metric"": ""Market_ADR"", ""2025-12-18"": 61.7, ""2025-12-19"": 131.39, ""2025-12-22"": 97.41, ""2025-12-23"": 32.29, ""2025-12-24"": 60.54, ""2025-12-26"": 37.91, ""2025-12-29"": 88.09, ""2025-12-30"": 74.29, ""2026-01-02"": 71.11, ""2026-01-05"": 89.71, ""2026-01-06"": 63.36, ""2026-01-07"": 33.14, ""2026-01-08"": 30.17, ""2026-01-09"": 121.26, ""2026-01-12"": 131.65, ""2026-01-13"": 81.94, ""2026-01-14"": 138.21, ""2026-01-15"": 106.74, ""2026-01-16"": 60.28, ""2026-01-19"": 82.11, ""2026-01-20"": 282.72, ""2026-01-21"": 54.03, ""2026-01-22"": 136.53, ""2026-01-23"": 212.46, ""2026-01-26"": 107.47, ""2026-01-27"": 93.31, ""2026-01-28"": 71.24, ""2026-01-29"": 193.49, ""2026-01-30"": 52.94, ""2026-02-02"": 19.67}",2026-02-02 23:54
